<?xml version='1.0' encoding='ISO-8859-1'?>
<!-- Sid Meier's Civilization 4 -->
<!-- Copyright Firaxis Games 2005 -->
<!-- freesand leo-->
<!-- Game Text Cities -->
<Civ4GameText xmlns="http://www.firaxis.com">
	<TEXT>
		<Tag>TXT_KEY_UNIT_TREBUCHET</Tag>
		<English>&#25243;&#30707;&#26426;</English>
<L1/><L2/><L3/><L4/>
		<Chinese>&#25243;&#30707;&#26426;</Chinese>
	</TEXT>
	<TEXT>
		<Tag>TXT_KEY_UNIT_OTTOMAN_JANISSARY</Tag>
		<English>&#33487;&#20025;&#20146;&#20853;</English>
<L1/><L2/><L3/><L4/>
		<Chinese>&#33487;&#20025;&#20146;&#20853;</Chinese>
	</TEXT>
	<TEXT>
		<Tag>TXT_KEY_UNIT_VIKING_BESERKER</Tag>
		<English>&#29378;&#26292;&#25112;&#22763;</English>
<L1/><L2/><L3/><L4/>
		<Chinese>&#29378;&#26292;&#25112;&#22763;</Chinese>
	</TEXT>
	<TEXT>
		<Tag>TXT_KEY_UNIT_KOREAN_HWACHA</Tag>
		<English>&#28779;&#21410;&#36710;</English>
<L1/><L2/><L3/><L4/>
		<Chinese>&#28779;&#21410;&#36710;</Chinese>
	</TEXT>
	<TEXT>
		<Tag>TXT_KEY_UNIT_ZULU_IMPI</Tag>
		<English>&#31062;&#40065;&#30683;&#20853;</English>
<L1/><L2/><L3/><L4/>
		<Chinese>&#31062;&#40065;&#30683;&#20853;</Chinese>
	</TEXT>
	<TEXT>
		<Tag>TXT_KEY_UNIT_CARTHAGE_NUMIDIAN_CAVALRY</Tag>
		<English>&#21162;&#31859;&#24213;&#20122;&#39569;&#20853;</English>
<L1/><L2/><L3/><L4/>
		<Chinese>&#21162;&#31859;&#24213;&#20122;&#39569;&#20853;</Chinese>
	</TEXT>
	<TEXT>
		<Tag>TXT_KEY_UNIT_CELTIC_GALLIC_WARRIOR</Tag>
		<English>&#39640;&#21346;&#25112;&#22763;</English>
<L1/><L2/><L3/><L4/>
		<Chinese>&#39640;&#21346;&#25112;&#22763;</Chinese>
	</TEXT>
	<TEXT>
		<Tag>TXT_KEY_LEADER_CHURCHILL</Tag>
		<English>&#19992;&#21513;&#23572;</English>
<L1/><L2/><L3/><L4/>
		<Chinese>&#19992;&#21513;&#23572;</Chinese>
	</TEXT>
	<TEXT>
		<Tag>TXT_KEY_LEADER_AUGUSTUS</Tag>
		<English>&#22885;&#21476;&#26031;&#37117;&#12539;&#24698;&#25746;</English>
<L1/><L2/><L3/><L4/>
		<Chinese>&#22885;&#21476;&#26031;&#37117;&#12539;&#24698;&#25746;</Chinese>
	</TEXT>
	<TEXT>
		<Tag>TXT_KEY_LEADER_SHAKA</Tag>
		<English>&#27801;&#21345;</English>
<L1/><L2/><L3/><L4/>
		<Chinese>&#27801;&#21345;</Chinese>
	</TEXT>
	<TEXT>
		<Tag>TXT_KEY_LEADER_HANNIBAL</Tag>
		<English>&#27721;&#23612;&#25300;</English>
<L1/><L2/><L3/><L4/>
		<Chinese>&#27721;&#23612;&#25300;</Chinese>
	</TEXT>
	<TEXT>
		<Tag>TXT_KEY_LEADER_BRENNUS</Tag>
		<English>&#24067;&#38647;&#21162;&#26031;</English>
<L1/><L2/><L3/><L4/>
		<Chinese>&#24067;&#38647;&#21162;&#26031;</Chinese>
	</TEXT>
	<TEXT>
		<Tag>TXT_KEY_LEADER_STALIN</Tag>
		<English>&#26031;&#22823;&#26519;</English>
<L1/><L2/><L3/><L4/>
		<Chinese>&#26031;&#22823;&#26519;</Chinese>
	</TEXT>
	<TEXT>
		<Tag>TXT_KEY_LEADER_RAMESSES</Tag>
		<English>&#25289;&#32654;&#35199;&#26031;&#20108;&#19990;</English>
<L1/><L2/><L3/><L4/>
		<Chinese>&#25289;&#32654;&#35199;&#26031;&#20108;&#19990;</Chinese>
	</TEXT>
	<TEXT>
		<Tag>TXT_KEY_LEADER_RAGNAR</Tag>
		<English>&#38647;&#26684;&#37027;</English>
<L1/><L2/><L3/><L4/>
		<Chinese>&#38647;&#26684;&#37027;</Chinese>
	</TEXT>
	<TEXT>
		<Tag>TXT_KEY_LEADER_WANGKON</Tag>
		<English>&#29579;&#24314;</English>
<L1/><L2/><L3/><L4/>
		<Chinese>&#29579;&#24314;</Chinese>
	</TEXT>
	<TEXT>
		<Tag>TXT_KEY_LEADER_MEHMED</Tag>
		<English>&#31302;&#32597;&#40664;&#24503;&#20108;&#19990;</English>
<L1/><L2/><L3/><L4/>
		<Chinese>&#31302;&#32597;&#40664;&#24503;&#20108;&#19990;</Chinese>
	</TEXT>
	<TEXT>
		<Tag>TXT_KEY_CIV_CELT_DESC</Tag>
		<English>&#20975;&#23572;&#29305;&#25991;&#26126;</English>
<L1/><L2/><L3/><L4/>
		<Chinese>&#20975;&#23572;&#29305;&#25991;&#26126;</Chinese>
	</TEXT>
	<TEXT>
		<Tag>TXT_KEY_CIV_CELT_SHORT_DESC</Tag>
		<English>&#20975;&#23572;&#29305;</English>
<L1/><L2/><L3/><L4/>
		<Chinese>&#20975;&#23572;&#29305;</Chinese>
	</TEXT>
	<TEXT>
		<Tag>TXT_KEY_CIV_CELT_ADJECTIVE</Tag>
		<English>&#20975;&#23572;&#29305;<Text>Celtic:Celts</Text>
			<Gender>Male</Gender>
			<Plural>0:1</Plural>
		</English>
<L1/><L2/><L3/><L4/>
		<Chinese>&#20975;&#23572;&#29305;</Chinese>
	</TEXT>
	<TEXT>
		<Tag>TXT_KEY_CIV_OTTOMAN_DESC</Tag>
		<English>&#22885;&#26031;&#26364;&#25991;&#26126;</English>
<L1/><L2/><L3/><L4/>
		<Chinese>&#22885;&#26031;&#26364;&#25991;&#26126;</Chinese>
	</TEXT>
	<TEXT>
		<Tag>TXT_KEY_CIV_OTTOMAN_SHORT_DESC</Tag>
		<English>&#22885;&#26031;&#26364;</English>
<L1/><L2/><L3/><L4/>
		<Chinese>&#22885;&#26031;&#26364;</Chinese>
	</TEXT>
	<TEXT>
		<Tag>TXT_KEY_CIV_OTTOMAN_ADJECTIVE</Tag>
		<English>&#22885;&#26031;&#26364;<Text>Ottoman:Ottomans</Text>
			<Gender>Male</Gender>
			<Plural>0:1</Plural>
		</English>
<L1/><L2/><L3/><L4/>
		<Chinese>&#22885;&#26031;&#26364;</Chinese>
	</TEXT>
	<TEXT>
		<Tag>TXT_KEY_CIV_VIKING_DESC</Tag>
		<English>&#32500;&#20140;&#25991;&#26126;</English>
<L1/><L2/><L3/><L4/>
		<Chinese>&#32500;&#20140;&#25991;&#26126;</Chinese>
	</TEXT>
	<TEXT>
		<Tag>TXT_KEY_CIV_VIKING_SHORT_DESC</Tag>
		<English>&#32500;&#20140;</English>
<L1/><L2/><L3/><L4/>
		<Chinese>&#32500;&#20140;</Chinese>
	</TEXT>
	<TEXT>
		<Tag>TXT_KEY_CIV_KOREA_DESC</Tag>
		<English>&#39640;&#20029;&#25991;&#26126;</English>
<L1/><L2/><L3/><L4/>
		<Chinese>&#39640;&#20029;&#25991;&#26126;</Chinese>
	</TEXT>
	<TEXT>
		<Tag>TXT_KEY_CIV_KOREA_SHORT_DESC</Tag>
		<English>&#39640;&#20029;</English>
<L1/><L2/><L3/><L4/>
		<Chinese>&#39640;&#20029;</Chinese>
	</TEXT>
	<TEXT>
		<Tag>TXT_KEY_CIV_KOREA_ADJECTIVE</Tag>
		<English>&#39640;&#20029;<Text>Korean:Koreans</Text>
			<Gender>Male</Gender>
			<Plural>0:1</Plural>
		</English>
<L1/><L2/><L3/><L4/>
		<Chinese>&#39640;&#20029;</Chinese>
	</TEXT>
	<TEXT>
		<Tag>TXT_KEY_CIV_ZULU_DESC</Tag>
		<English>&#31062;&#40065;&#25991;&#26126;</English>
<L1/><L2/><L3/><L4/>
		<Chinese>&#31062;&#40065;&#25991;&#26126;</Chinese>
	</TEXT>
	<TEXT>
		<Tag>TXT_KEY_CIV_ZULU_SHORT_DESC</Tag>
		<English>&#31062;&#40065;</English>
<L1/><L2/><L3/><L4/>
		<Chinese>&#31062;&#40065;</Chinese>
	</TEXT>
	<TEXT>
		<Tag>TXT_KEY_CIV_ZULU_ADJECTIVE</Tag>
		<English>&#31062;&#40065;<Text>Zulu:Zulu</Text>
			<Gender>Male</Gender>
			<Plural>0:1</Plural>
		</English>
<L1/><L2/><L3/><L4/>
		<Chinese>&#31062;&#40065;</Chinese>
	</TEXT>
	<TEXT>
		<Tag>TXT_KEY_CIV_CARTHAGE_DESC</Tag>
		<English>&#36838;&#22826;&#22522;&#25991;&#26126;</English>
<L1/><L2/><L3/><L4/>
		<Chinese>&#36838;&#22826;&#22522;&#25991;&#26126;</Chinese>
	</TEXT>
	<TEXT>
		<Tag>TXT_KEY_CIV_CARTHAGE_SHORT_DESC</Tag>
		<English>&#36838;&#22826;&#22522;</English>
<L1/><L2/><L3/><L4/>
		<Chinese>&#36838;&#22826;&#22522;</Chinese>
	</TEXT>
	<TEXT>
		<Tag>TXT_KEY_CIV_CARTHAGE_ADJECTIVE</Tag>
		<English>&#36838;&#22826;&#22522;<Text>Carthaginian:Carthaginians</Text>
			<Gender>Male</Gender>
			<Plural>0:1</Plural>
		</English>
<L1/><L2/><L3/><L4/>
		<Chinese>&#36838;&#22826;&#22522;</Chinese>
	</TEXT>
	<TEXT>
		<Tag>TXT_KEY_UNIT_GREAT_GENERAL</Tag>
		<English>&#22823;&#20891;&#20107;&#23478;</English>
<L1/><L2/><L3/><L4/>
		<Chinese>&#22823;&#20891;&#20107;&#23478;</Chinese>
	</TEXT>
	<TEXT>
		<Tag>TXT_KEY_SPECIALIST_GREAT_GENERAL</Tag>
		<English>&#20891;&#20107;&#29702;&#35770;&#23478;</English>
<L1/><L2/><L3/><L4/>
		<Chinese>&#20891;&#20107;&#29702;&#35770;&#23478;</Chinese>
	</TEXT>
	<TEXT>
		<Tag>TXT_KEY_BUILDING_MILITARY_ACADEMY</Tag>
		<English>&#20891;&#20107;&#23398;&#38498;</English>
<L1/><L2/><L3/><L4/>
		<Chinese>&#20891;&#20107;&#23398;&#38498;</Chinese>
	</TEXT>
	<TEXT>
		<Tag>TXT_KEY_TRADE_VASSAL_STRING</Tag>
		<English>&#38468;&#24248;&#22269;</English>
<L1/><L2/><L3/><L4/>
		<Chinese>&#38468;&#24248;&#22269;</Chinese>
	</TEXT>
	<TEXT>
		<Tag>TXT_KEY_BUILDING_STABLE</Tag>
		<English>&#39532;&#21417;</English>
<L1/><L2/><L3/><L4/>
		<Chinese>&#39532;&#21417;</Chinese>
	</TEXT>
	<TEXT>
		<Tag>TXT_KEY_BUILDING_OTTOMAN_WALLS</Tag>
		<English>&#22885;&#26031;&#26364;&#22478;&#22681;</English>
<L1/><L2/><L3/><L4/>
		<Chinese>&#22885;&#26031;&#26364;&#22478;&#22681;</Chinese>
	</TEXT>
	<TEXT>
		<Tag>TXT_KEY_BUILDING_FRENCH_CASTLE</Tag>
		<English>&#27861;&#22269;&#22478;&#22561;</English>
<L1/><L2/><L3/><L4/>
		<Chinese>&#27861;&#22269;&#22478;&#22561;</Chinese>
	</TEXT>
	<TEXT>
		<Tag>TXT_KEY_BUILDING_ZULU_BARRACKS</Tag>
		<English>&#31062;&#40065;&#20853;&#33829;</English>
<L1/><L2/><L3/><L4/>
		<Chinese>&#31062;&#40065;&#20853;&#33829;</Chinese>
	</TEXT>
	<TEXT>
		<Tag>TXT_KEY_BUILDING_MONGOL_STABLES</Tag>
		<English>&#33945;&#21476;&#39532;&#21417;</English>
<L1/><L2/><L3/><L4/>
		<Chinese>&#33945;&#21476;&#39532;&#21417;</Chinese>
	</TEXT>
	<TEXT>
		<Tag>TXT_KEY_BUILDING_INDIAN_GRANARY</Tag>
		<English>&#21360;&#24230;&#31918;&#20179;</English>
<L1/><L2/><L3/><L4/>
		<Chinese>&#21360;&#24230;&#31918;&#20179;</Chinese>
	</TEXT>
	<TEXT>
		<Tag>TXT_KEY_BUILDING_ROMAN_AQUEDUCT</Tag>
		<English>&#32599;&#39532;&#24341;&#27700;&#28192;</English>
<L1/><L2/><L3/><L4/>
		<Chinese>&#32599;&#39532;&#24341;&#27700;&#28192;</Chinese>
	</TEXT>
	<TEXT>
		<Tag>TXT_KEY_BUILDING_CARTHAGE_LIGHTHOUSE</Tag>
		<English>&#36838;&#22826;&#22522;&#28783;&#22612;</English>
<L1/><L2/><L3/><L4/>
		<Chinese>&#36838;&#22826;&#22522;&#28783;&#22612;</Chinese>
	</TEXT>
	<TEXT>
		<Tag>TXT_KEY_BUILDING_VIKING_HARBOR</Tag>
		<English>&#32500;&#20140;&#28207;&#21475;</English>
<L1/><L2/><L3/><L4/>
		<Chinese>&#32500;&#20140;&#28207;&#21475;</Chinese>
	</TEXT>
	<TEXT>
		<Tag>TXT_KEY_BUILDING_MALI_FORGE</Tag>
		<English>&#39532;&#37324;&#38136;&#24065;&#21378;</English>
<L1/><L2/><L3/><L4/>
		<Chinese>&#39532;&#37324;&#38136;&#24065;&#21378;</Chinese>
	</TEXT>
	<TEXT>
		<Tag>TXT_KEY_BUILDING_GERMAN_FACTORY</Tag>
		<English>&#24503;&#22269;&#24037;&#21378;</English>
<L1/><L2/><L3/><L4/>
		<Chinese>&#24503;&#22269;&#24037;&#21378;</Chinese>
	</TEXT>
	<TEXT>
		<Tag>TXT_KEY_BUILDING_EGYPTIAN_OBELISK</Tag>
		<English>&#22467;&#21450;&#26041;&#23574;&#30865;</English>
<L1/><L2/><L3/><L4/>
		<Chinese>&#22467;&#21450;&#26041;&#23574;&#30865;</Chinese>
	</TEXT>
	<TEXT>
		<Tag>TXT_KEY_BUILDING_JAPAN_LIBRARY</Tag>
		<English>&#26085;&#26412;&#27494;&#36947;&#39302;</English>
<L1/><L2/><L3/><L4/>
		<Chinese>&#26085;&#26412;&#27494;&#36947;&#39302;</Chinese>
	</TEXT>
	<TEXT>
		<Tag>TXT_KEY_BUILDING_KOREA_UNIVERSITY</Tag>
		<English>&#39640;&#20029;&#22823;&#23398;</English>
<L1/><L2/><L3/><L4/>
		<Chinese>&#39640;&#20029;&#22823;&#23398;</Chinese>
	</TEXT>
	<TEXT>
		<Tag>TXT_KEY_BUILDING_CELTIC_OBSERVATORY</Tag>
		<English>&#20975;&#23572;&#29305;&#22825;&#25991;&#21488;</English>
<L1/><L2/><L3/><L4/>
		<Chinese>&#20975;&#23572;&#29305;&#22825;&#25991;&#21488;</Chinese>
	</TEXT>
	<TEXT>
		<Tag>TXT_KEY_BUILDING_RUSSIAN_LABORATORY</Tag>
		<English>&#20420;&#22269;&#23454;&#39564;&#23460;</English>
<L1/><L2/><L3/><L4/>
		<Chinese>&#20420;&#22269;&#23454;&#39564;&#23460;</Chinese>
	</TEXT>
	<TEXT>
		<Tag>TXT_KEY_BUILDING_GREEK_THEATRE</Tag>
		<English>&#24076;&#33098;&#21095;&#22330;</English>
<L1/><L2/><L3/><L4/>
		<Chinese>&#24076;&#33098;&#21095;&#22330;</Chinese>
	</TEXT>
	<TEXT>
		<Tag>TXT_KEY_BUILDING_INCAN_AQUEDUCT</Tag>
		<English>&#21360;&#21152;&#31085;&#31036;&#28020;&#22330;</English>
<L1/><L2/><L3/><L4/>
		<Chinese>&#21360;&#21152;&#31085;&#31036;&#28020;&#22330;</Chinese>
	</TEXT>
	<TEXT>
		<Tag>TXT_KEY_BUILDING_AMERICAN_BROADCAST_TOWER</Tag>
		<English>&#32654;&#22269;&#24191;&#25773;&#22612;</English>
<L1/><L2/><L3/><L4/>
		<Chinese>&#32654;&#22269;&#24191;&#25773;&#22612;</Chinese>
	</TEXT>
	<TEXT>
		<Tag>TXT_KEY_BUILDING_ARABIAN_MARKET</Tag>
		<English>&#38463;&#25289;&#20271;&#24066;&#22330;</English>
<L1/><L2/><L3/><L4/>
		<Chinese>&#38463;&#25289;&#20271;&#24066;&#22330;</Chinese>
	</TEXT>
	<TEXT>
		<Tag>TXT_KEY_BUILDING_PERSIAN_GROCER</Tag>
		<English>&#27874;&#26031;&#33647;&#21058;&#24215;</English>
<L1/><L2/><L3/><L4/>
		<Chinese>&#27874;&#26031;&#33647;&#21058;&#24215;</Chinese>
	</TEXT>
	<TEXT>
		<Tag>TXT_KEY_BUILDING_ENGLISH_BANK</Tag>
		<English>&#33521;&#22269;&#35777;&#21048;&#20132;&#26131;&#25152;</English>
<L1/><L2/><L3/><L4/>
		<Chinese>&#33521;&#22269;&#35777;&#21048;&#20132;&#26131;&#25152;</Chinese>
	</TEXT>
	<TEXT>
		<Tag>TXT_KEY_BUILDING_AZTEC_COURTHOUSE</Tag>
		<English>&#38463;&#20857;&#29305;&#20811;&#20154;&#29298;&#31085;&#22363;</English>
<L1/><L2/><L3/><L4/>
		<Chinese>&#38463;&#20857;&#29305;&#20811;&#20154;&#29298;&#31085;&#22363;</Chinese>
	</TEXT>
	<TEXT>
		<Tag>TXT_KEY_BUILDING_CHINESE_COURTHOUSE</Tag>
		<English>&#20013;&#22269;&#23448;&#34905;</English>
<L1/><L2/><L3/><L4/>
		<Chinese>&#20013;&#22269;&#23448;&#34905;</Chinese>
	</TEXT>
	<TEXT>
		<Tag>TXT_KEY_BUILDING_SPANISH_JAIL</Tag>
		<English>&#35199;&#29677;&#29273;&#22320;&#29282;</English>
<L1/><L2/><L3/><L4/>
		<Chinese>&#35199;&#29677;&#29273;&#22320;&#29282;</Chinese>
	</TEXT>
	<TEXT>
		<Tag>TXT_KEY_BUILDING_RECYCLING_CENTER</Tag>
		<English>&#22238;&#25910;&#20013;&#24515;</English>
<L1/><L2/><L3/><L4/>
		<Chinese>&#22238;&#25910;&#20013;&#24515;</Chinese>
	</TEXT>
	<TEXT>
		<Tag>TXT_KEY_BUILDING_ARTEMIS</Tag>
		<English>&#38463;&#23572;&#24530;&#24357;&#26031;&#31070;&#24217;</English>
<L1/><L2/><L3/><L4/>
		<Chinese>&#38463;&#23572;&#24530;&#24357;&#26031;&#31070;&#24217;</Chinese>
	</TEXT>
	<TEXT>
		<Tag>TXT_KEY_BUILDING_GREAT_WALL</Tag>
		<English>&#38271;&#22478;</English>
<L1/><L2/><L3/><L4/>
		<Chinese>&#38271;&#22478;</Chinese>
	</TEXT>
	<TEXT>
		<Tag>TXT_KEY_BUILDING_SANKORE</Tag>
		<English>&#26705;&#31185;&#38647;&#22823;&#23398;</English>
<L1/><L2/><L3/><L4/>
		<Chinese>&#26705;&#31185;&#38647;&#22823;&#23398;</Chinese>
	</TEXT>
	<TEXT>
		<Tag>TXT_KEY_TRAIT_CHARISMATIC</Tag>
		<English>&#39749;&#21147;&#36229;&#32676;</English>
<L1/><L2/><L3/><L4/>
		<Chinese>&#39749;&#21147;&#36229;&#32676;</Chinese>
	</TEXT>
	<TEXT>
		<Tag>TXT_KEY_TRAIT_PROTECTIVE</Tag>
		<English>&#24481;&#25932;&#20445;&#22269;</English>
<L1/><L2/><L3/><L4/>
		<Chinese>&#24481;&#25932;&#20445;&#22269;</Chinese>
	</TEXT>
	<TEXT>
		<Tag>TXT_KEY_PROMOTION_GUERILLA3</Tag>
		<English>&#28216;&#20987;&#19977;&#32423;</English>
<L1/><L2/><L3/><L4/>
		<Chinese>&#28216;&#20987;&#19977;&#32423;</Chinese>
	</TEXT>
</Civ4GameText>
