<?xml version="1.0" encoding="utf-8"?>
<!-- Harappa -->
<Civ4GameText xmlns="http://www.firaxis.com">
	<TEXT>
		<Tag>TXT_KEY_CIV_HARAPPA_DESC</Tag>
		<English>The Harappans</English>
		<French>
			<Text>Les Harapp&#233;ens</Text>
			<Gender>Male</Gender>
			<Plural>1</Plural>
		</French>
		<German>The Harappans</German>
		<Italian>The Harappans</Italian>
		<Spanish>The Harappans</Spanish>
	</TEXT>
	<TEXT>
		<Tag>TXT_KEY_CIV_HARAPPA_PEOPLES</Tag>
		<English>Indus Valley Peoples</English>
		<French>
			<Text>Peuplades de la vall&#233;e de l'Indus</Text>
			<Gender>Female</Gender>
			<Plural>1</Plural>
		</French>
		<German>Indus Valley Peoples</German>
		<Italian>Indus Valley Peoples</Italian>
		<Spanish>Indus Valley Peoples</Spanish>
	</TEXT>
	<TEXT>
		<Tag>TXT_KEY_CIV_HARAPPA_DEFAULT</Tag>
		<English>Indus Valley City States</English>
		<French>
			<Text>Cit&#233;s-&#201;tats de la vall&#233;e de l'Indus</Text>
			<Gender>Female</Gender>
			<Plural>1</Plural>
		</French>
		<German>Indus Valley City States</German>
		<Italian>Indus Valley City States</Italian>
		<Spanish>Indus Valley City States</Spanish>
	</TEXT>
	<TEXT>
		<Tag>TXT_KEY_CIV_HARAPPA_REPUBLIC</Tag>
		<English>Indus River Republic</English>
		<French>
			<Text>R&#233;publique du Fleuve Indus</Text>
			<Gender>Female</Gender>
			<Plural>0</Plural>
		</French>
		<German>Indus River Republic</German>
		<Italian>Indus River Republic</Italian>
		<Spanish>Indus River Republic</Spanish>
	</TEXT>
	<TEXT>
		<Tag>TXT_KEY_CIV_HARAPPA_COMMUNIST</Tag>
		<English>Democratic Republic of the Indus</English>
		<French>
			<Text>R&#233;publique d&#233;mocratique de l'Indus</Text>
			<Gender>Female</Gender>
			<Plural>0</Plural>
		</French>
		<German>Democratic Republic of the Indus</German>
		<Italian>Democratic Republic of the Indus</Italian>
		<Spanish>Democratic Republic of the Indus</Spanish>
	</TEXT>
	<TEXT>
		<Tag>TXT_KEY_CIV_HARAPPA_FASCIST</Tag>
		<English>National Republic of the Indus</English>
		<French>
			<Text>R&#233;publique nationale de l'Indus</Text>
			<Gender>Female</Gender>
			<Plural>0</Plural>
		</French>
		<German>National Republic of the Indus</German>
		<Italian>National Republic of the Indus</Italian>
		<Spanish>National Republic of the Indus</Spanish>
	</TEXT>
	<TEXT>
		<Tag>TXT_KEY_CIV_HARAPPA_INDUS</Tag>
		<English>Indus</English>
		<French>
			<Text>Indus</Text>
			<Gender>Male</Gender>
			<Plural>0</Plural>
		</French>
		<German>Indus</German>
		<Italian>Indus</Italian>
		<Spanish>Indus</Spanish>
	</TEXT>
	<TEXT>
		<Tag>TXT_KEY_CIV_HARAPPANS_ADJECTIVE</Tag>
		<English>Harappan</English>
		<French>
			<Text>harapp&#233;en:harapp&#233;enne:harapp&#233;ens:harapp&#233;ennes</Text>
			<Gender>Male:Female:Male:Female</Gender>
			<Plural>0:0:1:1</Plural>
		</French>
		<German>Harappan</German>
		<Italian>Harappan</Italian>
		<Spanish>Harappan</Spanish>
	</TEXT>
	<TEXT>
		<Tag>TXT_KEY_CIV_HARAPPANS_DESC</Tag>
		<English>The Harappans</English>
		<French>
			<Text>Les Harapp&#233;ens</Text>
			<Gender>Male</Gender>
			<Plural>1</Plural>
		</French>
		<German>The Harappans</German>
		<Italian>The Harappans</Italian>
		<Spanish>The Harappans</Spanish>
	</TEXT>
	<TEXT>
		<Tag>TXT_KEY_CIV_HARAPPANS_SHORT_DESC</Tag>
		<English>Harappa</English>
		<French>
			<Text>Harappa</Text>
			<Gender>Female</Gender>
			<Plural>0</Plural>
		</French>
		<German>Harappa</German>
		<Italian>Harappa</Italian>
		<Spanish>Harappa</Spanish>
	</TEXT>
</Civ4GameText>
