<?xml version="1.0" encoding="utf-8"?>
<!-- Colombia -->
<Civ4GameText xmlns="http://www.firaxis.com">
	<TEXT>
		<Tag>TXT_KEY_CIV_COLOMBIA_DESC</Tag>
		<English>The Colombians</English>
		<French>
			<Text>Les Colombiens</Text>
			<Gender>Male</Gender>
			<Plural>1</Plural>
		</French>
		<German>The Colombians</German>
		<Italian>The Colombians</Italian>
		<Spanish>The Colombians</Spanish>
	</TEXT>
	<TEXT>
		<Tag>TXT_KEY_CIV_COLOMBIA_PEOPLES</Tag>
		<English>Colombian Peoples</English>
		<French>
			<Text>Peuplades colombiennes</Text>
			<Gender>Female</Gender>
			<Plural>1</Plural>
		</French>
		<German>Colombian Peoples</German>
		<Italian>Colombian Peoples</Italian>
		<Spanish>Colombian Peoples</Spanish>
	</TEXT>
	<TEXT>
		<Tag>TXT_KEY_CIV_COLOMBIA_DEFAULT</Tag>
		<English>Kingdom of New Granada</English>
		<French>
			<Text>Royaume de Nouvelle-Grenade</Text>
			<Gender>Male</Gender>
			<Plural>0</Plural>
		</French>
		<German>Kingdom of New Granada</German>
		<Italian>Kingdom of New Granada</Italian>
		<Spanish>Kingdom of New Granada</Spanish>
	</TEXT>
	<TEXT>
		<Tag>TXT_KEY_CIV_COLOMBIA_REPUBLIC</Tag>
		<English>Republic of %s1</English>
		<French>
			<Text>R&#233;publique de %s1</Text>
			<Gender>Female</Gender>
			<Plural>0</Plural>
		</French>
		<German>
			<Text>Republik %s1:Republik %s1:Republik %s1</Text>
			<Gender>Female:Female:Female</Gender>
			<Plural>0:0:0</Plural>
		</German>
		<Italian>
			<Text>Repubblica di %s1</Text>
			<Gender>Female</Gender>
			<Plural>0</Plural>
		</Italian>
		<Spanish>
			<Text>Rep&#250;blica de %s1</Text>
			<Gender>Female</Gender>
			<Plural>0</Plural>
		</Spanish>
	</TEXT>
	<TEXT>
		<Tag>TXT_KEY_CIV_COLOMBIA_COMMUNIST</Tag>
		<English>Socialist Republic of %s1</English>
		<French>
			<Text>R&#233;publique socialiste de %s1</Text>
			<Gender>Female</Gender>
			<Plural>0</Plural>
		</French>
		<German>Socialist Republic of %s1</German>
		<Italian>Socialist Republic of %s1</Italian>
		<Spanish>Socialist Republic of %s1</Spanish>
	</TEXT>
	<TEXT>
		<Tag>TXT_KEY_CIV_COLOMBIA_FASCIST</Tag>
		<English>Falangist %s1</English>
		<French>
			<Text>%s1 phalangiste</Text>
			<Gender>Female</Gender>
			<Plural>0</Plural>
		</French>
		<German>Falangist %s1</German>
		<Italian>Falangist %s1</Italian>
		<Spanish>Falangist %s1</Spanish>
	</TEXT>
	<TEXT>
		<Tag>TXT_KEY_CIV_COLOMBIA_EMPIRE</Tag>
		<English>Empire of Gran Colombia</English>
		<French>
			<Text>Empire de Grande Colombie</Text>
			<Gender>Male</Gender>
			<Plural>0</Plural>
		</French>
		<German>Empire of Gran Colombia</German>
		<Italian>Empire of Gran Colombia</Italian>
		<Spanish>Empire of Gran Colombia</Spanish>
	</TEXT>
	<TEXT>
		<Tag>TXT_KEY_CIV_COLOMBIA_EMPIRE_ANDES</Tag>
		<English>Empire of the Andes</English>
		<French>
			<Text>Empire des Andes</Text>
			<Gender>Male</Gender>
			<Plural>0</Plural>
		</French>
		<German>Empire of the Andes</German>
		<Italian>Empire of the Andes</Italian>
		<Spanish>Empire of the Andes</Spanish>
	</TEXT>
	<TEXT>
		<Tag>TXT_KEY_CIV_COLOMBIA_FEDERATION_ANDES</Tag>
		<English>Federation of the Andes</English>
		<French>
			<Text>F&#233;d&#233;ration des Andes</Text>
			<Gender>Female</Gender>
			<Plural>0</Plural>
		</French>
		<German>Federation of the Andes</German>
		<Italian>Federation of the Andes</Italian>
		<Spanish>Federation of the Andes</Spanish>
	</TEXT>
	<TEXT>
		<Tag>TXT_KEY_CIV_COLOMBIA_ADJECTIVE</Tag>
		<English>Colombian</English>
		<French>
			<Text>colombien:colombienne:colombiens:colombiennes</Text>
			<Gender>Male:Female:Male:Female</Gender>
			<Plural>0:0:1:1</Plural>
		</French>
		<German>Colombian</German>
		<Italian>Colombian</Italian>
		<Spanish>Colombian</Spanish>
	</TEXT>
	<TEXT>
		<Tag>TXT_KEY_CIV_COLOMBIA_SHORT_DESC</Tag>
		<English>Colombia</English>
		<French>
			<Text>Colombie</Text>
			<Gender>Female</Gender>
			<Plural>0</Plural>
		</French>
		<German>Colombia</German>
		<Italian>Colombia</Italian>
		<Spanish>Colombia</Spanish>
	</TEXT>
</Civ4GameText>
