<?xml version="1.0" encoding="utf-8"?>
<!-- Thailand -->
<Civ4GameText xmlns="http://www.firaxis.com">
	<TEXT>
		<Tag>TXT_KEY_CIV_THAILAND_DESC</Tag>
		<English>The Thais</English>
		<French>
			<Text>Les Tha&#239;s</Text>
			<Gender>Male</Gender>
			<Plural>1</Plural>
		</French>
		<German>The Thais</German>
		<Italian>The Thais</Italian>
		<Spanish>The Thais</Spanish>
	</TEXT>
	<TEXT>
		<Tag>TXT_KEY_CIV_THAILAND_PEOPLES</Tag>
		<English>Thai Peoples</English>
		<French>
			<Text>Peuplades tha&#239;es</Text>
			<Gender>Female</Gender>
			<Plural>1</Plural>
		</French>
		<German>Thai Peoples</German>
		<Italian>Thai Peoples</Italian>
		<Spanish>Thai Peoples</Spanish>
	</TEXT>
	<TEXT>
		<Tag>TXT_KEY_CIV_THAILAND_DEFAULT</Tag>
		<English>Kingdom of %s1</English>
		<French>
			<Text>Royaume de %s1</Text>
			<Gender>Male</Gender>
			<Plural>0</Plural>
		</French>
		<German>
			<Text>K&#246;nigreich %s1:K&#246;nigreich %s1:K&#246;nigreich %s1</Text>
			<Gender>Neuter:Neuter:Neuter</Gender>
			<Plural>0:0:0</Plural>
		</German>
		<Italian>
			<Text>Regno del %s1</Text>
			<Gender>Male</Gender>
			<Plural>0</Plural>
		</Italian>
		<Spanish>
			<Text>Reino de %s1</Text>
			<Gender>Male</Gender>
			<Plural>0</Plural>
		</Spanish>
	</TEXT>
	<TEXT>
		<Tag>TXT_KEY_CIV_THAILAND_FASCIST</Tag>
		<English>%s2 Junta</English>
		<French>
			<Text>Junte %s2</Text>
			<Gender>Female</Gender>
			<Plural>0</Plural>
		</French>
		<German>
			<Text>%s2 Junta:%s2 Junta:%s2 Junta</Text>
			<Gender>Female:Female:Female</Gender>
			<Plural>0:0:0</Plural>
		</German>
		<Italian>
			<Text>Giunta %s2</Text>
			<Gender>Female</Gender>
			<Plural>0</Plural>
		</Italian>
		<Spanish>
			<Text>Junta %s2</Text>
			<Gender>Female</Gender>
			<Plural>0</Plural>
		</Spanish>
	</TEXT>
	<TEXT>
		<Tag>TXT_KEY_CIV_THAILAND_AYUTTHAYA</Tag>
		<English>Ayutthaya</English>
		<French>
			<Text>Ayutthaya</Text>
			<Gender>Female</Gender>
			<Plural>0</Plural>
		</French>
		<German>Ayutthaya</German>
		<Italian>Ayutthaya</Italian>
		<Spanish>Ayutthaya</Spanish>
	</TEXT>
	<TEXT>
		<Tag>TXT_KEY_CIV_THAILAND_SIAM</Tag>
		<English>Siam</English>
		<French>
			<Text>Siam</Text>
			<Gender>Male</Gender>
			<Plural>0</Plural>
		</French>
		<German>Siam</German>
		<Italian>Siam</Italian>
		<Spanish>Siam</Spanish>
	</TEXT>
	<TEXT>
		<Tag>TXT_KEY_CIV_THAILAND_SIAMESE</Tag>
		<English>Siamese</English>
		<French>
			<Text>siamois:siamoise:siamois:siamoises</Text>
			<Gender>Male:Female:Male:Female</Gender>
			<Plural>0:0:1:1</Plural>
		</French>
		<German>Siamese</German>
		<Italian>Siamese</Italian>
		<Spanish>Siamese</Spanish>
	</TEXT>
	<TEXT>
		<Tag>TXT_KEY_CIV_THAI_VASSAL</Tag>
		<English>Mueang of %s1</English>
		<French>
			<Text>Mueang de %s1</Text>
			<Gender>Male</Gender>
			<Plural>0</Plural>
		</French>
		<German>Mueang of %s1</German>
		<Italian>Mueang of %s1</Italian>
		<Spanish>Mueang of %s1</Spanish>
	</TEXT>
	<TEXT>
		<Tag>TXT_KEY_CIV_THAILAND_ADJECTIVE</Tag>
		<English>Thai</English>
		<French>
			<Text>tha&#239;:tha&#239;e:tha&#239;s:tha&#239;es</Text>
			<Gender>Male:Female:Male:Female</Gender>
			<Plural>0:0:1:1</Plural>
		</French>
		<German>Thai</German>
		<Italian>Thai</Italian>
		<Spanish>Thai</Spanish>
	</TEXT>
	<TEXT>
		<Tag>TXT_KEY_CIV_THAILAND_SHORT_DESC</Tag>
		<English>Thailand</English>
		<French>
			<Text>Tha&#239;lande</Text>
			<Gender>Female</Gender>
			<Plural>0</Plural>
		</French>
		<German>Thailand</German>
		<Italian>Thailand</Italian>
		<Spanish>Thailand</Spanish>
	</TEXT>
</Civ4GameText>
