<?xml version="1.0" encoding="utf-8"?>
<!-- Vikings -->
<Civ4GameText xmlns="http://www.firaxis.com">
	<TEXT>
		<Tag>TXT_KEY_CIV_VIKING_DESC</Tag>
		<English>The Vikings</English>
		<French>
			<Text>Les Vikings</Text>
			<Gender>Male</Gender>
			<Plural>1</Plural>
		</French>
		<German>
			<Text>Wikinger:Die Wikinger:den Wikingern</Text>
			<Gender>Neuter:Neuter:Neuter</Gender>
			<Plural>1:1:1</Plural>
		</German>
		<Italian>
			<Text>I Vichinghi</Text>
			<Gender>Male</Gender>
			<Plural>1</Plural>
		</Italian>
		<Spanish>
			<Text>Los Vikingos</Text>
			<Gender>Male</Gender>
			<Plural>1</Plural>
		</Spanish>
	</TEXT>
	<TEXT>
		<Tag>TXT_KEY_CIV_SWEDEN_DESC</Tag>
		<English>The Swedish</English>
		<French>
			<Text>Les Su&#233;dois</Text>
			<Gender>Male</Gender>
			<Plural>1</Plural>
		</French>
		<German>The Swedish</German>
		<Italian>The Swedish</Italian>
		<Spanish>The Swedish</Spanish>
	</TEXT>
	<TEXT>
		<Tag>TXT_KEY_CIV_SWEDEN_SHORT_DESC</Tag>
		<English>Sweden</English>
		<French>
			<Text>Su&#232;de</Text>
			<Gender>Female</Gender>
			<Plural>0</Plural>
		</French>
		<German>Sweden</German>
		<Italian>Sweden</Italian>
		<Spanish>Sweden</Spanish>
	</TEXT>
	<TEXT>
		<Tag>TXT_KEY_CIV_SWEDEN_ADJECTIVE</Tag>
		<English>Swedish</English>
		<French>
			<Text>su&#233;dois:su&#233;doise:su&#233;dois:su&#233;doises</Text>
			<Gender>Male:Female:Male:Female</Gender>
			<Plural>0:0:1:1</Plural>
		</French>
		<German>Swedish</German>
		<Italian>Swedish</Italian>
		<Spanish>Swedish</Spanish>
	</TEXT>
	<TEXT>
		<Tag>TXT_KEY_CIV_DENMARK_SHORT_DESC</Tag>
		<English>Denmark</English>
		<French>
			<Text>Danemark</Text>
			<Gender>Male</Gender>
			<Plural>0</Plural>
		</French>
		<German>Denmark</German>
		<Italian>Denmark</Italian>
		<Spanish>Denmark</Spanish>
	</TEXT>
	<TEXT>
		<Tag>TXT_KEY_CIV_DENMARK_DEFAULT</Tag>
		<English>Kingdom of %s1</English>
		<French>
			<Text>Royaume de %s1</Text>
			<Gender>Male</Gender>
			<Plural>0</Plural>
		</French>
		<German>Kingdom of %s1</German>
		<Italian>Kingdom of %s1</Italian>
		<Spanish>Kingdom of %s1</Spanish>
	</TEXT>
	<TEXT>
		<Tag>TXT_KEY_CIV_DENMARK_ADJECTIVE</Tag>
		<English>Danish</English>
		<French>
			<Text>danois:danoise:danois:danoises</Text>
			<Gender>Male:Female:Male:Female</Gender>
			<Plural>0:0:1:1</Plural>
		</French>
		<German>Danish</German>
		<Italian>Danish</Italian>
		<Spanish>Danish</Spanish>
	</TEXT>
	<TEXT>
		<Tag>TXT_KEY_CIV_NORWAY_SHORT_DESC</Tag>
		<English>Norway</English>
		<French>
			<Text>Norv&#232;ge</Text>
			<Gender>Female</Gender>
			<Plural>0</Plural>
		</French>
		<German>Norway</German>
		<Italian>Norway</Italian>
		<Spanish>Norway</Spanish>
	</TEXT>
	<TEXT>
		<Tag>TXT_KEY_CIV_NORWAY_DEFAULT</Tag>
		<English>Kingdom of %s1</English>
		<French>
			<Text>Royaume de %s1</Text>
			<Gender>Male</Gender>
			<Plural>0</Plural>
		</French>
		<German>Kingdom of %s1</German>
		<Italian>Kingdom of %s1</Italian>
		<Spanish>Kingdom of %s1</Spanish>
	</TEXT>
	<TEXT>
		<Tag>TXT_KEY_CIV_NORWAY_ADJECTIVE</Tag>
		<English>Norwegian</English>
		<French>
			<Text>norv&#233;gien:norv&#233;gienne:norv&#233;giens:norv&#233;giennes</Text>
			<Gender>Male:Female:Male:Female</Gender>
			<Plural>0:0:1:1</Plural>
		</French>
		<German>Norwegian</German>
		<Italian>Norwegian</Italian>
		<Spanish>Norwegian</Spanish>
	</TEXT>
	<TEXT>
		<Tag>TXT_KEY_CIV_SWEDEN_DEFAULT</Tag>
		<English>Kingdom of %s1</English>
		<French>
			<Text>Royaume de %s1</Text>
			<Gender>Male</Gender>
			<Plural>0</Plural>
		</French>
		<German>Kingdom of %s1</German>
		<Italian>Kingdom of %s1</Italian>
		<Spanish>Kingdom of %s1</Spanish>
	</TEXT>
	<TEXT>
		<Tag>TXT_KEY_CIV_SWEDEN_FASCIST</Tag>
		<English>National Gathering of %s1</English>
		<French>
			<Text>Rassemblement national de %s1</Text>
			<Gender>Male</Gender>
			<Plural>0</Plural>
		</French>
		<German>National Gathering of %s1</German>
		<Italian>National Gathering of %s1</Italian>
		<Spanish>National Gathering of %s1</Spanish>
	</TEXT>
	<TEXT>
		<Tag>TXT_KEY_CIV_VIKINGS_PEOPLES</Tag>
		<English>Norse Peoples</English>
		<French>
			<Text>Peuplades nordiques</Text>
			<Gender>Female</Gender>
			<Plural>1</Plural>
		</French>
		<German>
			<Text>Nordische V&#246;lker:Nordischen V&#246;lker:Nordischen V&#246;lkern</Text>
			<Gender>Neuter:Neuter:Neuter</Gender>
			<Plural>1:1:1</Plural>
		</German>
		<Italian>
			<Text>Popoli Nordici</Text>
			<Gender>Male</Gender>
			<Plural>1</Plural>
		</Italian>
		<Spanish>
			<Text>Pueblos N&#243;rdises</Text>
			<Gender>Male</Gender>
			<Plural>1</Plural>
		</Spanish>
	</TEXT>
	<TEXT>
		<Tag>TXT_KEY_CIV_VIKINGS_DEFAULT</Tag>
		<English>Kingdom of %s1</English>
		<French>
			<Text>Royaume de %s1</Text>
			<Gender>Male</Gender>
			<Plural>0</Plural>
		</French>
		<German>
			<Text>K&#246;nigreich %s1:K&#246;nigreich %s1:K&#246;nigreich %s1</Text>
			<Gender>Neuter:Neuter:Neuter</Gender>
			<Plural>0:0:0</Plural>
		</German>
		<Italian>
			<Text>Regno del %s1</Text>
			<Gender>Male</Gender>
			<Plural>0</Plural>
		</Italian>
		<Spanish>
			<Text>Reino de %s1</Text>
			<Gender>Male</Gender>
			<Plural>0</Plural>
		</Spanish>
	</TEXT>
	<TEXT>
		<Tag>TXT_KEY_CIV_VIKINGS_COMMUNIST</Tag>
		<English>Democratic Republic of %s1</English>
		<French>
			<Text>R&#233;publique d&#233;mocratique de %s1</Text>
			<Gender>Female</Gender>
			<Plural>0</Plural>
		</French>
		<German>
			<Text>Demokratische Republik %s1:Demokratische Republik %s1:Demokratische Republik %s1</Text>
			<Gender>Female:Female:Female</Gender>
			<Plural>0:0:0</Plural>
		</German>
		<Italian>
			<Text>Repubblica Democratica della %s1</Text>
			<Gender>Female</Gender>
			<Plural>0</Plural>
		</Italian>
		<Spanish>
			<Text>Rep&#250;blica Democratica de %s1</Text>
			<Gender>Female</Gender>
			<Plural>0</Plural>
		</Spanish>
	</TEXT>
	<TEXT>
		<Tag>TXT_KEY_CIV_VIKINGS_FASCIST</Tag>
		<English>National Gathering of %s1</English>
		<French>
			<Text>Rassemblement national de %s1</Text>
			<Gender>Male</Gender>
			<Plural>0</Plural>
		</French>
		<German>National Gathering of %s1</German>
		<Italian>National Gathering of %s1</Italian>
		<Spanish>National Gathering of %s1</Spanish>
	</TEXT>
	<TEXT>
		<Tag>TXT_KEY_CIV_VIKINGS_NORSE_KINGDOMS</Tag>
		<English>Norse Kingdoms</English>
		<French>
			<Text>Royaumes scandinaves</Text>
			<Gender>Male</Gender>
			<Plural>1</Plural>
		</French>
		<German>Norse Kingdoms</German>
		<Italian>Norse Kingdoms</Italian>
		<Spanish>Norse Kingdoms</Spanish>
	</TEXT>
	<TEXT>
		<Tag>TXT_KEY_CIV_VIKINGS_KALMAR_UNION</Tag>
		<English>Kalmar Union</English>
		<French>
			<Text>Union de Kalmar</Text>
			<Gender>Female</Gender>
			<Plural>0</Plural>
		</French>
		<German>Kalmar Union</German>
		<Italian>Kalmar Union</Italian>
		<Spanish>Kalmar Union</Spanish>
	</TEXT>
	<TEXT>
		<Tag>TXT_KEY_CIV_VIKINGS_ALTHINGS</Tag>
		<English>%s2 Althings</English>
		<French>
			<Text>Althings %s2</Text>
			<Gender>Male</Gender>
			<Plural>1</Plural>
		</French>
		<German>%s2 Althings</German>
		<Italian>%s2 Althings</Italian>
		<Spanish>%s2 Althings</Spanish>
	</TEXT>
	<TEXT>
		<Tag>TXT_KEY_CIV_VIKINGS_NORTH_SEA_EMPIRE</Tag>
		<English>North Sea Empire</English>
		<French>
			<Text>Empire de la mer du Nord</Text>
			<Gender>Male</Gender>
			<Plural>0</Plural>
		</French>
		<German>North Sea Empire</German>
		<Italian>North Sea Empire</Italian>
		<Spanish>North Sea Empire</Spanish>
	</TEXT>
	<TEXT>
		<Tag>TXT_KEY_CIV_VIKINGS_SWEDISH</Tag>
		<English>Swedish</English>
		<French>
			<Text>su&#233;dois:su&#233;doise:su&#233;dois:su&#233;doises</Text>
			<Gender>Male:Female:Male:Female</Gender>
			<Plural>0:0:1:1</Plural>
		</French>
		<German>Swedish</German>
		<Italian>Swedish</Italian>
		<Spanish>Swedish</Spanish>
	</TEXT>
	<TEXT>
		<Tag>TXT_KEY_CIV_VIKINGS_DENMARK_NORWAY</Tag>
		<English>Denmark-Norway</English>
		<French>
			<Text>Danemark-Norv&#232;ge</Text>
			<Gender>Male</Gender>
			<Plural>0</Plural>
		</French>
		<German>Denmark-Norway</German>
		<Italian>Denmark-Norway</Italian>
		<Spanish>Denmark-Norway</Spanish>
	</TEXT>
	<TEXT>
		<Tag>TXT_KEY_CIV_VIKINGS_NORWAY</Tag>
		<English>Norway</English>
		<French>
			<Text>Norv&#232;ge</Text>
			<Gender>Female</Gender>
			<Plural>0</Plural>
		</French>
		<German>Norway</German>
		<Italian>Norway</Italian>
		<Spanish>Norway</Spanish>
	</TEXT>
	<TEXT>
		<Tag>TXT_KEY_CIV_VIKINGS_SWEDEN</Tag>
		<English>Sweden</English>
		<French>
			<Text>Su&#232;de</Text>
			<Gender>Female</Gender>
			<Plural>0</Plural>
		</French>
		<German>Sweden</German>
		<Italian>Sweden</Italian>
		<Spanish>Sweden</Spanish>
	</TEXT>
	<TEXT>
		<Tag>TXT_KEY_CIV_VIKINGS_DENMARK</Tag>
		<English>Denmark</English>
		<French>
			<Text>Danemark</Text>
			<Gender>Male</Gender>
			<Plural>0</Plural>
		</French>
		<German>Denmark</German>
		<Italian>Denmark</Italian>
		<Spanish>Denmark</Spanish>
	</TEXT>
	<TEXT>
		<Tag>TXT_KEY_CIV_VIKINGS_SCANDINAVIA</Tag>
		<English>Scandinavia</English>
		<French>
			<Text>Scandinavie</Text>
			<Gender>Female</Gender>
			<Plural>0</Plural>
		</French>
		<German>
			<Text>Skandinavien:Skandinavien:Skandinavien</Text>
			<Gender>Female:Female:Female</Gender>
			<Plural>0:0:0</Plural>
		</German>
		<Italian>
			<Text>Scandinavia</Text>
			<Gender>Female</Gender>
			<Plural>0</Plural>
		</Italian>
		<Spanish>
			<Text>Escandinavia</Text>
			<Gender>Female</Gender>
			<Plural>0</Plural>
		</Spanish>
	</TEXT>
	<TEXT>
		<Tag>TXT_KEY_CIV_VIKINGS_SCANDINAVIAN</Tag>
		<English>Scandinavian</English>
		<French>
			<Text>scandinave:scandinave:scandinaves:scandinaves</Text>
			<Gender>Male:Female:Male:Female</Gender>
			<Plural>0:0:1:1</Plural>
		</French>
		<German>Scandinavian</German>
		<Italian>Scandinavian</Italian>
		<Spanish>Scandinavian</Spanish>
	</TEXT>
	<TEXT>
		<Tag>TXT_KEY_CIV_VIKING_ENGLAND</Tag>
		<English>Danelaw</English>
		<French>
			<Text>Danelaw</Text>
			<Gender>Male</Gender>
			<Plural>0</Plural>
		</French>
		<German>Danelaw</German>
		<Italian>Danelaw</Italian>
		<Spanish>Danelaw</Spanish>
	</TEXT>
	<TEXT>
		<Tag>TXT_KEY_CIV_VIKING_RUSSIA</Tag>
		<English>Varangian Principalities</English>
		<French>
			<Text>Principaut&#233;s var&#232;gues</Text>
			<Gender>Female</Gender>
			<Plural>1</Plural>
		</French>
		<German>Varangian Principalities</German>
		<Italian>Varangian Principalities</Italian>
		<Spanish>Varangian Principalities</Spanish>
	</TEXT>
	<TEXT>
		<Tag>TXT_KEY_CIV_VIKING_ADJECTIVE</Tag>
		<English>Viking</English>
		<French>
			<Text>viking:viking:vikings:vikings</Text>
			<Gender>Male:Female:Male:Female</Gender>
			<Plural>0:0:1:1</Plural>
		</French>
		<German>
			<Text>Wikingisch:wikingischen:wikingische</Text>
			<Gender>Neuter:Neuter:Neuter</Gender>
			<Plural>0:0:0</Plural>
		</German>
		<Italian>
			<Text>Vichingo:Vichinga:Vichinghi:Vichinghe</Text>
			<Gender>Male:Female:Male:Female</Gender>
			<Plural>0:0:1:1</Plural>
		</Italian>
		<Spanish>
			<Text>Vikingo:Vikingos</Text>
			<Gender>Male</Gender>
			<Plural>0:1</Plural>
		</Spanish>
	</TEXT>
	<TEXT>
		<Tag>TXT_KEY_CIV_VIKING_SHORT_DESC</Tag>
		<English>Vikings</English>
		<French>
			<Text>Vikings</Text>
			<Gender>Male</Gender>
			<Plural>1</Plural>
		</French>
		<German>
			<Text>Wikingerland</Text>
			<Gender>Male</Gender>
			<Plural>0</Plural>
		</German>
		<Italian>
			<Text>Vichinghi</Text>
			<Gender>Male</Gender>
			<Plural>1</Plural>
		</Italian>
		<Spanish>
			<Text>Vikingland</Text>
			<Gender>Female</Gender>
			<Plural>0</Plural>
		</Spanish>
	</TEXT>
</Civ4GameText>
