<?xml version="1.0" encoding="utf-8"?>
<!-- Russian -->
<Civ4GameText xmlns="http://www.firaxis.com">
	<TEXT>
		<Tag>TXT_KEY_CIV_RUSSIA_DESC</Tag>
		<English>The Russians</English>
		<French>
			<Text>Les Russes</Text>
			<Gender>Male</Gender>
			<Plural>1</Plural>
		</French>
		<German>
			<Text>Russen:Die Russen:den Russen</Text>
			<Gender>Neuter:Neuter:Neuter</Gender>
			<Plural>1:1:1</Plural>
		</German>
		<Italian>
			<Text>I Russi</Text>
			<Gender>Male</Gender>
			<Plural>1</Plural>
		</Italian>
		<Spanish>
			<Text>Los Rusos</Text>
			<Gender>Male</Gender>
			<Plural>1</Plural>
		</Spanish>
	</TEXT>
	<TEXT>
		<Tag>TXT_KEY_CIV_RUSSIA_PEOPLES</Tag>
		<English>Rus' Peoples</English>
		<French>
			<Text>Peuplades de la Rus'</Text>
			<Gender>Female</Gender>
			<Plural>1</Plural>
		</French>
		<German>Rus' Peoples</German>
		<Italian>Rus' Peoples</Italian>
		<Spanish>Rus' Peoples</Spanish>
	</TEXT>
	<TEXT>
		<Tag>TXT_KEY_CIV_RUSSIA_DEFAULT</Tag>
		<English>Grand Duchy of %s1</English>
		<French>
			<Text>Grande-principaut&#233; de %s1</Text>
			<Gender>Female</Gender>
			<Plural>0</Plural>
		</French>
		<German>Grand Duchy of %s1</German>
		<Italian>Grand Duchy of %s1</Italian>
		<Spanish>Grand Duchy of %s1</Spanish>
	</TEXT>
	<TEXT>
		<Tag>TXT_KEY_CIV_RUSSIA_REPUBLIC</Tag>
		<English>%s2 Federation</English>
		<French>
			<Text>F&#233;d&#233;ration de %s2</Text>
			<Gender>Female</Gender>
			<Plural>0</Plural>
		</French>
		<German>
			<Text>%s2 F&#246;deration:%s2 F&#246;deration:%s2 F&#246;deration</Text>
			<Gender>Female:Female:Female</Gender>
			<Plural>0:0:0</Plural>
		</German>
		<Italian>
			<Text>Federazione %s2</Text>
			<Gender>Female</Gender>
			<Plural>0</Plural>
		</Italian>
		<Spanish>
			<Text>Federaci&#243;n de %s2</Text>
			<Gender>Female</Gender>
			<Plural>0</Plural>
		</Spanish>
	</TEXT>
	<TEXT>
		<Tag>TXT_KEY_CIV_RUSSIA_COMMUNIST</Tag>
		<English>Union of Soviet Socialist Republics</English>
		<French>
			<Text>Union des r&#233;publiques socialistes sovi&#233;tiques</Text>
			<Gender>Female</Gender>
			<Plural>0</Plural>
		</French>
		<German>
			<Text>Union der Sozialistischen Sowjetrepubliken:Union der Sozialistischen Sowjetrepubliken:Union der Sozialistischen Sowjetrepubliken</Text>
			<Gender>Female:Female:Female</Gender>
			<Plural>0:0:0</Plural>
		</German>
		<Italian>
			<Text>Unione delle Repubbliche Socialiste Sovietiche</Text>
			<Gender>Female</Gender>
			<Plural>0</Plural>
		</Italian>
		<Spanish>
			<Text>Uni&#243;n de Rep&#250;blicas Socialistas Sovi&#233;ticas</Text>
			<Gender>Female</Gender>
			<Plural>0</Plural>
		</Spanish>
	</TEXT>
	<TEXT>
		<Tag>TXT_KEY_CIV_RUSSIA_TSARDOM_OF</Tag>
		<English>Tsardom of %s1</English>
		<French>
			<Text>Tsarat de %s1</Text>
			<Gender>Male</Gender>
			<Plural>0</Plural>
		</French>
		<German>
			<Text>Zarenreich %s1:Zarenreich %s1:Zarenreich %s1</Text>
			<Gender>Neuter:Neuter:Neuter</Gender>
			<Plural>0:0:0</Plural>
		</German>
		<Italian>
			<Text>Zarato di %s1</Text>
			<Gender>Male</Gender>
			<Plural>0</Plural>
		</Italian>
		<Spanish>
			<Text>Zarato %s1</Text>
			<Gender>Male</Gender>
			<Plural>0</Plural>
		</Spanish>
	</TEXT>
	<TEXT>
		<Tag>TXT_KEY_CIV_RUSSIA_FASCIST</Tag>
		<English>Panslavic Empire</English>
		<French>
			<Text>Empire panslave</Text>
			<Gender>Male</Gender>
			<Plural>0</Plural>
		</French>
		<German>Panslavic Empire</German>
		<Italian>Panslavic Empire</Italian>
		<Spanish>Panslavic Empire</Spanish>
	</TEXT>
	<TEXT>
		<Tag>TXT_KEY_CIV_RUSSIA_MUSCOVY</Tag>
		<English>Muscovy</English>
		<French>
			<Text>Moscovie</Text>
			<Gender>Female</Gender>
			<Plural>0</Plural>
		</French>
		<German>Muscovy</German>
		<Italian>Muscovy</Italian>
		<Spanish>Muscovy</Spanish>
	</TEXT>
	<TEXT>
		<Tag>TXT_KEY_CIV_RUSSIA_KIEVAN_RUS</Tag>
		<English>Kievan Rus</English>
		<French>
			<Text>Rus' de Kiev</Text>
			<Gender>Female</Gender>
			<Plural>0</Plural>
		</French>
		<German>Kievan Rus</German>
		<Italian>Kievan Rus</Italian>
		<Spanish>Kievan Rus</Spanish>
	</TEXT>
	<TEXT>
		<Tag>TXT_KEY_CIV_RUSSIA_RUS</Tag>
		<English>Rus of %s1</English>
		<French>
			<Text>Rus' de %s1</Text>
			<Gender>Female</Gender>
			<Plural>0</Plural>
		</French>
		<German>Rus of %s1</German>
		<Italian>Rus of %s1</Italian>
		<Spanish>Rus of %s1</Spanish>
	</TEXT>
	<TEXT>
		<Tag>TXT_KEY_CIV_RUSSIAN_VASSAL</Tag>
		<English>%s1 Krai</English>
		<French>
			<Text>Kra&#239; de %s1</Text>
			<Gender>Female</Gender>
			<Plural>0</Plural>
		</French>
		<German>%s1 Krai</German>
		<Italian>%s1 Krai</Italian>
		<Spanish>%s1 Krai</Spanish>
	</TEXT>
	<TEXT>
		<Tag>TXT_KEY_CIV_RUSSIAN_POLAND</Tag>
		<English>Congress %s1</English>
		<French>
			<Text>Royaume du Congr&#232;s</Text>
			<Gender>Male</Gender>
			<Plural>0</Plural>
		</French>
		<German>Congress %s1</German>
		<Italian>Congress %s1</Italian>
		<Spanish>Congress %s1</Spanish>
	</TEXT>
	<TEXT>
		<Tag>TXT_KEY_CIV_RUSSIA_SOVIET</Tag>
		<English>Soviet %s1</English>
		<French>
			<Text>%s1 sovi&#233;tique:%s1 sovi&#233;tique</Text>
			<Gender>Male:Female</Gender>
			<Plural>0</Plural>
		</French>
		<German>
			<Text>Sowjet %s1:Sowjet %s1:Sowjet %s1</Text>
			<Gender>Male:Male:Male</Gender>
			<Plural>0:0:0</Plural>
		</German>
		<Italian>
			<Text>%s1 Sovietica</Text>
			<Gender>Female</Gender>
			<Plural>0</Plural>
		</Italian>
		<Spanish>
			<Text>%s1 Sovi&#233;tica</Text>
			<Gender>Female</Gender>
			<Plural>0</Plural>
		</Spanish>
	</TEXT>
	<TEXT>
		<Tag>TXT_KEY_CIV_RUSSIA_SOVIET_REPUBLIC_ADJECTIVE</Tag>
		<English>%s2 Soviet Republic</English>
		<French>
			<Text>R&#233;publique sovi&#233;tique %s2</Text>
			<Gender>Female</Gender>
			<Plural>0</Plural>
		</French>
		<German>%s2 Soviet Republic</German>
		<Italian>%s2 Soviet Republic</Italian>
		<Spanish>%s2 Soviet Republic</Spanish>
	</TEXT>
	<TEXT>
		<Tag>TXT_KEY_CIV_RUSSIAN_NAME_PERSIA</Tag>
		<English>Gilan</English>
		<French>
			<Text>Gilan</Text>
			<Gender>Male</Gender>
			<Plural>0</Plural>
		</French>
		<German>
			<Text>Gilan:Gilan:Gilan</Text>
			<Gender>Male:Male:Male</Gender>
			<Plural>0:0:0</Plural>
		</German>
		<Italian>
			<Text>Gilan</Text>
			<Gender>Male</Gender>
			<Plural>0</Plural>
		</Italian>
		<Spanish>
			<Text>Gilan</Text>
			<Gender>Male</Gender>
			<Plural>0</Plural>
		</Spanish>
	</TEXT>
	<TEXT>
		<Tag>TXT_KEY_CIV_RUSSIA_SOVIET_JAPAN</Tag>
		<English>Far Eastern Republic</English>
		<French>
			<Text>R&#233;publique d'Extr&#234;me-Orient</Text>
			<Gender>Female</Gender>
			<Plural>0</Plural>
		</French>
		<German>Far Eastern Republic</German>
		<Italian>Far Eastern Republic</Italian>
		<Spanish>Far Eastern Republic</Spanish>
	</TEXT>
	<TEXT>
		<Tag>TXT_KEY_CIV_RUSSIA_SOVIET_OTTOMANS</Tag>
		<English>Transcaucasian Socialist Federative Soviet Republic</English>
		<French>
			<Text>R&#233;publique socialiste f&#233;d&#233;rative sovi&#233;tique de Transcaucasie</Text>
			<Gender>Female</Gender>
			<Plural>0</Plural>
		</French>
		<German>Transcaucasian Socialist Federative Soviet Republic</German>
		<Italian>Transcaucasian Socialist Federative Soviet Republic</Italian>
		<Spanish>Transcaucasian Socialist Federative Soviet Republic</Spanish>
	</TEXT>
	<TEXT>
		<Tag>TXT_KEY_CIV_RUSSIA_SOVIET_TURKS</Tag>
		<English>%s4 Soviet Socialist Republic</English>
		<French>
			<Text>R&#233;publique socialiste sovi&#233;tique %s4</Text>
			<Gender>Female</Gender>
			<Plural>0</Plural>
		</French>
		<German>%s4 Soviet Socialist Republic</German>
		<Italian>%s4 Soviet Socialist Republic</Italian>
		<Spanish>%s4 Soviet Socialist Republic</Spanish>
	</TEXT>
	<TEXT>
		<Tag>TXT_KEY_CIV_RUSSIA_SOVIET_GERMANY</Tag>
		<English>%s4 Democratic Republic</English>
		<French>
			<Text>R&#233;publique d&#233;mocratique %s4</Text>
			<Gender>Female</Gender>
			<Plural>0</Plural>
		</French>
		<German>
			<Text>%s4 Demokratische Republik:%s4 Demokratische Republik:%s4 Demokratischen Republik</Text>
			<Gender>Female:Female:Female</Gender>
			<Plural>0:0:0</Plural>
		</German>
		<Italian>
			<Text>Repubblica Democratica %s4</Text>
			<Gender>Female</Gender>
			<Plural>0</Plural>
		</Italian>
		<Spanish>
			<Text>Rep&#250;blica Democr&#225;tica %s4</Text>
			<Gender>Female</Gender>
			<Plural>0</Plural>
		</Spanish>
	</TEXT>
	<TEXT>
		<Tag>TXT_KEY_CIV_RUSSIA_ADJECTIVE</Tag>
		<English>Russian</English>
		<French>
			<Text>russe:russe:russes:russes</Text>
			<Gender>Male:Female:Male:Female</Gender>
			<Plural>0:0:1:1</Plural>
		</French>
		<German>
			<Text>Russisch:russischen:russische</Text>
			<Gender>Neuter:Neuter:Neuter</Gender>
			<Plural>0:0:0</Plural>
		</German>
		<Italian>
			<Text>russo:russa:russi:russe</Text>
			<Gender>Male:Female:Male:Female</Gender>
			<Plural>0:0:1:1</Plural>
		</Italian>
		<Spanish>
			<Text>Ruso:Rusa:Rusos:Rusas</Text>
			<Gender>Male:Female:Male:Female</Gender>
			<Plural>0:0:1:1</Plural>
		</Spanish>
	</TEXT>
	<TEXT>
		<Tag>TXT_KEY_CIV_RUSSIA_SHORT_DESC</Tag>
		<English>Russia</English>
		<French>
			<Text>Russie</Text>
			<Gender>Female</Gender>
			<Plural>0</Plural>
		</French>
		<German>
			<Text>Russland</Text>
			<Gender>Male</Gender>
			<Plural>0</Plural>
		</German>
		<Italian>
			<Text>Russia</Text>
			<Gender>Female</Gender>
			<Plural>0</Plural>
		</Italian>
		<Spanish>
			<Text>Rusia</Text>
			<Gender>Female</Gender>
			<Plural>0</Plural>
		</Spanish>
	</TEXT>
</Civ4GameText>
