<?xml version="1.0" encoding="utf-8"?>
<!-- Greece -->
<Civ4GameText xmlns="http://www.firaxis.com">
	<TEXT>
		<Tag>TXT_KEY_CIV_GREECE_DESC</Tag>
		<English>The Greeks</English>
		<French>
			<Text>Les Grecs</Text>
			<Gender>Male</Gender>
			<Plural>1</Plural>
		</French>
		<German>
			<Text>Griechen:Die Griechen:den Griechen</Text>
			<Gender>Neuter:Neuter:Neuter</Gender>
			<Plural>1:1:1</Plural>
		</German>
		<Italian>
			<Text>I Greci</Text>
			<Gender>Male</Gender>
			<Plural>1</Plural>
		</Italian>
		<Spanish>
			<Text>Los Griegos</Text>
			<Gender>Male</Gender>
			<Plural>1</Plural>
		</Spanish>
	</TEXT>
	<TEXT>
		<Tag>TXT_KEY_CIV_GREECE_PEOPLES</Tag>
		<English>Mycenean Peoples</English>
		<French>
			<Text>Peuplades myc&#233;niennes</Text>
			<Gender>Female</Gender>
			<Plural>1</Plural>
		</French>
		<German>
			<Text>Mykenische V&#246;lker:Mykenischen V&#246;lker:Mykenischen V&#246;lkern</Text>
			<Gender>Female:Female:Female</Gender>
			<Plural>1:1:1</Plural>
		</German>
		<Italian>
			<Text>Popoli Micenei</Text>
			<Gender>Male</Gender>
			<Plural>1</Plural>
		</Italian>
		<Spanish>
			<Text>Pueblos Micenos</Text>
			<Gender>Male</Gender>
			<Plural>1</Plural>
		</Spanish>
	</TEXT>
	<TEXT>
		<Tag>TXT_KEY_CIV_GREECE_DEFAULT</Tag>
		<English>Kingdom of %s1</English>
		<French>
			<Text>Royaume de %s1</Text>
			<Gender>Male</Gender>
			<Plural>0</Plural>
		</French>
		<German>
			<Text>K&#246;nigreich %s1:K&#246;nigreich %s1:K&#246;nigreich %s1</Text>
			<Gender>Neuter:Neuter:Neuter</Gender>
			<Plural>0:0:0</Plural>
		</German>
		<Italian>
			<Text>Regno del %s1</Text>
			<Gender>Male</Gender>
			<Plural>0</Plural>
		</Italian>
		<Spanish>
			<Text>Reino de %s1</Text>
			<Gender>Male</Gender>
			<Plural>0</Plural>
		</Spanish>
	</TEXT>
	<TEXT>
		<Tag>TXT_KEY_CIV_GREECE_REPUBLIC</Tag>
		<English>Hellenic Republic</English>
		<French>
			<Text>R&#233;publique hell&#233;nique</Text>
			<Gender>Female</Gender>
			<Plural>0</Plural>
		</French>
		<German>Hellenic Republic</German>
		<Italian>Hellenic Republic</Italian>
		<Spanish>Hellenic Republic</Spanish>
	</TEXT>
	<TEXT>
		<Tag>TXT_KEY_CIV_GREECE_COMMUNIST</Tag>
		<English>Democratic Army of %s1</English>
		<French>
			<Text>Arm&#233;e d&#233;mocratique de %s1</Text>
			<Gender>Female</Gender>
			<Plural>0</Plural>
		</French>
		<German>
			<Text>Demokratische Armee %s1:Demokratische Armee %s1:Demokratischen Armee %s1</Text>
			<Gender>Female:Female:Female</Gender>
			<Plural>0:0:0</Plural>
		</German>
		<Italian>
			<Text>Armata Democratica della %s1</Text>
			<Gender>Female</Gender>
			<Plural>0</Plural>
		</Italian>
		<Spanish>
			<Text>Armada Democratic de %s1</Text>
			<Gender>Female</Gender>
			<Plural>0</Plural>
		</Spanish>
	</TEXT>
	<TEXT>
		<Tag>TXT_KEY_CIV_GREECE_FASCIST</Tag>
		<English>Patriotic Alliance of %s1</English>
		<French>
			<Text>Alliance patriotique de %s1</Text>
			<Gender>Female</Gender>
			<Plural>0</Plural>
		</French>
		<German>Patriotic Alliance of %s1</German>
		<Italian>Patriotic Alliance of %s1</Italian>
		<Spanish>Patriotic Alliance of %s1</Spanish>
	</TEXT>
	<TEXT>
		<Tag>TXT_KEY_CIV_GREECE_LEAGUE</Tag>
		<English>%s2 League</English>
		<French>
			<Text>Ligue %s2</Text>
			<Gender>Female</Gender>
			<Plural>0</Plural>
		</French>
		<German>
			<Text>%s2 Liga:%s2 Liga:%s2 Liga</Text>
			<Gender>Female:Female:Female</Gender>
			<Plural>0:0:0</Plural>
		</German>
		<Italian>
			<Text>Lega %s2</Text>
			<Gender>Female</Gender>
			<Plural>0</Plural>
		</Italian>
		<Spanish>
			<Text>Liga %s2</Text>
			<Gender>Female</Gender>
			<Plural>0</Plural>
		</Spanish>
	</TEXT>
	<TEXT>
		<Tag>TXT_KEY_CIV_GREEK_PERSIA</Tag>
		<English>Seleucid Empire</English>
		<French>
			<Text>Empire s&#233;leucide</Text>
			<Gender>Male</Gender>
			<Plural>0</Plural>
		</French>
		<German>Seleucid Empire</German>
		<Italian>Seleucid Empire</Italian>
		<Spanish>Seleucid Empire</Spanish>
	</TEXT>
	<TEXT>
		<Tag>TXT_KEY_CIV_GREEK_EGYPT</Tag>
		<English>Ptolemaic Kingdom</English>
		<French>
			<Text>Royaume lagide</Text>
			<Gender>Male</Gender>
			<Plural>0</Plural>
		</French>
		<German>Ptolemaic Kingdom</German>
		<Italian>Ptolemaic Kingdom</Italian>
		<Spanish>Ptolemaic Kingdom</Spanish>
	</TEXT>
	<TEXT>
		<Tag>TXT_KEY_CIV_GREEK_INDIA</Tag>
		<English>Greco-Bactrian Kingdom</English>
		<French>
			<Text>Royaume gr&#233;co-bactrien</Text>
			<Gender>Male</Gender>
			<Plural>0</Plural>
		</French>
		<German>Greco-Bactrian Kingdom</German>
		<Italian>Greco-Bactrian Kingdom</Italian>
		<Spanish>Greco-Bactrian Kingdom</Spanish>
	</TEXT>
	<TEXT>
		<Tag>TXT_KEY_CIV_GREEK_ROME</Tag>
		<English>Magna Graecia</English>
		<French>
			<Text>Grande-Gr&#232;ce</Text>
			<Gender>Female</Gender>
			<Plural>0</Plural>
		</French>
		<German>Magna Graecia</German>
		<Italian>Magna Graecia</Italian>
		<Spanish>Magna Graecia</Spanish>
	</TEXT>
	<TEXT>
		<Tag>TXT_KEY_CIV_GREECE_MACEDONIA</Tag>
		<English>Macedonia</English>
		<French>
			<Text>Mac&#233;doine</Text>
			<Gender>Female</Gender>
			<Plural>0</Plural>
		</French>
		<German>Macedonia</German>
		<Italian>Macedonia</Italian>
		<Spanish>Macedonia</Spanish>
	</TEXT>
	<TEXT>
		<Tag>TXT_KEY_CIV_GREECE_MACEDONIAN</Tag>
		<English>Macedonian</English>
		<French>
			<Text>mac&#233;donien:mac&#233;donienne:mac&#233;doniens:mac&#233;doniennes</Text>
			<Gender>Male:Female:Male:Female</Gender>
			<Plural>0:0:1:1</Plural>
		</French>
		<German>Macedonian</German>
		<Italian>Macedonian</Italian>
		<Spanish>Macedonian</Spanish>
	</TEXT>
	<TEXT>
		<Tag>TXT_KEY_CIV_GREEK_NAME_TURKS</Tag>
		<English>Transoxiana</English>
		<French>
			<Text>Transoxiane</Text>
			<Gender>Female</Gender>
			<Plural>0</Plural>
		</French>
		<German>Transoxiana</German>
		<Italian>Transoxiana</Italian>
		<Spanish>Transoxiana</Spanish>
	</TEXT>
	<TEXT>
		<Tag>TXT_KEY_CIV_GREECE_ADJECTIVE</Tag>
		<English>Greek</English>
		<French>
			<Text>grec:grecque:grecs:grecques</Text>
			<Gender>Male:Female:Male:Female</Gender>
			<Plural>0:0:1:1</Plural>
		</French>
		<German>
			<Text>Griechisch:griechischen:griechische</Text>
			<Gender>Neuter:Neuter:Neuter</Gender>
			<Plural>0:0:0</Plural>
		</German>
		<Italian>
			<Text>greco:greca:greci:greche</Text>
			<Gender>Male:Female:Male:Female</Gender>
			<Plural>0:0:1:1</Plural>
		</Italian>
		<Spanish>
			<Text>griego:griega:griegos:griegas</Text>
			<Gender>Male:Female:Male:Female</Gender>
			<Plural>0:0:1:1</Plural>
		</Spanish>
	</TEXT>
	<TEXT>
		<Tag>TXT_KEY_CIV_GREECE_SHORT_DESC</Tag>
		<English>Greece</English>
		<French>
			<Text>Gr&#232;ce</Text>
			<Gender>Female</Gender>
			<Plural>0</Plural>
		</French>
		<German>
			<Text>Griechenland</Text>
			<Gender>Male</Gender>
			<Plural>0</Plural>
		</German>
		<Italian>
			<Text>Grecia</Text>
			<Gender>Female</Gender>
			<Plural>0</Plural>
		</Italian>
		<Spanish>
			<Text>Grecia</Text>
			<Gender>Female</Gender>
			<Plural>0</Plural>
		</Spanish>
	</TEXT>
</Civ4GameText>
