<?xml version="1.0" encoding="utf-8"?>
<!-- Moors -->
<Civ4GameText xmlns="http://www.firaxis.com">
	<TEXT>
		<Tag>TXT_KEY_CIV_MOORS_DESC</Tag>
		<English>The Moors</English>
		<French>
			<Text>Les Maures</Text>
			<Gender>Male</Gender>
			<Plural>1</Plural>
		</French>
		<German>The Moors</German>
		<Italian>The Moors</Italian>
		<Spanish>The Moors</Spanish>
	</TEXT>
	<TEXT>
		<Tag>TXT_KEY_CIV_MOORS_PEOPLES</Tag>
		<English>Andalusian Peoples</English>
		<French>
			<Text>Peuplades andalouses</Text>
			<Gender>Female</Gender>
			<Plural>1</Plural>
		</French>
		<German>Andalusian Peoples</German>
		<Italian>Andalusian Peoples</Italian>
		<Spanish>Andalusian Peoples</Spanish>
	</TEXT>
	<TEXT>
		<Tag>TXT_KEY_CIV_MOROCCO_SHORT_DESC</Tag>
		<English>Morocco</English>
		<French>
			<Text>Maroc</Text>
			<Gender>Male</Gender>
			<Plural>0</Plural>
		</French>
		<German>Morocco</German>
		<Italian>Morocco</Italian>
		<Spanish>Morocco</Spanish>
	</TEXT>
	<TEXT>
		<Tag>TXT_KEY_CIV_MOROCCO_ADJECTIVE</Tag>
		<English>Moroccan</English>
		<French>
			<Text>marocain:marocaine:marocains:marocaines</Text>
			<Gender>Male:Female:Male:Female</Gender>
			<Plural>0:0:1:1</Plural>
		</French>
		<German>Moroccan</German>
		<Italian>Moroccan</Italian>
		<Spanish>Moroccan</Spanish>
	</TEXT>
	<TEXT>
		<Tag>TXT_KEY_CIV_MOORS_DEFAULT</Tag>
		<English>Kingdom of %s1</English>
		<French>
			<Text>Royaume du %s1</Text>
			<Gender>Male</Gender>
			<Plural>0</Plural>
		</French>
		<German>
			<Text>K&#246;nigreich %s1:K&#246;nigreich %s1:K&#246;nigreich %s1</Text>
			<Gender>Neuter:Neuter:Neuter</Gender>
			<Plural>0:0:0</Plural>
		</German>
		<Italian>
			<Text>Regno del %s1</Text>
			<Gender>Male</Gender>
			<Plural>0</Plural>
		</Italian>
		<Spanish>
			<Text>Reino de %s1</Text>
			<Gender>Male</Gender>
			<Plural>0</Plural>
		</Spanish>
	</TEXT>
	<TEXT>
		<Tag>TXT_KEY_CIV_MOROCCO_DEFAULT</Tag>
		<English>Kingdom of %s1</English>
		<French>
			<Text>Royaume du %s1</Text>
			<Gender>Male</Gender>
			<Plural>0</Plural>
		</French>
		<German>Kingdom of %s1</German>
		<Italian>Kingdom of %s1</Italian>
		<Spanish>Kingdom of %s1</Spanish>
	</TEXT>
	<TEXT>
		<Tag>TXT_KEY_CIV_MOROCCO_FASCIST</Tag>
		<English>%s2 State</English>
		<French>
			<Text>&#201;tat %s2</Text>
			<Gender>Male</Gender>
			<Plural>0</Plural>
		</French>
		<German>%s2 State</German>
		<Italian>%s2 State</Italian>
		<Spanish>%s2 State</Spanish>
	</TEXT>
	<TEXT>
		<Tag>TXT_KEY_CIV_MOORS_FASCIST</Tag>
		<English>%s2 State</English>
		<French>
			<Text>&#201;tat %s2</Text>
			<Gender>Male</Gender>
			<Plural>0</Plural>
		</French>
		<German>
			<Text>%s2 Staat:%s2 Staat:%s2 Staat</Text>
			<Gender>Male:Male:Male</Gender>
			<Plural>0:0:0</Plural>
		</German>
		<Italian>
			<Text>Stato %s2</Text>
			<Gender>Female</Gender>
			<Plural>0</Plural>
		</Italian>
		<Spanish>
			<Text>Estado %s2</Text>
			<Gender>Male</Gender>
			<Plural>0</Plural>
		</Spanish>
	</TEXT>
	<TEXT>
		<Tag>TXT_KEY_CIV_MOORS_EMIRATE_OF</Tag>
		<English>Emirate of %s1</English>
		<French>
			<Text>&#201;mirat de %s1</Text>
			<Gender>Male</Gender>
			<Plural>0</Plural>
		</French>
		<German>
			<Text>Emirat von %s1:Emirat von %s1:Emirat von %s1</Text>
			<Gender>Neuter:Neuter:Neuter</Gender>
			<Plural>0:0:0</Plural>
		</German>
		<Italian>
			<Text>Emirato di %s1</Text>
			<Gender>Male</Gender>
			<Plural>0</Plural>
		</Italian>
		<Spanish>
			<Text>Emirato de %s1</Text>
			<Gender>Male</Gender>
			<Plural>0</Plural>
		</Spanish>
	</TEXT>
	<TEXT>
		<Tag>TXT_KEY_CIV_MOORS_ALMOHAD</Tag>
		<English>Almohad</English>
		<French>almohade</French>
		<German>Almohad</German>
		<Italian>Almohad</Italian>
		<Spanish>Almohad</Spanish>
	</TEXT>
	<TEXT>
		<Tag>TXT_KEY_CIV_MOORS_MOROCCO</Tag>
		<English>Morocco</English>
		<French>
			<Text>Maroc</Text>
			<Gender>Male</Gender>
			<Plural>0</Plural>
		</French>
		<German>Morocco</German>
		<Italian>Morocco</Italian>
		<Spanish>Morocco</Spanish>
	</TEXT>
	<TEXT>
		<Tag>TXT_KEY_CIV_MOORS_MOROCCAN</Tag>
		<English>Moroccan</English>
		<French>
			<Text>marocain:marocaine:marocains:marocaines</Text>
			<Gender>Male:Female:Male:Female</Gender>
			<Plural>0:0:1:1</Plural>
		</French>
		<German>Moroccan</German>
		<Italian>Moroccan</Italian>
		<Spanish>Moroccan</Spanish>
	</TEXT>
	<TEXT>
		<Tag>TXT_KEY_CIV_MOORS_TAIFAS</Tag>
		<English>Andalusian Taifas</English>
		<French>
			<Text>Ta&#239;fas andalouses</Text>
			<Gender>Female</Gender>
			<Plural>1</Plural>
		</French>
		<German>Andalusian Taifas</German>
		<Italian>Andalusian Taifas</Italian>
		<Spanish>Andalusian Taifas</Spanish>
	</TEXT>
	<TEXT>
		<Tag>TXT_KEY_CIV_MOORISH_ARABIA</Tag>
		<English>East Umayyad Caliphate</English>
		<French>
			<Text>Califat omeyyade oriental</Text>
			<Gender>Male</Gender>
			<Plural>0</Plural>
		</French>
		<German>East Umayyad Caliphate</German>
		<Italian>East Umayyad Caliphate</Italian>
		<Spanish>East Umayyad Caliphate</Spanish>
	</TEXT>
	<TEXT>
		<Tag>TXT_KEY_CIV_MOORISH_MALI</Tag>
		<English>Pashalik of Timbuktu</English>
		<French>
			<Text>Pachalik de Tombouctou</Text>
			<Gender>Male</Gender>
			<Plural>0</Plural>
		</French>
		<German>Pashalik of Timbuktu</German>
		<Italian>Pashalik of Timbuktu</Italian>
		<Spanish>Pashalik of Timbuktu</Spanish>
	</TEXT>
	<TEXT>
		<Tag>TXT_KEY_CIV_ARABIAN_NAME_ARABIA</Tag>
		<English>Hejaz</English>
		<French>
			<Text>Hedjaz</Text>
			<Gender>Male</Gender>
			<Plural>0</Plural>
		</French>
		<German>
			<Text>Hedschas:Hedschas:Hedschas</Text>
			<Gender>Neuter:Neuter:Neuter</Gender>
			<Plural>1:1:1</Plural>
		</German>
		<Italian>
			<Text>Hijaz</Text>
			<Gender>Male</Gender>
			<Plural>1</Plural>
		</Italian>
		<Spanish>
			<Text>Hiyaz</Text>
			<Gender>Male</Gender>
			<Plural>0</Plural>
		</Spanish>
	</TEXT>
	<TEXT>
		<Tag>TXT_KEY_CIV_MOORS_ADJECTIVE</Tag>
		<English>Moorish</English>
		<French>
			<Text>maure:maure:maures:maures</Text>
			<Gender>Male:Female:Male:Female</Gender>
			<Plural>0:0:1:1</Plural>
		</French>
		<German>Moorish</German>
		<Italian>Moorish</Italian>
		<Spanish>Moorish</Spanish>
	</TEXT>
	<TEXT>
		<Tag>TXT_KEY_CIV_MOORS_SHORT_DESC</Tag>
		<English>Moors</English>
		<French>
			<Text>Maures</Text>
			<Gender>Male</Gender>
			<Plural>1</Plural>
		</French>
		<German>Moors</German>
		<Italian>Moors</Italian>
		<Spanish>Moors</Spanish>
	</TEXT>
</Civ4GameText>
