<?xml version="1.0" encoding="utf-8"?>
<!-- Babylonia -->
<Civ4GameText xmlns="http://www.firaxis.com">
	<TEXT>
		<Tag>TXT_KEY_CIV_BABYLONIA_DESC</Tag>
		<English>The Babylonians</English>
		<French>
			<Text>Les Babyloniens</Text>
			<Gender>Male</Gender>
			<Plural>1</Plural>
		</French>
		<German>
			<Text>Babylonier:Die Babylonier:den Babyloniern</Text>
			<Gender>Male:Male:Male</Gender>
			<Plural>1:1:1</Plural>
		</German>
		<Italian>
			<Text>I Babilonesi</Text>
			<Gender>Male</Gender>
			<Plural>1</Plural>
		</Italian>
		<Spanish>
			<Text>Los Babil&#243;nicos</Text>
			<Gender>Male</Gender>
			<Plural>1</Plural>
		</Spanish>
	</TEXT>
	<TEXT>
		<Tag>TXT_KEY_CIV_BABYLONIA_PEOPLES</Tag>
		<English>Mesopotamian Peoples</English>
		<French>
			<Text>Peuplades m&#233;sopotamiennes</Text>
			<Gender>Female</Gender>
			<Plural>1</Plural>
		</French>
		<German>
			<Text>V&#246;lker Mesopotamiens:V&#246;lker Mesopotamiens:V&#246;lkern Mesopotamiens</Text>
			<Gender>Female:Female:Female</Gender>
			<Plural>1:1:1</Plural>
		</German>
		<Italian>
			<Text>Popoli Mesopotamici</Text>
			<Gender>Male</Gender>
			<Plural>1</Plural>
		</Italian>
		<Spanish>
			<Text>Pueblos Mesopot&#225;micos</Text>
			<Gender>Male</Gender>
			<Plural>1</Plural>
		</Spanish>
	</TEXT>
	<TEXT>
		<Tag>TXT_KEY_CIV_BABYLONIA_DEFAULT</Tag>
		<English>%s2 Empire</English>
		<French>
			<Text>Empire %s2</Text>
			<Gender>Male</Gender>
			<Plural>0</Plural>
		</French>
		<German>
			<Text>%s2 Reich:%s2 Reich:%s2 Reich</Text>
			<Gender>Neuter:Neuter:Neuter</Gender>
			<Plural>0:0:0</Plural>
		</German>
		<Italian>
			<Text>Impero %s2</Text>
			<Gender>Male</Gender>
			<Plural>0</Plural>
		</Italian>
		<Spanish>
			<Text>Imperio %s2</Text>
			<Gender>Male</Gender>
			<Plural>0</Plural>
		</Spanish>
	</TEXT>
	<TEXT>
		<Tag>TXT_KEY_CIV_BABYLONIA_FASCIST</Tag>
		<English>Baathist %s1</English>
		<French>
			<Text>%s1 baathiste</Text>
			<Gender>Female</Gender>
			<Plural>0</Plural>
		</French>
		<German>
			<Text>Baathistisches %s1:Baathistische %s1:Baathistischen %s1</Text>
			<Gender>Neuter:Neuter:Neuter</Gender>
			<Plural>0:0:0</Plural>
		</German>
		<Italian>
			<Text>%s1 Baathista</Text>
			<Gender>Female</Gender>
			<Plural>0</Plural>
		</Italian>
		<Spanish>
			<Text>%s1 Baazista</Text>
			<Gender>Female</Gender>
			<Plural>0</Plural>
		</Spanish>
	</TEXT>
	<TEXT>
		<Tag>TXT_KEY_CIV_BABYLONIA_COMMUNIST</Tag>
		<English>%s2 Golden Square</English>
		<French>
			<Text>Carr&#233; d'or %s2</Text>
			<Gender>Male</Gender>
			<Plural>0</Plural>
		</French>
		<German>
			<Text>Goldenes Quadrat %s2:Goldene Quadrat %s2:Goldenen Quadrat %s2</Text>
			<Gender>Neuter:Neuter:Neuter</Gender>
			<Plural>0:0:0</Plural>
		</German>
		<Italian>
			<Text>Quadrato d'Oro %s2</Text>
			<Gender>Male</Gender>
			<Plural>0</Plural>
		</Italian>
		<Spanish>
			<Text>Cuadrado de Oro %s2</Text>
			<Gender>Male</Gender>
			<Plural>0</Plural>
		</Spanish>
	</TEXT>
	<TEXT>
		<Tag>TXT_KEY_CIV_BABYLONIA_MESOPOTAMIAN</Tag>
		<English>Mesopotamian</English>
		<French>
			<Text>m&#233;sopotamien:m&#233;sopotamienne:m&#233;sopotamiens:m&#233;sopotamiennes</Text>
			<Gender>Male:Female:Male:Female</Gender>
			<Plural>0:0:1:1</Plural>
		</French>
		<German>Mesopotamian</German>
		<Italian>Mesopotamian</Italian>
		<Spanish>Mesopotamian</Spanish>
	</TEXT>
	<TEXT>
		<Tag>TXT_KEY_CIV_BABYLONIA_ASSYRIA</Tag>
		<English>Assyria</English>
		<French>
			<Text>Assyrie</Text>
			<Gender>Female</Gender>
			<Plural>0</Plural>
		</French>
		<German>Assyria</German>
		<Italian>Assyria</Italian>
		<Spanish>Assyria</Spanish>
	</TEXT>
	<TEXT>
		<Tag>TXT_KEY_CIV_BABYLONIA_ASSYRIAN</Tag>
		<English>Assyrian</English>
		<French>
			<Text>assyrien:assyrienne:assyriens:assyriennes</Text>
			<Gender>Male:Female:Male:Female</Gender>
			<Plural>0:0:1:1</Plural>
		</French>
		<German>Assyrian</German>
		<Italian>Assyrian</Italian>
		<Spanish>Assyrian</Spanish>
	</TEXT>
	<TEXT>
		<Tag>TXT_KEY_CIV_BABYLONIA_ASSYRIA_ADJECTIVE</Tag>
		<English>Assyrian</English>
		<French>
			<Text>assyrien:assyrienne:assyriens:assyriennes</Text>
			<Gender>Male:Female:Male:Female</Gender>
			<Plural>0:0:1:1</Plural>
		</French>
		<German>Assyrian</German>
		<Italian>Assyrian</Italian>
		<Spanish>Assyrian</Spanish>
	</TEXT>
	<TEXT>
		<Tag>TXT_KEY_CIV_BABYLONIA_NEO_EMPIRE</Tag>
		<English>Neo-%s2 Empire</English>
		<French>
			<Text>Empire n&#233;o-%s2</Text>
			<Gender>Female</Gender>
			<Plural>0</Plural>
		</French>
		<German>Neo-%s2 Empire</German>
		<Italian>Neo-%s2 Empire</Italian>
		<Spanish>Neo-%s2 Empire</Spanish>
	</TEXT>
	<TEXT>
		<Tag>TXT_KEY_CIV_PHOENICIA_BABYLONIAN_VASSAL</Tag>
		<English>Babylonian Phoenicia</English>
		<French>
			<Text>Ph&#233;nicie babylonienne</Text>
			<Gender>Female</Gender>
			<Plural>0</Plural>
		</French>
		<German>Babylonian Phoenicia</German>
		<Italian>Babylonian Phoenicia</Italian>
		<Spanish>Babylonian Phoenicia</Spanish>
	</TEXT>
	<TEXT>
		<Tag>TXT_KEY_CIV_BABYLONIA_ADJECTIVE</Tag>
		<English>
			<Text>Babylonian:Babylonians</Text>
			<Gender>Male</Gender>
			<Plural>0:1</Plural>
		</English>
		<French>
			<Text>babylonien:babylonienne:babyloniens:babyloniennes</Text>
			<Gender>Male:Female:Male:Female</Gender>
			<Plural>0:0:1:1</Plural>
		</French>
		<German>
			<Text>Babylonisch:babylonischen:babylonische</Text>
			<Gender>Neuter:Neuter:Neuter</Gender>
			<Plural>0:0:0</Plural>
		</German>
		<Italian>
			<Text>babilonese:babilonese:babilonesi:babilonesi</Text>
			<Gender>Male:Female:Male:Female</Gender>
			<Plural>0:0:1:1</Plural>
		</Italian>
		<Spanish>
			<Text>babilonio:babilonia:babilonios:babilonias</Text>
			<Gender>Male:Female:Male:Female</Gender>
			<Plural>0:0:1:1</Plural>
		</Spanish>
	</TEXT>
	<TEXT>
		<Tag>TXT_KEY_CIV_BABYLONIA_SHORT_DESC</Tag>
		<English>Babylonia</English>
		<French>
			<Text>Babylone</Text>
			<Gender>Female</Gender>
			<Plural>0</Plural>
		</French>
		<German>
			<Text>Babylonien</Text>
			<Gender>Male</Gender>
			<Plural>0</Plural>
		</German>
		<Italian>
			<Text>Babilonia</Text>
			<Gender>Female</Gender>
			<Plural>0</Plural>
		</Italian>
		<Spanish>
			<Text>Babilonia</Text>
			<Gender>Female</Gender>
			<Plural>0</Plural>
		</Spanish>
	</TEXT>
</Civ4GameText>
