<?xml version="1.0" encoding="utf-8"?>
<!-- Arabia -->
<Civ4GameText xmlns="http://www.firaxis.com">
	<TEXT>
		<Tag>TXT_KEY_CIV_ARABIA_DESC</Tag>
		<English>The Arabs</English>
		<French>
			<Text>Les Arabes</Text>
			<Gender>Male</Gender>
			<Plural>1</Plural>
		</French>
		<German>
			<Text>Araber:Die Araber:den Arabern</Text>
			<Gender>Neuter:Neuter:Neuter</Gender>
			<Plural>1:1:1</Plural>
		</German>
		<Italian>
			<Text>Gli Arabi</Text>
			<Gender>Male</Gender>
			<Plural>1</Plural>
		</Italian>
		<Spanish>
			<Text>Los &#193;rabes</Text>
			<Gender>Male</Gender>
			<Plural>1</Plural>
		</Spanish>
	</TEXT>
	<TEXT>
		<Tag>TXT_KEY_CIV_ARABIA_PEOPLES</Tag>
		<English>Bedouin Peoples</English>
		<French>
			<Text>Peuplades b&#233;douines</Text>
			<Gender>Female</Gender>
			<Plural>1</Plural>
		</French>
		<German>
			<Text>Beduinische V&#246;lker:Beduinischen V&#246;lker:Beduinischen V&#246;lkern</Text>
			<Gender>Female:Female:Female</Gender>
			<Plural>1:1:1</Plural>
		</German>
		<Italian>
			<Text>Popoli Beduini</Text>
			<Gender>Male</Gender>
			<Plural>1</Plural>
		</Italian>
		<Spanish>
			<Text>Pueblos Beduinos</Text>
			<Gender>Male</Gender>
			<Plural>1</Plural>
		</Spanish>
	</TEXT>
	<TEXT>
		<Tag>TXT_KEY_CIV_ARABIA_DEFAULT</Tag>
		<English>%s2 Sultanates</English>
		<French>
			<Text>Sultanats arabes</Text>
			<Gender>Male</Gender>
			<Plural>1</Plural>
		</French>
		<German>%s2 Sultanates</German>
		<Italian>%s2 Sultanates</Italian>
		<Spanish>%s2 Sultanates</Spanish>
	</TEXT>
	<TEXT>
		<Tag>TXT_KEY_CIV_ARABIA_REPUBLIC</Tag>
		<English>Arab League</English>
		<French>
			<Text>Ligue arabe</Text>
			<Gender>Female</Gender>
			<Plural>0</Plural>
		</French>
		<German>
			<Text>Arabische Liga:Arabische Liga:Arabischen Liga</Text>
			<Gender>Female:Female:Female</Gender>
			<Plural>0:0:0</Plural>
		</German>
		<Italian>
			<Text>Lega Araba</Text>
			<Gender>Female</Gender>
			<Plural>0</Plural>
		</Italian>
		<Spanish>
			<Text>Liga &#193;rabe</Text>
			<Gender>Female</Gender>
			<Plural>0</Plural>
		</Spanish>
	</TEXT>
	<TEXT>
		<Tag>TXT_KEY_CIV_ARABIA_FASCIST</Tag>
		<English>Pan Arab State</English>
		<French>
			<Text>&#201;tat panarabe</Text>
			<Gender>Male</Gender>
			<Plural>0</Plural>
		</French>
		<German>
			<Text>Panarabischer Staat:Panarabische Staat:Panarabischen Staat</Text>
			<Gender>Male:Male:Male</Gender>
			<Plural>0:0:0</Plural>
		</German>
		<Italian>
			<Text>Stato Pan-Arabo</Text>
			<Gender>Female</Gender>
			<Plural>0</Plural>
		</Italian>
		<Spanish>
			<Text>Estado Pan-&#193;rabo</Text>
			<Gender>Male</Gender>
			<Plural>0</Plural>
		</Spanish>
	</TEXT>
	<TEXT>
		<Tag>TXT_KEY_CIV_ARABIA_COMMUNIST</Tag>
		<English>Baathist %s1</English>
		<French>
			<Text>%s1 baathiste</Text>
			<Gender>Female</Gender>
			<Plural>0</Plural>
		</French>
		<German>
			<Text>Baathistisches %s1:Baathistische %s1:Baathistischen %s1</Text>
			<Gender>Neuter:Neuter:Neuter</Gender>
			<Plural>0:0:0</Plural>
		</German>
		<Italian>
			<Text>%s1 Baathista</Text>
			<Gender>Female</Gender>
			<Plural>0</Plural>
		</Italian>
		<Spanish>
			<Text>%s1 Baazista</Text>
			<Gender>Female</Gender>
			<Plural>0</Plural>
		</Spanish>
	</TEXT>
	<TEXT>
		<Tag>TXT_KEY_CIV_ARABIA_SAUDI</Tag>
		<English>Saudi-Arabia</English>
		<French>
			<Text>Arabie saoudite</Text>
			<Gender>Female</Gender>
			<Plural>0</Plural>
		</French>
		<German>Saudi-Arabia</German>
		<Italian>Saudi-Arabia</Italian>
		<Spanish>Saudi-Arabia</Spanish>
	</TEXT>
	<TEXT>
		<Tag>TXT_KEY_CIV_ARABIA_RASHIDUN</Tag>
		<English>Rashidun</English>
		<French>rachidun</French>
		<German>Rashidun</German>
		<Italian>Rashidun</Italian>
		<Spanish>Rashidun</Spanish>
	</TEXT>
	<TEXT>
		<Tag>TXT_KEY_CIV_ARABIA_UMMAYAD</Tag>
		<English>Umayyad</English>
		<French>omeyyade</French>
		<German>Umayyad</German>
		<Italian>Umayyad</Italian>
		<Spanish>Umayyad</Spanish>
	</TEXT>
	<TEXT>
		<Tag>TXT_KEY_CIV_ARABIA_ABBASID</Tag>
		<English>Abbasid</English>
		<French>abbasside</French>
		<German>Abbasid</German>
		<Italian>Abbasid</Italian>
		<Spanish>Abbasid</Spanish>
	</TEXT>
	<TEXT>
		<Tag>TXT_KEY_CIV_ARABIAN_VASSAL</Tag>
		<English>Emirate of %s1</English>
		<French>
			<Text>&#201;mirat de %s1</Text>
			<Gender>Male</Gender>
			<Plural>0</Plural>
		</French>
		<German>
			<Text>Emirat von %s1:Emirat von %s1:Emirat von %s1</Text>
			<Gender>Neuter:Neuter:Neuter</Gender>
			<Plural>0:0:0</Plural>
		</German>
		<Italian>
			<Text>Emirato di %s1</Text>
			<Gender>Male</Gender>
			<Plural>0</Plural>
		</Italian>
		<Spanish>
			<Text>Emirato de %s1</Text>
			<Gender>Male</Gender>
			<Plural>0</Plural>
		</Spanish>
	</TEXT>
	<TEXT>
		<Tag>TXT_KEY_CIV_ARABIAN_NAME_EGYPT</Tag>
		<English>Misr</English>
		<French>
			<Text>Misr</Text>
			<Gender>Male</Gender>
			<Plural>0</Plural>
		</French>
		<German>
			<Text>Misr:Misr:Misr</Text>
			<Gender>Neuter:Neuter:Neuter</Gender>
			<Plural>0:0:0</Plural>
		</German>
		<Italian>
			<Text>Misr</Text>
			<Gender>Male</Gender>
			<Plural>0</Plural>
		</Italian>
		<Spanish>
			<Text>Misr</Text>
			<Gender>Male</Gender>
			<Plural>0</Plural>
		</Spanish>
	</TEXT>
	<TEXT>
		<Tag>TXT_KEY_CIV_ARABIAN_NAME_BABYLONIA</Tag>
		<English>Iraq</English>
		<French>Irak</French>
		<German>Iraq</German>
		<Italian>Iraq</Italian>
		<Spanish>Iraq</Spanish>
	</TEXT>
	<TEXT>
		<Tag>TXT_KEY_CIV_ARABIAN_NAME_PERSIA</Tag>
		<English>Fars</English>
		<French>
			<Text>Fars</Text>
			<Gender>Male</Gender>
			<Plural>0</Plural>
		</French>
		<German>
			<Text>Fars:Fars:Fars</Text>
			<Gender>Neuter:Neuter:Neuter</Gender>
			<Plural>0:0:0</Plural>
		</German>
		<Italian>
			<Text>Fars</Text>
			<Gender>Male</Gender>
			<Plural>0</Plural>
		</Italian>
		<Spanish>
			<Text>Fars</Text>
			<Gender>Male</Gender>
			<Plural>0</Plural>
		</Spanish>
	</TEXT>
	<TEXT>
		<Tag>TXT_KEY_CIV_ARABIAN_NAME_CARTHAGE</Tag>
		<English>Ifriqiya</English>
		<French>
			<Text>Ifriqiya</Text>
			<Gender>Male</Gender>
			<Plural>0</Plural>
		</French>
		<German>
			<Text>Ifriqiya:Ifriqiya:Ifriqiya</Text>
			<Gender>Female:Female:Female</Gender>
			<Plural>0:0:0</Plural>
		</German>
		<Italian>
			<Text>Ifriqiya</Text>
			<Gender>Male</Gender>
			<Plural>0</Plural>
		</Italian>
		<Spanish>
			<Text>Ifriqiya</Text>
			<Gender>Male</Gender>
			<Plural>0</Plural>
		</Spanish>
	</TEXT>
	<TEXT>
		<Tag>TXT_KEY_CIV_ARABIAN_NAME_ROME</Tag>
		<English>Italiya</English>
		<French>Italiya</French>
		<German>Italiya</German>
		<Italian>Italiya</Italian>
		<Spanish>Italiya</Spanish>
	</TEXT>
	<TEXT>
		<Tag>TXT_KEY_CIV_ARABIAN_NAME_INDONESIA</Tag>
		<English>Zabag</English>
		<French>Zabag</French>
		<German>Zabag</German>
		<Italian>Zabag</Italian>
		<Spanish>Zabag</Spanish>
	</TEXT>
	<TEXT>
		<Tag>TXT_KEY_CIV_ARABIAN_NAME_ETHIOPIA</Tag>
		<English>Al-Habash</English>
		<French>
			<Text>Al-Habash</Text>
			<Gender>Male</Gender>
			<Plural>0</Plural>
		</French>
		<German>
			<Text>Al-Habash:Al-Habash:Al-Habash</Text>
			<Gender>Neuter:Neuter:Neuter</Gender>
			<Plural>1:1:1</Plural>
		</German>
		<Italian>
			<Text>Al-Habash</Text>
			<Gender>Male</Gender>
			<Plural>1</Plural>
		</Italian>
		<Spanish>
			<Text>Al-Habash</Text>
			<Gender>Male</Gender>
			<Plural>1</Plural>
		</Spanish>
	</TEXT>
	<TEXT>
		<Tag>TXT_KEY_CIV_ARABIAN_NAME_BYZANTIUM</Tag>
		<English>R&#251;m</English>
		<French>R&#251;m</French>
		<German>R&#251;m</German>
		<Italian>R&#251;m</Italian>
		<Spanish>R&#251;m</Spanish>
	</TEXT>
	<TEXT>
		<Tag>TXT_KEY_CIV_ARABIAN_NAME_MOORS</Tag>
		<English>Al-Andalus</English>
		<French>
			<Text>Al-Andalus</Text>
			<Gender>Male</Gender>
			<Plural>0</Plural>
		</French>
		<German>
			<Text>Al-Andalus:Al-Andalus:Al-Andalus</Text>
			<Gender>Neuter:Neuter:Neuter</Gender>
			<Plural>0:0:0</Plural>
		</German>
		<Italian>
			<Text>Al-Andalus</Text>
			<Gender>Male</Gender>
			<Plural>0</Plural>
		</Italian>
		<Spanish>
			<Text>Al-Andalus</Text>
			<Gender>Male</Gender>
			<Plural>0</Plural>
		</Spanish>
	</TEXT>
	<TEXT>
		<Tag>TXT_KEY_CIV_ARABIAN_NAME_SPAIN</Tag>
		<English>Esbanya</English>
		<French>Esbanya</French>
		<German>Esbanya</German>
		<Italian>Esbanya</Italian>
		<Spanish>Esbanya</Spanish>
	</TEXT>
	<TEXT>
		<Tag>TXT_KEY_CIV_ARABIAN_NAME_PORTUGAL</Tag>
		<English>Al-Garb</English>
		<French>Al-Garb</French>
		<German>Al-Garb</German>
		<Italian>Al-Garb</Italian>
		<Spanish>Al-Garb</Spanish>
	</TEXT>
	<TEXT>
		<Tag>TXT_KEY_CIV_ARABIAN_NAME_TURKS</Tag>
		<English>Bilad al-Turk</English>
		<French>Bilad al-Turk</French>
		<German>Bilad al-Turk</German>
		<Italian>Bilad al-Turk</Italian>
		<Spanish>Bilad al-Turk</Spanish>
	</TEXT>
	<TEXT>
		<Tag>TXT_KEY_CIV_ARABIAN_OTTOMANS</Tag>
		<English>Ottoman Sultanate</English>
		<French>
			<Text>Sultanat ottoman</Text>
			<Gender>Male</Gender>
			<Plural>0</Plural>
		</French>
		<German>
			<Text>Osmanische Sultanat:Osmanische Sultanat:Osmanischen Sultanat</Text>
			<Gender>Neuter:Neuter:Neuter</Gender>
			<Plural>0:0:0</Plural>
		</German>
		<Italian>
			<Text>Sultanato Ottomano</Text>
			<Gender>Male</Gender>
			<Plural>0</Plural>
		</Italian>
		<Spanish>
			<Text>Sultanato Otomano</Text>
			<Gender>Male</Gender>
			<Plural>0</Plural>
		</Spanish>
	</TEXT>
	<TEXT>
		<Tag>TXT_KEY_CIV_ARABIAN_MUGHALS</Tag>
		<English>Emirate of Delhi</English>
		<French>
			<Text>&#201;mirat de Delhi</Text>
			<Gender>Male</Gender>
			<Plural>0</Plural>
		</French>
		<German>Emirate of Delhi</German>
		<Italian>Emirate of Delhi</Italian>
		<Spanish>Emirate of Delhi</Spanish>
	</TEXT>
	<TEXT>
		<Tag>TXT_KEY_CIV_ARABIA_ADJECTIVE</Tag>
		<English>Arabian</English>
		<French>
			<Text>arabe:arabe:arabes:arabes</Text>
			<Gender>Male:Female:Male:Female</Gender>
			<Plural>0:0:1:1</Plural>
		</French>
		<German>
			<Text>Arabisch:arabischen:arabische</Text>
			<Gender>Neuter:Neuter:Neuter</Gender>
			<Plural>0:0:0</Plural>
		</German>
		<Italian>
			<Text>arabo:araba:arabi:arabe</Text>
			<Gender>Male:Female:Male:Female</Gender>
			<Plural>0:0:1:1</Plural>
		</Italian>
		<Spanish>
			<Text>&#225;rabe:&#225;rabe:&#225;rabes:&#225;rabes</Text>
			<Gender>Male:Female:Male:Female</Gender>
			<Plural>0:0:1:1</Plural>
		</Spanish>
	</TEXT>
	<TEXT>
		<Tag>TXT_KEY_CIV_ARABIA_SHORT_DESC</Tag>
		<English>Arabia</English>
		<French>
			<Text>Arabie</Text>
			<Gender>Female</Gender>
			<Plural>0</Plural>
		</French>
		<German>
			<Text>Arabien</Text>
			<Gender>Male</Gender>
			<Plural>0</Plural>
		</German>
		<Italian>
			<Text>Arabia</Text>
			<Gender>Female</Gender>
			<Plural>0</Plural>
		</Italian>
		<Spanish>
			<Text>Arabia</Text>
			<Gender>Female</Gender>
			<Plural>0</Plural>
		</Spanish>
	</TEXT>
</Civ4GameText>
