<?xml version="1.0" encoding="utf-8"?>
<!-- Netherlands -->
<Civ4GameText xmlns="http://www.firaxis.com">
	<TEXT>
		<Tag>TXT_KEY_CIV_NETHERLANDS_DESC</Tag>
		<English>The Dutch</English>
		<French>
			<Text>Les N&#233;erlandais</Text>
			<Gender>Male</Gender>
			<Plural>1</Plural>
		</French>
		<German>
			<Text>Holl&#228;nder:Die Holl&#228;nder:den Holl&#228;ndern</Text>
			<Gender>Male:Male:Male</Gender>
			<Plural>1:1:1</Plural>
		</German>
		<Italian>
			<Text>Gli Olandesi</Text>
			<Gender>Male</Gender>
			<Plural>1</Plural>
		</Italian>
		<Spanish>
			<Text>Los Holand&#233;ses</Text>
			<Gender>Male</Gender>
			<Plural>1</Plural>
		</Spanish>
	</TEXT>
	<TEXT>
		<Tag>TXT_KEY_CIV_NETHERLANDS_PEOPLES</Tag>
		<English>Dutch Peoples</English>
		<French>
			<Text>Peuplades n&#233;erlandaises</Text>
			<Gender>Female</Gender>
			<Plural>1</Plural>
		</French>
		<German>Dutch Peoples</German>
		<Italian>Dutch Peoples</Italian>
		<Spanish>Dutch Peoples</Spanish>
	</TEXT>
	<TEXT>
		<Tag>TXT_KEY_CIV_NETHERLANDS_DEFAULT</Tag>
		<English>Kingdom of %s1</English>
		<French>
			<Text>Royaume des %s1</Text>
			<Gender>Male</Gender>
			<Plural>0</Plural>
		</French>
		<German>
			<Text>K&#246;nigreich %s1:K&#246;nigreich %s1:K&#246;nigreich %s1</Text>
			<Gender>Neuter:Neuter:Neuter</Gender>
			<Plural>0:0:0</Plural>
		</German>
		<Italian>
			<Text>Regno del %s1</Text>
			<Gender>Male</Gender>
			<Plural>0</Plural>
		</Italian>
		<Spanish>
			<Text>Reino de %s1</Text>
			<Gender>Male</Gender>
			<Plural>0</Plural>
		</Spanish>
	</TEXT>
	<TEXT>
		<Tag>TXT_KEY_CIV_NETHERLANDS_REPUBLIC</Tag>
		<English>Republic of the Seven United %s1</English>
		<French>
			<Text>R&#233;publique des sept Provinces-Unies</Text>
			<Gender>Female</Gender>
			<Plural>0</Plural>
		</French>
		<German>
			<Text>Republik der Sieben Vereinigten %s1:Republik der Sieben Vereinigten %s1:Republik der Sieben Vereinigten %s1</Text>
			<Gender>Female:Female:Female</Gender>
			<Plural>0:0:0</Plural>
		</German>
		<Italian>
			<Text>Repubblica delle Sette Province Unite</Text>
			<Gender>Female</Gender>
			<Plural>0</Plural>
		</Italian>
		<Spanish>
			<Text>Rep&#250;blica de las Siete Pa&#237;ses Bajos Unidos</Text>
			<Gender>Female</Gender>
			<Plural>0</Plural>
		</Spanish>
	</TEXT>
	<TEXT>
		<Tag>TXT_KEY_CIV_NETHERLANDS_COMMUNIST</Tag>
		<English>Democratic Republic of %s1</English>
		<French>
			<Text>R&#233;publique d&#233;mocratique des %s1</Text>
			<Gender>Female</Gender>
			<Plural>0</Plural>
		</French>
		<German>Democratic Republic of %s1</German>
		<Italian>Democratic Republic of %s1</Italian>
		<Spanish>Democratic Republic of %s1</Spanish>
	</TEXT>
	<TEXT>
		<Tag>TXT_KEY_CIV_NETHERLANDS_FASCIST</Tag>
		<English>%s2 Empire</English>
		<French>
			<Text>Empire %s2</Text>
			<Gender>Male</Gender>
			<Plural>0</Plural>
		</French>
		<German>
			<Text>%s2 Reich:%s2 Reich:%s2 Reich</Text>
			<Gender>Neuter:Neuter:Neuter</Gender>
			<Plural>0:0:0</Plural>
		</German>
		<Italian>
			<Text>Impero %s2</Text>
			<Gender>Male</Gender>
			<Plural>0</Plural>
		</Italian>
		<Spanish>
			<Text>Imperio %s2</Text>
			<Gender>Male</Gender>
			<Plural>0</Plural>
		</Spanish>
	</TEXT>
	<TEXT>
		<Tag>TXT_KEY_CIV_NETHERLANDS_UNITED_KINGDOM_OF</Tag>
		<English>United Kingdom of %s1</English>
		<French>
			<Text>Royaume uni des %s1</Text>
			<Gender>Male</Gender>
			<Plural>0</Plural>
		</French>
		<German>United Kingdom of %s1</German>
		<Italian>United Kingdom of %s1</Italian>
		<Spanish>United Kingdom of %s1</Spanish>
	</TEXT>
	<TEXT>
		<Tag>TXT_KEY_CIV_NETHERLANDS_EXILE</Tag>
		<English>%s2 Government in Exile</English>
		<French>
			<Text>Gouvernement %s2 en exil</Text>
			<Gender>Male</Gender>
			<Plural>0</Plural>
		</French>
		<German>%s2 Government in Exile</German>
		<Italian>%s2 Government in Exile</Italian>
		<Spanish>%s2 Government in Exile</Spanish>
	</TEXT>
	<TEXT>
		<Tag>TXT_KEY_CIV_NETHERLANDS_BELGIUM</Tag>
		<English>Belgium</English>
		<French>
			<Text>Belgique</Text>
			<Gender>Female</Gender>
			<Plural>0</Plural>
		</French>
		<German>Belgium</German>
		<Italian>Belgium</Italian>
		<Spanish>Belgium</Spanish>
	</TEXT>
	<TEXT>
		<Tag>TXT_KEY_CIV_NETHERLANDS_BELGIAN</Tag>
		<English>Belgian</English>
		<French>
			<Text>belge:belge:belges:belges</Text>
			<Gender>Male:Female:Male:Female</Gender>
			<Plural>0:0:1:1</Plural>
		</French>
		<German>Belgian</German>
		<Italian>Belgian</Italian>
		<Spanish>Belgian</Spanish>
	</TEXT>
	<TEXT>
		<Tag>TXT_KEY_CIV_DUTCH_INDONESIA</Tag>
		<English>%s2 East Indies</English>
		<French>
			<Text>Indes orientales %s2</Text>
			<Gender>Female</Gender>
			<Plural>1</Plural>
		</French>
		<German>%s2 East Indies</German>
		<Italian>%s2 East Indies</Italian>
		<Spanish>%s2 East Indies</Spanish>
	</TEXT>
	<TEXT>
		<Tag>TXT_KEY_CIV_DUTCH_CONGO</Tag>
		<English>Congo Free State</English>
		<French>
			<Text>&#201;tat ind&#233;pendant du Congo</Text>
			<Gender>Male</Gender>
			<Plural>0</Plural>
		</French>
		<German>Congo Free State</German>
		<Italian>Congo Free State</Italian>
		<Spanish>Congo Free State</Spanish>
	</TEXT>
	<TEXT>
		<Tag>TXT_KEY_CIV_DUTCH_AMERICA</Tag>
		<English>New Netherlands</English>
		<French>
			<Text>Nouvelle-N&#233;erlande</Text>
			<Gender>Female</Gender>
			<Plural>0</Plural>
		</French>
		<German>New Netherlands</German>
		<Italian>New Netherlands</Italian>
		<Spanish>New Netherlands</Spanish>
	</TEXT>
	<TEXT>
		<Tag>TXT_KEY_CIV_DUTCH_BRAZIL</Tag>
		<English>New Holland</English>
		<French>
			<Text>Nouvelle-Hollande</Text>
			<Gender>Female</Gender>
			<Plural>0</Plural>
		</French>
		<German>New Holland</German>
		<Italian>New Holland</Italian>
		<Spanish>New Holland</Spanish>
	</TEXT>
	<TEXT>
		<Tag>TXT_KEY_CIV_DUTCH_MALI</Tag>
		<English>%s2 Gold Coast</English>
		<French>
			<Text>C&#244;te-de-l'Or %s2</Text>
			<Gender>Female</Gender>
			<Plural>0</Plural>
		</French>
		<German>%s2 Gold Coast</German>
		<Italian>%s2 Gold Coast</Italian>
		<Spanish>%s2 Gold Coast</Spanish>
	</TEXT>
	<TEXT>
		<Tag>TXT_KEY_CIV_DUTCH_ETHIOPIA</Tag>
		<English>%s2 East Africa</English>
		<French>
			<Text>Afrique orientale %s2</Text>
			<Gender>Female</Gender>
			<Plural>0</Plural>
		</French>
		<German>
			<Text>%s2-Ostafrika:%s2-Ostafrika:%s2-Ostafrika</Text>
			<Gender>Neuter:Neuter:Neuter</Gender>
			<Plural>0:0:0</Plural>
		</German>
		<Italian>
			<Text>Africa Orientale %s2</Text>
			<Gender>Female</Gender>
			<Plural>0</Plural>
		</Italian>
		<Spanish>
			<Text>&#193;frica Oriental %s2</Text>
			<Gender>Male</Gender>
			<Plural>0</Plural>
		</Spanish>
	</TEXT>
	<TEXT>
		<Tag>TXT_KEY_CIV_NETHERLANDS_ARTICLE</Tag>
		<English>the Netherlands</English>
		<French>
			<Text>Pays-Bas</Text>
			<Gender>Male</Gender>
			<Plural>1</Plural>
		</French>
		<German>the Netherlands</German>
		<Italian>the Netherlands</Italian>
		<Spanish>the Netherlands</Spanish>
	</TEXT>
	<TEXT>
		<Tag>TXT_KEY_CIV_NETHERLANDS_ADJECTIVE</Tag>
		<English>
			<Text>Dutch:Dutch</Text>
			<Gender>Male</Gender>
			<Plural>0:1</Plural>
		</English>
		<French>
			<Text>n&#233;erlandais:n&#233;erlandaise:n&#233;erlandais:n&#233;erlandaises</Text>
			<Gender>Male:Female:Male:Female</Gender>
			<Plural>0:0:1:1</Plural>
		</French>
		<German>
			<Text>Holl&#228;ndisch:holl&#228;ndischen:holl&#228;ndische</Text>
			<Gender>Neuter:Neuter:Neuter</Gender>
			<Plural>0:0:0</Plural>
		</German>
		<Italian>
			<Text>olandese:olandese:olandesi:olandesi</Text>
			<Gender>Male:Female:Male:Female</Gender>
			<Plural>0:0:1:1</Plural>
		</Italian>
		<Spanish>
			<Text>holand&#233;s:holandesa:holandeses:holandesas</Text>
			<Gender>Male:Female:Male:Female</Gender>
			<Plural>0:0:1:1</Plural>
		</Spanish>
	</TEXT>
</Civ4GameText>
