<?xml version="1.0" encoding="utf-8"?>
<!-- Khmer -->
<Civ4GameText xmlns="http://www.firaxis.com">
	<TEXT>
		<Tag>TXT_KEY_CIV_KHMER_DESC</Tag>
		<English>The Khmer</English>
		<French>
			<Text>Les Khmers</Text>
			<Gender>Male</Gender>
			<Plural>1</Plural>
		</French>
		<German>
			<Text>Khmer:Die Khmer:den Khmer</Text>
			<Gender>Neuter:Neuter:Neuter</Gender>
			<Plural>1:1:1</Plural>
		</German>
		<Italian>
			<Text>I Khmer</Text>
			<Gender>Male</Gender>
			<Plural>1</Plural>
		</Italian>
		<Spanish>
			<Text>Los J&#233;mer</Text>
			<Gender>Male</Gender>
			<Plural>1</Plural>
		</Spanish>
	</TEXT>
	<TEXT>
		<Tag>TXT_KEY_CIV_KHMER_PEOPLES</Tag>
		<English>Khmer Peoples</English>
		<French>
			<Text>Peuplades khm&#232;res</Text>
			<Gender>Female</Gender>
			<Plural>1</Plural>
		</French>
		<German>
			<Text>Khmer-V&#246;lker:Khmer-V&#246;lker:Khmer-V&#246;lkern</Text>
			<Gender>Neuter:Neuter:Neuter</Gender>
			<Plural>1:1:1</Plural>
		</German>
		<Italian>
			<Text>Popoli Khmer</Text>
			<Gender>Male</Gender>
			<Plural>1</Plural>
		</Italian>
		<Spanish>
			<Text>Pueblos J&#233;mer</Text>
			<Gender>Male</Gender>
			<Plural>1</Plural>
		</Spanish>
	</TEXT>
	<TEXT>
		<Tag>TXT_KEY_CIV_KHMER_DEFAULT</Tag>
		<English>Kingdom of %s1</English>
		<French>
			<Text>Royaume du %s1</Text>
			<Gender>Male</Gender>
			<Plural>0</Plural>
		</French>
		<German>
			<Text>K&#246;nigreich %s1:K&#246;nigreich %s1:K&#246;nigreich %s1</Text>
			<Gender>Neuter:Neuter:Neuter</Gender>
			<Plural>0:0:0</Plural>
		</German>
		<Italian>
			<Text>Regno del %s1</Text>
			<Gender>Male</Gender>
			<Plural>0</Plural>
		</Italian>
		<Spanish>
			<Text>Reino de %s1</Text>
			<Gender>Male</Gender>
			<Plural>0</Plural>
		</Spanish>
	</TEXT>
	<TEXT>
		<Tag>TXT_KEY_CIV_KHMER_COMMUNIST</Tag>
		<English>Democratic %s1</English>
		<French>
			<Text>%s1 d&#233;mocratique</Text>
			<Gender>Male</Gender>
			<Plural>0</Plural>
		</French>
		<German>
			<Text>Demokratisches %s1:Demokratische %s1:Demokratischen %s1</Text>
			<Gender>Neuter:Neuter:Neuter</Gender>
			<Plural>0:0:0</Plural>
		</German>
		<Italian>
			<Text>%s1 Democratica</Text>
			<Gender>Female</Gender>
			<Plural>0</Plural>
		</Italian>
		<Spanish>
			<Text>%s1 Democr&#225;tica</Text>
			<Gender>Female</Gender>
			<Plural>0</Plural>
		</Spanish>
	</TEXT>
	<TEXT>
		<Tag>TXT_KEY_CIV_KHMER_FASCIST</Tag>
		<English>Nationalist %s1</English>
		<French>
			<Text>%s1 nationaliste</Text>
			<Gender>Male</Gender>
			<Plural>0</Plural>
		</French>
		<German>
			<Text>Nationalistisches %s1:Nationalistische %s1:Nationalistischen %s1</Text>
			<Gender>Neuter:Neuter:Neuter</Gender>
			<Plural>0:0:0</Plural>
		</German>
		<Italian>
			<Text>%s1 Nazionalista</Text>
			<Gender>Female</Gender>
			<Plural>0</Plural>
		</Italian>
		<Spanish>
			<Text>%s1 Nacionalista</Text>
			<Gender>Female</Gender>
			<Plural>0</Plural>
		</Spanish>
	</TEXT>
	<TEXT>
		<Tag>TXT_KEY_CIV_KHMER_DAI_VIET</Tag>
		<English>Dai Viet</English>
		<French>
			<Text>Dai Vi&#234;t</Text>
			<Gender>Male</Gender>
			<Plural>0</Plural>
		</French>
		<German>Dai Viet</German>
		<Italian>Dai Viet</Italian>
		<Spanish>Dai Viet</Spanish>
	</TEXT>
	<TEXT>
		<Tag>TXT_KEY_CIV_KHMER_BURMA</Tag>
		<English>Burma</English>
		<French>
			<Text>Birmanie</Text>
			<Gender>Female</Gender>
			<Plural>0</Plural>
		</French>
		<German>Burma</German>
		<Italian>Burma</Italian>
		<Spanish>Burma</Spanish>
	</TEXT>
	<TEXT>
		<Tag>TXT_KEY_CIV_KHMER_NANZHAO</Tag>
		<English>Nanzhao</English>
		<French>
			<Text>Nanzhao</Text>
			<Gender>Male</Gender>
			<Plural>0</Plural>
		</French>
		<German>Nanzhao</German>
		<Italian>Nanzhao</Italian>
		<Spanish>Nanzhao</Spanish>
	</TEXT>
	<TEXT>
		<Tag>TXT_KEY_CIV_KHMER_KAMPUCHEA</Tag>
		<English>Kampuchea</English>
		<French>
			<Text>Kampuch&#233;a</Text>
			<Gender>Male</Gender>
			<Plural>0</Plural>
		</French>
		<German>
			<Text>Kampuchea:Kampuchea:Kampuchea</Text>
			<Gender>Female:Female:Female</Gender>
			<Plural>0:0:0</Plural>
		</German>
		<Italian>
			<Text>Kampuchea</Text>
			<Gender>Female</Gender>
			<Plural>0</Plural>
		</Italian>
		<Spanish>
			<Text>Kampuchea</Text>
			<Gender>Female</Gender>
			<Plural>0</Plural>
		</Spanish>
	</TEXT>
	<TEXT>
		<Tag>TXT_KEY_CIV_KHMER_KAMPUCHEAN</Tag>
		<English>Kampuchean</English>
		<French>
			<Text>cambodgien:cambodgienne:cambodgiens:cambodgiennes</Text>
			<Gender>Male:Female:Male:Female</Gender>
			<Plural>0:0:1:1</Plural>
		</French>
		<German>Kampuchean</German>
		<Italian>Kampuchean</Italian>
		<Spanish>Kampuchean</Spanish>
	</TEXT>
	<TEXT>
		<Tag>TXT_KEY_CIV_KHMER_ADJECTIVE</Tag>
		<English>
			<Text>Khmer:Khmer</Text>
			<Gender>Male</Gender>
			<Plural>0:1</Plural>
		</English>
		<French>
			<Text>khmer:khm&#232;re:khmers:khm&#232;res</Text>
			<Gender>Male:Female:Male:Female</Gender>
			<Plural>0:0:1:1</Plural>
		</French>
		<German>
			<Text>Khmerisch:khmerischen:khmerische</Text>
			<Gender>Neuter:Neuter:Neuter</Gender>
			<Plural>0:0:0</Plural>
		</German>
		<Italian>
			<Text>khmer:khmer</Text>
			<Gender>Male</Gender>
			<Plural>0:1</Plural>
		</Italian>
		<Spanish>
			<Text>j&#233;mer:j&#233;mer:j&#233;meres:j&#233;meres</Text>
			<Gender>Male:Female:Male:Female</Gender>
			<Plural>0:0:1:1</Plural>
		</Spanish>
	</TEXT>
</Civ4GameText>
