<?xml version="1.0" encoding="utf-8"?>
<!-- Aztecs -->
<Civ4GameText xmlns="http://www.firaxis.com">
	<TEXT>
		<Tag>TXT_KEY_CIV_AZTECS_DESC</Tag>
		<English>The Aztecs</English>
		<French>
			<Text>Les Azt&#232;ques</Text>
			<Gender>Male</Gender>
			<Plural>1</Plural>
		</French>
		<German>
			<Text>Azteken:Die Azteken:den Azteken</Text>
			<Gender>Male:Male:Male</Gender>
			<Plural>1:1:1</Plural>
		</German>
		<Italian>
			<Text>Gli Aztechi</Text>
			<Gender>Male</Gender>
			<Plural>1</Plural>
		</Italian>
		<Spanish>
			<Text>Los Aztecas</Text>
			<Gender>Male</Gender>
			<Plural>1</Plural>
		</Spanish>
	</TEXT>
	<TEXT>
		<Tag>TXT_KEY_CIV_AZTECS_PEOPLES</Tag>
		<English>Mexica Peoples</English>
		<French>
			<Text>Peuplades mexicatl</Text>
			<Gender>Female</Gender>
			<Plural>1</Plural>
		</French>
		<German>
			<Text>Mexicav&#246;lker:Mexicav&#246;lker:Mexicav&#246;lkern</Text>
			<Gender>Female:Female:Female</Gender>
			<Plural>1:1:1</Plural>
		</German>
		<Italian>
			<Text>Popoli Mexica</Text>
			<Gender>Male</Gender>
			<Plural>1</Plural>
		</Italian>
		<Spanish>
			<Text>Pueblos Mexica</Text>
			<Gender>Male</Gender>
			<Plural>1</Plural>
		</Spanish>
	</TEXT>
	<TEXT>
		<Tag>TXT_KEY_CIV_AZTECS_DEFAULT</Tag>
		<English>%s2 Triple Alliance</English>
		<French>
			<Text>Triple Alliance %s2</Text>
			<Gender>Female</Gender>
			<Plural>0</Plural>
		</French>
		<German>
			<Text>%s2 Dreibund:%s2 Dreibund:%s2 Dreibund</Text>
			<Gender>Male:Male:Male</Gender>
			<Plural>0:0:0</Plural>
		</German>
		<Italian>
			<Text>Triplice Alleanza %s2</Text>
			<Gender>Female</Gender>
			<Plural>0</Plural>
		</Italian>
		<Spanish>
			<Text>Triple Alianza %s2</Text>
			<Gender>Female</Gender>
			<Plural>0</Plural>
		</Spanish>
	</TEXT>
	<TEXT>
		<Tag>TXT_KEY_CIV_AZTEC_FASCIST</Tag>
		<English>New Mexica Empire</English>
		<French>
			<Text>Nouvel Empire mexica</Text>
			<Gender>Male</Gender>
			<Plural>0</Plural>
		</French>
		<German>New Mexica Empire</German>
		<Italian>New Mexica Empire</Italian>
		<Spanish>New Mexica Empire</Spanish>
	</TEXT>
	<TEXT>
		<Tag>TXT_KEY_CIV_AZTECS_ALTEPETL</Tag>
		<English>Mexican Altepetl</English>
		<French>
			<Text>Altepetl mexicain</Text>
			<Gender>Male</Gender>
			<Plural>0</Plural>
		</French>
		<German>Mexican Altepetl</German>
		<Italian>Mexican Altepetl</Italian>
		<Spanish>Mexican Altepetl</Spanish>
	</TEXT>
	<TEXT>
		<Tag>TXT_KEY_CIV_AZTECS_EMPIRE</Tag>
		<English>Aztec Empire</English>
		<French>
			<Text>Empire azt&#232;que</Text>
			<Gender>Male</Gender>
			<Plural>0</Plural>
		</French>
		<German>Aztec Empire</German>
		<Italian>Aztec Empire</Italian>
		<Spanish>Aztec Empire</Spanish>
	</TEXT>
	<TEXT>
		<Tag>TXT_KEY_CIV_AZTECS_ADJECTIVE</Tag>
		<English>Aztec</English>
		<French>
			<Text>azt&#232;que:azt&#232;que:azt&#232;ques:azt&#232;ques</Text>
			<Gender>Male:Female:Male:Female</Gender>
			<Plural>0:0:1:1</Plural>
		</French>
		<German>
			<Text>Aztekisch:aztekischen:aztekische</Text>
			<Gender>Neuter:Neuter:Neuter</Gender>
			<Plural>0:0:0</Plural>
		</German>
		<Italian>
			<Text>azteco:azteca:aztechi:azteche</Text>
			<Gender>Male:Female:Male:Female</Gender>
			<Plural>0:0:1:1</Plural>
		</Italian>
		<Spanish>
			<Text>azteca:azteca:aztecas:aztecas</Text>
			<Gender>Male:Female:Male:Female</Gender>
			<Plural>0:0:1:1</Plural>
		</Spanish>
	</TEXT>
	<TEXT>
		<Tag>TXT_KEY_CIV_AZTECS_SHORT_DESC</Tag>
		<English>Aztecs</English>
		<French>
			<Text>Azt&#232;ques</Text>
			<Gender>Male</Gender>
			<Plural>1</Plural>
		</French>
		<German>
			<Text>Aztekenland</Text>
			<Gender>Male</Gender>
			<Plural>0</Plural>
		</German>
		<Italian>
			<Text>Aztechi</Text>
			<Gender>Male</Gender>
			<Plural>0</Plural>
		</Italian>
		<Spanish>
			<Text>Aztecas</Text>
			<Gender>Male</Gender>
			<Plural>0</Plural>
		</Spanish>
	</TEXT>
</Civ4GameText>
