<?xml version="1.0" encoding="utf-8"?>
<!-- Egypt -->
<Civ4GameText xmlns="http://www.firaxis.com">
	<TEXT>
		<Tag>TXT_KEY_CIV_EGYPT_DESC</Tag>
		<English>The Egyptians</English>
		<French>
			<Text>Les &#201;gyptiens</Text>
			<Gender>Male</Gender>
			<Plural>1</Plural>
		</French>
		<German>
			<Text>&#196;gypter:Die &#196;gypter:den &#196;gyptern</Text>
			<Gender>Male:Male:Male</Gender>
			<Plural>1:1:1</Plural>
		</German>
		<Italian>
			<Text>Gli Egizi</Text>
			<Gender>Male</Gender>
			<Plural>1</Plural>
		</Italian>
		<Spanish>
			<Text>Los Egipcios</Text>
			<Gender>Male</Gender>
			<Plural>1</Plural>
		</Spanish>
	</TEXT>
	<TEXT>
		<Tag>TXT_KEY_CIV_EGYPT_PEOPLES</Tag>
		<English>Peoples of the Nile</English>
		<French>
			<Text>Peuplades nilotiques</Text>
			<Gender>Female</Gender>
			<Plural>1</Plural>
		</French>
		<German>
			<Text>Nilv&#246;lker:Nilv&#246;lker:Nilv&#246;lkern</Text>
			<Gender>Female:Female:Female</Gender>
			<Plural>1:1:1</Plural>
		</German>
		<Italian>
			<Text>Popoli del Nilo</Text>
			<Gender>Male</Gender>
			<Plural>1</Plural>
		</Italian>
		<Spanish>
			<Text>Pueblos del Nilo</Text>
			<Gender>Male</Gender>
			<Plural>1</Plural>
		</Spanish>
	</TEXT>
	<TEXT>
		<Tag>TXT_KEY_CIV_EGYPT_DEFAULT</Tag>
		<English>Kingdom of %s1</English>
		<French>
			<Text>Royaume d'%s1</Text>
			<Gender>Male</Gender>
			<Plural>0</Plural>
		</French>
		<German>
			<Text>K&#246;nigreich %s1:K&#246;nigreich %s1:K&#246;nigreich %s1</Text>
			<Gender>Neuter:Neuter:Neuter</Gender>
			<Plural>0:0:0</Plural>
		</German>
		<Italian>
			<Text>Regno del %s1</Text>
			<Gender>Male</Gender>
			<Plural>0</Plural>
		</Italian>
		<Spanish>
			<Text>Reino de %s1</Text>
			<Gender>Male</Gender>
			<Plural>0</Plural>
		</Spanish>
	</TEXT>
	<TEXT>
		<Tag>TXT_KEY_CIV_EGYPT_FASCIST</Tag>
		<English>Officers' %s1</English>
		<French>
			<Text>%s1 des Officiers</Text>
			<Gender>Female</Gender>
			<Plural>0</Plural>
		</French>
		<German>
			<Text>%s1 der Offiziere:%s1 der Offiziere:%s1 der Offiziere</Text>
			<Gender>Neuter:Neuter:Neuter</Gender>
			<Plural>0:0:0</Plural>
		</German>
		<Italian>
			<Text>%s1 degli Ufficiali</Text>
			<Gender>Male</Gender>
			<Plural>0</Plural>
		</Italian>
		<Spanish>
			<Text>%s1 de los Oficiales</Text>
			<Gender>Male</Gender>
			<Plural>0</Plural>
		</Spanish>
	</TEXT>
	<TEXT>
		<Tag>TXT_KEY_CIV_EGYPT_COMMUNIST</Tag>
		<English>Liberation Rally of %s1</English>
		<French>
			<Text>Rassemblement pour la Lib&#233;ration de l'%s1</Text>
			<Gender>Male</Gender>
			<Plural>0</Plural>
		</French>
		<German>
			<Text>Bewegung f&#252;r die Befreiung %s1:Bewegung f&#252;r die Befreiung %s1:Bewegung f&#252;r die Befreiung %s1</Text>
			<Gender>Female:Female:Female</Gender>
			<Plural>0:0:0</Plural>
		</German>
		<Italian>
			<Text>Raduno per la Liberazione dell'%s1</Text>
			<Gender>Male</Gender>
			<Plural>0</Plural>
		</Italian>
		<Spanish>
			<Text>Reuni&#243;n por la Liberaci&#243;n del %s1</Text>
			<Gender>Female</Gender>
			<Plural>0</Plural>
		</Spanish>
	</TEXT>
	<TEXT>
		<Tag>TXT_KEY_CIV_EGYPT_PTOLEMAIC</Tag>
		<English>Ptolemaic Empire</English>
		<French>
			<Text>Empire lagide</Text>
			<Gender>Male</Gender>
			<Plural>0</Plural>
		</French>
		<German>Ptolemaic Empire</German>
		<Italian>Ptolemaic Empire</Italian>
		<Spanish>Ptolemaic Empire</Spanish>
	</TEXT>
	<TEXT>
		<Tag>TXT_KEY_CIV_EGYPT_OLD_KINGDOM</Tag>
		<English>Old Kingdom of %s1</English>
		<French>
			<Text>Ancien Empire %s2</Text>
			<Gender>Male</Gender>
			<Plural>0</Plural>
		</French>
		<German>Old Kingdom of %s1</German>
		<Italian>Old Kingdom of %s1</Italian>
		<Spanish>Old Kingdom of %s1</Spanish>
	</TEXT>
	<TEXT>
		<Tag>TXT_KEY_CIV_EGYPT_MIDDLE_KINGDOM</Tag>
		<English>Middle Kingdom of %s1</English>
		<French>
			<Text>Moyen Empire %s2</Text>
			<Gender>Male</Gender>
			<Plural>0</Plural>
		</French>
		<German>Middle Kingdom of %s1</German>
		<Italian>Middle Kingdom of %s1</Italian>
		<Spanish>Middle Kingdom of %s1</Spanish>
	</TEXT>
	<TEXT>
		<Tag>TXT_KEY_CIV_EGYPT_NEW_KINGDOM</Tag>
		<English>New Kingdom of %s1</English>
		<French>
			<Text>Nouvel Empire %s2</Text>
			<Gender>Male</Gender>
			<Plural>0</Plural>
		</French>
		<German>New Kingdom of %s1</German>
		<Italian>New Kingdom of %s1</Italian>
		<Spanish>New Kingdom of %s1</Spanish>
	</TEXT>
	<TEXT>
		<Tag>TXT_KEY_CIV_EGYPT_COPTIC</Tag>
		<English>Coptic Kingdom</English>
		<French>
			<Text>Royaume copte</Text>
			<Gender>Male</Gender>
			<Plural>0</Plural>
		</French>
		<German>Coptic Kingdom</German>
		<Italian>Coptic Kingdom</Italian>
		<Spanish>Coptic Kingdom</Spanish>
	</TEXT>
	<TEXT>
		<Tag>TXT_KEY_CIV_EGYPT_MAMLUK</Tag>
		<English>Mamluk</English>
		<French>
			<Text>mamelouk:mamelouke:mamelouks:mameloukes</Text>
			<Gender>Male:Female:Male:Female</Gender>
			<Plural>0:0:1:1</Plural>
		</French>
		<German>Mamluk</German>
		<Italian>Mamluk</Italian>
		<Spanish>Mamluk</Spanish>
	</TEXT>
	<TEXT>
		<Tag>TXT_KEY_CIV_EGYPT_FATIMID</Tag>
		<English>Fatimid</English>
		<French>
			<Text>fatimide:fatimide:fatimides:fatimides</Text>
			<Gender>Male:Female:Male:Female</Gender>
			<Plural>0:0:1:1</Plural>
		</French>
		<German>Fatimid</German>
		<Italian>Fatimid</Italian>
		<Spanish>Fatimid</Spanish>
	</TEXT>
	<TEXT>
		<Tag>TXT_KEY_CIV_EGYPT_AYYUBID</Tag>
		<English>Ayyubid</English>
		<French>
			<Text>ayyoubide:ayyoubide:ayyoubides:ayyoubides</Text>
			<Gender>Male:Female:Male:Female</Gender>
			<Plural>0:0:1:1</Plural>
		</French>
		<German>Ayyubid</German>
		<Italian>Ayyubid</Italian>
		<Spanish>Ayyubid</Spanish>
	</TEXT>
	<TEXT>
		<Tag>TXT_KEY_CIV_EGYPTIAN_PHOENICIA</Tag>
		<English>Province of Retjenu</English>
		<French>
			<Text>Province du R&#233;tj&#233;nou</Text>
			<Gender>Female</Gender>
			<Plural>0</Plural>
		</French>
		<German>Province of Retjenu</German>
		<Italian>Province of Retjenu</Italian>
		<Spanish>Province of Retjenu</Spanish>
	</TEXT>
	<TEXT>
		<Tag>TXT_KEY_CIV_EGYPTIAN_ETHIOPIA</Tag>
		<English>Kingdom of Punt</English>
		<French>
			<Text>Pays de Pount</Text>
			<Gender>Male</Gender>
			<Plural>0</Plural>
		</French>
		<German>Kingdom of Punt</German>
		<Italian>Kingdom of Punt</Italian>
		<Spanish>Kingdom of Punt</Spanish>
	</TEXT>
	<TEXT>
		<Tag>TXT_KEY_CIV_EGYPT_ADJECTIVE</Tag>
		<English>Egyptian</English>
		<French>
			<Text>&#233;gyptien:&#233;gyptienne:&#233;gyptiens:&#233;gyptiennes</Text>
			<Gender>Male:Female:Male:Female</Gender>
			<Plural>0:0:1:1</Plural>
		</French>
		<German>
			<Text>&#196;gyptisch:&#228;gyptischen:&#228;gyptische</Text>
			<Gender>Neuter:Neuter:Neuter</Gender>
			<Plural>0:0:0</Plural>
		</German>
		<Italian>
			<Text>egiziano:egiziana:egiziani:egiziane</Text>
			<Gender>Male:Female:Male:Female</Gender>
			<Plural>0:0:1:1</Plural>
		</Italian>
		<Spanish>
			<Text>egipcio:egipcia:egipcios:egipcias</Text>
			<Gender>Male:Female:Male:Female</Gender>
			<Plural>0:0:1:1</Plural>
		</Spanish>
	</TEXT>
	<TEXT>
		<Tag>TXT_KEY_CIV_EGYPT_SHORT_DESC</Tag>
		<English>Egypt</English>
		<French>
			<Text>&#201;gypte</Text>
			<Gender>Female</Gender>
			<Plural>0</Plural>
		</French>
		<German>
			<Text>&#196;gypten</Text>
			<Gender>Male</Gender>
			<Plural>0</Plural>
		</German>
		<Italian>
			<Text>Egitto</Text>
			<Gender>Male</Gender>
			<Plural>0</Plural>
		</Italian>
		<Spanish>
			<Text>Egipto</Text>
			<Gender>Male</Gender>
			<Plural>0</Plural>
		</Spanish>
	</TEXT>
</Civ4GameText>
