<?xml version="1.0" encoding="utf-8"?>
<!-- Computers -->
<Civ4GameText xmlns="http://www.firaxis.com">
	<TEXT>
		<Tag>TXT_KEY_CIV_CELT_ADJECTIVE</Tag>
		<English>
			<Text>Celtic:Celts</Text>
			<Gender>Male</Gender>
			<Plural>0:1</Plural>
		</English>
		<French>
			<Text>celte:celte:celtes:celtes</Text>
			<Gender>Male:Female:Male:Female</Gender>
			<Plural>0:0:1:1</Plural>
		</French>
		<German>
			<Text>Keltisch:keltischen:keltische</Text>
			<Gender>Neuter:Neuter:Neuter</Gender>
			<Plural>0:0:0</Plural>
		</German>
		<Italian>
			<Text>celtico:celtica:celtici:celtiche</Text>
			<Gender>Male:Female:Male:Female</Gender>
			<Plural>0:0:1:1</Plural>
		</Italian>
		<Spanish>
			<Text>celta:celta:celtas:celtas</Text>
			<Gender>Male:Female:Male:Female</Gender>
			<Plural>0:0:1:1</Plural>
		</Spanish>
	</TEXT>
	<TEXT>
		<Tag>TXT_KEY_CIV_CELT_DESC</Tag>
		<English>Celtic Peoples</English>
		<French>
			<Text>Peuples celtes</Text>
			<Gender>Male</Gender>
			<Plural>1</Plural>
		</French>
		<German>
			<Text>Keltenv&#246;lkerreich:Keltenv&#246;lkerreich:Keltenv&#246;lkerreich</Text>
			<Gender>Neuter:Neuter:Neuter</Gender>
			<Plural>0:0:0</Plural>
		</German>
		<Italian>
			<Text>Popoli celtici</Text>
			<Gender>Male</Gender>
			<Plural>1</Plural>
		</Italian>
		<Spanish>
			<Text>Pueblo Celta</Text>
			<Gender>Male</Gender>
			<Plural>0</Plural>
		</Spanish>
	</TEXT>
	<TEXT>
		<Tag>TXT_KEY_CIV_CELT_SHORT_DESC</Tag>
		<English>Celtia</English>
		<French>
			<Text>Celtes</Text>
			<Gender>Male</Gender>
			<Plural>1</Plural>
		</French>
		<German>
			<Text>Keltenland</Text>
			<Gender>Male</Gender>
			<Plural>0</Plural>
		</German>
		<Italian>
			<Text>Celti</Text>
			<Gender>Male</Gender>
			<Plural>1</Plural>
		</Italian>
		<Spanish>
			<Text>Celtia</Text>
			<Gender>Female</Gender>
			<Plural>0</Plural>
		</Spanish>
	</TEXT>
	<TEXT>
		<Tag>TXT_KEY_CIV_INDEPENDENT_ADJECTIVE</Tag>
		<English>Independent</English>
		<French>
			<Text>ind&#233;pendant:ind&#233;pendante:ind&#233;pendants:ind&#233;pendantes</Text>
			<Gender>Male:Female:Male:Female</Gender>
			<Plural>0:0:1:1</Plural>
		</French>
		<German>
			<Text>Unabh&#228;ngig:unabh&#228;ngigen:unabh&#228;ngige</Text>
			<Gender>Neuter:Neuter:Neuter</Gender>
			<Plural>0:0:0</Plural>
		</German>
		<Italian>
			<Text>indipendente:indipendente:indipendenti:indipendenti</Text>
			<Gender>Male:Female:Male:Female</Gender>
			<Plural>0:0:1:1</Plural>
		</Italian>
		<Spanish>
			<Text>aut&#243;nomo:aut&#243;noma:aut&#243;nomos:aut&#243;nomas</Text>
			<Gender>Male:Female:Male:Female</Gender>
			<Plural>0:0:1:1</Plural>
		</Spanish>
	</TEXT>
	<TEXT>
		<Tag>TXT_KEY_CIV_INDEPENDENT_DESC</Tag>
		<English>Independent Cities</English>
		<French>
			<Text>Villes ind&#233;pendantes</Text>
			<Gender>Female</Gender>
			<Plural>1</Plural>
		</French>
		<German>
			<Text>Unabh&#228;ngiges St&#228;dtereich:Unabh&#228;ngige St&#228;dtereich:Unabh&#228;ngigen St&#228;dtereich</Text>
			<Gender>Neuter:Neuter:Neuter</Gender>
			<Plural>0:0:0</Plural>
		</German>
		<Italian>
			<Text>Citt&#224; indipendenti</Text>
			<Gender>Female</Gender>
			<Plural>1</Plural>
		</Italian>
		<Spanish>
			<Text>Grupo de las ciudades aut&#243;nomas</Text>
			<Gender>Male</Gender>
			<Plural>0</Plural>
		</Spanish>
	</TEXT>
	<TEXT>
		<Tag>TXT_KEY_CIV_INDEPENDENT_SHORT_DESC</Tag>
		<English>Independents</English>
		<French>
			<Text>Ind&#233;pendants</Text>
			<Gender>Male</Gender>
			<Plural>1</Plural>
		</French>
		<German>
			<Text>Land der Unabh&#228;ngigen</Text>
			<Gender>Male</Gender>
			<Plural>0</Plural>
		</German>
		<Italian>
			<Text>Indipendenti</Text>
			<Gender>Male</Gender>
			<Plural>1</Plural>
		</Italian>
		<Spanish>
			<Text>Autonolandia</Text>
			<Gender>Female</Gender>
			<Plural>0</Plural>
		</Spanish>
	</TEXT>
	<TEXT>
		<Tag>TXT_KEY_CIV_NATIVE_ADJECTIVE</Tag>
		<English>Native</English>
		<French>
			<Text>indig&#232;ne:indig&#232;ne:indig&#232;nes:indig&#232;nes</Text>
			<Gender>Male:Female:Male:Female</Gender>
			<Plural>0:0:1:1</Plural>
		</French>
		<German>
			<Text>Eingeboren:eingeborenen:eingeborene</Text>
			<Gender>Neuter:Neuter:Neuter</Gender>
			<Plural>0:0:0</Plural>
		</German>
		<Italian>
			<Text>nativo:nativa:nativi:native</Text>
			<Gender>Male:Female:Male:Female</Gender>
			<Plural>0:0:1:1</Plural>
		</Italian>
		<Spanish>
			<Text>nativo:nativa:nativos:nativas</Text>
			<Gender>Male:Female:Male:Female</Gender>
			<Plural>0:0:1:1</Plural>
		</Spanish>
	</TEXT>
	<TEXT>
		<Tag>TXT_KEY_CIV_NATIVE_DESC</Tag>
		<English>Native Peoples</English>
		<French>
			<Text>Peuples indig&#232;nes</Text>
			<Gender>Male</Gender>
			<Plural>1</Plural>
		</French>
		<German>
			<Text>Eingeborenenreich:Eingeborenenreich:Eingeborenenreich</Text>
			<Gender>Neuter:Neuter:Neuter</Gender>
			<Plural>0:0:0</Plural>
		</German>
		<Italian>
			<Text>Popoli nativi</Text>
			<Gender>Male</Gender>
			<Plural>1</Plural>
		</Italian>
		<Spanish>
			<Text>Pueblo Nativo</Text>
			<Gender>Male</Gender>
			<Plural>0</Plural>
		</Spanish>
	</TEXT>
	<TEXT>
		<Tag>TXT_KEY_CIV_NATIVE_SHORT_DESC</Tag>
		<English>Natives</English>
		<French>
			<Text>Indig&#232;nes</Text>
			<Gender>Male</Gender>
			<Plural>1</Plural>
		</French>
		<German>
			<Text>Eingeborenenland</Text>
			<Gender>Neuter:Neuter:Neuter</Gender>
			<Plural>0:0:0</Plural>
		</German>
		<Italian>
			<Text>Nativi</Text>
			<Gender>Male</Gender>
			<Plural>1</Plural>
		</Italian>
		<Spanish>
			<Text>Nativolandia</Text>
			<Gender>Female</Gender>
			<Plural>0</Plural>
		</Spanish>
	</TEXT>
	<TEXT>
		<Tag>TXT_KEY_CIV_SELJUK_ADJECTIVE</Tag>
		<English>Seljuk</English>
		<French>
			<Text>seldjoukide:seldjoukide:seldjoukides:seldjoukides</Text>
			<Gender>Male:Female:Male:Female</Gender>
			<Plural>0:0:1:1</Plural>
		</French>
		<German>Seldschukisch</German>
		<Italian>in Italian</Italian>
		<Spanish>in Spanish</Spanish>
	</TEXT>
	<TEXT>
		<Tag>TXT_KEY_CIV_SELJUK_DESC</Tag>
		<English>Seljuk Empire</English>
		<French>
			<Text>Empire des Seldjoukides</Text>
			<Gender>Male</Gender>
			<Plural>0</Plural>
		</French>
		<German>Seldschukenreich</German>
		<Italian>in Italian</Italian>
		<Spanish>in Spanish</Spanish>
	</TEXT>
	<TEXT>
		<Tag>TXT_KEY_CIV_SELJUK_SHORT_DESC</Tag>
		<English>Seljuks</English>
		<French>
			<Text>Seldjoukides</Text>
			<Gender>Male</Gender>
			<Plural>1</Plural>
		</French>
		<German>Seldschuken</German>
		<Italian>in Italian</Italian>
		<Spanish>in Spanish</Spanish>
	</TEXT>
	<TEXT>
		<Tag>TXT_KEY_CIV_ZULU_ADJECTIVE</Tag>
		<English>
			<Text>Zulu:Zulu</Text>
			<Gender>Male</Gender>
			<Plural>0:1</Plural>
		</English>
		<French>
			<Text>zoulou:zouloue:zoulous:zouloues</Text>
			<Gender>Male:Female:Male:Female</Gender>
			<Plural>0:0:1:1</Plural>
		</French>
		<German>
			<Text>Zulul&#228;ndisch:zulul&#228;ndischen:zulul&#228;ndische</Text>
			<Gender>Neuter:Neuter:Neuter</Gender>
			<Plural>0:0:0</Plural>
		</German>
		<Italian>
			<Text>zulu</Text>
			<Gender>Male</Gender>
			<Plural>0</Plural>
		</Italian>
		<Spanish>
			<Text>zul&#250;.zul&#250;:zul&#250;es:zul&#250;es</Text>
			<Gender>Male:Female:Male:Female</Gender>
			<Plural>0:0:1:1</Plural>
		</Spanish>
	</TEXT>
	<TEXT>
		<Tag>TXT_KEY_CIV_BARBARIAN_ADJECTIVE</Tag>
		<English>Barbarian</English>
		<French>
			<Text>barbare:barbare:barbares:barbares</Text>
			<Gender>Male:Female:Male:Female</Gender>
			<Plural>0:0:1:1</Plural>
		</French>
		<German>
			<Text>Barbarisch:barbarischen:barbarische</Text>
			<Gender>Neuter:Neuter:Neuter</Gender>
			<Plural>0:0:0</Plural>
		</German>
		<Italian>
			<Text>barbaro:barbari:barbara:barbare</Text>
			<Gender>Male:Female:Male:Female</Gender>
			<Plural>0:0:1:1</Plural>
		</Italian>
		<Spanish>
			<Text>b&#225;rbaro:b&#225;rbara:b&#225;rbaros:b&#225;rbaras</Text>
			<Gender>Male:Female:Male:Female</Gender>
			<Plural>0:0:1:1</Plural>
		</Spanish>
	</TEXT>
	<TEXT>
		<Tag>TXT_KEY_CIV_BARBARIAN_DESC</Tag>
		<English>Barbarian State</English>
		<French>
			<Text>Empire barbare</Text>
			<Gender>Male</Gender>
			<Plural>0</Plural>
		</French>
		<German>
			<Text>Barbarenreich:Barbarenreich:Barbarenreich</Text>
			<Gender>Neuter:Neuter:Neuter</Gender>
			<Plural>0:0:0</Plural>
		</German>
		<Italian>
			<Text>Territorio Barbaro</Text>
			<Gender>Male</Gender>
			<Plural>0</Plural>
		</Italian>
		<Spanish>
			<Text>Territorio de los b&#225;rbaros</Text>
			<Gender>Male</Gender>
			<Plural>0</Plural>
		</Spanish>
	</TEXT>
	<TEXT>
		<Tag>TXT_KEY_CIV_BARBARIAN_SHORT_DESC</Tag>
		<English>Barbarians</English>
		<French>
			<Text>Barbares</Text>
			<Gender>Male</Gender>
			<Plural>1</Plural>
		</French>
		<German>
			<Text>Barbarenland</Text>
			<Gender>Male</Gender>
			<Plural>0</Plural>
		</German>
		<Italian>
			<Text>Territorio barbaro</Text>
			<Gender>Male</Gender>
			<Plural>1</Plural>
		</Italian>
		<Spanish>
			<Text>Barbaria</Text>
			<Gender>Female</Gender>
			<Plural>0</Plural>
		</Spanish>
	</TEXT>
</Civ4GameText>
