<?xml version="1.0" encoding="utf-8"?>
<!-- Persia -->
<Civ4GameText xmlns="http://www.firaxis.com">
	<TEXT>
		<Tag>TXT_KEY_CIV_PERSIA_DESC</Tag>
		<English>The Persians</English>
		<French>
			<Text>Les Perses</Text>
			<Gender>Male</Gender>
			<Plural>1</Plural>
		</French>
		<German>
			<Text>Perser:Die Perser:den Persern</Text>
			<Gender>Male:Male:Male</Gender>
			<Plural>1:1:1</Plural>
		</German>
		<Italian>
			<Text>I Persiani</Text>
			<Gender>Male</Gender>
			<Plural>1</Plural>
		</Italian>
		<Spanish>
			<Text>Los Persas</Text>
			<Gender>Male</Gender>
			<Plural>1</Plural>
		</Spanish>
	</TEXT>
	<TEXT>
		<Tag>TXT_KEY_CIV_PERSIA_PEOPLES</Tag>
		<English>Parsi Peoples</English>
		<French>
			<Text>Peuplades perses</Text>
			<Gender>Female</Gender>
			<Plural>1</Plural>
		</French>
		<German>
			<Text>Parsiv&#246;lker:Parsiv&#246;lker:Parsiv&#246;lkern</Text>
			<Gender>Female:Female:Female</Gender>
			<Plural>1:1:1</Plural>
		</German>
		<Italian>
			<Text>Popoli Parsi</Text>
			<Gender>Male</Gender>
			<Plural>1</Plural>
		</Italian>
		<Spanish>
			<Text>Pueblos Parsi</Text>
			<Gender>Male</Gender>
			<Plural>1</Plural>
		</Spanish>
	</TEXT>
	<TEXT>
		<Tag>TXT_KEY_CIV_PERSIA_DEFAULT</Tag>
		<English>%s2 Shahdom</English>
		<French>
			<Text>Royaume %s2</Text>
			<Gender>Male</Gender>
			<Plural>0</Plural>
		</French>
		<German>
			<Text>Schahtum %s2:Schahtum %s2:Schahtum %s2</Text>
			<Gender>Neuter:Neuter:Neuter</Gender>
			<Plural>0:0:0</Plural>
		</German>
		<Italian>
			<Text>Scialato %s2</Text>
			<Gender>Male</Gender>
			<Plural>0</Plural>
		</Italian>
		<Spanish>
			<Text>Reino del Sah de %s2</Text>
			<Gender>Male</Gender>
			<Plural>0</Plural>
		</Spanish>
	</TEXT>
	<TEXT>
		<Tag>TXT_KEY_CIV_PERSIA_FASCIST</Tag>
		<English>Neo-Persian Empire</English>
		<French>
			<Text>Empire n&#233;o-perse</Text>
			<Gender>Male</Gender>
			<Plural>0</Plural>
		</French>
		<German>Neo-Persian Empire</German>
		<Italian>Neo-Persian Empire</Italian>
		<Spanish>Neo-Persian Empire</Spanish>
	</TEXT>
	<TEXT>
		<Tag>TXT_KEY_CIV_IRAN_DEFAULT</Tag>
		<English>%s2 Shahdom</English>
		<French>
			<Text>Royaume %s2</Text>
			<Gender>Male</Gender>
			<Plural>0</Plural>
		</French>
		<German>
			<Text>Schahtum %s2:Schahtum %s2:Schahtum %s2</Text>
			<Gender>Neuter:Neuter:Neuter</Gender>
			<Plural>0:0:0</Plural>
		</German>
		<Italian>
			<Text>Scialato %s2</Text>
			<Gender>Male</Gender>
			<Plural>0</Plural>
		</Italian>
		<Spanish>
			<Text>Reino del Sah de %s2</Text>
			<Gender>Male</Gender>
			<Plural>0</Plural>
		</Spanish>
	</TEXT>
	<TEXT>
		<Tag>TXT_KEY_CIV_IRAN_FASCIST</Tag>
		<English>National-Socialist Workers' %s1</English>
		<French>
			<Text>%s1 des travailleurs nationaux-socialistes</Text>
			<Gender>Male</Gender>
			<Plural>0</Plural>
		</French>
		<German>National-Socialist Workers' %s1</German>
		<Italian>National-Socialist Workers' %s1</Italian>
		<Spanish>National-Socialist Workers' %s1</Spanish>
	</TEXT>
	<TEXT>
		<Tag>TXT_KEY_CIV_PERSIA_MEDIAN</Tag>
		<English>Median</English>
		<French>
			<Text>m&#232;de:m&#232;de:m&#232;des:m&#232;des</Text>
			<Gender>Male:Female:Male:Female</Gender>
			<Plural>0:0:1:1</Plural>
		</French>
		<German>Median</German>
		<Italian>Median</Italian>
		<Spanish>Median</Spanish>
	</TEXT>
	<TEXT>
		<Tag>TXT_KEY_CIV_PERSIA_PARTHIAN</Tag>
		<English>Parthian</English>
		<French>
			<Text>parthe:parthe:parthes:parthes</Text>
			<Gender>Male:Female:Male:Female</Gender>
			<Plural>0:0:1:1</Plural>
		</French>
		<German>Parthian</German>
		<Italian>Parthian</Italian>
		<Spanish>Parthian</Spanish>
	</TEXT>
	<TEXT>
		<Tag>TXT_KEY_CIV_PERSIA_ACHAEMENID</Tag>
		<English>Achaemenid</English>
		<French>ach&#233;m&#233;nide</French>
		<German>Achaemenid</German>
		<Italian>Achaemenid</Italian>
		<Spanish>Achaemenid</Spanish>
	</TEXT>
	<TEXT>
		<Tag>TXT_KEY_CIV_PERSIA_SASSANID</Tag>
		<English>Sassanid</English>
		<French>sassanide</French>
		<German>Sassanid</German>
		<Italian>Sassanid</Italian>
		<Spanish>Sassanid</Spanish>
	</TEXT>
	<TEXT>
		<Tag>TXT_KEY_CIV_PERSIA_SAFAVID</Tag>
		<English>Safavid</English>
		<French>s&#233;f&#233;vide</French>
		<German>Safavid</German>
		<Italian>Safavid</Italian>
		<Spanish>Safavid</Spanish>
	</TEXT>
	<TEXT>
		<Tag>TXT_KEY_CIV_PERSIA_QAJAR</Tag>
		<English>Qajar</English>
		<French>kadjar</French>
		<German>Qajar</German>
		<Italian>Qajar</Italian>
		<Spanish>Qajar</Spanish>
	</TEXT>
	<TEXT>
		<Tag>TXT_KEY_CIV_PERSIA_PAHLAVI</Tag>
		<English>Pahlavi</English>
		<French>Pahlavi</French>
		<German>Pahlavi</German>
		<Italian>Pahlavi</Italian>
		<Spanish>Pahlavi</Spanish>
	</TEXT>
	<TEXT>
		<Tag>TXT_KEY_CIV_PERSIAN_VASSAL</Tag>
		<English>Satrapy of %s1</English>
		<French>
			<Text>Satrapie de %s1</Text>
			<Gender>Male</Gender>
			<Plural>0</Plural>
		</French>
		<German>
			<Text>Satrapie %s1:Satrapie %s1:Satrapie %s1</Text>
			<Gender>Female:Female:Female</Gender>
			<Plural>0:0:0</Plural>
		</German>
		<Italian>
			<Text>Satrapia d'%s1</Text>
			<Gender>Female</Gender>
			<Plural>0</Plural>
		</Italian>
		<Spanish>
			<Text>Satrap&#237;a de %s1</Text>
			<Gender>Female</Gender>
			<Plural>0</Plural>
		</Spanish>
	</TEXT>
	<TEXT>
		<Tag>TXT_KEY_CIV_PERSIAN_EGYPT</Tag>
		<English>Sixth Satrapy</English>
		<French>
			<Text>Sixi&#232;me Satrapie</Text>
			<Gender>Female</Gender>
			<Plural>0</Plural>
		</French>
		<German>
			<Text>Sechste Satrapie:Sechste Satrapie:Sechsten Satrapie</Text>
			<Gender>Female:Female:Female</Gender>
			<Plural>0:0:0</Plural>
		</German>
		<Italian>
			<Text>Sesta Satrapia</Text>
			<Gender>Female</Gender>
			<Plural>0</Plural>
		</Italian>
		<Spanish>
			<Text>Sexta Satrap&#237;a</Text>
			<Gender>Female</Gender>
			<Plural>0</Plural>
		</Spanish>
	</TEXT>
	<TEXT>
		<Tag>TXT_KEY_CIV_PERSIAN_INDIA</Tag>
		<English>Twentieth Satrapy</English>
		<French>
			<Text>Vingti&#232;me Satrapie</Text>
			<Gender>Female</Gender>
			<Plural>0</Plural>
		</French>
		<German>
			<Text>Zwanzigste Satrapie:Zwanzigste Satrapie:Zwanzigsten Satrapie</Text>
			<Gender>Female:Female:Female</Gender>
			<Plural>0:0:0</Plural>
		</German>
		<Italian>
			<Text>Ventesima Satrapia</Text>
			<Gender>Female</Gender>
			<Plural>0</Plural>
		</Italian>
		<Spanish>
			<Text>Vig&#233;sima Satrap&#237;a</Text>
			<Gender>Female</Gender>
			<Plural>0</Plural>
		</Spanish>
	</TEXT>
	<TEXT>
		<Tag>TXT_KEY_CIV_PERSIAN_BABYLONIA</Tag>
		<English>Ninth Satrapy</English>
		<French>
			<Text>Neuvi&#232;me Satrapie</Text>
			<Gender>Female</Gender>
			<Plural>0</Plural>
		</French>
		<German>
			<Text>Neunte Satrapie:Neunte Satrapie:Neunten Satrapie</Text>
			<Gender>Female:Female:Female</Gender>
			<Plural>0:0:0</Plural>
		</German>
		<Italian>
			<Text>Nona Satrapia</Text>
			<Gender>Female</Gender>
			<Plural>0</Plural>
		</Italian>
		<Spanish>
			<Text>Novena Satr&#225;pia</Text>
			<Gender>Female</Gender>
			<Plural>0</Plural>
		</Spanish>
	</TEXT>
	<TEXT>
		<Tag>TXT_KEY_CIV_PERSIAN_GREECE</Tag>
		<English>First Satrapy</English>
		<French>
			<Text>Premi&#232;re Satrapie</Text>
			<Gender>Female</Gender>
			<Plural>0</Plural>
		</French>
		<German>
			<Text>Erste Satrapie:Erste Satrapie:Ersten Satrapie</Text>
			<Gender>Female:Female:Female</Gender>
			<Plural>0:0:0</Plural>
		</German>
		<Italian>
			<Text>Prima Satrapia</Text>
			<Gender>Female</Gender>
			<Plural>0</Plural>
		</Italian>
		<Spanish>
			<Text>Primera Satrap&#237;a</Text>
			<Gender>Female</Gender>
			<Plural>0</Plural>
		</Spanish>
	</TEXT>
	<TEXT>
		<Tag>TXT_KEY_CIV_PERSIAN_ETHIOPIA</Tag>
		<English>Seventeenth Satrapy</English>
		<French>
			<Text>Dix-Septi&#232;me Satrapie</Text>
			<Gender>Female</Gender>
			<Plural>0</Plural>
		</French>
		<German>
			<Text>Siebte Satrapie:Siebte Satrapie:Siebten Satrapie</Text>
			<Gender>Female:Female:Female</Gender>
			<Plural>0:0:0</Plural>
		</German>
		<Italian>
			<Text>Diciassettesima Satrapia</Text>
			<Gender>Female</Gender>
			<Plural>0</Plural>
		</Italian>
		<Spanish>
			<Text>Decimos&#233;ptima Satrap&#237;a</Text>
			<Gender>Female</Gender>
			<Plural>0</Plural>
		</Spanish>
	</TEXT>
	<TEXT>
		<Tag>TXT_KEY_CIV_PERSIAN_ARABIA</Tag>
		<English>Fifth Satrapy</English>
		<French>
			<Text>Cinqui&#232;me Satrapie</Text>
			<Gender>Female</Gender>
			<Plural>0</Plural>
		</French>
		<German>
			<Text>F&#252;nfte Satrapie:F&#252;nfte Satrapie:F&#252;nften Satrapie</Text>
			<Gender>Female:Female:Female</Gender>
			<Plural>0:0:0</Plural>
		</German>
		<Italian>
			<Text>Quinta Satrapia</Text>
			<Gender>Female</Gender>
			<Plural>0</Plural>
		</Italian>
		<Spanish>
			<Text>Quinta Satrap&#237;a</Text>
			<Gender>Female</Gender>
			<Plural>0</Plural>
		</Spanish>
	</TEXT>
	<TEXT>
		<Tag>TXT_KEY_CIV_PERSIAN_MONGOLIA</Tag>
		<English>Fifteenth Satrapy</English>
		<French>
			<Text>Quinzi&#232;me Satrapie</Text>
			<Gender>Female</Gender>
			<Plural>0</Plural>
		</French>
		<German>
			<Text>F&#252;nfzehnte Satrapie:F&#252;nfzehnte Satrapie:F&#252;nfzehnten Satrapie</Text>
			<Gender>Female:Female:Female</Gender>
			<Plural>0:0:0</Plural>
		</German>
		<Italian>
			<Text>Quindicesima Satrapia</Text>
			<Gender>Female</Gender>
			<Plural>0</Plural>
		</Italian>
		<Spanish>
			<Text>Decimoquinta Satrap&#237;a</Text>
			<Gender>Female</Gender>
			<Plural>0</Plural>
		</Spanish>
	</TEXT>
	<TEXT>
		<Tag>TXT_KEY_CIV_PERSIAN_OTTOMANS</Tag>
		<English>Fourth Satrapy</English>
		<French>
			<Text>Quatri&#232;me Satrapie</Text>
			<Gender>Female</Gender>
			<Plural>0</Plural>
		</French>
		<German>
			<Text>Vierte Satrapie:Vierte Satrapie:Vierten Satrapie</Text>
			<Gender>Female:Female:Female</Gender>
			<Plural>0:0:0</Plural>
		</German>
		<Italian>
			<Text>Quarta Satrapia</Text>
			<Gender>Female</Gender>
			<Plural>0</Plural>
		</Italian>
		<Spanish>
			<Text>Cuarta Satrap&#237;a</Text>
			<Gender>Female</Gender>
			<Plural>0</Plural>
		</Spanish>
	</TEXT>
	<TEXT>
		<Tag>TXT_KEY_CIV_PERSIAN_NAME_BYZANTIUM</Tag>
		<English>Anatolia</English>
		<French>
			<Text>Anatolie</Text>
			<Gender>Female</Gender>
			<Plural>0</Plural>
		</French>
		<German>
			<Text>Anatolien:Anatolien:Anatolien</Text>
			<Gender>Neuter:Neuter:Neuter</Gender>
			<Plural>0:0:0</Plural>
		</German>
		<Italian>
			<Text>Anatolia</Text>
			<Gender>Male</Gender>
			<Plural>0</Plural>
		</Italian>
		<Spanish>
			<Text>Anatolia</Text>
			<Gender>Male</Gender>
			<Plural>0</Plural>
		</Spanish>
	</TEXT>
	<TEXT>
		<Tag>TXT_KEY_CIV_PERSIAN_NAME_INDONESIA</Tag>
		<English>Malacca</English>
		<French>
			<Text>Malacca</Text>
			<Gender>Female</Gender>
			<Plural>0</Plural>
		</French>
		<German>Malacca</German>
		<Italian>Malacca</Italian>
		<Spanish>Malacca</Spanish>
	</TEXT>
	<TEXT>
		<Tag>TXT_KEY_CIV_PERSIAN_NAME_TURKS</Tag>
		<English>Sogdiana</English>
		<French>
			<Text>Sogdiane</Text>
			<Gender>Female</Gender>
			<Plural>0</Plural>
		</French>
		<German>Sogdiana</German>
		<Italian>Sogdiana</Italian>
		<Spanish>Sogdiana</Spanish>
	</TEXT>
	<TEXT>
		<Tag>TXT_KEY_CIV_IRAN_ADJECTIVE</Tag>
		<English>Iranian</English>
		<French>
			<Text>iranien:iranienne:iraniens:iraniennes</Text>
			<Gender>Male:Female:Male:Female</Gender>
			<Plural>0:0:1:1</Plural>
		</French>
		<German>Iranian</German>
		<Italian>Iranian</Italian>
		<Spanish>Iranian</Spanish>
	</TEXT>
	<TEXT>
		<Tag>TXT_KEY_CIV_IRAN_DESC</Tag>
		<English>The Iranians</English>
		<French>
			<Text>Les Iraniens</Text>
			<Gender>Male</Gender>
			<Plural>1</Plural>
		</French>
		<German>
			<Text>Perser:Die Perser:den Persern</Text>
			<Gender>Male:Male:Male</Gender>
			<Plural>1:1:1</Plural>
		</German>
		<Italian>
			<Text>I Persiani</Text>
			<Gender>Male</Gender>
			<Plural>1</Plural>
		</Italian>
		<Spanish>
			<Text>Los Persas</Text>
			<Gender>Male</Gender>
			<Plural>1</Plural>
		</Spanish>
	</TEXT>
	<TEXT>
		<Tag>TXT_KEY_CIV_IRAN_SHORT_DESC</Tag>
		<English>Iran</English>
		<French>
			<Text>Iran</Text>
			<Gender>Male</Gender>
			<Plural>0</Plural>
		</French>
		<German>Iran</German>
		<Italian>Iran</Italian>
		<Spanish>Iran</Spanish>
	</TEXT>
	<TEXT>
		<Tag>TXT_KEY_CIV_PERSIA_ADJECTIVE</Tag>
		<English>Persian</English>
		<French>
			<Text>perse:perse:perses:perses</Text>
			<Gender>Male:Female:Male:Female</Gender>
			<Plural>0:0:1:1</Plural>
		</French>
		<German>
			<Text>Persisch:persischen:persische</Text>
			<Gender>Neuter:Neuter:Neuter</Gender>
			<Plural>0:0:0</Plural>
		</German>
		<Italian>
			<Text>persiano:persiana:persiani:persiane</Text>
			<Gender>Male:Female:Male:Female</Gender>
			<Plural>0:0:1:1</Plural>
		</Italian>
		<Spanish>
			<Text>persa:persa:persas:persas</Text>
			<Gender>Male:Female:Male:Female</Gender>
			<Plural>0:0:1:1</Plural>
		</Spanish>
	</TEXT>
	<TEXT>
		<Tag>TXT_KEY_CIV_PERSIA_SHORT_DESC</Tag>
		<English>Persia</English>
		<French>
			<Text>Perse</Text>
			<Gender>Female</Gender>
			<Plural>0</Plural>
		</French>
		<German>
			<Text>Persien</Text>
			<Gender>Male</Gender>
			<Plural>0</Plural>
		</German>
		<Italian>
			<Text>Persia</Text>
			<Gender>Female</Gender>
			<Plural>0</Plural>
		</Italian>
		<Spanish>
			<Text>Persia</Text>
			<Gender>Female</Gender>
			<Plural>0</Plural>
		</Spanish>
	</TEXT>
</Civ4GameText>
