<?xml version="1.0" encoding="utf-8"?>
<!-- Monoglia -->
<Civ4GameText xmlns="http://www.firaxis.com">
	<TEXT>
		<Tag>TXT_KEY_CIV_MONGOL_DESC</Tag>
		<English>The Mongols</English>
		<French>
			<Text>Les Mongols</Text>
			<Gender>Male</Gender>
			<Plural>1</Plural>
		</French>
		<German>
			<Text>Mongolen:Die Mongolen:den Mongolen</Text>
			<Gender>Male:Male:Male</Gender>
			<Plural>1:1:1</Plural>
		</German>
		<Italian>
			<Text>I Mongoli</Text>
			<Gender>Male</Gender>
			<Plural>1</Plural>
		</Italian>
		<Spanish>
			<Text>Los Mongoles</Text>
			<Gender>Male</Gender>
			<Plural>1</Plural>
		</Spanish>
	</TEXT>
	<TEXT>
		<Tag>TXT_KEY_CIV_MONGOLIA_PEOPLES</Tag>
		<English>Mongolian Peoples</English>
		<French>
			<Text>Peuplades mongoles</Text>
			<Gender>Female</Gender>
			<Plural>1</Plural>
		</French>
		<German>
			<Text>Mongolische V&#246;lker: Mongolischen V&#246;lker:Mongolischen V&#246;lkern</Text>
			<Gender>Female:Female:Female</Gender>
			<Plural>1:1:1</Plural>
		</German>
		<Italian>
			<Text>Popoli Mongoli</Text>
			<Gender>Male</Gender>
			<Plural>1</Plural>
		</Italian>
		<Spanish>
			<Text>Pueblos Mongoles</Text>
			<Gender>Male</Gender>
			<Plural>1</Plural>
		</Spanish>
	</TEXT>
	<TEXT>
		<Tag>TXT_KEY_CIV_MONGOLIA_DEFAULT</Tag>
		<English>%s2 State</English>
		<French>
			<Text>&#201;tat %s2</Text>
			<Gender>Male</Gender>
			<Plural>0</Plural>
		</French>
		<German>
			<Text>%s2 Staat:%s2 Staat:%s2 Staat</Text>
			<Gender>Male:Male:Male</Gender>
			<Plural>0:0:0</Plural>
		</German>
		<Italian>
			<Text>Stato %s2</Text>
			<Gender>Female</Gender>
			<Plural>0</Plural>
		</Italian>
		<Spanish>
			<Text>Estado %s2</Text>
			<Gender>Male</Gender>
			<Plural>0</Plural>
		</Spanish>
	</TEXT>
	<TEXT>
		<Tag>TXT_KEY_CIV_MONGOLIA_REPUBLIC</Tag>
		<English>United %s1</English>
		<French>
			<Text>%s1-Unie</Text>
			<Gender>Female</Gender>
			<Plural>0</Plural>
		</French>
		<German>
			<Text>Vereinigte %s2:Vereinigten %s2:Vereinigten %s2</Text>
			<Gender>Male:Male:Male</Gender>
			<Plural>1:1:1</Plural>
		</German>
		<Italian>
			<Text>Uniti %s2</Text>
			<Gender>Male</Gender>
			<Plural>1</Plural>
		</Italian>
		<Spanish>
			<Text>Unidos %s2</Text>
			<Gender>Male</Gender>
			<Plural>1</Plural>
		</Spanish>
	</TEXT>
	<TEXT>
		<Tag>TXT_KEY_CIV_MONGOLIA_FASCIST</Tag>
		<English>Nationalist %s1</English>
		<French>
			<Text>%s1 nationaliste</Text>
			<Gender>Female</Gender>
			<Plural>0</Plural>
		</French>
		<German>
			<Text>Nationalistisches %s1:Nationalistische %s1:Nationalistischen %s1</Text>
			<Gender>Neuter:Neuter:Neuter</Gender>
			<Plural>0:0:0</Plural>
		</German>
		<Italian>
			<Text>%s1 Nazionalista</Text>
			<Gender>Female</Gender>
			<Plural>0</Plural>
		</Italian>
		<Spanish>
			<Text>%s1 Nacionalista</Text>
			<Gender>Female</Gender>
			<Plural>0</Plural>
		</Spanish>
	</TEXT>
	<TEXT>
		<Tag>TXT_KEY_CIV_MONGOLIA_TIMURID</Tag>
		<English>Timurid</English>
		<French>timouride</French>
		<German>Timurid</German>
		<Italian>Timurid</Italian>
		<Spanish>Timurid</Spanish>
	</TEXT>
	<TEXT>
		<Tag>TXT_KEY_CIV_MONGOLIA_HULAGU</Tag>
		<English>Hulagu</English>
		<French>houlagide</French>
		<German>Hulagu</German>
		<Italian>Hulagu</Italian>
		<Spanish>Hulagu</Spanish>
	</TEXT>
	<TEXT>
		<Tag>TXT_KEY_CIV_MONGOLIA_ILKHANATE</Tag>
		<English>Ilkhanate</English>
		<French>
			<Text>Ilkhanat</Text>
			<Gender>Male</Gender>
			<Plural>0</Plural>
		</French>
		<German>Ilkhanate</German>
		<Italian>Ilkhanate</Italian>
		<Spanish>Ilkhanate</Spanish>
	</TEXT>
	<TEXT>
		<Tag>TXT_KEY_CIV_MONGOLIA_KHANATE</Tag>
		<English>%s2 Khanate</English>
		<French>
			<Text>Khanat %s2</Text>
			<Gender>Male</Gender>
			<Plural>0</Plural>
		</French>		
		<German>%s2 Khanate</German>
		<Italian>%s2 Khanate</Italian>
		<Spanish>%s2 Khanate</Spanish>
	</TEXT>
	<TEXT>
		<Tag>TXT_KEY_CIV_MONGOLIA_CHAGATAI</Tag>
		<English>Chagatai</English>
		<French>de Djaghata&#239;</French>
		<German>Chagatai</German>
		<Italian>Chagatai</Italian>
		<Spanish>Chagatai</Spanish>
	</TEXT>
	<TEXT>
		<Tag>TXT_KEY_CIV_MONGOLIA_YUAN</Tag>
		<English>Yuan</English>
		<French>Yuan</French>
		<German>Yuan</German>
		<Italian>Yuan</Italian>
		<Spanish>Yuan</Spanish>
	</TEXT>
	<TEXT>
		<Tag>TXT_KEY_CIV_MONGOLIA_KHAMAG</Tag>
		<English>Khamag Mongol</English>
		<French>
			<Text>Khamag Mongol</Text>
			<Gender>Male</Gender>
			<Plural>0</Plural>
		</French>
		<German>Khamag Mongol</German>
		<Italian>Khamag Mongol</Italian>
		<Spanish>Khamag Mongol</Spanish>
	</TEXT>
	<TEXT>
		<Tag>TXT_KEY_CIV_MONGOL_VASSAL</Tag>
		<English>Khanate of %s1</English>
		<French>
			<Text>Khanat de %s1</Text>
			<Gender>Male</Gender>
			<Plural>0</Plural>
		</French>
		<German>
			<Text>Khanat %s1:Khanat %s1:Khanat %s1</Text>
			<Gender>Neuter:Neuter:Neuter</Gender>
			<Plural>0:0:0</Plural>
		</German>
		<Italian>
			<Text>Khanato del %s1</Text>
			<Gender>Male</Gender>
			<Plural>0</Plural>
		</Italian>
		<Spanish>
			<Text>Janato de %s1</Text>
			<Gender>Male</Gender>
			<Plural>0</Plural>
		</Spanish>
	</TEXT>
	<TEXT>
		<Tag>TXT_KEY_CIV_MONGOL_ILKHANATE</Tag>
		<English>Ilkhanate of %s1</English>
		<French>
			<Text>Ilkhanat de %s1</Text>
			<Gender>Male</Gender>
			<Plural>0</Plural>
		</French>
		<German>
			<Text>Ilkhanat %s1:Ilkhanat %s1:Ilkhanat %s1</Text>
			<Gender>Neuter:Neuter:Neuter</Gender>
			<Plural>0:0:0</Plural>
		</German>
		<Italian>
			<Text>Ilkhanato di %s1</Text>
			<Gender>Male</Gender>
			<Plural>0</Plural>
		</Italian>
		<Spanish>
			<Text>Iljanato de %s1</Text>
			<Gender>Male</Gender>
			<Plural>0</Plural>
		</Spanish>
	</TEXT>
	<TEXT>
		<Tag>TXT_KEY_CIV_MONGOL_CHINA</Tag>
		<English>Yuan Khanate</English>
		<French>
			<Text>Khanat Yuan</Text>
			<Gender>Male</Gender>
			<Plural>0</Plural>
		</French>
		<German>Yuan Khanate</German>
		<Italian>Yuan Khanate</Italian>
		<Spanish>Yuan Khanate</Spanish>
	</TEXT>
	<TEXT>
		<Tag>TXT_KEY_CIV_MONGOL_BABYLONIA</Tag>
		<English>Ilkhanate of Mesopotamia</English>
		<French>
			<Text>Ilkhanat de M&#233;sopotamie</Text>
			<Gender>Male</Gender>
			<Plural>0</Plural>
		</French>
		<German>Ilkhanate of Mesopotamia</German>
		<Italian>Ilkhanate of Mesopotamia</Italian>
		<Spanish>Ilkhanate of Mesopotamia</Spanish>
	</TEXT>
	<TEXT>
		<Tag>TXT_KEY_CIV_MONGOL_PHOENICIA</Tag>
		<English>Ilkhanate of Syria</English>
		<French>
			<Text>Ilkhanat de Syrie</Text>
			<Gender>Male</Gender>
			<Plural>0</Plural>
		</French>
		<German>Ilkhanate of Syria</German>
		<Italian>Ilkhanate of Syria</Italian>
		<Spanish>Ilkhanate of Syria</Spanish>
	</TEXT>
	<TEXT>
		<Tag>TXT_KEY_CIV_MONGOL_BYZANTIUM</Tag>
		<English>Khanate of Anatolia</English>
		<French>
			<Text>Khanat d'Anatolie</Text>
			<Gender>Male</Gender>
			<Plural>0</Plural>
		</French>
		<German>
			<Text>Khanat Anatolien:Khanat Anatolien:Khanat Anatolien</Text>
			<Gender>Neuter:Neuter:Neuter</Gender>
			<Plural>0:0:0</Plural>
		</German>
		<Italian>
			<Text>Khanato del Anatolia</Text>
			<Gender>Male</Gender>
			<Plural>0</Plural>
		</Italian>
		<Spanish>
			<Text>Janato de Anatolia</Text>
			<Gender>Male</Gender>
			<Plural>0</Plural>
		</Spanish>
	</TEXT>
	<TEXT>
		<Tag>TXT_KEY_CIV_MONGOL_RUSSIA</Tag>
		<English>Khanate of the Golden Horde</English>
		<French>
			<Text>Khanat de la Horde d'or</Text>
			<Gender>Male</Gender>
			<Plural>0</Plural>
		</French>
		<German>
			<Text>Khanat der Goldenen Horde:Khanat der Goldenen Horde:Khanat der Goldenen Horde</Text>
			<Gender>Neuter:Neuter:Neuter</Gender>
			<Plural>0:0:0</Plural>
		</German>
		<Italian>
			<Text>Khanato dell'Orda d'Oro</Text>
			<Gender>Male</Gender>
			<Plural>0</Plural>
		</Italian>
		<Spanish>
			<Text>Janato de la Horda de Oro</Text>
			<Gender>Male</Gender>
			<Plural>0</Plural>
		</Spanish>
	</TEXT>
	<TEXT>
		<Tag>TXT_KEY_CIV_MONGOL_OTTOMANS</Tag>
		<English>Khanate of Turkestan</English>
		<French>
			<Text>Khanat du Turkestan</Text>
			<Gender>Male</Gender>
			<Plural>0</Plural>
		</French>
		<German>
			<Text>Khanat Turkistan:Khanat Turkistan:Khanat Turkistan</Text>
			<Gender>Neuter:Neuter:Neuter</Gender>
			<Plural>0:0:0</Plural>
		</German>
		<Italian>
			<Text>Khanato di Turkestan</Text>
			<Gender>Male</Gender>
			<Plural>0</Plural>
		</Italian>
		<Spanish>
			<Text>Janato de Turquest&#225;n</Text>
			<Gender>Male</Gender>
			<Plural>0</Plural>
		</Spanish>
	</TEXT>
	<TEXT>
		<Tag>TXT_KEY_CIV_MONGOL_MUGHALS</Tag>
		<English>Khanate of Delhi</English>
		<French>
			<Text>Khanat de Delhi</Text>
			<Gender>Male</Gender>
			<Plural>0</Plural>
		</French>
		<German>Khanate of Delhi</German>
		<Italian>Khanate of Delhi</Italian>
		<Spanish>Khanate of Delhi</Spanish>
	</TEXT>
	<TEXT>
		<Tag>TXT_KEY_CIV_MONGOLIA_MONGOL</Tag>
		<English>Mongol</English>
		<French>
			<Text>mongol:mongole:mongols:mongoles</Text>
			<Gender>Male:Female:Male:Female</Gender>
			<Plural>0:0:1:1</Plural>
		</French>
		<German>Mongol</German>
		<Italian>Mongol</Italian>
		<Spanish>Mongol</Spanish>
	</TEXT>
	<TEXT>
		<Tag>TXT_KEY_CIV_MONGOL_NAME_TURKS</Tag>
		<English>Moghulistan</English>
		<French>
			<Text>Mogholistan</Text>
			<Gender>Male</Gender>
			<Plural>0</Plural>
		</French>
		<German>Moghulistan</German>
		<Italian>Moghulistan</Italian>
		<Spanish>Moghulistan</Spanish>
	</TEXT>
	<TEXT>
		<Tag>TXT_KEY_CIV_MONGOL_ADJECTIVE</Tag>
		<English>Mongolian</English>
		<French>
			<Text>mongol:mongole:mongols:mongoles</Text>
			<Gender>Male:Female:Male:Female</Gender>
			<Plural>0:0:1:1</Plural>
		</French>
		<German>
			<Text>Mongolisch:mongolischen:mongolische</Text>
			<Gender>Neuter:Neuter:Neuter</Gender>
			<Plural>0:0:0</Plural>
		</German>
		<Italian>
			<Text>mongolo:mongola:mongoli:mongole</Text>
			<Gender>Male:Female:Male:Female</Gender>
			<Plural>0:0:1:1</Plural>
		</Italian>
		<Spanish>
			<Text>mongol:mongola:mongoles:mongolas</Text>
			<Gender>Male:Female:Male:Female</Gender>
			<Plural>0:0:1:1</Plural>
		</Spanish>
	</TEXT>
	<TEXT>
		<Tag>TXT_KEY_CIV_MONGOL_SHORT_DESC</Tag>
		<English>Mongolia</English>
		<French>
			<Text>Mongolie</Text>
			<Gender>Female</Gender>
			<Plural>0</Plural>
		</French>
		<German>
			<Text>Mongolei</Text>
			<Gender>Male</Gender>
			<Plural>0</Plural>
		</German>
		<Italian>
			<Text>Mongolia</Text>
			<Gender>Female</Gender>
			<Plural>0</Plural>
		</Italian>
		<Spanish>
			<Text>Mongolia</Text>
			<Gender>Female</Gender>
			<Plural>0</Plural>
		</Spanish>
	</TEXT>
</Civ4GameText>
