<?xml version="1.0" encoding="utf-8"?>
<!-- Canada -->
<Civ4GameText xmlns="http://www.firaxis.com">
	<TEXT>
		<Tag>TXT_KEY_CIV_CANADA_DESC</Tag>
		<English>The Canadians</English>
		<French>
			<Text>Les Canadiens</Text>
			<Gender>Male</Gender>
			<Plural>1</Plural>
		</French>
		<German>The Canadians</German>
		<Italian>The Canadians</Italian>
		<Spanish>The Canadians</Spanish>
	</TEXT>
	<TEXT>
		<Tag>TXT_KEY_CIV_CANADA_PEOPLES</Tag>
		<English>Canadian Peoples</English>
		<French>
			<Text>Peuplades canadiennes</Text>
			<Gender>Female</Gender>
			<Plural>1</Plural>
		</French>
		<German>Canadian Peoples</German>
		<Italian>Canadian Peoples</Italian>
		<Spanish>Canadian Peoples</Spanish>
	</TEXT>
	<TEXT>
		<Tag>TXT_KEY_CIV_CANADA_DEFAULT</Tag>
		<English>Dominion of %s1</English>
		<French>
			<Text>Dominion du %s1</Text>
			<Gender>Male</Gender>
			<Plural>0</Plural>
		</French>
		<German>
			<Text>Dominion %s1:Dominion %s1:Dominion %s1</Text>
			<Gender>Female:Female:Female</Gender>
			<Plural>0:0:0</Plural>
		</German>
		<Italian>
			<Text>Dominion del %s1</Text>
			<Gender>Male</Gender>
			<Plural>0</Plural>
		</Italian>
		<Spanish>
			<Text>Dominio de %s1</Text>
			<Gender>Male</Gender>
			<Plural>0</Plural>
		</Spanish>
	</TEXT>
	<TEXT>
		<Tag>TXT_KEY_CIV_CANADA_REPUBLIC</Tag>
		<English>%s2 Confederation</English>
		<French>
			<Text>Conf&#233;d&#233;ration %s2</Text>
			<Gender>Female</Gender>
			<Plural>0</Plural>
		</French>
		<German>
			<Text>Commonwealth %s1:Commonwealth %s1:Commonwealth %s1</Text>
			<Gender>Neuter:Neuter:Neuter</Gender>
			<Plural>0:0:0</Plural>
		</German>
		<Italian>
			<Text>Commonwealth d'%s1</Text>
			<Gender>Male</Gender>
			<Plural>0</Plural>
		</Italian>
		<Spanish>
			<Text>Commonwealth de %s1</Text>
			<Gender>Female</Gender>
			<Plural>0</Plural>
		</Spanish>
	</TEXT>
	<TEXT>
		<Tag>TXT_KEY_CIV_CANADA_COMMUNIST</Tag>
		<English>%s2 Worker's Commonwealth</English>
		<French>
			<Text>Commonwealth %s2 des travailleurs</Text>
			<Gender>Male</Gender>
			<Plural>0</Plural>
		</French>
		<German>%s2 Worker's Commonwealth</German>
		<Italian>%s2 Worker's Commonwealth</Italian>
		<Spanish>%s2 Worker's Commonwealth</Spanish>
	</TEXT>
	<TEXT>
		<Tag>TXT_KEY_CIV_CANADA_FASCIST</Tag>
		<English>%s2 Empire</English>
		<French>
			<Text>Empire %s2</Text>
			<Gender>Male</Gender>
			<Plural>0</Plural>
		</French>
		<German>
			<Text>%s2 Reich:%s2 Reich:%s2 Reich</Text>
			<Gender>Neuter:Neuter:Neuter</Gender>
			<Plural>0:0:0</Plural>
		</German>
		<Italian>
			<Text>Impero %s2</Text>
			<Gender>Male</Gender>
			<Plural>0</Plural>
		</Italian>
		<Spanish>
			<Text>Imperio %s2</Text>
			<Gender>Male</Gender>
			<Plural>0</Plural>
		</Spanish>
	</TEXT>
	<TEXT>
		<Tag>TXT_KEY_CIV_CANADA_ADJECTIVE</Tag>
		<English>Canadian</English>
		<French>
			<Text>canadien:canadienne:canadiens:canadiennes</Text>
			<Gender>Male:Female:Male:Female</Gender>
			<Plural>0:0:1:1</Plural>
		</French>
		<German>Canadian</German>
		<Italian>Canadian</Italian>
		<Spanish>Canadian</Spanish>
	</TEXT>
	<TEXT>
		<Tag>TXT_KEY_CIV_CANADA_SHORT_DESC</Tag>
		<English>Canada</English>
		<French>
			<Text>Canada</Text>
			<Gender>Male</Gender>
			<Plural>0</Plural>
		</French>
		<German>Canada</German>
		<Italian>Canada</Italian>
		<Spanish>Canada</Spanish>
	</TEXT>
</Civ4GameText>
