<?xml version="1.0" encoding="utf-8"?>
<!-- Spain -->
<Civ4GameText xmlns="http://www.firaxis.com">
	<TEXT>
		<Tag>TXT_KEY_CIV_SPAIN_DESC</Tag>
		<English>The Spanish</English>
		<French>
			<Text>Les Espagnols</Text>
			<Gender>Male</Gender>
			<Plural>1</Plural>
		</French>
		<German>
			<Text>Spanier:Die Spanier:den Spaniern</Text>
			<Gender>Neuter:Neuter:Neuter</Gender>
			<Plural>1:1:1</Plural>
		</German>
		<Italian>
			<Text>Gli Spagnoli</Text>
			<Gender>Male</Gender>
			<Plural>1</Plural>
		</Italian>
		<Spanish>
			<Text>Los Espa&#241;oles</Text>
			<Gender>Male</Gender>
			<Plural>1</Plural>
		</Spanish>
	</TEXT>
	<TEXT>
		<Tag>TXT_KEY_CIV_SPAIN_PEOPLES</Tag>
		<English>Asturian Peoples</English>
		<French>
			<Text>Peuplades asturiennes</Text>
			<Gender>Female</Gender>
			<Plural>1</Plural>
		</French>
		<German>Asturian Peoples</German>
		<Italian>Asturian Peoples</Italian>
		<Spanish>Asturian Peoples</Spanish>
	</TEXT>
	<TEXT>
		<Tag>TXT_KEY_CIV_SPAIN_DEFAULT</Tag>
		<English>Kingdom of %s1</English>
		<French>
			<Text>Royaume d'%s1</Text>
			<Gender>Male</Gender>
			<Plural>0</Plural>
		</French>
		<German>
			<Text>K&#246;nigreich %s1:K&#246;nigreich %s1:K&#246;nigreich %s1</Text>
			<Gender>Neuter:Neuter:Neuter</Gender>
			<Plural>0:0:0</Plural>
		</German>
		<Italian>
			<Text>Regno del %s1</Text>
			<Gender>Male</Gender>
			<Plural>0</Plural>
		</Italian>
		<Spanish>
			<Text>Reino de %s1</Text>
			<Gender>Male</Gender>
			<Plural>0</Plural>
		</Spanish>
	</TEXT>
	<TEXT>
		<Tag>TXT_KEY_CIV_SPAIN_COMMUNIST</Tag>
		<English>Republic of %s1</English>
		<French>
			<Text>R&#233;publique d'%s1</Text>
			<Gender>Female</Gender>
			<Plural>0</Plural>
		</French>
		<German>
			<Text>Republik %s1:Republik %s1:Republik %s1</Text>
			<Gender>Female:Female:Female</Gender>
			<Plural>0:0:0</Plural>
		</German>
		<Italian>
			<Text>Repubblica di %s1</Text>
			<Gender>Female</Gender>
			<Plural>0</Plural>
		</Italian>
		<Spanish>
			<Text>Rep&#250;blica de %s1</Text>
			<Gender>Female</Gender>
			<Plural>0</Plural>
		</Spanish>
	</TEXT>
	<TEXT>
		<Tag>TXT_KEY_CIV_SPAIN_FASCIST</Tag>
		<English>%s2 State</English>
		<French>
			<Text>&#201;tat %s2</Text>
			<Gender>Male</Gender>
			<Plural>0</Plural>
		</French>
		<German>
			<Text>%s2 Staat:%s2 Staat:%s2 Staat</Text>
			<Gender>Male:Male:Male</Gender>
			<Plural>0:0:0</Plural>
		</German>
		<Italian>
			<Text>Stato %s2</Text>
			<Gender>Female</Gender>
			<Plural>0</Plural>
		</Italian>
		<Spanish>
			<Text>Estado %s2</Text>
			<Gender>Male</Gender>
			<Plural>0</Plural>
		</Spanish>
	</TEXT>
	<TEXT>
		<Tag>TXT_KEY_CIV_SPAIN_AL_ANDALUS</Tag>
		<English>Al-Andalus</English>
		<French>
			<Text>Al-Andalus</Text>
			<Gender>Male</Gender>
			<Plural>0</Plural>
		</French>
		<German>
			<Text>Al-Andalus:Al-Andalus:Al-Andalus</Text>
			<Gender>Neuter:Neuter:Neuter</Gender>
			<Plural>0:0:0</Plural>
		</German>
		<Italian>
			<Text>Al-Andalus</Text>
			<Gender>Male</Gender>
			<Plural>0</Plural>
		</Italian>
		<Spanish>
			<Text>Al-Andalus</Text>
			<Gender>Male</Gender>
			<Plural>0</Plural>
		</Spanish>
	</TEXT>
	<TEXT>
		<Tag>TXT_KEY_CIV_SPAIN_CASTILE</Tag>
		<English>Castile</English>
		<French>
			<Text>Castille</Text>
			<Gender>Female</Gender>
			<Plural>0</Plural>
		</French>
		<German>Castile</German>
		<Italian>Castile</Italian>
		<Spanish>Castile</Spanish>
	</TEXT>
	<TEXT>
		<Tag>TXT_KEY_CIV_SPAIN_CASTILIAN</Tag>
		<English>Castilian</English>
		<French>
			<Text>castillan:castillane:castillans:castillanes</Text>
			<Gender>Male:Female:Male:Female</Gender>
			<Plural>0:0:1:1</Plural>
		</French>
		<German>Castilian</German>
		<Italian>Castilian</Italian>
		<Spanish>Castilian</Spanish>
	</TEXT>
	<TEXT>
		<Tag>TXT_KEY_CIV_SPAIN_IBERIA</Tag>
		<English>Iberia</English>
		<French>
			<Text>Ib&#233;rie</Text>
			<Gender>Female</Gender>
			<Plural>0</Plural>
		</French>
		<German>Iberia</German>
		<Italian>Iberia</Italian>
		<Spanish>Iberia</Spanish>
	</TEXT>
	<TEXT>
		<Tag>TXT_KEY_CIV_SPAIN_IBERIAN</Tag>
		<English>Iberian</English>
		<French>
			<Text>ib&#232;re:ib&#232;res:ib&#232;re:ib&#232;res</Text>
			<Gender>Male:Female:Male:Female</Gender>
			<Plural>0:0:1:1</Plural>
		</French>
		<German>
			<Text>Iberische:Iberischen:Iberischen</Text>
			<Gender>Neuter:Neuter:Neuter</Gender>
			<Plural>1:1:1</Plural>
		</German>
		<Italian>
			<Text>Iberici</Text>
			<Gender>Male</Gender>
			<Plural>1</Plural>
		</Italian>
		<Spanish>
			<Text>Ib&#233;ricos</Text>
			<Gender>Male</Gender>
			<Plural>1</Plural>
		</Spanish>
	</TEXT>
	<TEXT>
		<Tag>TXT_KEY_CIV_SPAIN_CROWN_OF</Tag>
		<English>Crown of %s1</English>
		<French>
			<Text>Couronne de %s1</Text>
			<Gender>Female</Gender>
			<Plural>0</Plural>
		</French>
		<German>Crown of %s1</German>
		<Italian>Crown of %s1</Italian>
		<Spanish>Crown of %s1</Spanish>
	</TEXT>
	<TEXT>
		<Tag>TXT_KEY_CIV_SPAIN_ARAGON</Tag>
		<English>Aragon</English>
		<French>
			<Text>Aragon</Text>
			<Gender>Male</Gender>
			<Plural>0</Plural>
		</French>
		<German>Aragon</German>
		<Italian>Aragon</Italian>
		<Spanish>Aragon</Spanish>
	</TEXT>
	<TEXT>
		<Tag>TXT_KEY_CIV_SPAIN_ARAGONESE</Tag>
		<English>Aragonese</English>
		<French>
			<Text>aragonais:aragonais:aragonaise:aragonaises</Text>
			<Gender>Male:Female:Male:Female</Gender>
			<Plural>0:0:1:1</Plural>
		</French>
		<German>Aragonese</German>
		<Italian>Aragonese</Italian>
		<Spanish>Aragonese</Spanish>
	</TEXT>
	<TEXT>
		<Tag>TXT_KEY_CIV_SPANISH_VASSAL</Tag>
		<English>Viceroyalty of %s1</English>
		<French>
			<Text>Vice-royaut&#233; de %s1</Text>
			<Gender>Female</Gender>
			<Plural>0</Plural>
		</French>
		<German>
			<Text>Vizek&#246;nigreich %s1:Vizek&#246;nigreich %s1:Vizek&#246;nigreich %s1</Text>
			<Gender>Neuter:Neuter:Neuter</Gender>
			<Plural>0:0:0</Plural>
		</German>
		<Italian>
			<Text>Vicereame di %s1</Text>
			<Gender>Male</Gender>
			<Plural>0</Plural>
		</Italian>
		<Spanish>
			<Text>Virreinato de %s1</Text>
			<Gender>Male</Gender>
			<Plural>0</Plural>
		</Spanish>
	</TEXT>
	<TEXT>
		<Tag>TXT_KEY_CIV_SPANISH_CARTHAGE</Tag>
		<English>%s2 Lebanon</English>
		<French>
			<Text>Liban %s2</Text>
			<Gender>Male</Gender>
			<Plural>0</Plural>
		</French>
		<German>%s2 Lebanon</German>
		<Italian>%s2 Lebanon</Italian>
		<Spanish>%s2 Lebanon</Spanish>
	</TEXT>
	<TEXT>
		<Tag>TXT_KEY_CIV_SPANISH_ETHIOPIA</Tag>
		<English>%s2 East Africa</English>
		<French>
			<Text>Afrique orientale %s2</Text>
			<Gender>Female</Gender>
			<Plural>0</Plural>
		</French>
		<German>
			<Text>%s2-Ostafrika:%s2-Ostafrika:%s2-Ostafrika</Text>
			<Gender>Neuter:Neuter:Neuter</Gender>
			<Plural>0:0:0</Plural>
		</German>
		<Italian>
			<Text>Africa Orientale %s2</Text>
			<Gender>Female</Gender>
			<Plural>0</Plural>
		</Italian>
		<Spanish>
			<Text>&#193;frica Oriental %s2</Text>
			<Gender>Male</Gender>
			<Plural>0</Plural>
		</Spanish>
	</TEXT>
	<TEXT>
		<Tag>TXT_KEY_CIV_SPANISH_MAYA</Tag>
		<English>Diocesis of Yucat&#225;n</English>
		<French>
			<Text>Dioc&#232;se du Yucat&#225;n</Text>
			<Gender>Male</Gender>
			<Plural>0</Plural>
		</French>
		<German>
			<Text>Di&#246;zese Yucat&#225;n:Di&#246;zese Yucat&#225;n:Di&#246;zese Yuc&#225;tan</Text>
			<Gender>Neuter:Neuter:Neuter</Gender>
			<Plural>0:0:0</Plural>
		</German>
		<Italian>
			<Text>Diocesi dello Yucat&#225;n</Text>
			<Gender>Female</Gender>
			<Plural>0</Plural>
		</Italian>
		<Spanish>
			<Text>Diocesis de Yucat&#225;n</Text>
			<Gender>Female</Gender>
			<Plural>0</Plural>
		</Spanish>
	</TEXT>
	<TEXT>
		<Tag>TXT_KEY_CIV_SPANISH_BYZANTIUM</Tag>
		<English>Latin Empire</English>
		<French>
			<Text>Empire latin d'Orient</Text>
			<Gender>Male</Gender>
			<Plural>0</Plural>
		</French>
		<German>Latin Empire</German>
		<Italian>Latin Empire</Italian>
		<Spanish>Latin Empire</Spanish>
	</TEXT>
	<TEXT>
		<Tag>TXT_KEY_CIV_SPANISH_INDONESIA</Tag>
		<English>%s2 East Indies</English>
		<French>
			<Text>Indes orientales %s2</Text>
			<Gender>Female</Gender>
			<Plural>1</Plural>
		</French>
		<German>%s2 East Indies</German>
		<Italian>%s2 East Indies</Italian>
		<Spanish>%s2 East Indies</Spanish>
	</TEXT>
	<TEXT>
		<Tag>TXT_KEY_CIV_SPANISH_MOORS</Tag>
		<English>%s2 Protectorate of %s1</English>
		<French>
			<Text>Protectorat %s2 du %s1</Text>
			<Gender>Male</Gender>
			<Plural>0</Plural>
		</French>
		<German>
			<Text>%s2 Protektorat %s1:%s2 Protektorat %s1:%s2 Protektorat %s1</Text>
			<Gender>Neuter:Neuter:Neuter</Gender>
			<Plural>0:0:0</Plural>
		</German>
		<Italian>
			<Text>Protettorato %s2 di %s1</Text>
			<Gender>Male</Gender>
			<Plural>0</Plural>
		</Italian>
		<Spanish>
			<Text>Protectorado %s2 de %s1</Text>
			<Gender>Male</Gender>
			<Plural>0</Plural>
		</Spanish>
	</TEXT>
	<TEXT>
		<Tag>TXT_KEY_CIV_SPANISH_FRANCE</Tag>
		<English>Autonomous Community of %s1</English>
		<French>
			<Text>Communaut&#233; autonome de %s1</Text>
			<Gender>Female</Gender>
			<Plural>0</Plural>
		</French>
		<German>
			<Text>Autonome Gemeinschaft %s1:Autonome Gemeinschaft %s1:Autonomen Gemeinschaft %s1</Text>
			<Gender>Female:Female:Female</Gender>
			<Plural>0:0:0</Plural>
		</German>
		<Italian>
			<Text>Comunit&#224; Autonoma del %s1</Text>
			<Gender>Female</Gender>
			<Plural>0</Plural>
		</Italian>
		<Spanish>
			<Text>Comunidad Aut&#243;noma de %s1</Text>
			<Gender>Female</Gender>
			<Plural>0</Plural>
		</Spanish>
	</TEXT>
	<TEXT>
		<Tag>TXT_KEY_CIV_SPANISH_NETHERLANDS</Tag>
		<English>%s2 %s1</English>
		<French>
			<Text>%s1 %s2</Text>
			<Gender>Male</Gender>
			<Plural>1</Plural>
		</French>
		<German>%s2 %s1</German>
		<Italian>%s2 %s1</Italian>
		<Spanish>%s2 %s1</Spanish>
	</TEXT>
	<TEXT>
		<Tag>TXT_KEY_CIV_SPANISH_MALI</Tag>
		<English>%s2 West Africa</English>
		<French>
			<Text>Afrique occidentale %s2</Text>
			<Gender>Female</Gender>
			<Plural>0</Plural>
		</French>
		<German>
			<Text>%s2-Westafrika:%s2-Westafrika:%s2-Westafrika</Text>
			<Gender>Neuter:Neuter:Neuter</Gender>
			<Plural>0:0:0</Plural>
		</German>
		<Italian>
			<Text>Africa Occidentale %s2</Text>
			<Gender>Female</Gender>
			<Plural>0</Plural>
		</Italian>
		<Spanish>
			<Text>&#193;frica Occidental %s2</Text>
			<Gender>Female</Gender>
			<Plural>0</Plural>
		</Spanish>
	</TEXT>
	<TEXT>
		<Tag>TXT_KEY_CIV_SPANISH_PORTUGAL</Tag>
		<English>Autonomous Community of %s1</English>
		<French>
			<Text>Communaut&#233; autonome du %s1</Text>
			<Gender>Female</Gender>
			<Plural>0</Plural>
		</French>
		<German>
			<Text>Autonome Gemeinschaft %s1:Autonome Gemeinschaft %s1:Autonomen Gemeinschaft %s1</Text>
			<Gender>Female:Female:Female</Gender>
			<Plural>0:0:0</Plural>
		</German>
		<Italian>
			<Text>Comunit&#224; Autonoma del %s1</Text>
			<Gender>Female</Gender>
			<Plural>0</Plural>
		</Italian>
		<Spanish>
			<Text>Comunidad Aut&#243;noma de %s1</Text>
			<Gender>Female</Gender>
			<Plural>0</Plural>
		</Spanish>
	</TEXT>
	<TEXT>
		<Tag>TXT_KEY_CIV_SPANISH_AMERICA</Tag>
		<English>Province of New Mexico</English>
		<French>
			<Text>Province du Nouveau-Mexique</Text>
			<Gender>Female</Gender>
			<Plural>0</Plural>
		</French>
		<German>
			<Text>Provinz Neu-Mexiko:Provinz Neu-Mexiko:Provinz Neu-Mexiko</Text>
			<Gender>Female:Female:Female</Gender>
			<Plural>0:0:0</Plural>
		</German>
		<Italian>
			<Text>Provincia del Nuovo Messico</Text>
			<Gender>Female</Gender>
			<Plural>0</Plural>
		</Italian>
		<Spanish>
			<Text>Provincia de M&#233;xico Nuevo</Text>
			<Gender>Female</Gender>
			<Plural>0</Plural>
		</Spanish>
	</TEXT>
	<TEXT>
		<Tag>TXT_KEY_CIV_SPANISH_ARGENTINA</Tag>
		<English>Viceroyalty of the Rio de la Plata</English>
		<French>
			<Text>Vice-royaut&#233; du R&#237;o de la Plata</Text>
			<Gender>Female</Gender>
			<Plural>0</Plural>
		</French>
		<German>Viceroyalty of the Rio de la Plata</German>
		<Italian>Viceroyalty of the Rio de la Plata</Italian>
		<Spanish>Viceroyalty of the Rio de la Plata</Spanish>
	</TEXT>
	<TEXT>
		<Tag>TXT_KEY_CIV_SPANISH_COLOMBIA</Tag>
		<English>Viceroyalty of New Granada</English>
		<French>
			<Text>Vice-royaut&#233; de Nouvelle-Grenade</Text>
			<Gender>Female</Gender>
			<Plural>0</Plural>
		</French>
		<German>Viceroyalty of New Granada</German>
		<Italian>Viceroyalty of New Granada</Italian>
		<Spanish>Viceroyalty of New Granada</Spanish>
	</TEXT>
	<TEXT>
		<Tag>TXT_KEY_CIV_SPANISH_NAME_KHMER</Tag>
		<English>Indochina</English>
		<French>
			<Text>Indochine</Text>
			<Gender>Female</Gender>
			<Plural>0</Plural>
		</French>
		<German>
			<Text>Indochina:Indochina:Indochina</Text>
			<Gender>Neuter:Neuter:Neuter</Gender>
			<Plural>0:0:0</Plural>
		</German>
		<Italian>
			<Text>Indocina</Text>
			<Gender>Male</Gender>
			<Plural>0</Plural>
		</Italian>
		<Spanish>
			<Text>Indochina</Text>
			<Gender>Male</Gender>
			<Plural>0</Plural>
		</Spanish>
	</TEXT>
	<TEXT>
		<Tag>TXT_KEY_CIV_SPANISH_NAME_AZTECS</Tag>
		<English>New Spain</English>
		<French>
			<Text>Nouvelle-Espagne</Text>
			<Gender>Female</Gender>
			<Plural>0</Plural>
		</French>
		<German>New Spain</German>
		<Italian>New Spain</Italian>
		<Spanish>New Spain</Spanish>
	</TEXT>
	<TEXT>
		<Tag>TXT_KEY_CIV_SPANISH_NAME_MUGHALS</Tag>
		<English>West India</English>
		<French>
			<Text>Inde de l'ouest</Text>
			<Gender>Female</Gender>
			<Plural>0</Plural>
		</French>
		<German>West India</German>
		<Italian>West India</Italian>
		<Spanish>West India</Spanish>
	</TEXT>
	<TEXT>
		<Tag>TXT_KEY_CIV_SPAIN_ADJECTIVE</Tag>
		<English>Spanish</English>
		<French>
			<Text>espagnol:espagnole:espagnols:espagnoles</Text>
			<Gender>Male:Female:Male:Female</Gender>
			<Plural>0:0:1:1</Plural>
		</French>
		<German>
			<Text>Spanisch:spanischen:spanische</Text>
			<Gender>Neuter:Neuter:Neuter</Gender>
			<Plural>0:0:0</Plural>
		</German>
		<Italian>
			<Text>spagnolo:spagnola:spagnoli:spagnole</Text>
			<Gender>Male:Female:Male:Female</Gender>
			<Plural>0:0:1:1</Plural>
		</Italian>
		<Spanish>
			<Text>espa&#241;ol:espa&#241;ola:espa&#241;oles:espa&#241;olas</Text>
			<Gender>Male:Female:Male:Female</Gender>
			<Plural>0:0:1:1</Plural>
		</Spanish>
	</TEXT>
	<TEXT>
		<Tag>TXT_KEY_CIV_SPAIN_SHORT_DESC</Tag>
		<English>Spain</English>
		<French>
			<Text>Espagne</Text>
			<Gender>Female</Gender>
			<Plural>0</Plural>
		</French>
		<German>
			<Text>Spanien</Text>
			<Gender>Male</Gender>
			<Plural>0</Plural>
		</German>
		<Italian>
			<Text>Spagna</Text>
			<Gender>Female</Gender>
			<Plural>0</Plural>
		</Italian>
		<Spanish>
			<Text>Espa&#241;a</Text>
			<Gender>Female</Gender>
			<Plural>0</Plural>
		</Spanish>
	</TEXT>
</Civ4GameText>
