<?xml version="1.0" encoding="utf-8"?>
<!-- Tibet -->
<Civ4GameText xmlns="http://www.firaxis.com">
	<TEXT>
		<Tag>TXT_KEY_CIV_TIBET_DESC</Tag>
		<English>The Tibetans</English>
		<French>
			<Text>Les Tib&#233;tains</Text>
			<Gender>Male</Gender>
			<Plural>1</Plural>
		</French>
		<German>The Tibetans</German>
		<Italian>The Tibetans</Italian>
		<Spanish>The Tibetans</Spanish>
	</TEXT>
	<TEXT>
		<Tag>TXT_KEY_CIV_TIBET_PEOPLES</Tag>
		<English>Tibetan Peoples</English>
		<French>
			<Text>Peuplades tib&#233;taines</Text>
			<Gender>Female</Gender>
			<Plural>1</Plural>
		</French>
		<German>Tibetan Peoples</German>
		<Italian>Tibetan Peoples</Italian>
		<Spanish>Tibetan Peoples</Spanish>
	</TEXT>
	<TEXT>
		<Tag>TXT_KEY_CIV_TIBET_DEFAULT</Tag>
		<English>Kingdom of %s1</English>
		<French>
			<Text>Royaume du %s1</Text>
			<Gender>Male</Gender>
			<Plural>0</Plural>
		</French>
		<German>
			<Text>K&#246;nigreich %s1:K&#246;nigreich %s1:K&#246;nigreich %s1</Text>
			<Gender>Neuter:Neuter:Neuter</Gender>
			<Plural>0:0:0</Plural>
		</German>
		<Italian>
			<Text>Regno del %s1</Text>
			<Gender>Male</Gender>
			<Plural>0</Plural>
		</Italian>
		<Spanish>
			<Text>Reino de %s1</Text>
			<Gender>Male</Gender>
			<Plural>0</Plural>
		</Spanish>
	</TEXT>
	<TEXT>
		<Tag>TXT_KEY_CIV_TIBET_FASCIST</Tag>
		<English>%s2 Empire</English>
		<French>
			<Text>Empire %s2</Text>
			<Gender>Male</Gender>
			<Plural>0</Plural>
		</French>
		<German>
			<Text>%s2 Reich:%s2 Reich:%s2 Reich</Text>
			<Gender>Neuter:Neuter:Neuter</Gender>
			<Plural>0:0:0</Plural>
		</German>
		<Italian>
			<Text>Impero %s2</Text>
			<Gender>Male</Gender>
			<Plural>0</Plural>
		</Italian>
		<Spanish>
			<Text>Imperio %s2</Text>
			<Gender>Male</Gender>
			<Plural>0</Plural>
		</Spanish>
	</TEXT>
	<TEXT>
		<Tag>TXT_KEY_CIV_TIBET_ADJECTIVE</Tag>
		<English>Tibetan</English>
		<French>
			<Text>tib&#233;tain:tib&#233;taine:tib&#233;tains:tib&#233;taines</Text>
			<Gender>Male:Female:Male:Female</Gender>
			<Plural>0:0:1:1</Plural>
		</French>
		<German>Tibetan</German>
		<Italian>Tibetan</Italian>
		<Spanish>Tibetan</Spanish>
	</TEXT>
	<TEXT>
		<Tag>TXT_KEY_CIV_TIBET_SHORT_DESC</Tag>
		<English>Tibet</English>
		<French>
			<Text>Tibet</Text>
			<Gender>Male</Gender>
			<Plural>0</Plural>
		</French>
		<German>Tibet</German>
		<Italian>Tibet</Italian>
		<Spanish>Tibet</Spanish>
	</TEXT>
	<TEXT>
		<Tag>TXT_KEY_CIV_TIBETAN_VASSAL</Tag>
		<English>Khrom of %s3</English>
		<French>
			<Text>Khrom de %s3</Text>
			<Gender>Male</Gender>
			<Plural>0</Plural>
		</French>
		<German>Khrom of %s3</German>
		<Italian>Khrom of %s3</Italian>
		<Spanish>Khrom of %s3</Spanish>
	</TEXT>
	<TEXT>
		<Tag>TXT_KEY_CIV_TIBETAN_NAME_CHINA</Tag>
		<English>Gyanak</English>
		<French>Gyanak</French>
		<German>Gyanak</German>
		<Italian>Gyanak</Italian>
		<Spanish>Gyanak</Spanish>
	</TEXT>
	<TEXT>
		<Tag>TXT_KEY_CIV_TIBETAN_NAME_INDIA</Tag>
		<English>Gyakar</English>
		<French>Gyakar</French>
		<German>Gyakar</German>
		<Italian>Gyakar</Italian>
		<Spanish>Gyakar</Spanish>
	</TEXT>
	<TEXT>
		<Tag>TXT_KEY_CIV_TIBETAN_NAME_TURKS</Tag>
		<English>Liyul</English>
		<French>Liyul</French>
		<German>Liyul</German>
		<Italian>Liyul</Italian>
		<Spanish>Liyul</Spanish>
	</TEXT>
	<TEXT>
		<Tag>TXT_KEY_CIV_TIBETAN_NAME_MONGOLIA</Tag>
		<English>Me Hor</English>
		<French>Me Hor</French>
		<German>Me Hor</German>
		<Italian>Me Hor</Italian>
		<Spanish>Me Hor</Spanish>
	</TEXT>
</Civ4GameText>
