<?xml version="1.0" encoding="utf-8"?>
<!-- France -->
<Civ4GameText xmlns="http://www.firaxis.com">
	<TEXT>
		<Tag>TXT_KEY_CIV_FRANCE_DESC</Tag>
		<English>The French</English>
		<French>
			<Text>Les Fran&#231;ais</Text>
			<Gender>Male</Gender>
			<Plural>1</Plural>
		</French>
		<German>
			<Text>Franzosen:Die Franzosen:den Franzosen</Text>
			<Gender>Neuter:Neuter:Neuter</Gender>
			<Plural>1:1:1</Plural>
		</German>
		<Italian>
			<Text>I Francesi</Text>
			<Gender>Male</Gender>
			<Plural>1</Plural>
		</Italian>
		<Spanish>
			<Text>Los Franc&#233;ses</Text>
			<Gender>Male</Gender>
			<Plural>1</Plural>
		</Spanish>
	</TEXT>
	<TEXT>
		<Tag>TXT_KEY_CIV_FRANCE_PEOPLES</Tag>
		<English>Frankish Peoples</English>
		<French>
			<Text>Peuplades franques</Text>
			<Gender>Female</Gender>
			<Plural>1</Plural>
		</French>
		<German>
			<Text>Fr&#228;nkische V&#246;lker:Fr&#228;nkischen V&#246;lker:Fr&#228;nkischen V&#246;lkern</Text>
			<Gender>Neuter:Neuter:Neuter</Gender>
			<Plural>1:1:1</Plural>
		</German>
		<Italian>
			<Text>Popoli Franchi</Text>
			<Gender>Male</Gender>
			<Plural>1</Plural>
		</Italian>
		<Spanish>
			<Text>Pueblos Francos</Text>
			<Gender>Male</Gender>
			<Plural>1</Plural>
		</Spanish>
	</TEXT>
	<TEXT>
		<Tag>TXT_KEY_CIV_FRANCE_DEFAULT</Tag>
		<English>Kingdom of %s1</English>
		<French>
			<Text>Royaume de %s1</Text>
			<Gender>Male</Gender>
			<Plural>0</Plural>
		</French>
		<German>
			<Text>K&#246;nigreich %s1:K&#246;nigreich %s1:K&#246;nigreich %s1</Text>
			<Gender>Neuter:Neuter:Neuter</Gender>
			<Plural>0:0:0</Plural>
		</German>
		<Italian>
			<Text>Regno del %s1</Text>
			<Gender>Male</Gender>
			<Plural>0</Plural>
		</Italian>
		<Spanish>
			<Text>Reino de %s1</Text>
			<Gender>Male</Gender>
			<Plural>0</Plural>
		</Spanish>
	</TEXT>
	<TEXT>
		<Tag>TXT_KEY_CIV_FRANCE_COMMUNIST</Tag>
		<English>%s2 Commune</English>
		<French>
			<Text>%s2 de la Commune</Text>
			<Gender>Female</Gender>
			<Plural>0</Plural>
		</French>
		<German>
			<Text>%s2 Kommune:%s2 Kommune:%s2 Kommune</Text>
			<Gender>Female:Female:Female</Gender>
			<Plural>0:0:0</Plural>
		</German>
		<Italian>
			<Text>Commune %s2</Text>
			<Gender>Female</Gender>
			<Plural>0</Plural>
		</Italian>
		<Spanish>
			<Text>Comuna %s2</Text>
			<Gender>Female</Gender>
			<Plural>0</Plural>
		</Spanish>
	</TEXT>
	<TEXT>
		<Tag>TXT_KEY_CIV_FRANCE_FASCIST</Tag>
		<English>%s2 State</English>
		<French>
			<Text>&#201;tat %s2</Text>
			<Gender>Male</Gender>
			<Plural>0</Plural>
		</French>
		<German>
			<Text>%s2 Staat:%s2 Staat:%s2 Staat</Text>
			<Gender>Male:Male:Male</Gender>
			<Plural>0:0:0</Plural>
		</German>
		<Italian>
			<Text>Stato %s2</Text>
			<Gender>Female</Gender>
			<Plural>0</Plural>
		</Italian>
		<Spanish>
			<Text>Estado %s2</Text>
			<Gender>Male</Gender>
			<Plural>0</Plural>
		</Spanish>
	</TEXT>
	<TEXT>
		<Tag>TXT_KEY_CIV_FRANCE_FRANCIA</Tag>
		<English>Francia</English>
		<French>
			<Text>Francie</Text>
			<Gender>Female</Gender>
			<Plural>0</Plural>
		</French>
		<German>Francia</German>
		<Italian>Francia</Italian>
		<Spanish>Francia</Spanish>
	</TEXT>
	<TEXT>
		<Tag>TXT_KEY_CIV_FRANCE_FRANKISH</Tag>
		<English>Frankish</English>
		<French>
			<Text>franc:franque:francs:franques</Text>
			<Gender>Male:Female:Male:Female</Gender>
			<Plural>0:0:1:1</Plural>
		</French>
		<German>Frankish</German>
		<Italian>Frankish</Italian>
		<Spanish>Frankish</Spanish>
	</TEXT>
	<TEXT>
		<Tag>TXT_KEY_CIV_FRANCE_EXILE</Tag>
		<English>Free %s1</English>
		<French>
			<Text>France libre</Text>
			<Gender>Female</Gender>
			<Plural>0</Plural>
		</French>
		<German>Free %s1</German>
		<Italian>Free %s1</Italian>
		<Spanish>Free %s1</Spanish>
	</TEXT>
	<TEXT>
		<Tag>TXT_KEY_CIV_FRANCE_LOUISIANA</Tag>
		<English>Louisiana</English>
		<French>
			<Text>Louisiane</Text>
			<Gender>Female</Gender>
			<Plural>0</Plural>
		</French>
		<German>Louisiana</German>
		<Italian>Louisiana</Italian>
		<Spanish>Louisiana</Spanish>
	</TEXT>
	<TEXT>
		<Tag>TXT_KEY_CIV_FRANCE_QUEBEC</Tag>
		<English>Qu&#233;bec</English>
		<French>
			<Text>Qu&#233;bec</Text>
			<Gender>Male</Gender>
			<Plural>0</Plural>
		</French>
		<German>Qu&#233;bec</German>
		<Italian>Qu&#233;bec</Italian>
		<Spanish>Qu&#233;bec</Spanish>
	</TEXT>
	<TEXT>
		<Tag>TXT_KEY_CIV_FRENCH_BABYLONIA</Tag>
		<English>French Mandate of Mesopotamia</English>
		<French>
			<Text>Mandat fran&#231;ais de M&#233;sopotamie</Text>
			<Gender>Male</Gender>
			<Plural>0</Plural>
		</French>
		<German>French Mandate of Mesopotamia</German>
		<Italian>French Mandate of Mesopotamia</Italian>
		<Spanish>French Mandate of Mesopotamia</Spanish>
	</TEXT>
	<TEXT>
		<Tag>TXT_KEY_CIV_FRANCE_DEPARTEMENTS_OF</Tag>
		<English>D&#233;partements of %s1</English>
		<French>
			<Text>D&#233;partements de %s1</Text>
			<Gender>Male</Gender>
			<Plural>1</Plural>
		</French>
		<German>D&#233;partements of %s1</German>
		<Italian>D&#233;partements of %s1</Italian>
		<Spanish>D&#233;partements of %s1</Spanish>
	</TEXT>
	<TEXT>
		<Tag>TXT_KEY_CIV_FRENCH_PHOENICIA</Tag>
		<English>French Mandate of Lebanon</English>
		<French>
			<Text>Mandat fran&#231;ais sur le Liban</Text>
			<Gender>Male</Gender>
			<Plural>0</Plural>
		</French>
		<German>French Mandate of Lebanon</German>
		<Italian>French Mandate of Lebanon</Italian>
		<Spanish>French Mandate of Lebanon</Spanish>
	</TEXT>
	<TEXT>
		<Tag>TXT_KEY_CIV_FRENCH_ITALY</Tag>
		<English>Cisalpine Republic</English>
		<French>
			<Text>R&#233;publique cisalpine</Text>
			<Gender>Female</Gender>
			<Plural>0</Plural>
		</French>
		<German>Cisalpine Republic</German>
		<Italian>Cisalpine Republic</Italian>
		<Spanish>Cisalpine Republic</Spanish>
	</TEXT>
	<TEXT>
		<Tag>TXT_KEY_CIV_FRENCH_ETHIOPIA</Tag>
		<English>%s2 East Africa</English>
		<French>
			<Text>Afrique-Orientale %s2</Text>
			<Gender>Female</Gender>
			<Plural>0</Plural>
		</French>
		<German>
			<Text>%s2-Ostafrika:%s2-Ostafrika:%s2-Ostafrika</Text>
			<Gender>Neuter:Neuter:Neuter</Gender>
			<Plural>0:0:0</Plural>
		</German>
		<Italian>
			<Text>Africa Orientale %s2</Text>
			<Gender>Female</Gender>
			<Plural>0</Plural>
		</Italian>
		<Spanish>
			<Text>&#193;frica Oriental %s2</Text>
			<Gender>Male</Gender>
			<Plural>0</Plural>
		</Spanish>
	</TEXT>
	<TEXT>
		<Tag>TXT_KEY_CIV_FRENCH_BYZANTIUM</Tag>
		<English>Latin Empire</English>
		<French>
			<Text>Empire latin d'Orient</Text>
			<Gender>Male</Gender>
			<Plural>0</Plural>
		</French>
		<German>Latin Empire</German>
		<Italian>Latin Empire</Italian>
		<Spanish>Latin Empire</Spanish>
	</TEXT>
	<TEXT>
		<Tag>TXT_KEY_CIV_FRENCH_ENGLAND</Tag>
		<English>Duchy of Normandy</English>
		<French>
			<Text>Duch&#233; de Normandie</Text>
			<Gender>Male</Gender>
			<Plural>0</Plural>
		</French>
		<German>Duchy of Normandy</German>
		<Italian>Duchy of Normandy</Italian>
		<Spanish>Duchy of Normandy</Spanish>
	</TEXT>
	<TEXT>
		<Tag>TXT_KEY_CIV_FRENCH_SPAIN</Tag>
		<English>Spanish March</English>
		<French>
			<Text>Marche d'Espagne</Text>
			<Gender>Female</Gender>
			<Plural>0</Plural>
		</French>
		<German>Spanish March</German>
		<Italian>Spanish March</Italian>
		<Spanish>Spanish March</Spanish>
	</TEXT>
	<TEXT>
		<Tag>TXT_KEY_CIV_FRENCH_HOLY_ROME</Tag>
		<English>Confederation of the Rhine</English>
		<French>
			<Text>Conf&#233;d&#233;ration du Rhin</Text>
			<Gender>Female</Gender>
			<Plural>0</Plural>
		</French>
		<German>
			<Text>Rheinbund:Rheinbund:Rheinbund</Text>
			<Gender>Male:Male:Male</Gender>
			<Plural>0:0:0</Plural>
		</German>
		<Italian>
			<Text>Confederazione del Reno</Text>
			<Gender>Male</Gender>
			<Plural>0</Plural>
		</Italian>
		<Spanish>
			<Text>Confederaci&#243;n del Rin</Text>
			<Gender>Female</Gender>
			<Plural>0</Plural>
		</Spanish>
	</TEXT>
	<TEXT>
		<Tag>TXT_KEY_CIV_FRENCH_NETHERLANDS</Tag>
		<English>Batavian Republic</English>
		<French>
			<Text>R&#233;publique batave</Text>
			<Gender>Female</Gender>
			<Plural>0</Plural>
		</French>
		<German>Batavian Republic</German>
		<Italian>Batavian Republic</Italian>
		<Spanish>Batavian Republic</Spanish>
	</TEXT>
	<TEXT>
		<Tag>TXT_KEY_CIV_FRENCH_MALI</Tag>
		<English>%s2 West Africa</English>
		<French>
			<Text>Afrique-Occidentale %s2</Text>
			<Gender>Female</Gender>
			<Plural>0</Plural>
		</French>
		<German>
			<Text>%s2-Westafrika:%s2-Westafrika:%s2-Westafrika</Text>
			<Gender>Neuter:Neuter:Neuter</Gender>
			<Plural>0:0:0</Plural>
		</German>
		<Italian>
			<Text>Africa Occidentale %s2</Text>
			<Gender>Female</Gender>
			<Plural>0</Plural>
		</Italian>
		<Spanish>
			<Text>&#193;frica Occidental %s2</Text>
			<Gender>Female</Gender>
			<Plural>0</Plural>
		</Spanish>
	</TEXT>
	<TEXT>
		<Tag>TXT_KEY_CIV_FRENCH_POLAND</Tag>
		<English>Duchy of Warsaw</English>
		<French>
			<Text>Duch&#233; de Varsovie</Text>
			<Gender>Male</Gender>
			<Plural>0</Plural>
		</French>
		<German>Duchy of Warsaw</German>
		<Italian>Duchy of Warsaw</Italian>
		<Spanish>Duchy of Warsaw</Spanish>
	</TEXT>
	<TEXT>
		<Tag>TXT_KEY_CIV_FRENCH_INCA</Tag>
		<English>Andean France</English>
		<French>
			<Text>France andine</Text>
			<Gender>Female</Gender>
			<Plural>0</Plural>
		</French>
		<German>
			<Text>Franz&#246;sisch-Anden:Franz&#246;sisch-Anden:Franz&#246;sisch-Anden</Text>
			<Gender>Female:Female:Female</Gender>
			<Plural>1:1:1</Plural>
		</German>
		<Italian>
			<Text>Francia Andina</Text>
			<Gender>Female</Gender>
			<Plural>0</Plural>
		</Italian>
		<Spanish>
			<Text>Francia Andina</Text>
			<Gender>Female</Gender>
			<Plural>0</Plural>
		</Spanish>
	</TEXT>
	<TEXT>
		<Tag>TXT_KEY_CIV_FRENCH_AZTECS</Tag>
		<English>Mesoamerican France</English>
		<French>
			<Text>M&#233;soam&#233;rique fran&#231;aise</Text>
			<Gender>Female</Gender>
			<Plural>0</Plural>
		</French>
		<German>
			<Text>Franz&#246;sisch-Mittelamerika:Franz&#246;sich-Mittelamerika:Franz&#246;sisch-Mittelamerika</Text>
			<Gender>Neuter:Neuter:Neuter</Gender>
			<Plural>0:0:0</Plural>
		</German>
		<Italian>
			<Text>Francia Mesoamericana</Text>
			<Gender>Female</Gender>
			<Plural>0</Plural>
		</Italian>
		<Spanish>
			<Text>Francia Mesoamericana</Text>
			<Gender>Female</Gender>
			<Plural>0</Plural>
		</Spanish>
	</TEXT>
	<TEXT>
		<Tag>TXT_KEY_CIV_FRENCH_AMERICA</Tag>
		<English>New France</English>
		<French>
			<Text>Nouvelle-France</Text>
			<Gender>Female</Gender>
			<Plural>0</Plural>
		</French>
		<German>
			<Text>Neu-Frankreich:Neu-Frankreich:Neu-Frankreich</Text>
			<Gender>Neuter:Neuter:Neuter</Gender>
			<Plural>0:0:0</Plural>
		</German>
		<Italian>
			<Text>Nuova Francia</Text>
			<Gender>Female</Gender>
			<Plural>0</Plural>
		</Italian>
		<Spanish>
			<Text>Nueva Francia</Text>
			<Gender>Female</Gender>
			<Plural>0</Plural>
		</Spanish>
	</TEXT>
	<TEXT>
		<Tag>TXT_KEY_CIV_FRENCH_NAME_KHMER</Tag>
		<English>Indochina</English>
		<French>
			<Text>Indochine</Text>
			<Gender>Female</Gender>
			<Plural>0</Plural>
		</French>
		<German>
			<Text>Indochina:Indochina:Indochina</Text>
			<Gender>Neuter:Neuter:Neuter</Gender>
			<Plural>0:0:0</Plural>
		</German>
		<Italian>
			<Text>Indocina</Text>
			<Gender>Male</Gender>
			<Plural>0</Plural>
		</Italian>
		<Spanish>
			<Text>Indochina</Text>
			<Gender>Male</Gender>
			<Plural>0</Plural>
		</Spanish>
	</TEXT>
	<TEXT>
		<Tag>TXT_KEY_CIV_FRENCH_NAME_MUGHALS</Tag>
		<English>West India</English>
		<French>
			<Text>Inde de l'ouest</Text>
			<Gender>Female</Gender>
			<Plural>0</Plural>
		</French>
		<German>West India</German>
		<Italian>West India</Italian>
		<Spanish>West India</Spanish>
	</TEXT>
	<TEXT>
		<Tag>TXT_KEY_CIV_FRENCH_CONGO</Tag>
		<English>%s2 Equatorial Africa</English>
		<French>
			<Text>Afrique-&#201;quatoriale %s2</Text>
			<Gender>Female</Gender>
			<Plural>0</Plural>
		</French>
		<German>%s2 Equatorial Africa</German>
		<Italian>%s2 Equatorial Africa</Italian>
		<Spanish>%s2 Equatorial Africa</Spanish>
	</TEXT>
	<TEXT>
		<Tag>TXT_KEY_CIV_FRANCE_ADJECTIVE</Tag>
		<English>French</English>
		<French>
			<Text>fran&#231;ais:fran&#231;aise:fran&#231;ais:fran&#231;aises</Text>
			<Gender>Male:Female:Male:Female</Gender>
			<Plural>0:0:1:1</Plural>
		</French>
		<German>
			<Text>Franz&#246;sisch:franz&#246;sischen:franz&#246;sische</Text>
			<Gender>Neuter:Neuter:Neuter</Gender>
			<Plural>0:0:0</Plural>
		</German>
		<Italian>
			<Text>francese:francese:francesi:francesi</Text>
			<Gender>Male:Female:Male:Female</Gender>
			<Plural>0:0:1:1</Plural>
		</Italian>
		<Spanish>
			<Text>franc&#233;s:francesa:franceses:francesas</Text>
			<Gender>Male:Female:Male:Female</Gender>
			<Plural>0:0:1:1</Plural>
		</Spanish>
	</TEXT>
	<TEXT>
		<Tag>TXT_KEY_CIV_FRANCE_SHORT_DESC</Tag>
		<English>France</English>
		<French>
			<Text>France</Text>
			<Gender>Female</Gender>
			<Plural>0</Plural>
		</French>
		<German>
			<Text>Frankreich</Text>
			<Gender>Male</Gender>
			<Plural>0</Plural>
		</German>
		<Italian>
			<Text>Francia</Text>
			<Gender>Female</Gender>
			<Plural>0</Plural>
		</Italian>
		<Spanish>
			<Text>Francia</Text>
			<Gender>Female</Gender>
			<Plural>0</Plural>
		</Spanish>
	</TEXT>
</Civ4GameText>
