<?xml version="1.0" encoding="utf-8"?>
<!-- Mexico -->
<Civ4GameText xmlns="http://www.firaxis.com">
	<TEXT>
		<Tag>TXT_KEY_CIV_MEXICO_DESC</Tag>
		<English>The Mexicans</English>
		<French>
			<Text>Les Mexicains</Text>
			<Gender>Male</Gender>
			<Plural>1</Plural>
		</French>
		<German>The Mexicans</German>
		<Italian>The Mexicans</Italian>
		<Spanish>The Mexicans</Spanish>
	</TEXT>
	<TEXT>
		<Tag>TXT_KEY_CIV_MEXICO_SHORT_DESC</Tag>
		<English>Mexico</English>
		<French>
			<Text>Mexique</Text>
			<Gender>Male</Gender>
			<Plural>0</Plural>
		</French>
		<German>Mexiko</German>
		<Italian>
			<Text>Messico</Text>
			<Gender>Male</Gender>
			<Plural>0</Plural>
		</Italian>
		<Spanish>
			<Text>M&#233;xico</Text>
			<Gender>Male</Gender>
			<Plural>0</Plural>
		</Spanish>
	</TEXT>
	<TEXT>
		<Tag>TXT_KEY_CIV_MEXICO_ADJECTIVE</Tag>
		<English>Mexican</English>
		<French>
			<Text>mexicain:mexicaine:mexicains:mexicaines</Text>
			<Gender>Male:Female:Male:Female</Gender>
			<Plural>0:0:1:1</Plural>
		</French>
		<German>Mexican</German>
		<Italian>
			<Text>Messicani</Text>
			<Gender>Male</Gender>
			<Plural>1</Plural>
		</Italian>
		<Spanish>
			<Text>Mexicanos</Text>
			<Gender>Male</Gender>
			<Plural>1</Plural>
		</Spanish>
	</TEXT>
	<TEXT>
		<Tag>TXT_KEY_CIV_MEXICO_PEOPLES</Tag>
		<English>Mexican Peoples</English>
		<French>
			<Text>Peuplades mexicaines</Text>
			<Gender>Female</Gender>
			<Plural>1</Plural>
		</French>
		<German>Mexican Peoples</German>
		<Italian>Mexican Peoples</Italian>
		<Spanish>Mexican Peoples</Spanish>
	</TEXT>
	<TEXT>
		<Tag>TXT_KEY_CIV_MEXICO_DEFAULT</Tag>
		<English>Kingdom of %s1</English>
		<French>
			<Text>Royaume du %s1</Text>
			<Gender>Male</Gender>
			<Plural>0</Plural>
		</French>
		<German>
			<Text>K&#246;nigreich %s1:K&#246;nigreich %s1:K&#246;nigreich %s1</Text>
			<Gender>Neuter:Neuter:Neuter</Gender>
			<Plural>0:0:0</Plural>
		</German>
		<Italian>
			<Text>Regno del %s1</Text>
			<Gender>Male</Gender>
			<Plural>0</Plural>
		</Italian>
		<Spanish>
			<Text>Reino de %s1</Text>
			<Gender>Male</Gender>
			<Plural>0</Plural>
		</Spanish>
	</TEXT>
	<TEXT>
		<Tag>TXT_KEY_CIV_MEXICO_REPUBLIC</Tag>
		<English>United %s2 States</English>
		<French>
			<Text>&#201;tats-Unis %s2</Text>
			<Gender>Male</Gender>
			<Plural>1</Plural>
		</French>
		<German>
			<Text>Vereinigte %s2 Staaten:Vereinigten %s2 Staaten:Vereinigten %s2 Staaten</Text>
			<Gender>Male:Male:Male</Gender>
			<Plural>1:1:1</Plural>
		</German>
		<Italian>
			<Text>Stati Uniti %s2</Text>
			<Gender>Male</Gender>
			<Plural>1</Plural>
		</Italian>
		<Spanish>
			<Text>Estados Unidos %s2</Text>
			<Gender>Male</Gender>
			<Plural>1</Plural>
		</Spanish>
	</TEXT>
	<TEXT>
		<Tag>TXT_KEY_CIV_MEXICO_COMMUNIST</Tag>
		<English>Anti-Reelectionist %s1</English>
		<French>
			<Text>%s1 anti-r&#233;&#233;lectionniste</Text>
			<Gender>Male</Gender>
			<Plural>0</Plural>
		</French>
		<German>
			<Text>Anti-Wiederwahl %s1:Anti-Wiederwahl %s1:Anti-Wiederwahl %s1</Text>
			<Gender>Neuter:Neuter:Neuter</Gender>
			<Plural>0:0:0</Plural>
		</German>
		<Italian>
			<Text>%s1 Anti-Rielezionista</Text>
			<Gender>Male</Gender>
			<Plural>0</Plural>
		</Italian>
		<Spanish>
			<Text>%s1 Antirreleccionista</Text>
			<Gender>Male</Gender>
			<Plural>0</Plural>
		</Spanish>
	</TEXT>
	<TEXT>
		<Tag>TXT_KEY_CIV_MEXICO_FASCIST</Tag>
		<English>Synarchist Union of %s1</English>
		<French>
			<Text>Union synarchique du %s1</Text>
			<Gender>Female</Gender>
			<Plural>0</Plural>
		</French>
		<German>Synarchist Union of %s1</German>
		<Italian>Synarchist Union of %s1</Italian>
		<Spanish>Synarchist Union of %s1</Spanish>
	</TEXT>
</Civ4GameText>
