<?xml version="1.0" encoding="utf-8"?>
<!-- Inca -->
<Civ4GameText xmlns="http://www.firaxis.com">
	<TEXT>
		<Tag>TXT_KEY_CIV_INCA_DESC</Tag>
		<English>The Inca</English>
		<French>
			<Text>Les Incas</Text>
			<Gender>Male</Gender>
			<Plural>1</Plural>
		</French>
		<German>
			<Text>Inka:Die Inka:den Inkas</Text>
			<Gender>Male:Male:Male</Gender>
			<Plural>1:1:1</Plural>
		</German>
		<Italian>
			<Text>Gli Inca</Text>
			<Gender>Male</Gender>
			<Plural>1</Plural>
		</Italian>
		<Spanish>
			<Text>Los Incas</Text>
			<Gender>Male</Gender>
			<Plural>1</Plural>
		</Spanish>
	</TEXT>
	<TEXT>
		<Tag>TXT_KEY_CIV_INCA_PEOPLES</Tag>
		<English>Andean Peoples</English>
		<French>
			<Text>Peuplades andines</Text>
			<Gender>Female</Gender>
			<Plural>1</Plural>
		</French>
		<German>
			<Text>Andenv&#246;lker:Andenv&#246;lker:Andenv&#246;lkern</Text>
			<Gender>Female:Female:Female</Gender>
			<Plural>1:1:1</Plural>
		</German>
		<Italian>
			<Text>Popoli Andini</Text>
			<Gender>Male</Gender>
			<Plural>1</Plural>
		</Italian>
		<Spanish>
			<Text>Pueblos Andinos</Text>
			<Gender>Male</Gender>
			<Plural>1</Plural>
		</Spanish>
	</TEXT>
	<TEXT>
		<Tag>TXT_KEY_CIV_INCA_DEFAULT</Tag>
		<English>Kingdom of %s1</English>
		<French>
			<Text>Royaume de %s1</Text>
			<Gender>Male</Gender>
			<Plural>0</Plural>
		</French>
		<German>
			<Text>K&#246;nigreich %s1:K&#246;nigreich %s1:K&#246;nigreich %s1</Text>
			<Gender>Neuter:Neuter:Neuter</Gender>
			<Plural>0:0:0</Plural>
		</German>
		<Italian>
			<Text>Regno del %s1</Text>
			<Gender>Male</Gender>
			<Plural>0</Plural>
		</Italian>
		<Spanish>
			<Text>Reino de %s1</Text>
			<Gender>Male</Gender>
			<Plural>0</Plural>
		</Spanish>
	</TEXT>
	<TEXT>
		<Tag>TXT_KEY_CIV_INCA_COMMUNIST</Tag>
		<English>%s2 Revolutionary Movement</English>
		<French>
			<Text>Mouvement r&#233;volutionnaire %s2</Text>
			<Gender>Male</Gender>
			<Plural>0</Plural>
		</French>
		<German>
			<Text>Revolution&#228;re Bewegung der %s2:Revolution&#228;re Bewegung der %s2:Revolution&#228;ren Bewegung der %s2</Text>
			<Gender>Female:Female:Female</Gender>
			<Plural>0:0:0</Plural>
		</German>
		<Italian>
			<Text>Movimento Rivoluzionario %s2</Text>
			<Gender>Male</Gender>
			<Plural>0</Plural>
		</Italian>
		<Spanish>
			<Text>Movimiento Revolucionario %s2</Text>
			<Gender>Female</Gender>
			<Plural>0</Plural>
		</Spanish>
	</TEXT>
	<TEXT>
		<Tag>TXT_KEY_CIV_INCA_FASCIST</Tag>
		<English>Revolutionary Union of %s1</English>
		<French>
			<Text>Union r&#233;volutionnaire %s2</Text>
			<Gender>Female</Gender>
			<Plural>0</Plural>
		</French>
		<German>Revolutionary Union of %s1</German>
		<Italian>Revolutionary Union of %s1</Italian>
		<Spanish>Revolutionary Union of %s1</Spanish>
	</TEXT>
	<TEXT>
		<Tag>TXT_KEY_CIV_PERU_DEFAULT</Tag>
		<English>Kingdom of %s1</English>
		<French>
			<Text>Royaume du %s1</Text>
			<Gender>Male</Gender>
			<Plural>0</Plural>
		</French>
		<German>
			<Text>K&#246;nigreich %s1:K&#246;nigreich %s1:K&#246;nigreich %s1</Text>
			<Gender>Neuter:Neuter:Neuter</Gender>
			<Plural>0:0:0</Plural>
		</German>
		<Italian>
			<Text>Regno del %s1</Text>
			<Gender>Male</Gender>
			<Plural>0</Plural>
		</Italian>
		<Spanish>
			<Text>Reino de %s1</Text>
			<Gender>Male</Gender>
			<Plural>0</Plural>
		</Spanish>
	</TEXT>
	<TEXT>
		<Tag>TXT_KEY_CIV_PERU_COMMUNIST</Tag>
		<English>%s2 Revolutionary Movement</English>
		<French>
			<Text>Mouvement r&#233;volutionnaire %s2</Text>
			<Gender>Male</Gender>
			<Plural>0</Plural>
		</French>
		<German>
			<Text>Revolution&#228;re Bewegung der %s2:Revolution&#228;re Bewegung der %s2:Revolution&#228;ren Bewegung der %s2</Text>
			<Gender>Female:Female:Female</Gender>
			<Plural>0:0:0</Plural>
		</German>
		<Italian>
			<Text>Movimento Rivoluzionario %s2</Text>
			<Gender>Male</Gender>
			<Plural>0</Plural>
		</Italian>
		<Spanish>
			<Text>Movimiento Revolucionario %s2</Text>
			<Gender>Female</Gender>
			<Plural>0</Plural>
		</Spanish>
	</TEXT>
	<TEXT>
		<Tag>TXT_KEY_CIV_PERU_FASCIST</Tag>
		<English>Government of the %s2 Armed Forces</English>
		<French>
			<Text>Gouvernement des Forces arm&#233;es %s2</Text>
			<Gender>Male</Gender>
			<Plural>0</Plural>
		</French>
		<German>
			<Text>Regierung der %s2-Streitkr&#228;fte:Regierung der %s2-Streitkr&#228;fte:Regierung der %s2-Streitkr&#228;fte</Text>
			<Gender>Female:Female:Female</Gender>
			<Plural>1:1:1</Plural>
		</German>
		<Italian>
			<Text>Governo delle Forze Armate %s2</Text>
			<Gender>Male</Gender>
			<Plural>0</Plural>
		</Italian>
		<Spanish>
			<Text>Gobierno de las Fuerzas Armadas %s2</Text>
			<Gender>Male</Gender>
			<Plural>0</Plural>
		</Spanish>
	</TEXT>
	<TEXT>
		<Tag>TXT_KEY_CIV_PERU_SHORT_DESC</Tag>
		<English>Peru</English>
		<French>
			<Text>P&#233;rou</Text>
			<Gender>Male</Gender>
			<Plural>0</Plural>
		</French>
		<German>Peru</German>
		<Italian>Peru</Italian>
		<Spanish>Peru</Spanish>
	</TEXT>
	<TEXT>
		<Tag>TXT_KEY_CIV_PERU_ADJECTIVE</Tag>
		<English>Peruvian</English>
		<French>
			<Text>p&#233;ruvien:p&#233;ruvienne:p&#233;ruviens:p&#233;ruviennes</Text>
			<Gender>Male:Female:Male:Female</Gender>
			<Plural>0:0:1:1</Plural>
		</French>
		<German>Peruvian</German>
		<Italian>Peruvian</Italian>
		<Spanish>Peruvian</Spanish>
	</TEXT>
	<TEXT>
		<Tag>TXT_KEY_CIV_INCA_FOUR_REGIONS</Tag>
		<English>Four %s2 Regions</English>
		<French>
			<Text>Quatres R&#233;gions %s2</Text>
			<Gender>Female</Gender>
			<Plural>1</Plural>
		</French>
		<German>
			<Text>Vier %s2regionen:Vier %s2regionen:Vier %s2regionen</Text>
			<Gender>Female:Female:Female</Gender>
			<Plural>1:1:1</Plural>
		</German>
		<Italian>
			<Text>Quattro Regioni %s2</Text>
			<Gender>Female</Gender>
			<Plural>1</Plural>
		</Italian>
		<Spanish>
			<Text>Cuatro Regiones %s2</Text>
			<Gender>Female</Gender>
			<Plural>1</Plural>
		</Spanish>
	</TEXT>
	<TEXT>
		<Tag>TXT_KEY_CIV_INCA_BOLIVIA</Tag>
		<English>Bolivia</English>
		<French>
			<Text>Bolivie</Text>
			<Gender>Female</Gender>
			<Plural>0</Plural>
		</French>
		<German>Bolivia</German>
		<Italian>Bolivia</Italian>
		<Spanish>Bolivia</Spanish>
	</TEXT>
	<TEXT>
		<Tag>TXT_KEY_CIV_INCA_BOLIVIAN</Tag>
		<English>Bolivian</English>
		<French>
			<Text>bolivien:bolivienne:boliviens:boliviennes</Text>
			<Gender>Male:Female:Male:Female</Gender>
			<Plural>0:0:1:1</Plural>
		</French>
		<German>Bolivian</German>
		<Italian>Bolivian</Italian>
		<Spanish>Bolivian</Spanish>
	</TEXT>
	<TEXT>
		<Tag>TXT_KEY_CIV_INCA_ADJECTIVE</Tag>
		<English>Incan</English>
		<French>
			<Text>inca:inca:incas:incas</Text>
			<Gender>Male:Female:Male:Female</Gender>
			<Plural>0:0:1:1</Plural>
		</French>
		<German>
			<Text>Inkaisch:inkaischen:inkaische</Text>
			<Gender>Neuter:Neuter:Neuter</Gender>
			<Plural>0:0:0</Plural>
		</German>
		<Italian>
			<Text>Inca</Text>
			<Gender>Male</Gender>
			<Plural>0</Plural>
		</Italian>
		<Spanish>
			<Text>inca:inca:incas:incas</Text>
			<Gender>Male:Female:Male:Female</Gender>
			<Plural>0:0:1:1</Plural>
		</Spanish>
	</TEXT>
	<TEXT>
		<Tag>TXT_KEY_CIV_INCA_SHORT_DESC</Tag>
		<English>Inca</English>
		<French>
			<Text>Incas</Text>
			<Gender>Male</Gender>
			<Plural>1</Plural>
		</French>
		<German>
			<Text>Inkaland</Text>
			<Gender>Male</Gender>
			<Plural>0</Plural>
		</German>
		<Italian>
			<Text>Inca</Text>
			<Gender>Male</Gender>
			<Plural>0</Plural>
		</Italian>
		<Spanish>
			<Text>Incas</Text>
			<Gender>Male</Gender>
			<Plural>0</Plural>
		</Spanish>
	</TEXT>
</Civ4GameText>
