<?xml version='1.0' encoding='ISO-8859-1'?>
<!-- Sid Meier's Civilization 4 -->
<!-- Copyright Firaxis Games 2005 -->
<!-- freesand -->
<!-- GameText Great People -->
<Civ4GameText xmlns="http://www.firaxis.com">
	<TEXT>
		<Tag>TXT_KEY_GREAT_PERSON_MOSES</Tag>
		<English>&#20808;&#30693;&#25705;&#35199;</English>
<L1/><L2/><L3/><L4/>
		<Chinese>&#20808;&#30693;&#25705;&#35199;</Chinese>
	</TEXT>
	<TEXT>
		<Tag>TXT_KEY_GREAT_PERSON_MAHAVIRA</Tag>
		<English>&#20808;&#30693;&#25705;&#35779;&#21536;&#32599;</English>
<L1/><L2/><L3/><L4/>
		<Chinese>&#20808;&#30693;&#25705;&#35779;&#21536;&#32599;</Chinese>
	</TEXT>
	<TEXT>
		<Tag>TXT_KEY_GREAT_PERSON_ZOROASTER</Tag>
		<English>&#20808;&#30693;&#29712;&#32599;&#20122;&#26031;&#24503;</English>
<L1/><L2/><L3/><L4/>
		<Chinese>&#20808;&#30693;&#29712;&#32599;&#20122;&#26031;&#24503;</Chinese>
	</TEXT>
	<TEXT>
		<Tag>TXT_KEY_GREAT_PERSON_ANANDA</Tag>
		<English>&#38463;&#38590;&#38464;&#23562;&#32773;</English>
<L1/><L2/><L3/><L4/>
		<Chinese>&#38463;&#38590;&#38464;&#23562;&#32773;</Chinese>
	</TEXT>
	<TEXT>
		<Tag>TXT_KEY_GREAT_PERSON_CHUANG_TZU</Tag>
		<English>&#24196;&#23376;&#22823;&#24072;</English>
<L1/><L2/><L3/><L4/>
		<Chinese>&#24196;&#23376;&#22823;&#24072;</Chinese>
	</TEXT>
	<TEXT>
		<Tag>TXT_KEY_GREAT_PERSON_MENCIUS</Tag>
		<English>&#23391;&#23376;&#22823;&#24072;</English>
<L1/><L2/><L3/><L4/>
		<Chinese>&#23391;&#23376;&#22823;&#24072;</Chinese>
	</TEXT>
	<TEXT>
		<Tag>TXT_KEY_GREAT_PERSON_MO_TZU</Tag>
		<English>&#22696;&#23376;&#22823;&#24072;</English>
<L1/><L2/><L3/><L4/>
		<Chinese>&#22696;&#23376;&#22823;&#24072;</Chinese>
	</TEXT>
	<TEXT>
		<Tag>TXT_KEY_GREAT_PERSON_ST_JOHN</Tag>
		<English>&#22307;&#32422;&#32752;</English>
<L1/><L2/><L3/><L4/>
		<Chinese>&#22307;&#32422;&#32752;</Chinese>
	</TEXT>
	<TEXT>
		<Tag>TXT_KEY_GREAT_PERSON_ST_PETER</Tag>
		<English>&#22307;&#24444;&#24471;</English>
<L1/><L2/><L3/><L4/>
		<Chinese>&#22307;&#24444;&#24471;</Chinese>
	</TEXT>
	<TEXT>
		<Tag>TXT_KEY_GREAT_PERSON_ST_PAUL</Tag>
		<English>&#22307;&#20445;&#32599;</English>
<L1/><L2/><L3/><L4/>
		<Chinese>&#22307;&#20445;&#32599;</Chinese>
	</TEXT>
	<TEXT>
		<Tag>TXT_KEY_GREAT_PERSON_RABBI_AKIVA</Tag>
		<English>&#38463;&#40784;&#29926;&#25289;&#27604;</English>
<L1/><L2/><L3/><L4/>
		<Chinese>&#38463;&#40784;&#29926;&#25289;&#27604;</Chinese>
	</TEXT>
	<TEXT>
		<Tag>TXT_KEY_GREAT_PERSON_MANI</Tag>
		<English>&#20808;&#30693;&#25705;&#23612;</English>
<L1/><L2/><L3/><L4/>
		<Chinese>&#20808;&#30693;&#25705;&#23612;</Chinese>
	</TEXT>
	<TEXT>
		<Tag>TXT_KEY_GREAT_PERSON_ST_AUGUSTINE</Tag>
		<English>&#22307;&#22885;&#21476;&#26031;&#27712;</English>
<L1/><L2/><L3/><L4/>
		<Chinese>&#22307;&#22885;&#21476;&#26031;&#27712;</Chinese>
	</TEXT>
	<TEXT>
		<Tag>TXT_KEY_GREAT_PERSON_ST_PATRICK</Tag>
		<English>&#22307;&#24085;&#29305;&#37324;&#20811;</English>
<L1/><L2/><L3/><L4/>
		<Chinese>&#22307;&#24085;&#29305;&#37324;&#20811;</Chinese>
	</TEXT>
	<TEXT>
		<Tag>TXT_KEY_GREAT_PERSON_ABU_BAKR</Tag>
		<English>&#21704;&#37324;&#21457;&#38463;&#24067;&#12539;&#24052;&#20811;&#23572;</English>
<L1/><L2/><L3/><L4/>
		<Chinese>&#21704;&#37324;&#21457;&#38463;&#24067;&#12539;&#24052;&#20811;&#23572;</Chinese>
	</TEXT>
	<TEXT>
		<Tag>TXT_KEY_GREAT_PERSON_SHANKARA</Tag>
		<English>&#20808;&#30693;&#21830;&#32687;&#32599;</English>
<L1/><L2/><L3/><L4/>
		<Chinese>&#20808;&#30693;&#21830;&#32687;&#32599;</Chinese>
	</TEXT>
	<TEXT>
		<Tag>TXT_KEY_GREAT_PERSON_KOBO_DAISHI</Tag>
		<English>&#31354;&#28023;&#22823;&#24072;</English>
<L1/><L2/><L3/><L4/>
		<Chinese>&#31354;&#28023;&#22823;&#24072;</Chinese>
	</TEXT>
	<TEXT>
		<Tag>TXT_KEY_GREAT_PERSON_ATISHA</Tag>
		<English>&#38463;&#24213;&#23777;&#23562;&#32773;</English>
<L1/><L2/><L3/><L4/>
		<Chinese>&#38463;&#24213;&#23777;&#23562;&#32773;</Chinese>
	</TEXT>
	<TEXT>
		<Tag>TXT_KEY_GREAT_PERSON_ST_THOMAS_AQUINAS</Tag>
		<English>&#22307;&#25176;&#39532;&#26031;&#12539;&#38463;&#22862;&#37027;</English>
<L1/><L2/><L3/><L4/>
		<Chinese>&#22307;&#25176;&#39532;&#26031;&#12539;&#38463;&#22862;&#37027;</Chinese>
	</TEXT>
	<TEXT>
		<Tag>TXT_KEY_GREAT_PERSON_MOHAMMED_SHAH</Tag>
		<English>&#31302;&#32597;&#40664;&#24503;&#12539;&#27801;&#38463;&#22823;&#24072;</English>
<L1/><L2/><L3/><L4/>
		<Chinese>&#31302;&#32597;&#40664;&#24503;&#12539;&#27801;&#38463;&#22823;&#24072;</Chinese>
	</TEXT>
	<TEXT>
		<Tag>TXT_KEY_GREAT_PERSON_TSONGKHAPA</Tag>
		<English>&#23447;&#21888;&#24052;&#22823;&#24072;</English>
<L1/><L2/><L3/><L4/>
		<Chinese>&#23447;&#21888;&#24052;&#22823;&#24072;</Chinese>
	</TEXT>
	<TEXT>
		<Tag>TXT_KEY_GREAT_PERSON_JEANNE_ARC</Tag>
		<English>&#22307;&#22899;&#36126;&#24503;</English>
<L1/><L2/><L3/><L4/>
		<Chinese>&#22307;&#22899;&#36126;&#24503;</Chinese>
	</TEXT>
	<TEXT>
		<Tag>TXT_KEY_GREAT_PERSON_NARAK</Tag>
		<English>&#32435;&#23612;&#20811;&#23447;&#24072;</English>
<L1/><L2/><L3/><L4/>
		<Chinese>&#32435;&#23612;&#20811;&#23447;&#24072;</Chinese>
	</TEXT>
	<TEXT>
		<Tag>TXT_KEY_GREAT_PERSON_TIPU_SULTAN</Tag>
		<English>&#20808;&#30693;&#25552;&#26222;&#33487;&#20025;</English>
<L1/><L2/><L3/><L4/>
		<Chinese>&#20808;&#30693;&#25552;&#26222;&#33487;&#20025;</Chinese>
	</TEXT>
	<TEXT>
		<Tag>TXT_KEY_GREAT_PERSON_RAMAKRISHNA</Tag>
		<English>&#32599;&#25705;&#20811;&#37324;&#24076;&#37027;&#23447;&#24072;</English>
<L1/><L2/><L3/><L4/>
		<Chinese>&#32599;&#25705;&#20811;&#37324;&#24076;&#37027;&#23447;&#24072;</Chinese>
	</TEXT>
	<TEXT>
		<Tag>TXT_KEY_GREAT_PERSON_NARAYANA_GURU</Tag>
		<English>&#32435;&#25289;&#20122;&#37027;&#23447;&#24072;</English>
<L1/><L2/><L3/><L4/>
		<Chinese>&#32435;&#25289;&#20122;&#37027;&#23447;&#24072;</Chinese>
	</TEXT>
	<TEXT>
		<Tag>TXT_KEY_GREAT_PERSON_SOJOURNER_TRUTH</Tag>
		<English>&#20808;&#30693;&#32034;&#33593;&#23572;&#20869;&#12539;&#29305;&#40065;&#26031;</English>
<L1/><L2/><L3/><L4/>
		<Chinese>&#20808;&#30693;&#32034;&#33593;&#23572;&#20869;&#12539;&#29305;&#40065;&#26031;</Chinese>
	</TEXT>
	<TEXT>
		<Tag>TXT_KEY_GREAT_PERSON_HOMER</Tag>
		<English>&#35799;&#20154;&#33655;&#39532;</English>
<L1/><L2/><L3/><L4/>
		<Chinese>&#35799;&#20154;&#33655;&#39532;</Chinese>
	</TEXT>
	<TEXT>
		<Tag>TXT_KEY_GREAT_PERSON_THESPIS</Tag>
		<English>&#35799;&#20154;&#27888;&#26031;&#24199;&#26031;</English>
<L1/><L2/><L3/><L4/>
		<Chinese>&#35799;&#20154;&#27888;&#26031;&#24199;&#26031;</Chinese>
	</TEXT>
	<TEXT>
		<Tag>TXT_KEY_GREAT_PERSON_LING_LUN</Tag>
		<English>&#20048;&#22307;&#20278;&#20262;</English>
<L1/><L2/><L3/><L4/>
		<Chinese>&#20048;&#22307;&#20278;&#20262;</Chinese>
	</TEXT>
	<TEXT>
		<Tag>TXT_KEY_GREAT_PERSON_WANG_XIZHI</Tag>
		<English>&#20070;&#22307;&#29579;&#32690;&#20043;</English>
<L1/><L2/><L3/><L4/>
		<Chinese>&#20070;&#22307;&#29579;&#32690;&#20043;</Chinese>
	</TEXT>
	<TEXT>
		<Tag>TXT_KEY_GREAT_PERSON_VALMIKI</Tag>
		<English>&#35799;&#20154;&#29926;&#23494;&#22855;(&#34433;&#22436;)</English>
<L1/><L2/><L3/><L4/>
		<Chinese>&#35799;&#20154;&#29926;&#23494;&#22855;(&#34433;&#22436;)</Chinese>
	</TEXT>
	<TEXT>
		<Tag>TXT_KEY_GREAT_PERSON_VIRGIL</Tag>
		<English>&#35799;&#20154;&#32500;&#21513;&#23572;</English>
<L1/><L2/><L3/><L4/>
		<Chinese>&#35799;&#20154;&#32500;&#21513;&#23572;</Chinese>
	</TEXT>
	<TEXT>
		<Tag>TXT_KEY_GREAT_PERSON_KALIDAS</Tag>
		<English>&#35799;&#20154;&#36838;&#26792;&#38464;&#23057;</English>
<L1/><L2/><L3/><L4/>
		<Chinese>&#35799;&#20154;&#36838;&#26792;&#38464;&#23057;</Chinese>
	</TEXT>
	<TEXT>
		<Tag>TXT_KEY_GREAT_PERSON_LI_PO</Tag>
		<English>&#35799;&#20185;&#26446;&#30333;</English>
<L1/><L2/><L3/><L4/>
		<Chinese>&#35799;&#20185;&#26446;&#30333;</Chinese>
	</TEXT>
	<TEXT>
		<Tag>TXT_KEY_GREAT_PERSON_DU_FU</Tag>
		<English>&#35799;&#22307;&#26460;&#29995;</English>
<L1/><L2/><L3/><L4/>
		<Chinese>&#35799;&#22307;&#26460;&#29995;</Chinese>
	</TEXT>
	<TEXT>
		<Tag>TXT_KEY_GREAT_PERSON_JALAL_ALDIN_RUMI</Tag>
		<English>&#35799;&#20154;&#36158;&#25289;&#23572;&#12539;&#38463;&#23572;-&#19969;&#12539;&#40065;&#31859;</English>
<L1/><L2/><L3/><L4/>
		<Chinese>&#35799;&#20154;&#36158;&#25289;&#23572;&#12539;&#38463;&#23572;-&#19969;&#12539;&#40065;&#31859;</Chinese>
	</TEXT>
	<TEXT>
		<Tag>TXT_KEY_GREAT_PERSON_DANTE_ALIGHIERI</Tag>
		<English>&#35799;&#20154;&#20294;&#19969;&#12539;&#38463;&#21033;&#26684;&#37324;</English>
<L1/><L2/><L3/><L4/>
		<Chinese>&#35799;&#20154;&#20294;&#19969;&#12539;&#38463;&#21033;&#26684;&#37324;</Chinese>
	</TEXT>
	<TEXT>
		<Tag>TXT_KEY_GREAT_PERSON_YUNUS_EMRE</Tag>
		<English>&#23588;&#21162;&#26031;&#12539;&#22467;&#22982;&#33713;</English>
<L1/><L2/><L3/><L4/>
		<Chinese>&#23588;&#21162;&#26031;&#12539;&#22467;&#22982;&#33713;</Chinese>
	</TEXT>
	<TEXT>
		<Tag>TXT_KEY_GREAT_PERSON_AMIR_KHUSRO</Tag>
		<English>&#35799;&#20154;&#38463;&#31859;&#23572;&#12539;&#24211;&#26031;&#32599;</English>
<L1/><L2/><L3/><L4/>
		<Chinese>&#35799;&#20154;&#38463;&#31859;&#23572;&#12539;&#24211;&#26031;&#32599;</Chinese>
	</TEXT>
	<TEXT>
		<Tag>TXT_KEY_GREAT_PERSON_IBN_MUQLAH</Tag>
		<English>&#20070;&#22307;&#20234;&#26412;&#12539;&#31302;&#20811;&#25289;</English>
<L1/><L2/><L3/><L4/>
		<Chinese>&#20070;&#22307;&#20234;&#26412;&#12539;&#31302;&#20811;&#25289;</Chinese>
	</TEXT>
	<TEXT>
		<Tag>TXT_KEY_GREAT_PERSON_MICHAELANGELO</Tag>
		<English>&#30011;&#23478;&#31859;&#24320;&#26391;&#22522;&#32599;</English>
<L1/><L2/><L3/><L4/>
		<Chinese>&#30011;&#23478;&#31859;&#24320;&#26391;&#22522;&#32599;</Chinese>
	</TEXT>
	<TEXT>
		<Tag>TXT_KEY_GREAT_PERSON_RAPHAEL</Tag>
		<English>&#30011;&#23478;&#25289;&#26000;&#23572;</English>
<L1/><L2/><L3/><L4/>
		<Chinese>&#30011;&#23478;&#25289;&#26000;&#23572;</Chinese>
	</TEXT>
	<TEXT>
		<Tag>TXT_KEY_GREAT_PERSON_WILLIAM_SHAKESPEARE</Tag>
		<English>&#35799;&#20154;&#23041;&#24265;&#12539;&#33678;&#22763;&#27604;&#20122;</English>
<L1/><L2/><L3/><L4/>
		<Chinese>&#35799;&#20154;&#23041;&#24265;&#12539;&#33678;&#22763;&#27604;&#20122;</Chinese>
	</TEXT>
	<TEXT>
		<Tag>TXT_KEY_GREAT_PERSON_MIGUEL_DE_CERVANTES</Tag>
		<English>&#20316;&#23478;&#31859;&#25096;&#23572;&#12539;&#24503;&#12539;&#22622;&#19975;&#25552;&#26031;</English>
<L1/><L2/><L3/><L4/>
		<Chinese>&#20316;&#23478;&#31859;&#25096;&#23572;&#12539;&#24503;&#12539;&#22622;&#19975;&#25552;&#26031;</Chinese>
	</TEXT>
	<TEXT>
		<Tag>TXT_KEY_GREAT_PERSON_REMBRANDT</Tag>
		<English>&#30011;&#23478;&#20262;&#21187;&#26391;&#12539;&#33539;&#12539;&#21033;&#27941;</English>
<L1/><L2/><L3/><L4/>
		<Chinese>&#30011;&#23478;&#20262;&#21187;&#26391;&#12539;&#33539;&#12539;&#21033;&#27941;</Chinese>
	</TEXT>
	<TEXT>
		<Tag>TXT_KEY_GREAT_PERSON_JOHANNES_VERMEER</Tag>
		<English>&#30011;&#23478;&#32422;&#32752;&#23612;&#26031;&#12539;&#32500;&#31859;&#23572;</English>
<L1/><L2/><L3/><L4/>
		<Chinese>&#30011;&#23478;&#32422;&#32752;&#23612;&#26031;&#12539;&#32500;&#31859;&#23572;</Chinese>
	</TEXT>
	<TEXT>
		<Tag>TXT_KEY_GREAT_PERSON_JS_BACH</Tag>
		<English>&#20048;&#22307;&#32422;&#12539;&#22622;&#12539;&#24052;&#36203;</English>
<L1/><L2/><L3/><L4/>
		<Chinese>&#20048;&#22307;&#32422;&#12539;&#22622;&#12539;&#24052;&#36203;</Chinese>
	</TEXT>
	<TEXT>
		<Tag>TXT_KEY_GREAT_PERSON_WOLFGANG_MOZART</Tag>
		<English>&#20048;&#22307;&#27779;&#23572;&#22827;&#20872;&#12539;&#38463;&#29595;&#24503;&#26031;&#12539;&#33707;&#25166;&#29305;</English>
<L1/><L2/><L3/><L4/>
		<Chinese>&#20048;&#22307;&#27779;&#23572;&#22827;&#20872;&#12539;&#38463;&#29595;&#24503;&#26031;&#12539;&#33707;&#25166;&#29305;</Chinese>
	</TEXT>
	<TEXT>
		<Tag>TXT_KEY_GREAT_PERSON_JOHANN_GOETHE</Tag>
		<English>&#35799;&#20154;&#32422;&#32752;&#12539;&#27779;&#23572;&#22827;&#20872;&#12539;&#20911;&#12539;&#21733;&#24503;</English>
<L1/><L2/><L3/><L4/>
		<Chinese>&#35799;&#20154;&#32422;&#32752;&#12539;&#27779;&#23572;&#22827;&#20872;&#12539;&#20911;&#12539;&#21733;&#24503;</Chinese>
	</TEXT>
	<TEXT>
		<Tag>TXT_KEY_GREAT_PERSON_LUDWIG_VAN_BEETHOVEN</Tag>
		<English>&#20048;&#22307;&#36335;&#24503;&#32500;&#24076;&#12539;&#20911;&#12539;&#36125;&#22810;&#33452;</English>
<L1/><L2/><L3/><L4/>
		<Chinese>&#20048;&#22307;&#36335;&#24503;&#32500;&#24076;&#12539;&#20911;&#12539;&#36125;&#22810;&#33452;</Chinese>
	</TEXT>
	<TEXT>
		<Tag>TXT_KEY_GREAT_PERSON_VICTOR_HUGO</Tag>
		<English>&#20316;&#23478;&#32500;&#20811;&#22810;&#12539;&#38632;&#26524;</English>
<L1/><L2/><L3/><L4/>
		<Chinese>&#20316;&#23478;&#32500;&#20811;&#22810;&#12539;&#38632;&#26524;</Chinese>
	</TEXT>
	<TEXT>
		<Tag>TXT_KEY_GREAT_PERSON_VINCENT_VAN_GOGH</Tag>
		<English>&#30011;&#23478;&#25991;&#26862;&#29305;&#12539;&#26805;&#39640;</English>
<L1/><L2/><L3/><L4/>
		<Chinese>&#30011;&#23478;&#25991;&#26862;&#29305;&#12539;&#26805;&#39640;</Chinese>
	</TEXT>
	<TEXT>
		<Tag>TXT_KEY_GREAT_PERSON_JOHANNES_BRAHMS</Tag>
		<English>&#20048;&#22307;&#32422;&#32752;&#23612;&#26031;&#12539;&#21187;&#25289;&#22982;&#26031;</English>
<L1/><L2/><L3/><L4/>
		<Chinese>&#20048;&#22307;&#32422;&#32752;&#23612;&#26031;&#12539;&#21187;&#25289;&#22982;&#26031;</Chinese>
	</TEXT>
	<TEXT>
		<Tag>TXT_KEY_GREAT_PERSON_DVORAK</Tag>
		<English>&#20048;&#22307;&#23433;&#25176;&#23425;&#12539;&#24503;&#27779;&#22799;&#20811;</English>
<L1/><L2/><L3/><L4/>
		<Chinese>&#20048;&#22307;&#23433;&#25176;&#23425;&#12539;&#24503;&#27779;&#22799;&#20811;</Chinese>
	</TEXT>
	<TEXT>
		<Tag>TXT_KEY_GREAT_PERSON_MARK_TWAIN</Tag>
		<English>&#20316;&#23478;&#39532;&#20811;&#12539;&#21520;&#28201;</English>
<L1/><L2/><L3/><L4/>
		<Chinese>&#20316;&#23478;&#39532;&#20811;&#12539;&#21520;&#28201;</Chinese>
	</TEXT>
	<TEXT>
		<Tag>TXT_KEY_GREAT_PERSON_CLAUDE_MONET</Tag>
		<English>&#30011;&#23478;&#20811;&#21171;&#24503;&#12539;&#33707;&#22856;</English>
<L1/><L2/><L3/><L4/>
		<Chinese>&#30011;&#23478;&#20811;&#21171;&#24503;&#12539;&#33707;&#22856;</Chinese>
	</TEXT>
	<TEXT>
		<Tag>TXT_KEY_GREAT_PERSON_JOSEPH_CONRAD</Tag>
		<English>&#20316;&#23478;&#32422;&#29791;&#22827;&#12539;&#24247;&#25289;&#24503;</English>
<L1/><L2/><L3/><L4/>
		<Chinese>&#20316;&#23478;&#32422;&#29791;&#22827;&#12539;&#24247;&#25289;&#24503;</Chinese>
	</TEXT>
	<TEXT>
		<Tag>TXT_KEY_GREAT_PERSON_FRANK_KAFKA</Tag>
		<English>&#20316;&#23478;&#24343;&#20848;&#20811;&#12539;&#21345;&#22827;&#21345;</English>
<L1/><L2/><L3/><L4/>
		<Chinese>&#20316;&#23478;&#24343;&#20848;&#20811;&#12539;&#21345;&#22827;&#21345;</Chinese>
	</TEXT>
	<TEXT>
		<Tag>TXT_KEY_GREAT_PERSON_LOUIS_ARMSTRONG</Tag>
		<English>&#20048;&#25163;&#36335;&#26131;&#26031;&#12539;&#38463;&#22982;&#26031;&#29305;&#26391;</English>
<L1/><L2/><L3/><L4/>
		<Chinese>&#20048;&#25163;&#36335;&#26131;&#26031;&#12539;&#38463;&#22982;&#26031;&#29305;&#26391;</Chinese>
	</TEXT>
	<TEXT>
		<Tag>TXT_KEY_GREAT_PERSON_DUKE_ELLINGTON</Tag>
		<English>&#20048;&#25163;&#22467;&#28789;&#39039;&#20844;&#29237;</English>
<L1/><L2/><L3/><L4/>
		<Chinese>&#20048;&#25163;&#22467;&#28789;&#39039;&#20844;&#29237;</Chinese>
	</TEXT>
	<TEXT>
		<Tag>TXT_KEY_GREAT_PERSON_PABLO_PICASSO</Tag>
		<English>&#30011;&#23478;&#24085;&#24067;&#32599;&#12539;&#27605;&#21152;&#32034;</English>
<L1/><L2/><L3/><L4/>
		<Chinese>&#30011;&#23478;&#24085;&#24067;&#32599;&#12539;&#27605;&#21152;&#32034;</Chinese>
	</TEXT>
	<TEXT>
		<Tag>TXT_KEY_GREAT_PERSON_MILES_DAVIS</Tag>
		<English>&#20048;&#25163;&#36808;&#23572;&#26031;&#12539;&#25140;&#32500;&#26031;</English>
<L1/><L2/><L3/><L4/>
		<Chinese>&#20048;&#25163;&#36808;&#23572;&#26031;&#12539;&#25140;&#32500;&#26031;</Chinese>
	</TEXT>
	<TEXT>
		<Tag>TXT_KEY_GREAT_PERSON_MERIT_PTAH</Tag>
		<English>&#23398;&#32773;&#26757;&#37324;&#29305;&#12539;&#26222;&#22612;</English>
<L1/><L2/><L3/><L4/>
		<Chinese>&#23398;&#32773;&#26757;&#37324;&#29305;&#12539;&#26222;&#22612;</Chinese>
	</TEXT>
	<TEXT>
		<Tag>TXT_KEY_GREAT_PERSON_XI_LING_SHI</Tag>
		<English>&#23398;&#32773;&#35199;&#38517;&#27663;(&#23256;&#31062;)</English>
<L1/><L2/><L3/><L4/>
		<Chinese>&#23398;&#32773;&#35199;&#38517;&#27663;(&#23256;&#31062;)</Chinese>
	</TEXT>
	<TEXT>
		<Tag>TXT_KEY_GREAT_PERSON_NABU_RIMANNI</Tag>
		<English>&#23398;&#32773;&#32435;&#24067;-&#21033;&#26364;&#23612;</English>
<L1/><L2/><L3/><L4/>
		<Chinese>&#23398;&#32773;&#32435;&#24067;-&#21033;&#26364;&#23612;</Chinese>
	</TEXT>
	<TEXT>
		<Tag>TXT_KEY_GREAT_PERSON_SOCRATES</Tag>
		<English>&#23398;&#32773;&#33487;&#26684;&#25289;&#24213;</English>
<L1/><L2/><L3/><L4/>
		<Chinese>&#23398;&#32773;&#33487;&#26684;&#25289;&#24213;</Chinese>
	</TEXT>
	<TEXT>
		<Tag>TXT_KEY_GREAT_PERSON_PLATO</Tag>
		<English>&#23398;&#32773;&#26575;&#25289;&#22270;</English>
<L1/><L2/><L3/><L4/>
		<Chinese>&#23398;&#32773;&#26575;&#25289;&#22270;</Chinese>
	</TEXT>
	<TEXT>
		<Tag>TXT_KEY_GREAT_PERSON_ARISTOTLE</Tag>
		<English>&#23398;&#32773;&#20122;&#37324;&#22763;&#22810;&#24503;</English>
<L1/><L2/><L3/><L4/>
		<Chinese>&#23398;&#32773;&#20122;&#37324;&#22763;&#22810;&#24503;</Chinese>
	</TEXT>
	<TEXT>
		<Tag>TXT_KEY_GREAT_PERSON_EUCLID</Tag>
		<English>&#23398;&#32773;&#27431;&#20960;&#37324;&#24503;</English>
<L1/><L2/><L3/><L4/>
		<Chinese>&#23398;&#32773;&#27431;&#20960;&#37324;&#24503;</Chinese>
	</TEXT>
	<TEXT>
		<Tag>TXT_KEY_GREAT_PERSON_PTOLEMY</Tag>
		<English>&#23398;&#32773;&#25176;&#21202;&#23494;</English>
<L1/><L2/><L3/><L4/>
		<Chinese>&#23398;&#32773;&#25176;&#21202;&#23494;</Chinese>
	</TEXT>
	<TEXT>
		<Tag>TXT_KEY_GREAT_PERSON_HYPATIA</Tag>
		<English>&#23398;&#32773;&#24076;&#24085;&#33922;&#23045;</English>
<L1/><L2/><L3/><L4/>
		<Chinese>&#23398;&#32773;&#24076;&#24085;&#33922;&#23045;</Chinese>
	</TEXT>
	<TEXT>
		<Tag>TXT_KEY_GREAT_PERSON_ZU_CHONGZHI</Tag>
		<English>&#23398;&#32773;&#31062;&#20914;&#20043;</English>
<L1/><L2/><L3/><L4/>
		<Chinese>&#23398;&#32773;&#31062;&#20914;&#20043;</Chinese>
	</TEXT>
	<TEXT>
		<Tag>TXT_KEY_GREAT_PERSON_ARYABHATA</Tag>
		<English>&#23398;&#32773;&#38463;&#32822;&#27874;&#22810;</English>
<L1/><L2/><L3/><L4/>
		<Chinese>&#23398;&#32773;&#38463;&#32822;&#27874;&#22810;</Chinese>
	</TEXT>
	<TEXT>
		<Tag>TXT_KEY_GREAT_PERSON_AL_KINDI</Tag>
		<English>&#23398;&#32773;&#38463;&#23572;-&#32943;&#36842;</English>
<L1/><L2/><L3/><L4/>
		<Chinese>&#23398;&#32773;&#38463;&#23572;-&#32943;&#36842;</Chinese>
	</TEXT>
	<TEXT>
		<Tag>TXT_KEY_GREAT_PERSON_AL_KHWARIZMI</Tag>
		<English>&#23398;&#32773;&#38463;&#23572;-&#33457;&#21068;&#23376;&#27169;</English>
<L1/><L2/><L3/><L4/>
		<Chinese>&#23398;&#32773;&#38463;&#23572;-&#33457;&#21068;&#23376;&#27169;</Chinese>
	</TEXT>
	<TEXT>
		<Tag>TXT_KEY_GREAT_PERSON_AL_RAZI</Tag>
		<English>&#23398;&#32773;&#38463;&#23572;-&#25289;&#22855;</English>
<L1/><L2/><L3/><L4/>
		<Chinese>&#23398;&#32773;&#38463;&#23572;-&#25289;&#22855;</Chinese>
	</TEXT>
	<TEXT>
		<Tag>TXT_KEY_GREAT_PERSON_ALHAZEN</Tag>
		<English>&#23398;&#32773;&#38463;&#23572;&#21704;&#22686;</English>
<L1/><L2/><L3/><L4/>
		<Chinese>&#23398;&#32773;&#38463;&#23572;&#21704;&#22686;</Chinese>
	</TEXT>
	<TEXT>
		<Tag>TXT_KEY_GREAT_PERSON_NICOLAUS_COPERNICUS</Tag>
		<English>&#23398;&#32773;&#23612;&#21476;&#25289;&#26031;&#12539;&#21733;&#30333;&#23612;</English>
<L1/><L2/><L3/><L4/>
		<Chinese>&#23398;&#32773;&#23612;&#21476;&#25289;&#26031;&#12539;&#21733;&#30333;&#23612;</Chinese>
	</TEXT>
	<TEXT>
		<Tag>TXT_KEY_GREAT_PERSON_FRANCIS_BACON</Tag>
		<English>&#23398;&#32773;&#24343;&#26391;&#35199;&#26031;&#12539;&#22521;&#26681;</English>
<L1/><L2/><L3/><L4/>
		<Chinese>&#23398;&#32773;&#24343;&#26391;&#35199;&#26031;&#12539;&#22521;&#26681;</Chinese>
	</TEXT>
	<TEXT>
		<Tag>TXT_KEY_GREAT_PERSON_TYCHO_BRAHE</Tag>
		<English>&#23398;&#32773;&#31532;&#35895;&#12539;&#24067;&#25289;&#36203;</English>
<L1/><L2/><L3/><L4/>
		<Chinese>&#23398;&#32773;&#31532;&#35895;&#12539;&#24067;&#25289;&#36203;</Chinese>
	</TEXT>
	<TEXT>
		<Tag>TXT_KEY_GREAT_PERSON_JOHANNES_KEPLER</Tag>
		<English>&#23398;&#32773;&#32422;&#32752;&#23612;&#26031;&#12539;&#24320;&#26222;&#21202;</English>
<L1/><L2/><L3/><L4/>
		<Chinese>&#23398;&#32773;&#32422;&#32752;&#23612;&#26031;&#12539;&#24320;&#26222;&#21202;</Chinese>
	</TEXT>
	<TEXT>
		<Tag>TXT_KEY_GREAT_PERSON_ISAAC_NEWTON</Tag>
		<English>&#23398;&#32773;&#33406;&#33832;&#20811;&#12539;&#29275;&#39039;</English>
<L1/><L2/><L3/><L4/>
		<Chinese>&#23398;&#32773;&#33406;&#33832;&#20811;&#12539;&#29275;&#39039;</Chinese>
	</TEXT>
	<TEXT>
		<Tag>TXT_KEY_GREAT_PERSON_GALILEO_GALILEI</Tag>
		<English>&#23398;&#32773;&#20285;&#21033;&#30053;&#22885;&#12539;&#20285;&#21033;&#30053;</English>
<L1/><L2/><L3/><L4/>
		<Chinese>&#23398;&#32773;&#20285;&#21033;&#30053;&#22885;&#12539;&#20285;&#21033;&#30053;</Chinese>
	</TEXT>
	<TEXT>
		<Tag>TXT_KEY_GREAT_PERSON_RENE_DESCARTES</Tag>
		<English>&#23398;&#32773;&#28909;&#20869;&#12539;&#31515;&#21345;&#23572;</English>
<L1/><L2/><L3/><L4/>
		<Chinese>&#23398;&#32773;&#28909;&#20869;&#12539;&#31515;&#21345;&#23572;</Chinese>
	</TEXT>
	<TEXT>
		<Tag>TXT_KEY_GREAT_PERSON_ANTONY_VAN_LEEUWENHOEK</Tag>
		<English>&#23398;&#32773;&#23433;&#19996;&#23612;&#12539;&#33539;&#12539;&#21015;&#25991;&#34382;&#20811;</English>
<L1/><L2/><L3/><L4/>
		<Chinese>&#23398;&#32773;&#23433;&#19996;&#23612;&#12539;&#33539;&#12539;&#21015;&#25991;&#34382;&#20811;</Chinese>
	</TEXT>
	<TEXT>
		<Tag>TXT_KEY_GREAT_PERSON_GOTTFRIED_LEIBNIZ</Tag>
		<English>&#23398;&#32773;&#21733;&#29305;&#24343;&#38647;&#29305;&#12539;&#33713;&#24067;&#23612;&#20857;</English>
<L1/><L2/><L3/><L4/>
		<Chinese>&#23398;&#32773;&#21733;&#29305;&#24343;&#38647;&#29305;&#12539;&#33713;&#24067;&#23612;&#20857;</Chinese>
	</TEXT>
	<TEXT>
		<Tag>TXT_KEY_GREAT_PERSON_MIKHAIL_LOMONOSOV</Tag>
		<English>&#23398;&#32773;&#31859;&#21704;&#20234;&#23572;&#12539;&#32599;&#33945;&#35834;&#32034;&#22827;</English>
<L1/><L2/><L3/><L4/>
		<Chinese>&#23398;&#32773;&#31859;&#21704;&#20234;&#23572;&#12539;&#32599;&#33945;&#35834;&#32034;&#22827;</Chinese>
	</TEXT>
	<TEXT>
		<Tag>TXT_KEY_GREAT_PERSON_ANTOINE_LAURENT_lAVOISIER</Tag>
		<English>&#23398;&#32773;&#23433;&#25176;&#29926;&#23612;&#12539;&#21171;&#20262;&#29305;&#12539;&#25289;&#29926;&#38177;</English>
<L1/><L2/><L3/><L4/>
		<Chinese>&#23398;&#32773;&#23433;&#25176;&#29926;&#23612;&#12539;&#21171;&#20262;&#29305;&#12539;&#25289;&#29926;&#38177;</Chinese>
	</TEXT>
	<TEXT>
		<Tag>TXT_KEY_GREAT_PERSON_CARL_FRIEDRICH_GAUSS</Tag>
		<English>&#23398;&#32773;&#21345;&#23572;&#12539;&#24343;&#38647;&#24503;&#37324;&#24076;&#12539;&#39640;&#26031;</English>
<L1/><L2/><L3/><L4/>
		<Chinese>&#23398;&#32773;&#21345;&#23572;&#12539;&#24343;&#38647;&#24503;&#37324;&#24076;&#12539;&#39640;&#26031;</Chinese>
	</TEXT>
	<TEXT>
		<Tag>TXT_KEY_GREAT_PERSON_JOHN_DALTON</Tag>
		<English>&#23398;&#32773;&#32422;&#32752;&#12539;&#36947;&#23572;&#39039;</English>
<L1/><L2/><L3/><L4/>
		<Chinese>&#23398;&#32773;&#32422;&#32752;&#12539;&#36947;&#23572;&#39039;</Chinese>
	</TEXT>
	<TEXT>
		<Tag>TXT_KEY_GREAT_PERSON_MICHAEL_FARADAY</Tag>
		<English>&#23398;&#32773;&#36808;&#20811;&#23572;&#12539;&#27861;&#25289;&#31532;</English>
<L1/><L2/><L3/><L4/>
		<Chinese>&#23398;&#32773;&#36808;&#20811;&#23572;&#12539;&#27861;&#25289;&#31532;</Chinese>
	</TEXT>
	<TEXT>
		<Tag>TXT_KEY_GREAT_PERSON_JAMES_CLERK_MAXWELL</Tag>
		<English>&#23398;&#32773;&#35449;&#22982;&#26031;&#12539;&#20811;&#21202;&#20811;&#12539;&#40614;&#20811;&#26031;&#38886;</English>
<L1/><L2/><L3/><L4/>
		<Chinese>&#23398;&#32773;&#35449;&#22982;&#26031;&#12539;&#20811;&#21202;&#20811;&#12539;&#40614;&#20811;&#26031;&#38886;</Chinese>
	</TEXT>
	<TEXT>
		<Tag>TXT_KEY_GREAT_PERSON_LOUIS_PASTEUR</Tag>
		<English>&#23398;&#32773;&#36335;&#26131;&#12539;&#24052;&#26031;&#24503;</English>
<L1/><L2/><L3/><L4/>
		<Chinese>&#23398;&#32773;&#36335;&#26131;&#12539;&#24052;&#26031;&#24503;</Chinese>
	</TEXT>
	<TEXT>
		<Tag>TXT_KEY_GREAT_PERSON_CHARLES_DARWIN</Tag>
		<English>&#23398;&#32773;&#26597;&#23572;&#26031;&#12539;&#36798;&#23572;&#25991;</English>
<L1/><L2/><L3/><L4/>
		<Chinese>&#23398;&#32773;&#26597;&#23572;&#26031;&#12539;&#36798;&#23572;&#25991;</Chinese>
	</TEXT>
	<TEXT>
		<Tag>TXT_KEY_GREAT_PERSON_ERNEST_RUTHERFORD</Tag>
		<English>&#23398;&#32773;&#27431;&#20869;&#26031;&#29305;&#12539;&#21346;&#29791;&#31119;</English>
<L1/><L2/><L3/><L4/>
		<Chinese>&#23398;&#32773;&#27431;&#20869;&#26031;&#29305;&#12539;&#21346;&#29791;&#31119;</Chinese>
	</TEXT>
	<TEXT>
		<Tag>TXT_KEY_GREAT_PERSON_MARIE_CURIE</Tag>
		<English>&#23398;&#32773;&#29595;&#20029;&#12539;&#23621;&#37324;</English>
<L1/><L2/><L3/><L4/>
		<Chinese>&#23398;&#32773;&#29595;&#20029;&#12539;&#23621;&#37324;</Chinese>
	</TEXT>
	<TEXT>
		<Tag>TXT_KEY_GREAT_PERSON_ALBERT_EINSTEIN</Tag>
		<English>&#23398;&#32773;&#38463;&#23572;&#20271;&#29305;&#12539;&#29233;&#22240;&#26031;&#22374;</English>
<L1/><L2/><L3/><L4/>
		<Chinese>&#23398;&#32773;&#38463;&#23572;&#20271;&#29305;&#12539;&#29233;&#22240;&#26031;&#22374;</Chinese>
	</TEXT>
	<TEXT>
		<Tag>TXT_KEY_GREAT_PERSON_NIELS_BOHR</Tag>
		<English>&#23398;&#32773;&#23612;&#23572;&#26031;&#12539;&#27874;&#23572;</English>
<L1/><L2/><L3/><L4/>
		<Chinese>&#23398;&#32773;&#23612;&#23572;&#26031;&#12539;&#27874;&#23572;</Chinese>
	</TEXT>
	<TEXT>
		<Tag>TXT_KEY_GREAT_PERSON_WERNER_HEISENBERG</Tag>
		<English>&#23398;&#32773;&#32500;&#23572;&#32435;&#12539;&#28023;&#26862;&#22561;</English>
<L1/><L2/><L3/><L4/>
		<Chinese>&#23398;&#32773;&#32500;&#23572;&#32435;&#12539;&#28023;&#26862;&#22561;</Chinese>
	</TEXT>
	<TEXT>
		<Tag>TXT_KEY_GREAT_PERSON_ENRICO_FERMI</Tag>
		<English>&#23398;&#32773;&#24681;&#37324;&#20811;&#12539;&#36153;&#31859;</English>
<L1/><L2/><L3/><L4/>
		<Chinese>&#23398;&#32773;&#24681;&#37324;&#20811;&#12539;&#36153;&#31859;</Chinese>
	</TEXT>
	<TEXT>
		<Tag>TXT_KEY_GREAT_PERSON_ROSALIND_FRANKLIN</Tag>
		<English>&#23398;&#32773;&#32599;&#33832;&#26519;&#12539;&#23500;&#20848;&#20811;&#26519;</English>
<L1/><L2/><L3/><L4/>
		<Chinese>&#23398;&#32773;&#32599;&#33832;&#26519;&#12539;&#23500;&#20848;&#20811;&#26519;</Chinese>
	</TEXT>
	<TEXT>
		<Tag>TXT_KEY_GREAT_PERSON_ANDREI_SAKHAROV</Tag>
		<English>&#23398;&#32773;&#23433;&#24503;&#28872;&#12539;&#33832;&#21704;&#32599;&#22827;</English>
<L1/><L2/><L3/><L4/>
		<Chinese>&#23398;&#32773;&#23433;&#24503;&#28872;&#12539;&#33832;&#21704;&#32599;&#22827;</Chinese>
	</TEXT>
	<TEXT>
		<Tag>TXT_KEY_GREAT_PERSON_HARKUF</Tag>
		<English>&#21019;&#19994;&#32773;&#21704;&#23572;&#24211;&#22827;</English>
<L1/><L2/><L3/><L4/>
		<Chinese>&#21019;&#19994;&#32773;&#21704;&#23572;&#24211;&#22827;</Chinese>
	</TEXT>
	<TEXT>
		<Tag>TXT_KEY_GREAT_PERSON_HANNO</Tag>
		<English>&#21019;&#19994;&#32773;&#27721;&#35834;</English>
<L1/><L2/><L3/><L4/>
		<Chinese>&#21019;&#19994;&#32773;&#27721;&#35834;</Chinese>
	</TEXT>
	<TEXT>
		<Tag>TXT_KEY_GREAT_PERSON_PYTHEAS</Tag>
		<English>&#21019;&#19994;&#32773;&#30382;&#35199;&#20122;&#26031;</English>
<L1/><L2/><L3/><L4/>
		<Chinese>&#21019;&#19994;&#32773;&#30382;&#35199;&#20122;&#26031;</Chinese>
	</TEXT>
	<TEXT>
		<Tag>TXT_KEY_GREAT_PERSON_ZHANG_QIAN</Tag>
		<English>&#21019;&#19994;&#32773;&#24352;&#39582;</English>
<L1/><L2/><L3/><L4/>
		<Chinese>&#21019;&#19994;&#32773;&#24352;&#39582;</Chinese>
	</TEXT>
	<TEXT>
		<Tag>TXT_KEY_GREAT_PERSON_ARETAS_III</Tag>
		<English>&#21019;&#19994;&#32773;&#38463;&#38647;&#22612;&#26031;&#19977;&#19990;</English>
<L1/><L2/><L3/><L4/>
		<Chinese>&#21019;&#19994;&#32773;&#38463;&#38647;&#22612;&#26031;&#19977;&#19990;</Chinese>
	</TEXT>
	<TEXT>
		<Tag>TXT_KEY_GREAT_PERSON_LEIF_ERICKSON</Tag>
		<English>&#21019;&#19994;&#32773;&#21033;&#22827;&#12539;&#22467;&#37324;&#20811;&#26862;</English>
<L1/><L2/><L3/><L4/>
		<Chinese>&#21019;&#19994;&#32773;&#21033;&#22827;&#12539;&#22467;&#37324;&#20811;&#26862;</Chinese>
	</TEXT>
	<TEXT>
		<Tag>TXT_KEY_GREAT_PERSON_WANG_ANSHI</Tag>
		<English>&#21019;&#19994;&#32773;&#29579;&#23433;&#30707;</English>
<L1/><L2/><L3/><L4/>
		<Chinese>&#21019;&#19994;&#32773;&#29579;&#23433;&#30707;</Chinese>
	</TEXT>
	<TEXT>
		<Tag>TXT_KEY_GREAT_PERSON_ENRICO_DANDOLO</Tag>
		<English>&#21019;&#19994;&#32773;&#24681;&#37324;&#20811;&#12539;&#20025;&#22810;&#27931;</English>
<L1/><L2/><L3/><L4/>
		<Chinese>&#21019;&#19994;&#32773;&#24681;&#37324;&#20811;&#12539;&#20025;&#22810;&#27931;</Chinese>
	</TEXT>
	<TEXT>
		<Tag>TXT_KEY_GREAT_PERSON_MARCO_POLO</Tag>
		<English>&#21019;&#19994;&#32773;&#39532;&#21487;&#12539;&#27874;&#32599;</English>
<L1/><L2/><L3/><L4/>
		<Chinese>&#21019;&#19994;&#32773;&#39532;&#21487;&#12539;&#27874;&#32599;</Chinese>
	</TEXT>
	<TEXT>
		<Tag>TXT_KEY_GREAT_PERSON_IBN_BATTUTA</Tag>
		<English>&#21019;&#19994;&#32773;&#20234;&#26412;&#12539;&#24052;&#22270;&#22612;</English>
<L1/><L2/><L3/><L4/>
		<Chinese>&#21019;&#19994;&#32773;&#20234;&#26412;&#12539;&#24052;&#22270;&#22612;</Chinese>
	</TEXT>
	<TEXT>
		<Tag>TXT_KEY_GREAT_PERSON_RRICHARD_WHITTINGTON</Tag>
		<English>&#21019;&#19994;&#32773;&#29702;&#26597;&#24503;&#12539;&#24800;&#24311;&#39039;</English>
<L1/><L2/><L3/><L4/>
		<Chinese>&#21019;&#19994;&#32773;&#29702;&#26597;&#24503;&#12539;&#24800;&#24311;&#39039;</Chinese>
	</TEXT>
	<TEXT>
		<Tag>TXT_KEY_GREAT_PERSON_GIOVANNI_DE_MEDICI</Tag>
		<English>&#21019;&#19994;&#32773;&#21513;&#27431;&#29926;&#23612;&#12539;&#24503;&#12539;&#32654;&#31532;&#22855;</English>
<L1/><L2/><L3/><L4/>
		<Chinese>&#21019;&#19994;&#32773;&#21513;&#27431;&#29926;&#23612;&#12539;&#24503;&#12539;&#32654;&#31532;&#22855;</Chinese>
	</TEXT>
	<TEXT>
		<Tag>TXT_KEY_GREAT_PERSON_ZHENG_HE</Tag>
		<English>&#21019;&#19994;&#32773;&#37073;&#21644;</English>
<L1/><L2/><L3/><L4/>
		<Chinese>&#21019;&#19994;&#32773;&#37073;&#21644;</Chinese>
	</TEXT>
	<TEXT>
		<Tag>TXT_KEY_GREAT_PERSON_VASCO_DA_GAMA</Tag>
		<English>&#21019;&#19994;&#32773;&#29926;&#26031;&#20811;&#12539;&#36798;&#12539;&#20285;&#39532;</English>
<L1/><L2/><L3/><L4/>
		<Chinese>&#21019;&#19994;&#32773;&#29926;&#26031;&#20811;&#12539;&#36798;&#12539;&#20285;&#39532;</Chinese>
	</TEXT>
	<TEXT>
		<Tag>TXT_KEY_GREAT_PERSON_CHRISTOPHER_COLUMBUS</Tag>
		<English>&#21019;&#19994;&#32773;&#20811;&#37324;&#26031;&#22810;&#24343;&#12539;&#21733;&#20262;&#24067;</English>
<L1/><L2/><L3/><L4/>
		<Chinese>&#21019;&#19994;&#32773;&#20811;&#37324;&#26031;&#22810;&#24343;&#12539;&#21733;&#20262;&#24067;</Chinese>
	</TEXT>
	<TEXT>
		<Tag>TXT_KEY_GREAT_PERSON_FERDINAND_MAGELLAN</Tag>
		<English>&#21019;&#19994;&#32773;&#26000;&#36842;&#21335;&#12539;&#40614;&#21746;&#20262;</English>
<L1/><L2/><L3/><L4/>
		<Chinese>&#21019;&#19994;&#32773;&#26000;&#36842;&#21335;&#12539;&#40614;&#21746;&#20262;</Chinese>
	</TEXT>
	<TEXT>
		<Tag>TXT_KEY_GREAT_PERSON_JACQUES_CARTIER</Tag>
		<English>&#21019;&#19994;&#32773;&#38597;&#20811;&#12539;&#21345;&#33922;&#22467;</English>
<L1/><L2/><L3/><L4/>
		<Chinese>&#21019;&#19994;&#32773;&#38597;&#20811;&#12539;&#21345;&#33922;&#22467;</Chinese>
	</TEXT>
	<TEXT>
		<Tag>TXT_KEY_GREAT_PERSON_RAJA_TODAR_MAL</Tag>
		<English>&#21019;&#19994;&#32773;&#25176;&#36798;&#12539;&#39532;&#23572;&#25289;&#36158;</English>
<L1/><L2/><L3/><L4/>
		<Chinese>&#21019;&#19994;&#32773;&#25176;&#36798;&#12539;&#39532;&#23572;&#25289;&#36158;</Chinese>
	</TEXT>
	<TEXT>
		<Tag>TXT_KEY_GREAT_PERSON_ANTONY_VAN_DIEMEN</Tag>
		<English>&#21019;&#19994;&#32773;&#23433;&#19996;&#23612;&#12539;&#33539;&#12539;&#36842;&#38376;</English>
<L1/><L2/><L3/><L4/>
		<Chinese>&#21019;&#19994;&#32773;&#23433;&#19996;&#23612;&#12539;&#33539;&#12539;&#36842;&#38376;</Chinese>
	</TEXT>
	<TEXT>
		<Tag>TXT_KEY_GREAT_PERSON_SIR_THOMAS_ROE</Tag>
		<English>&#21019;&#19994;&#32773;&#25176;&#39532;&#26031;&#12539;&#32599;&#20234;&#29237;&#22763;</English>
<L1/><L2/><L3/><L4/>
		<Chinese>&#21019;&#19994;&#32773;&#25176;&#39532;&#26031;&#12539;&#32599;&#20234;&#29237;&#22763;</Chinese>
	</TEXT>
	<TEXT>
		<Tag>TXT_KEY_GREAT_PERSON_SHAH_JAHAN</Tag>
		<English>&#21019;&#19994;&#32773;&#27801;&#38463;&#12539;&#36158;&#32597;</English>
<L1/><L2/><L3/><L4/>
		<Chinese>&#21019;&#19994;&#32773;&#27801;&#38463;&#12539;&#36158;&#32597;</Chinese>
	</TEXT>
	<TEXT>
		<Tag>TXT_KEY_GREAT_PERSON_ADAM_SMITH</Tag>
		<English>&#21019;&#19994;&#32773;&#20122;&#24403;&#12539;&#26031;&#23494;</English>
<L1/><L2/><L3/><L4/>
		<Chinese>&#21019;&#19994;&#32773;&#20122;&#24403;&#12539;&#26031;&#23494;</Chinese>
	</TEXT>
	<TEXT>
		<Tag>TXT_KEY_GREAT_PERSON_JAMES_COOK</Tag>
		<English>&#21019;&#19994;&#32773;&#35449;&#22982;&#26031;&#12539;&#24211;&#20811;</English>
<L1/><L2/><L3/><L4/>
		<Chinese>&#21019;&#19994;&#32773;&#35449;&#22982;&#26031;&#12539;&#24211;&#20811;</Chinese>
	</TEXT>
	<TEXT>
		<Tag>TXT_KEY_GREAT_PERSON_CORNELIUS_VANDERBILT</Tag>
		<English>&#21019;&#19994;&#32773;&#31185;&#32435;&#21033;&#20044;&#26031;&#12539;&#33539;&#24503;&#27604;&#23572;&#29305;</English>
<L1/><L2/><L3/><L4/>
		<Chinese>&#21019;&#19994;&#32773;&#31185;&#32435;&#21033;&#20044;&#26031;&#12539;&#33539;&#24503;&#27604;&#23572;&#29305;</Chinese>
	</TEXT>
	<TEXT>
		<Tag>TXT_KEY_GREAT_PERSON_SIR_ALEXANDER_MACKENZIE</Tag>
		<English>&#21019;&#19994;&#32773;&#20122;&#21382;&#23665;&#22823;&#12539;&#40614;&#32943;&#40784;&#29237;&#22763;</English>
<L1/><L2/><L3/><L4/>
		<Chinese>&#21019;&#19994;&#32773;&#20122;&#21382;&#23665;&#22823;&#12539;&#40614;&#32943;&#40784;&#29237;&#22763;</Chinese>
	</TEXT>
	<TEXT>
		<Tag>TXT_KEY_GREAT_PERSON_JOHN_STUART_MILL</Tag>
		<English>&#21019;&#19994;&#32773;&#32422;&#32752;&#12539;&#26031;&#22270;&#20122;&#29305;&#12539;&#23494;&#23572;</English>
<L1/><L2/><L3/><L4/>
		<Chinese>&#21019;&#19994;&#32773;&#32422;&#32752;&#12539;&#26031;&#22270;&#20122;&#29305;&#12539;&#23494;&#23572;</Chinese>
	</TEXT>
	<TEXT>
		<Tag>TXT_KEY_GREAT_PERSON_ANDREW_CARNEGIE</Tag>
		<English>&#21019;&#19994;&#32773;&#23433;&#24503;&#40065;&#12539;&#21345;&#20869;&#22522;</English>
<L1/><L2/><L3/><L4/>
		<Chinese>&#21019;&#19994;&#32773;&#23433;&#24503;&#40065;&#12539;&#21345;&#20869;&#22522;</Chinese>
	</TEXT>
	<TEXT>
		<Tag>TXT_KEY_GREAT_PERSON_JOHN_D_ROCKEFELLER</Tag>
		<English>&#21019;&#19994;&#32773;&#32422;&#32752;&#12539;&#27931;&#20811;&#33778;&#21202;</English>
<L1/><L2/><L3/><L4/>
		<Chinese>&#21019;&#19994;&#32773;&#32422;&#32752;&#12539;&#27931;&#20811;&#33778;&#21202;</Chinese>
	</TEXT>
	<TEXT>
		<Tag>TXT_KEY_GREAT_PERSON_JOHN_MAYNARD_KEYNES</Tag>
		<English>&#21019;&#19994;&#32773;&#32422;&#32752;&#12539;&#26757;&#32435;&#24503;&#12539;&#20975;&#24681;&#26031;</English>
<L1/><L2/><L3/><L4/>
		<Chinese>&#21019;&#19994;&#32773;&#32422;&#32752;&#12539;&#26757;&#32435;&#24503;&#12539;&#20975;&#24681;&#26031;</Chinese>
	</TEXT>
	<TEXT>
		<Tag>TXT_KEY_GREAT_PERSON_COCO_CHANEL</Tag>
		<English>&#21019;&#19994;&#32773;&#21487;&#21487;&#12539;&#39321;&#22856;&#20799;</English>
<L1/><L2/><L3/><L4/>
		<Chinese>&#21019;&#19994;&#32773;&#21487;&#21487;&#12539;&#39321;&#22856;&#20799;</Chinese>
	</TEXT>
	<TEXT>
		<Tag>TXT_KEY_GREAT_PERSON_IMHOTEP</Tag>
		<English>&#22307;&#25163;&#20234;&#22982;&#38669;&#27888;&#26222;</English>
<L1/><L2/><L3/><L4/>
		<Chinese>&#22307;&#25163;&#20234;&#22982;&#38669;&#27888;&#26222;</Chinese>
	</TEXT>
	<TEXT>
		<Tag>TXT_KEY_GREAT_PERSON_ARCHIMEDES</Tag>
		<English>&#22307;&#25163;&#38463;&#22522;&#31859;&#24503;</English>
<L1/><L2/><L3/><L4/>
		<Chinese>&#22307;&#25163;&#38463;&#22522;&#31859;&#24503;</Chinese>
	</TEXT>
	<TEXT>
		<Tag>TXT_KEY_GREAT_PERSON_HERON</Tag>
		<English>&#22307;&#25163;&#24076;&#20262;</English>
<L1/><L2/><L3/><L4/>
		<Chinese>&#22307;&#25163;&#24076;&#20262;</Chinese>
	</TEXT>
	<TEXT>
		<Tag>TXT_KEY_GREAT_PERSON_CAI_LUN</Tag>
		<English>&#22307;&#25163;&#34081;&#20262;</English>
<L1/><L2/><L3/><L4/>
		<Chinese>&#22307;&#25163;&#34081;&#20262;</Chinese>
	</TEXT>
	<TEXT>
		<Tag>TXT_KEY_GREAT_PERSON_ZHANG_HENG</Tag>
		<English>&#22307;&#25163;&#24352;&#34913;</English>
<L1/><L2/><L3/><L4/>
		<Chinese>&#22307;&#25163;&#24352;&#34913;</Chinese>
	</TEXT>
	<TEXT>
		<Tag>TXT_KEY_GREAT_PERSON_BI_SHENG</Tag>
		<English>&#22307;&#25163;&#27605;&#21319;</English>
<L1/><L2/><L3/><L4/>
		<Chinese>&#22307;&#25163;&#27605;&#21319;</Chinese>
	</TEXT>
	<TEXT>
		<Tag>TXT_KEY_GREAT_PERSON_LEONARDO_DA_VINCI</Tag>
		<English>&#22307;&#25163;&#21015;&#22885;&#32435;&#22810;&#12539;&#36798;&#12539;&#33452;&#22855;</English>
<L1/><L2/><L3/><L4/>
		<Chinese>&#22307;&#25163;&#21015;&#22885;&#32435;&#22810;&#12539;&#36798;&#12539;&#33452;&#22855;</Chinese>
	</TEXT>
	<TEXT>
		<Tag>TXT_KEY_GREAT_PERSON_SINAN</Tag>
		<English>&#22307;&#25163;&#24109;&#21335;</English>
<L1/><L2/><L3/><L4/>
		<Chinese>&#22307;&#25163;&#24109;&#21335;</Chinese>
	</TEXT>
	<TEXT>
		<Tag>TXT_KEY_GREAT_PERSON_WILHELM_SCHICKARD</Tag>
		<English>&#22307;&#25163;&#23041;&#24265;&#12539;&#26031;&#22855;&#21345;</English>
<L1/><L2/><L3/><L4/>
		<Chinese>&#22307;&#25163;&#23041;&#24265;&#12539;&#26031;&#22855;&#21345;</Chinese>
	</TEXT>
	<TEXT>
		<Tag>TXT_KEY_GREAT_PERSON_BLAISE_PASCAL</Tag>
		<English>&#22307;&#25163;&#24067;&#33713;&#22622;&#12539;&#24085;&#26031;&#21345;</English>
<L1/><L2/><L3/><L4/>
		<Chinese>&#22307;&#25163;&#24067;&#33713;&#22622;&#12539;&#24085;&#26031;&#21345;</Chinese>
	</TEXT>
	<TEXT>
		<Tag>TXT_KEY_GREAT_PERSON_BENJAMIN_FRANKLIN</Tag>
		<English>&#22307;&#25163;&#26412;&#26480;&#26126;&#12539;&#23500;&#20848;&#20811;&#26519;</English>
<L1/><L2/><L3/><L4/>
		<Chinese>&#22307;&#25163;&#26412;&#26480;&#26126;&#12539;&#23500;&#20848;&#20811;&#26519;</Chinese>
	</TEXT>
	<TEXT>
		<Tag>TXT_KEY_GREAT_PERSON_CHARLES_AUGUSTIN_DE_COULOMB</Tag>
		<English>&#22307;&#25163;&#26597;&#23572;&#26031;&#12539;&#22885;&#21476;&#26031;&#27712;&#12539;&#24503;&#12539;&#24211;&#20177;</English>
<L1/><L2/><L3/><L4/>
		<Chinese>&#22307;&#25163;&#26597;&#23572;&#26031;&#12539;&#22885;&#21476;&#26031;&#27712;&#12539;&#24503;&#12539;&#24211;&#20177;</Chinese>
	</TEXT>
	<TEXT>
		<Tag>TXT_KEY_GREAT_PERSON_JAMES_WATT</Tag>
		<English>&#22307;&#25163;&#35449;&#22982;&#26031;&#12539;&#29926;&#29305;</English>
<L1/><L2/><L3/><L4/>
		<Chinese>&#22307;&#25163;&#35449;&#22982;&#26031;&#12539;&#29926;&#29305;</Chinese>
	</TEXT>
	<TEXT>
		<Tag>TXT_KEY_GREAT_PERSON_JOSEPH_MARIE_JACQUARD</Tag>
		<English>&#22307;&#25163;&#32422;&#22622;&#22827;&#12539;&#39532;&#21033;&#12539;&#38597;&#21345;</English>
<L1/><L2/><L3/><L4/>
		<Chinese>&#22307;&#25163;&#32422;&#22622;&#22827;&#12539;&#39532;&#21033;&#12539;&#38597;&#21345;</Chinese>
	</TEXT>
	<TEXT>
		<Tag>TXT_KEY_GREAT_PERSON_ISAMBARD_KINGDOM_BRUNEL</Tag>
		<English>&#22307;&#25163;&#20234;&#33832;&#22982;&#24052;&#24503;&#12539;&#37329;&#39039;&#12539;&#24067;&#40065;&#20869;&#23572;</English>
<L1/><L2/><L3/><L4/>
		<Chinese>&#22307;&#25163;&#20234;&#33832;&#22982;&#24052;&#24503;&#12539;&#37329;&#39039;&#12539;&#24067;&#40065;&#20869;&#23572;</Chinese>
	</TEXT>
	<TEXT>
		<Tag>TXT_KEY_GREAT_PERSON_WILLIAN_MORTON</Tag>
		<English>&#22307;&#25163;&#23041;&#24265;&#12539;&#33707;&#39039;</English>
<L1/><L2/><L3/><L4/>
		<Chinese>&#22307;&#25163;&#23041;&#24265;&#12539;&#33707;&#39039;</Chinese>
	</TEXT>
	<TEXT>
		<Tag>TXT_KEY_GREAT_PERSON_LOUIS_DAGUERRE</Tag>
		<English>&#22307;&#25163;&#36335;&#26131;&#12539;&#36798;&#30422;&#23572;</English>
<L1/><L2/><L3/><L4/>
		<Chinese>&#22307;&#25163;&#36335;&#26131;&#12539;&#36798;&#30422;&#23572;</Chinese>
	</TEXT>
	<TEXT>
		<Tag>TXT_KEY_GREAT_PERSON_FERDINAND_DE_LESSEPS</Tag>
		<English>&#22307;&#25163;&#26000;&#36842;&#21335;&#12539;&#24503;&#12539;&#38647;&#22622;</English>
<L1/><L2/><L3/><L4/>
		<Chinese>&#22307;&#25163;&#26000;&#36842;&#21335;&#12539;&#24503;&#12539;&#38647;&#22622;</Chinese>
	</TEXT>
	<TEXT>
		<Tag>TXT_KEY_GREAT_PERSON_JOHN_ROEBLING</Tag>
		<English>&#22307;&#25163;&#32422;&#32752;&#12539;&#32599;&#24067;&#26519;</English>
<L1/><L2/><L3/><L4/>
		<Chinese>&#22307;&#25163;&#32422;&#32752;&#12539;&#32599;&#24067;&#26519;</Chinese>
	</TEXT>
	<TEXT>
		<Tag>TXT_KEY_GREAT_PERSON_NOBERT_RILLIEUX</Tag>
		<English>&#22307;&#25163;&#35834;&#20271;&#29305;&#12539;&#29790;&#21033;&#20811;&#26031;</English>
<L1/><L2/><L3/><L4/>
		<Chinese>&#22307;&#25163;&#35834;&#20271;&#29305;&#12539;&#29790;&#21033;&#20811;&#26031;</Chinese>
	</TEXT>
	<TEXT>
		<Tag>TXT_KEY_GREAT_PERSON_HENRY_BESSEMER</Tag>
		<English>&#22307;&#25163;&#20136;&#21033;&#12539;&#36125;&#35199;&#40664;</English>
<L1/><L2/><L3/><L4/>
		<Chinese>&#22307;&#25163;&#20136;&#21033;&#12539;&#36125;&#35199;&#40664;</Chinese>
	</TEXT>
	<TEXT>
		<Tag>TXT_KEY_GREAT_PERSON_NAIN_SINGH</Tag>
		<English>&#22307;&#25163;&#32435;&#24681;&#12539;&#36763;&#26684;</English>
<L1/><L2/><L3/><L4/>
		<Chinese>&#22307;&#25163;&#32435;&#24681;&#12539;&#36763;&#26684;</Chinese>
	</TEXT>
	<TEXT>
		<Tag>TXT_KEY_GREAT_PERSON_ALEXANDER_GRAHM_BELL</Tag>
		<English>&#22307;&#25163;&#20122;&#21382;&#23665;&#22823;&#12539;&#26684;&#25289;&#27721;&#22982;&#12539;&#36125;&#23572;</English>
<L1/><L2/><L3/><L4/>
		<Chinese>&#22307;&#25163;&#20122;&#21382;&#23665;&#22823;&#12539;&#26684;&#25289;&#27721;&#22982;&#12539;&#36125;&#23572;</Chinese>
	</TEXT>
	<TEXT>
		<Tag>TXT_KEY_GREAT_PERSON_NIKOLAUS_AUGUST_OTTO</Tag>
		<English>&#22307;&#25163;&#23612;&#21487;&#21171;&#26031;&#12539;&#22885;&#21476;&#26031;&#29305;&#12539;&#22885;&#25176;</English>
<L1/><L2/><L3/><L4/>
		<Chinese>&#22307;&#25163;&#23612;&#21487;&#21171;&#26031;&#12539;&#22885;&#21476;&#26031;&#29305;&#12539;&#22885;&#25176;</Chinese>
	</TEXT>
	<TEXT>
		<Tag>TXT_KEY_GREAT_PERSON_NICHOLA_TESLA</Tag>
		<English>&#22307;&#25163;&#23612;&#21476;&#25289;&#12539;&#29305;&#24605;&#25289;</English>
<L1/><L2/><L3/><L4/>
		<Chinese>&#22307;&#25163;&#23612;&#21476;&#25289;&#12539;&#29305;&#24605;&#25289;</Chinese>
	</TEXT>
	<TEXT>
		<Tag>TXT_KEY_GREAT_PERSON_THOMAS_EDISON</Tag>
		<English>&#22307;&#25163;&#25176;&#39532;&#26031;&#12539;&#29233;&#36842;&#29983;</English>
<L1/><L2/><L3/><L4/>
		<Chinese>&#22307;&#25163;&#25176;&#39532;&#26031;&#12539;&#29233;&#36842;&#29983;</Chinese>
	</TEXT>
	<TEXT>
		<Tag>TXT_KEY_GREAT_PERSON_GUGLIELMO_MARCONI</Tag>
		<English>&#22307;&#25163;&#21476;&#26684;&#21015;&#23572;&#33707;&#12539;&#39532;&#21487;&#23612;</English>
<L1/><L2/><L3/><L4/>
		<Chinese>&#22307;&#25163;&#21476;&#26684;&#21015;&#23572;&#33707;&#12539;&#39532;&#21487;&#23612;</Chinese>
	</TEXT>
	<TEXT>
		<Tag>TXT_KEY_GREAT_PERSON_ALEXANDRE_GUSTAVE_EIFFEL</Tag>
		<English>&#22307;&#25163;&#20122;&#21382;&#23665;&#22823;&#12539;&#21476;&#26031;&#22612;&#22827;&#12539;&#22467;&#33778;&#23572;</English>
<L1/><L2/><L3/><L4/>
		<Chinese>&#22307;&#25163;&#20122;&#21382;&#23665;&#22823;&#12539;&#21476;&#26031;&#22612;&#22827;&#12539;&#22467;&#33778;&#23572;</Chinese>
	</TEXT>
	<TEXT>
		<Tag>TXT_KEY_GREAT_PERSON_GEORGE_WASHINGTON_GOETHALS</Tag>
		<English>&#22307;&#25163;&#20052;&#27835;&#12539;&#21326;&#30427;&#39039;&#12539;&#25096;&#32034;&#23572;&#26031;</English>
<L1/><L2/><L3/><L4/>
		<Chinese>&#22307;&#25163;&#20052;&#27835;&#12539;&#21326;&#30427;&#39039;&#12539;&#25096;&#32034;&#23572;&#26031;</Chinese>
	</TEXT>
	<TEXT>
		<Tag>TXT_KEY_GREAT_PERSON_HENRY_FORD</Tag>
		<English>&#22307;&#25163;&#20136;&#21033;&#12539;&#31119;&#29305;</English>
<L1/><L2/><L3/><L4/>
		<Chinese>&#22307;&#25163;&#20136;&#21033;&#12539;&#31119;&#29305;</Chinese>
	</TEXT>
	<TEXT>
		<Tag>TXT_KEY_GREAT_PERSON_WILBUR_WRIGHT</Tag>
		<English>&#22307;&#25163;&#32500;&#23572;&#20271;&#12539;&#33713;&#29305;</English>
<L1/><L2/><L3/><L4/>
		<Chinese>&#22307;&#25163;&#32500;&#23572;&#20271;&#12539;&#33713;&#29305;</Chinese>
	</TEXT>
	<TEXT>
		<Tag>TXT_KEY_GREAT_PERSON_ORVILLE_WRIGHT</Tag>
		<English>&#22307;&#25163;&#22885;&#32500;&#23572;&#12539;&#33713;&#29305;</English>
<L1/><L2/><L3/><L4/>
		<Chinese>&#22307;&#25163;&#22885;&#32500;&#23572;&#12539;&#33713;&#29305;</Chinese>
	</TEXT>
</Civ4GameText>
