<?xml version="1.0" encoding="gb2312"?>
<!-- edited with XMLSPY v2004 rel. 2 U (http://www.xmlspy.com) by lcollins (Firaxis Games) -->
<!-- Sid Meier's Civilization 4 -->
<!-- Copyright Firaxis Games 2005 -->
<!-- freesand leo -->
<!-- Game Text - New -->
<Civ4GameText xmlns="http://www.firaxis.com">
	<TEXT>
		<Tag>TXT_KEY_CIV_HOLY_ROMAN_DESC</Tag>
		<English>Holy Roman Empire</English>
<L1 /><L2 /><L3 /><L4 />
		<Chinese>&#x795E;&#x5723;&#x7F57;&#x9A6C;&#x6587;&#x660E;</Chinese>
	</TEXT>
	<TEXT>
		<Tag>TXT_KEY_CIV_HOLY_ROMAN_SHORT_DESC</Tag>
		<English>Holy Rome</English>
<L1 /><L2 /><L3 /><L4 />
		<Chinese>&#x795E;&#x5723;&#x7F57;&#x9A6C;</Chinese>
	</TEXT>
	<TEXT>
		<Tag>TXT_KEY_CIV_HOLY_ROMAN_ADJECTIVE</Tag>
		<English>
			<Text>Holy Roman:Holy Romans</Text>
			<Gender>Male</Gender>
			<Plural>0:1</Plural>
		</English>
<L1 /><L2 /><L3 /><L4 />
		<Chinese>&#x795E;&#x5723;&#x7F57;&#x9A6C;</Chinese>
	</TEXT>
	<TEXT>
		<Tag>TXT_KEY_LEADER_CHARLEMAGNE</Tag>
		<English>Charlemagne</English>
<L1 /><L2 /><L3 /><L4 />
		<Chinese>&#x67E5;&#x7406;&#x66FC;</Chinese>
	</TEXT>
	<TEXT>
		<Tag>TXT_KEY_BUILDING_HOLY_ROMAN_RATHAUS</Tag>
		<English>Rathaus</English>
<L1 /><L2 /><L3 /><L4 />
		<Chinese>&#x8BAE;&#x4F1A;&#x5385;</Chinese>
	</TEXT>
	<TEXT>
		<Tag>TXT_KEY_UNIT_HOLY_ROMAN_LANDSKNECHT</Tag>
		<English>Landsknecht</English>
<L1 /><L2 /><L3 /><L4 />
		<Chinese>&#x81EA;&#x7531;&#x4F63;&#x5175;</Chinese>
	</TEXT>
	<TEXT>
		<Tag>TXT_KEY_UNIT_NETHERLANDS_OOSTINDIEVAARDER</Tag>
		<English>East Indiaman</English>
<L1 /><L2 /><L3 /><L4 />
		<Chinese>&#x4E1C;&#x5370;&#x5EA6;&#x5546;&#x8239;</Chinese>
	</TEXT>
	<TEXT>
		<Tag>TXT_KEY_LEADER_PERICLES</Tag>
		<English>Pericles</English>
<L1 /><L2 /><L3 /><L4 />
		<Chinese>&#x4F2F;&#x91CC;&#x514B;&#x5229;</Chinese>
	</TEXT>
	<TEXT>
		<Tag>TXT_KEY_LEADER_WILLEM_VAN_ORANJE</Tag>
		<English>Willem van Oranje</English>
<L1 /><L2 /><L3 /><L4 />
		<Chinese>&#x5A01;&#x5EC9;&#x00B7;&#x5965;&#x5170;&#x6CBB;</Chinese>
	</TEXT>
	<TEXT>
		<Tag>TXT_KEY_CIV_NETHERLANDS_DESC</Tag>
		<English>Dutch Empire</English>
<L1 /><L2 /><L3 /><L4 />
		<Chinese>&#x8377;&#x5170;&#x6587;&#x660E;</Chinese>
	</TEXT>
	<TEXT>
		<Tag>TXT_KEY_CIV_NETHERLANDS_SHORT_DESC</Tag>
		<English>Netherlands</English>
<L1 /><L2 /><L3 /><L4 />
		<Chinese>&#x8377;&#x5170;</Chinese>
	</TEXT>
	<TEXT>
		<Tag>TXT_KEY_CIV_NETHERLANDS_ADJECTIVE</Tag>
		<English>
			<Text>Dutch:Dutch</Text>
			<Gender>Male</Gender>
			<Plural>0:1</Plural>
		</English>
<L1 /><L2 /><L3 /><L4 />
		<Chinese>&#x8377;&#x5170;</Chinese>
	</TEXT>
	<TEXT>
		<Tag>TXT_KEY_BUILDING_CUSTOM_HOUSE</Tag>
		<English>Customs House</English>
<L1 /><L2 /><L3 /><L4 />
		<Chinese>&#x6D77;&#x5173;</Chinese>
	</TEXT>
	<TEXT>
		<Tag>TXT_KEY_BUILDING_INDUSTRIAL_PARK</Tag>
		<English>Industrial Park</English>
<L1 /><L2 /><L3 /><L4 />
		<Chinese>&#x5DE5;&#x4E1A;&#x56ED;&#x533A;</Chinese>
	</TEXT>
	<TEXT>
		<Tag>TXT_KEY_BUILDING_PUBLIC_TRANSPORTATION</Tag>
		<English>Public Transportation</English>
<L1 /><L2 /><L3 /><L4 />
		<Chinese>&#x516C;&#x4EA4;&#x7CFB;&#x7EDF;</Chinese>
	</TEXT>
	<TEXT>
		<Tag>TXT_KEY_BUILDING_LEVEE</Tag>
		<English>Levee</English>
<L1 /><L2 /><L3 /><L4 />
		<Chinese>&#x9632;&#x6D2A;&#x5824;</Chinese>
	</TEXT>
	<TEXT>
		<Tag>TXT_KEY_BUILDING_NETHERLANDS_DIKE</Tag>
		<English>Dike</English>
<L1 /><L2 /><L3 /><L4 />
		<Chinese>&#x6D77;&#x5824;</Chinese>
	</TEXT>
	<TEXT>
		<Tag>TXT_KEY_LEADER_PACAL</Tag>
		<English>Pacal II</English>
<L1 /><L2 /><L3 /><L4 />
		<Chinese>&#x5E15;&#x5361;&#x5C14;&#x4E8C;&#x4E16;</Chinese>
	</TEXT>
	<TEXT>
		<Tag>TXT_KEY_CIV_MAYA_DESC</Tag>
		<English>Maya Empire</English>
<L1 /><L2 /><L3 /><L4 />
		<Chinese>&#x739B;&#x96C5;&#x6587;&#x660E;</Chinese>
	</TEXT>
	<TEXT>
		<Tag>TXT_KEY_CIV_MAYA_SHORT_DESC</Tag>
		<English>Maya</English>
<L1 /><L2 /><L3 /><L4 />
		<Chinese>&#x739B;&#x96C5;</Chinese>
	</TEXT>
	<TEXT>
		<Tag>TXT_KEY_CIV_MAYA_ADJECTIVE</Tag>
		<English>
			<Text>Maya:Maya</Text>
			<Gender>Male</Gender>
			<Plural>0:1</Plural>
		</English>
<L1 /><L2 /><L3 /><L4 />
		<Chinese>&#x739B;&#x96C5;</Chinese>
	</TEXT>
	<TEXT>
		<Tag>TXT_KEY_BUILDING_MAYA_BALL_COURT</Tag>
		<English>Ball Court</English>
<L1 /><L2 /><L3 /><L4 />
		<Chinese>&#x4EBA;&#x796D;&#x7403;&#x573A;</Chinese>
	</TEXT>
	<TEXT>
		<Tag>TXT_KEY_UNIT_MAYA_HOLKAN</Tag>
		<English>Holkan</English>
<L1 /><L2 /><L3 /><L4 />
		<Chinese>&#x970D;&#x574E;&#x6B66;&#x58EB;</Chinese>
	</TEXT>
	<TEXT>
		<Tag>TXT_KEY_LEADER_ZARA_YAQOB</Tag>
		<English>Zara Yaqob</English>
<L1 /><L2 /><L3 /><L4 />
		<Chinese>&#x672D;&#x62C9;&#x00B7;&#x96C5;&#x5404;&#x5E03;</Chinese>
	</TEXT>
	<TEXT>
		<Tag>TXT_KEY_CIV_ETHIOPIA_DESC</Tag>
		<English>Ethiopian Empire</English>
<L1 /><L2 /><L3 /><L4 />
		<Chinese>&#x57C3;&#x585E;&#x4FC4;&#x6BD4;&#x4E9A;&#x6587;&#x660E;</Chinese>
	</TEXT>
	<TEXT>
		<Tag>TXT_KEY_CIV_ETHIOPIA_SHORT_DESC</Tag>
		<English>Ethiopia</English>
<L1 /><L2 /><L3 /><L4 />
		<Chinese>&#x57C3;&#x585E;&#x4FC4;&#x6BD4;&#x4E9A;</Chinese>
	</TEXT>
	<TEXT>
		<Tag>TXT_KEY_CIV_ETHIOPIA_ADJECTIVE</Tag>
		<English>
			<Text>Ethiopian:Ethiopians</Text>
			<Gender>Male</Gender>
			<Plural>0:1</Plural>
		</English>
<L1 /><L2 /><L3 /><L4 />
		<Chinese>&#x57C3;&#x585E;&#x4FC4;&#x6BD4;&#x4E9A;</Chinese>
	</TEXT>
	<TEXT>
		<Tag>TXT_KEY_BUILDING_ETHIOPIAN_STELE</Tag>
		<English>Stele</English>
<L1 /><L2 /><L3 /><L4 />
		<Chinese>&#x7EAA;&#x5FF5;&#x77F3;&#x67F1;</Chinese>
	</TEXT>
	<TEXT>
		<Tag>TXT_KEY_UNIT_ETHIOPIAN_OROMO_WARRIOR</Tag>
		<English>Oromo Warrior</English>
<L1 /><L2 /><L3 /><L4 />
		<Chinese>&#x5965;&#x7F57;&#x83AB;&#x6218;&#x58EB;</Chinese>
	</TEXT>
	<TEXT>
		<Tag>TXT_KEY_LEADER_SULEIMAN</Tag>
		<English>Suleiman</English>
<L1 /><L2 /><L3 /><L4 />
		<Chinese>&#x82CF;&#x83B1;&#x66FC;</Chinese>
	</TEXT>
	<TEXT>
		<Tag>TXT_KEY_LEADER_BOUDICA</Tag>
		<English>Boudica</English>
<L1 /><L2 /><L3 /><L4 />
		<Chinese>&#x5E03;&#x72C4;&#x5361;</Chinese>
	</TEXT>
	<TEXT>
		<Tag>TXT_KEY_LEADER_LINCOLN</Tag>
		<English>Lincoln</English>
<L1 /><L2 /><L3 /><L4 />
		<Chinese>&#x6797;&#x80AF;</Chinese>
	</TEXT>
	<TEXT>
		<Tag>TXT_KEY_LEADER_DARIUS</Tag>
		<English>Darius I</English>
<L1 /><L2 /><L3 /><L4 />
		<Chinese>&#x5927;&#x6D41;&#x58EB;&#x4E00;&#x4E16;</Chinese>
	</TEXT>
	<TEXT>
		<Tag>TXT_KEY_LEADER_DE_GAULLE</Tag>
		<English>De Gaulle</English>
<L1 /><L2 /><L3 /><L4 />
		<Chinese>&#x6234;&#x9AD8;&#x4E50;</Chinese>
	</TEXT>
	<TEXT>
		<Tag>TXT_KEY_LEADER_HAMMURABI</Tag>
		<English>Hammurabi</English>
<L1 /><L2 /><L3 /><L4 />
		<Chinese>&#x6C49;&#x8C1F;&#x62C9;&#x6BD4;</Chinese>
	</TEXT>
	<TEXT>
		<Tag>TXT_KEY_LEADER_GILGAMESH</Tag>
		<English>Gilgamesh</English>
<L1 /><L2 /><L3 /><L4 />
		<Chinese>&#x5409;&#x5C14;&#x4F3D;&#x7F8E;&#x4EC0;</Chinese>
	</TEXT>
	<TEXT>
		<Tag>TXT_KEY_CIV_KHMER_DESC</Tag>
		<English>Khmer Empire</English>
<L1 /><L2 /><L3 /><L4 />
		<Chinese>&#x9AD8;&#x68C9;&#x6587;&#x660E;</Chinese>
	</TEXT>
	<TEXT>
		<Tag>TXT_KEY_CIV_KHMER_SHORT_DESC</Tag>
		<English>Khmer</English>
<L1 /><L2 /><L3 /><L4 />
		<Chinese>&#x9AD8;&#x68C9;</Chinese>
	</TEXT>
	<TEXT>
		<Tag>TXT_KEY_CIV_KHMER_ADJECTIVE</Tag>
		<English>
			<Text>Khmer:Khmer</Text>
			<Gender>Male</Gender>
			<Plural>0:1</Plural>
		</English>
<L1 /><L2 /><L3 /><L4 />
		<Chinese>&#x9AD8;&#x68C9;</Chinese>
	</TEXT>
	<TEXT>
		<Tag>TXT_KEY_LEADER_SURYAVARMAN</Tag>
		<English>Suryavarman II</English>
<L1 /><L2 /><L3 /><L4 />
		<Chinese>&#x82CF;&#x8036;&#x8DCB;&#x6469;&#x4E8C;&#x4E16;</Chinese>
	</TEXT>
	<TEXT>
		<Tag>TXT_KEY_UNIT_KHMER_BALLISTA_ELEPHANT</Tag>
		<English>Ballista Elephant</English>
<L1 /><L2 /><L3 /><L4 />
		<Chinese>&#x91CD;&#x5F29;&#x6218;&#x8C61;</Chinese>
	</TEXT>
	<TEXT>
		<Tag>TXT_KEY_BUILDING_KHMER_BARAY</Tag>
		<English>Baray</English>
<L1 /><L2 /><L3 /><L4 />
		<Chinese>&#x4EBA;&#x5DE5;&#x6E56;</Chinese>
	</TEXT>
	<TEXT>
		<Tag>TXT_KEY_CIV_BABYLON_DESC</Tag>
		<English>Babylonian Empire</English>
<L1 /><L2 /><L3 /><L4 />
		<Chinese>&#x5DF4;&#x6BD4;&#x4F26;&#x6587;&#x660E;</Chinese>
	</TEXT>
	<TEXT>
		<Tag>TXT_KEY_CIV_BABYLON_SHORT_DESC</Tag>
		<English>Babylon</English>
<L1 /><L2 /><L3 /><L4 />
		<Chinese>&#x5DF4;&#x6BD4;&#x4F26;</Chinese>
	</TEXT>
	<TEXT>
		<Tag>TXT_KEY_CIV_BABYLON_ADJECTIVE</Tag>
		<English>
			<Text>Babylonian:Babylonians</Text>
			<Gender>Male</Gender>
			<Plural>0:1</Plural>
		</English>
<L1 /><L2 /><L3 /><L4 />
		<Chinese>&#x5DF4;&#x6BD4;&#x4F26;</Chinese>
	</TEXT>
	<TEXT>
		<Tag>TXT_KEY_UNIT_BABYLON_BOWMAN</Tag>
		<English>Bowman</English>
<L1 /><L2 /><L3 /><L4 />
		<Chinese>&#x5DF4;&#x6BD4;&#x4F26;&#x5F13;&#x624B;</Chinese>
	</TEXT>
	<TEXT>
		<Tag>TXT_KEY_BUILDING_BABYLON_GARDEN</Tag>
		<English>Garden</English>
<L1 /><L2 /><L3 /><L4 />
		<Chinese>&#x82B1;&#x56ED;</Chinese>
	</TEXT>
	<TEXT>
		<Tag>TXT_KEY_CIV_SUMERIA_DESC</Tag>
		<English>Sumerian Empire</English>
<L1 /><L2 /><L3 /><L4 />
		<Chinese>&#x82CF;&#x7F8E;&#x5C14;&#x6587;&#x660E;</Chinese>
	</TEXT>
	<TEXT>
		<Tag>TXT_KEY_CIV_SUMERIA_SHORT_DESC</Tag>
		<English>Sumeria</English>
<L1 /><L2 /><L3 /><L4 />
		<Chinese>&#x82CF;&#x7F8E;&#x5C14;</Chinese>
	</TEXT>
	<TEXT>
		<Tag>TXT_KEY_CIV_SUMERIA_ADJECTIVE</Tag>
		<English>
			<Text>Sumerian:Sumerians</Text>
			<Gender>Male</Gender>
			<Plural>0:1</Plural>
		</English>
<L1 /><L2 /><L3 /><L4 />
		<Chinese>&#x82CF;&#x7F8E;&#x5C14;</Chinese>
	</TEXT>
	<TEXT>
		<Tag>TXT_KEY_UNIT_SUMERIAN_VULTURE</Tag>
		<English>Vulture</English>
<L1 /><L2 /><L3 /><L4 />
		<Chinese>&#x5140;&#x9E6B;&#x6218;&#x58EB;</Chinese>
	</TEXT>
	<TEXT>
		<Tag>TXT_KEY_BUILDING_SUMERIAN_ZIGGURAT</Tag>
		<English>Ziggurat</English>
<L1 /><L2 /><L3 /><L4 />
		<Chinese>&#x795E;&#x5854;</Chinese>
	</TEXT>
	<TEXT>
		<Tag>TXT_KEY_LEADER_SITTING_BULL</Tag>
		<English>Sitting Bull</English>
<L1 /><L2 /><L3 /><L4 />
		<Chinese>&#x5750;&#x725B;</Chinese>
	</TEXT>
	<TEXT>
		<Tag>TXT_KEY_CIV_NATIVE_AMERICA_DESC</Tag>
		<English>Native American Empire</English>
<L1 /><L2 /><L3 /><L4 />
		<Chinese>&#x5317;&#x7F8E;&#x571F;&#x8457;&#x6587;&#x660E;</Chinese>
	</TEXT>
	<TEXT>
		<Tag>TXT_KEY_CIV_NATIVE_AMERICA_SHORT_DESC</Tag>
		<English>Native America</English>
<L1 /><L2 /><L3 /><L4 />
		<Chinese>&#x5317;&#x7F8E;&#x571F;&#x8457;</Chinese>
	</TEXT>
	<TEXT>
		<Tag>TXT_KEY_CIV_NATIVE_AMERICA_ADJECTIVE</Tag>
		<English>
			<Text>Native American:Native Americans</Text>
			<Gender>Male</Gender>
			<Plural>0:1</Plural>
		</English>
<L1 /><L2 /><L3 /><L4 />
		<Chinese>&#x5317;&#x7F8E;&#x571F;&#x8457;</Chinese>
	</TEXT>
	<TEXT>
		<Tag>TXT_KEY_BUILDING_NATIVE_AMERICA_TOTEM</Tag>
		<English>Totem Pole</English>
<L1 /><L2 /><L3 /><L4 />
		<Chinese>&#x56FE;&#x817E;&#x67F1;</Chinese>
	</TEXT>
	<TEXT>
		<Tag>TXT_KEY_UNIT_NATIVE_AMERICA_DOG_SOLDIER</Tag>
		<English>Dog Soldier</English>
<L1 /><L2 /><L3 /><L4 />
		<Chinese>&#x730E;&#x72AC;&#x6218;&#x58EB;</Chinese>
	</TEXT>
	<TEXT>
		<Tag>TXT_KEY_LEADER_JOAO</Tag>
		<English>Joao II</English>
<L1 /><L2 /><L3 /><L4 />
		<Chinese>&#x82E5;&#x6602;&#x4E8C;&#x4E16;</Chinese>
	</TEXT>
	<TEXT>
		<Tag>TXT_KEY_CIV_PORTUGAL_DESC</Tag>
		<English>Portuguese Empire</English>
<L1 /><L2 /><L3 /><L4 />
		<Chinese>&#x8461;&#x8404;&#x7259;&#x6587;&#x660E;</Chinese>
	</TEXT>
	<TEXT>
		<Tag>TXT_KEY_CIV_PORTUGAL_SHORT_DESC</Tag>
		<English>Portugal</English>
<L1 /><L2 /><L3 /><L4 />
		<Chinese>&#x8461;&#x8404;&#x7259;</Chinese>
	</TEXT>
	<TEXT>
		<Tag>TXT_KEY_CIV_PORTUGAL_ADJECTIVE</Tag>
		<English>
			<Text>Portuguese:Portuguese</Text>
			<Gender>Male</Gender>
			<Plural>0:1</Plural>
		</English>
<L1 /><L2 /><L3 /><L4 />
		<Chinese>&#x8461;&#x8404;&#x7259;</Chinese>
	</TEXT>
	<TEXT>
		<Tag>TXT_KEY_BUILDING_PORTUGAL_FEITORIA</Tag>
		<English>Feitoria</English>
<L1 /><L2 /><L3 /><L4 />
		<Chinese>&#x5546;&#x7AD9;</Chinese>
	</TEXT>
	<TEXT>
		<Tag>TXT_KEY_UNIT_PORTUGAL_CARRACK</Tag>
		<English>Carrack</English>
<L1 /><L2 /><L3 /><L4 />
		<Chinese>&#x5361;&#x62C9;&#x514B;&#x5E06;&#x8239;</Chinese>
	</TEXT>
	<TEXT>
		<Tag>TXT_KEY_LEADER_JUSTINIAN</Tag>
		<English>Justinian I</English>
<L1 /><L2 /><L3 /><L4 />
		<Chinese>&#x67E5;&#x58EB;&#x4E01;&#x5C3C;&#x4E00;&#x4E16;</Chinese>
	</TEXT>
	<TEXT>
		<Tag>TXT_KEY_CIV_BYZANTIUM_DESC</Tag>
		<English>Byzantine Empire</English>
<L1 /><L2 /><L3 /><L4 />
		<Chinese>&#x62DC;&#x5360;&#x5EAD;&#x6587;&#x660E;</Chinese>
	</TEXT>
	<TEXT>
		<Tag>TXT_KEY_CIV_BYZANTIUM_SHORT_DESC</Tag>
		<English>Byzantium</English>
<L1 /><L2 /><L3 /><L4 />
		<Chinese>&#x62DC;&#x5360;&#x5EAD;</Chinese>
	</TEXT>
	<TEXT>
		<Tag>TXT_KEY_CIV_BYZANTIUM_ADJECTIVE</Tag>
		<English>
			<Text>Byzantine:Byzantines</Text>
			<Gender>Male</Gender>
			<Plural>0:1</Plural>
		</English>
<L1 /><L2 /><L3 /><L4 />
		<Chinese>&#x62DC;&#x5360;&#x5EAD;</Chinese>
	</TEXT>
	<TEXT>
		<Tag>TXT_KEY_BUILDING_BYZANTINE_HIPPODROME</Tag>
		<English>Hippodrome</English>
<L1 /><L2 /><L3 /><L4 />
		<Chinese>&#x8D5B;&#x9A6C;&#x573A;</Chinese>
	</TEXT>
	<TEXT>
		<Tag>TXT_KEY_UNIT_BYZANTINE_CATAPHRACT</Tag>
		<English>Cataphract</English>
<L1 /><L2 /><L3 /><L4 />
		<Chinese>&#x91CD;&#x7532;&#x9A91;&#x5175;</Chinese>
	</TEXT>
	<TEXT>
		<Tag>TXT_KEY_UNIT_CUIRASSIER</Tag>
		<English>Cuirassier</English>
<L1 /><L2 /><L3 /><L4 />
		<Chinese>&#x80F8;&#x7532;&#x9A91;&#x5175;</Chinese>
	</TEXT>
	<TEXT>
		<Tag>TXT_KEY_UNIT_AIRSHIP</Tag>
		<English>Airship</English>
<L1 /><L2 /><L3 /><L4 />
		<Chinese>&#x98DE;&#x8247;</Chinese>
	</TEXT>
	<TEXT>
		<Tag>TXT_KEY_UNIT_ATTACK_SUBMARINE</Tag>
		<English>Attack Submarine</English>
<L1 /><L2 /><L3 /><L4 />
		<Chinese>&#x653B;&#x51FB;&#x578B;&#x6F5C;&#x8247;</Chinese>
	</TEXT>
	<TEXT>
		<Tag>TXT_KEY_UNIT_GUIDED_MISSILE</Tag>
		<English>Guided Missile</English>
<L1 /><L2 /><L3 /><L4 />
		<Chinese>&#x5DE1;&#x822A;&#x5BFC;&#x5F39;</Chinese>
	</TEXT>
	<TEXT>
		<Tag>TXT_KEY_UNIT_SHIP_OF_THE_LINE</Tag>
		<English>Ship of the Line</English>
<L1 /><L2 /><L3 /><L4 />
		<Chinese>&#x4E3B;&#x529B;&#x6218;&#x8230;</Chinese>
	</TEXT>
	<TEXT>
		<Tag>TXT_KEY_UNIT_AT_INFANTRY</Tag>
		<English>Anti-Tank</English>
<L1 /><L2 /><L3 /><L4 />
		<Chinese>&#x53CD;&#x5766;&#x514B;&#x6B65;&#x5175;</Chinese>
	</TEXT>
	<TEXT>
		<Tag>TXT_KEY_UNIT_MOBILE_ARTILLERY</Tag>
		<English>Mobile Artillery</English>
<L1 /><L2 /><L3 /><L4 />
		<Chinese>&#x81EA;&#x884C;&#x706B;&#x70AE;</Chinese>
	</TEXT>
	<TEXT>
		<Tag>TXT_KEY_UNIT_MOBILE_SAM</Tag>
		<English>Mobile SAM</English>
<L1 /><L2 /><L3 /><L4 />
		<Chinese>&#x9632;&#x7A7A;&#x5BFC;&#x5F39;&#x8F66;</Chinese>
	</TEXT>
	<TEXT>
		<Tag>TXT_KEY_SPECIALUNIT_MISSILE</Tag>
		<English>Missiles</English>
<L1 /><L2 /><L3 /><L4 />
		<Chinese>&#x5BFC;&#x5F39;</Chinese>
	</TEXT>
	<TEXT>
		<Tag>TXT_KEY_BUILDING_NATIONAL_PARK</Tag>
		<English>National Park</English>
<L1 /><L2 /><L3 /><L4 />
		<Chinese>&#x56FD;&#x5BB6;&#x516C;&#x56ED;</Chinese>
	</TEXT>
	<TEXT>
		<Tag>TXT_KEY_BUILDING_INTELLIGENCE_AGENCY</Tag>
		<English>Intelligence Agency</English>
<L1 /><L2 /><L3 /><L4 />
		<Chinese>&#x60C5;&#x62A5;&#x5C40;</Chinese>
	</TEXT>
	<TEXT>
		<Tag>TXT_KEY_BUILDING_NATIONAL_SECURITY</Tag>
		<English>Security Bureau</English>
<L1 /><L2 /><L3 /><L4 />
		<Chinese>&#x5B89;&#x5168;&#x5C40;</Chinese>
	</TEXT>
	<TEXT>
		<Tag>TXT_KEY_UNIT_STEALTH_DESTROYER</Tag>
		<English>Stealth Destroyer</English>
<L1 /><L2 /><L3 /><L4 />
		<Chinese>&#x9690;&#x5F62;&#x9A71;&#x9010;&#x8230;</Chinese>
	</TEXT>
	<TEXT>
		<Tag>TXT_KEY_IMPROVEMENT_FOREST_PRESERVE</Tag>
		<English>Forest Preserve</English>
<L1 /><L2 /><L3 /><L4 />
		<Chinese>&#x68EE;&#x6797;&#x4FDD;&#x62A4;&#x533A;</Chinese>
	</TEXT>
	<TEXT>
		<Tag>TXT_KEY_SPECIALIST_GREAT_SPY</Tag>
		<English>Great Spy</English>
<L1 /><L2 /><L3 /><L4 />
		<Chinese>&#x5927;&#x95F4;&#x8C0D;</Chinese>
	</TEXT>
	<TEXT>
		<Tag>TXT_KEY_BUILDING_MOAI_STATUES</Tag>
		<English>Moai Statues</English>
<L1 /><L2 /><L3 /><L4 />
		<Chinese>&#x6469;&#x827E;&#x77F3;&#x50CF;&#x7FA4;</Chinese>
	</TEXT>
	<TEXT>
		<Tag>TXT_KEY_BUILDING_CRISTO_REDENTOR</Tag>
		<English>Cristo Redentor</English>
<L1 /><L2 /><L3 /><L4 />
		<Chinese>&#x8036;&#x7A23;&#x5DE8;&#x50CF;</Chinese>
	</TEXT>
	<TEXT>
		<Tag>TXT_KEY_BUILDING_SHWEDAGON_PAYA</Tag>
		<English>Shwedagon Paya</English>
<L1 /><L2 /><L3 /><L4 />
		<Chinese>&#x745E;&#x5149;&#x5927;&#x91D1;&#x5854;</Chinese>
	</TEXT>
	<TEXT>
		<Tag>TXT_KEY_BUILDING_MAUSOLEUM_OF_MAUSSOLLOS</Tag>
		<English>Mausoleum of Maussollos</English>
<L1 /><L2 /><L3 /><L4 />
		<Chinese>&#x6469;&#x7D22;&#x62C9;&#x65AF;&#x9675;&#x5893;</Chinese>
	</TEXT>
	<TEXT>
		<Tag>TXT_KEY_BUILDING_STATUE_OF_ZEUS</Tag>
		<English>The Statue of Zeus</English>
<L1 /><L2 /><L3 /><L4 />
		<Chinese>&#x5B99;&#x65AF;&#x795E;&#x50CF;</Chinese>
	</TEXT>
	<TEXT>
		<Tag>TXT_KEY_UNIT_MISSILE_CRUISER</Tag>
		<English>Missile Cruiser</English>
<L1 /><L2 /><L3 /><L4 />
		<Chinese>&#x5BFC;&#x5F39;&#x5DE1;&#x6D0B;&#x8230;</Chinese>
	</TEXT>
	<TEXT>
		<Tag>TXT_KEY_UNIT_TACTICAL_NUKE</Tag>
		<English>Tactical Nuke</English>
<L1 /><L2 /><L3 /><L4 />
		<Chinese>&#x6218;&#x672F;&#x6838;&#x5F39;</Chinese>
	</TEXT>
	<TEXT>
		<Tag>TXT_KEY_TECH_ADVANCED_FLIGHT</Tag>
		<English>Advanced Flight</English>
<L1 /><L2 /><L3 /><L4 />
		<Chinese>&#x5148;&#x8FDB;&#x822A;&#x7A7A;</Chinese>
	</TEXT>
	<TEXT>
		<Tag>TXT_KEY_TECH_STEALTH</Tag>
		<English>Stealth</English>
<L1 /><L2 /><L3 /><L4 />
		<Chinese>&#x9690;&#x5F62;</Chinese>
	</TEXT>
	<TEXT>
		<Tag>TXT_KEY_TECH_SUPERCONDUCTORS</Tag>
		<English>Superconductors</English>
<L1 /><L2 /><L3 /><L4 />
		<Chinese>&#x8D85;&#x5BFC;</Chinese>
	</TEXT>
	<TEXT>
		<Tag>TXT_KEY_TECH_LASER</Tag>
		<English>Laser</English>
<L1 /><L2 /><L3 /><L4 />
		<Chinese>&#x6FC0;&#x5149;</Chinese>
	</TEXT>
	<TEXT>
		<Tag>TXT_KEY_TECH_AESTHETICS</Tag>
		<English>Aesthetics</English>
<L1 /><L2 /><L3 /><L4 />
		<Chinese>&#x7F8E;&#x5B66;</Chinese>
	</TEXT>
	<TEXT>
		<Tag>TXT_KEY_TECH_MILITARY_SCIENCE</Tag>
		<English>Military Science</English>
<L1 /><L2 /><L3 /><L4 />
		<Chinese>&#x519B;&#x4E8B;&#x79D1;&#x5B66;</Chinese>
	</TEXT>
	<TEXT>
		<Tag>TXT_KEY_UNIT_PRIVATEER</Tag>
		<English>Privateer</English>
<L1 /><L2 /><L3 /><L4 />
		<Chinese>&#x79C1;&#x63A0;&#x8230;</Chinese>
	</TEXT>
	<TEXT>
		<Tag>TXT_KEY_UNIT_PARATROOPER</Tag>
		<English>Paratrooper</English>
<L1 /><L2 /><L3 /><L4 />
		<Chinese>&#x4F1E;&#x5175;</Chinese>
	</TEXT>
	<TEXT>
		<Tag>TXT_KEY_IMPROVEMENT_BUOY</Tag>
		<English>Sea Route</English>
<L1 /><L2 /><L3 /><L4 />
		<Chinese>&#x6D77;&#x8DEF;</Chinese>
	</TEXT>
	<TEXT>
		<Tag>TXT_KEY_IMPROVEMENT_BUOY_PILLAGED</Tag>
		<English>Plundered Route</English>
<L1 /><L2 /><L3 /><L4 />
		<Chinese>&#x906D;&#x52AB;&#x63A0;&#x6D77;&#x8DEF;</Chinese>
	</TEXT>
	<TEXT>
		<Tag>TXT_KEY_CONCEPT_FLANK_ATTACK</Tag>
		<English>Improved Siege Combat</English>
<L1 /><L2 /><L3 /><L4 />
		<Chinese>&#x653B;&#x57CE;&#x6218;&#x7684;&#x6539;&#x8FDB;</Chinese>
	</TEXT>
	<TEXT>
		<Tag>TXT_KEY_CONCEPT_SEA_TRADE</Tag>
		<English>Naval Trade Routes</English>
<L1 /><L2 /><L3 /><L4 />
		<Chinese>&#x6D77;&#x4E0A;&#x5546;&#x8DEF;</Chinese>
	</TEXT>
	<TEXT>
		<Tag>TXT_KEY_CONCEPT_CORPORATIONS</Tag>
		<English>Corporations</English>
<L1 /><L2 /><L3 /><L4 />
		<Chinese>&#x5546;&#x4E1A;&#x516C;&#x53F8;</Chinese>
	</TEXT>
	<TEXT>
		<Tag>TXT_KEY_CONCEPT_COLONIES</Tag>
		<English>Colonies</English>
<L1 /><L2 /><L3 /><L4 />
		<Chinese>&#x6B96;&#x6C11;&#x5730;</Chinese>
	</TEXT>
	<TEXT>
		<Tag>TXT_KEY_INVISIBLE_STEALTH_NAVY</Tag>
		<English>Stealth Ships</English>
<L1 /><L2 /><L3 /><L4 />
		<Chinese>&#x9690;&#x5F62;&#x8230;&#x8239;</Chinese>
	</TEXT>
	<TEXT>
		<Tag>TXT_KEY_PEDIA_CATEGORY_CONCEPT_NEW</Tag>
		<English>Beyond The Sword Concepts</English>
<L1 /><L2 /><L3 /><L4 />
		<Chinese>&#x5200;&#x5251;&#x4E4B;&#x4E0A;&#x65B0;&#x589E;&#x6982;&#x5FF5;</Chinese>
	</TEXT>
	<TEXT>
		<Tag>TXT_KEY_ESPIONAGE_CULTURE</Tag>
		<English>Espionage</English>
<L1 /><L2 /><L3 /><L4 />
		<Chinese>&#x8C0D;&#x62A5;</Chinese>
	</TEXT>
	<TEXT>
		<Tag>TXT_KEY_CONCEPT_LATE_START</Tag>
		<English>Advanced Start</English>
<L1 /><L2 /><L3 /><L4 />
		<Chinese>&#x9AD8;&#x7EA7;&#x5F00;&#x5C40;</Chinese>
	</TEXT>
	<TEXT>
		<Tag>TXT_KEY_CONCEPT_EVENTS</Tag>
		<English>Events</English>
<L1 /><L2 /><L3 /><L4 />
		<Chinese>&#x4E8B;&#x4EF6;</Chinese>
	</TEXT>
	<TEXT>
		<Tag>TXT_KEY_CONCEPT_AIR_COMBAT</Tag>
		<English>Air Combat</English>
<L1 /><L2 /><L3 /><L4 />
		<Chinese>&#x7A7A;&#x6218;</Chinese>
	</TEXT>
	<TEXT>
		<Tag>TXT_KEY_CONCEPT_AIR_PROMOTIONS</Tag>
		<English>Air Unit Promotions</English>
<L1 /><L2 /><L3 /><L4 />
		<Chinese>&#x7A7A;&#x519B;&#x5355;&#x4F4D;&#x664B;&#x5347;</Chinese>
	</TEXT>
	<TEXT>
		<Tag>TXT_KEY_CONCEPT_GREAT_SPY</Tag>
		<English>Great Spy / Spy Specialist</English>
<L1 /><L2 /><L3 /><L4 />
		<Chinese>&#x5927;&#x95F4;&#x8C0D;/&#x95F4;&#x8C0D;&#x7C7B;&#x4E13;&#x4E1A;&#x4EBA;&#x5458;</Chinese>
	</TEXT>
	<TEXT>
		<Tag>TXT_KEY_BTS_FOREST_PRESERVE</Tag>
		<English>Forest Preserve</English>
<L1 /><L2 /><L3 /><L4 />
		<Chinese>&#x68EE;&#x6797;&#x4FDD;&#x62A4;&#x533A;</Chinese>
	</TEXT>
	<TEXT>
		<Tag>TXT_KEY_RELIGION_JUDAISM_ADJECTIVE</Tag>
		<English>
			<Text>Jewish</Text>
			<Gender>Male</Gender>
			<Plural>0</Plural>
		</English>
<L1 /><L2 /><L3 /><L4 />
		<Chinese>&#x72B9;&#x592A;&#x6559;</Chinese>
	</TEXT>
	<TEXT>
		<Tag>TXT_KEY_RELIGION_CHRISTIANITY_ADJECTIVE</Tag>
		<English>
			<Text>Christian</Text>
			<Gender>Male</Gender>
			<Plural>0</Plural>
		</English>
<L1 /><L2 /><L3 /><L4 />
		<Chinese>&#x57FA;&#x7763;&#x6559;</Chinese>
	</TEXT>
	<TEXT>
		<Tag>TXT_KEY_RELIGION_ISLAM_ADJECTIVE</Tag>
		<English>
			<Text>Islamic</Text>
			<Gender>Male</Gender>
			<Plural>0</Plural>
		</English>
<L1 /><L2 /><L3 /><L4 />
		<Chinese>&#x4F0A;&#x65AF;&#x5170;&#x6559;</Chinese>
	</TEXT>
	<TEXT>
		<Tag>TXT_KEY_RELIGION_HINDUISM_ADJECTIVE</Tag>
		<English>
			<Text>Hindu</Text>
			<Gender>Male</Gender>
			<Plural>0</Plural>
		</English>
<L1 /><L2 /><L3 /><L4 />
		<Chinese>&#x5370;&#x5EA6;&#x6559;</Chinese>
	</TEXT>
	<TEXT>
		<Tag>TXT_KEY_RELIGION_BUDDHISM_ADJECTIVE</Tag>
		<English>
			<Text>Buddhist</Text>
			<Gender>Male</Gender>
			<Plural>0</Plural>
		</English>
<L1 /><L2 /><L3 /><L4 />
		<Chinese>&#x4F5B;&#x6559;</Chinese>
	</TEXT>
	<TEXT>
		<Tag>TXT_KEY_RELIGION_CONFUCIANISM_ADJECTIVE</Tag>
		<English>
			<Text>Confucian</Text>
			<Gender>Male</Gender>
			<Plural>0</Plural>
		</English>
<L1 /><L2 /><L3 /><L4 />
		<Chinese>&#x5112;&#x5B66;</Chinese>
	</TEXT>
	<TEXT>
		<Tag>TXT_KEY_RELIGION_TAOISM_ADJECTIVE</Tag>
		<English>
			<Text>Taoist</Text>
			<Gender>Male</Gender>
			<Plural>0</Plural>
		</English>
<L1 /><L2 /><L3 /><L4 />
		<Chinese>&#x9053;&#x6559;</Chinese>
	</TEXT>
	<TEXT>
		<Tag>TXT_KEY_GREAT_PERSON_PEBEKKAMEN</Tag>
		<English>Pebekkamen</English>
<L1 /><L2 /><L3 /><L4 />
		<Chinese>&#x4F69;&#x8D1D;&#x5361;&#x8499;</Chinese>
	</TEXT>
	<TEXT>
		<Tag>TXT_KEY_GREAT_PERSON_EPHIALTES</Tag>
		<English>Ephialtes of Trachis</English>
<L1 /><L2 /><L3 /><L4 />
		<Chinese>&#x7279;&#x62C9;&#x57FA;&#x65AF;&#x7684;&#x57C3;&#x83F2;&#x5965;&#x7279;&#x65AF;</Chinese>
	</TEXT>
	<TEXT>
		<Tag>TXT_KEY_GREAT_PERSON_JING_KE</Tag>
		<English>Jing Ke</English>
<L1 /><L2 /><L3 /><L4 />
		<Chinese>&#x8346;&#x8F72;</Chinese>
	</TEXT>
	<TEXT>
		<Tag>TXT_KEY_GREAT_PERSON_QIN_WUYANG</Tag>
		<English>Qin Wuyang</English>
<L1 /><L2 /><L3 /><L4 />
		<Chinese>&#x79E6;&#x821E;&#x9633;</Chinese>
	</TEXT>
	<TEXT>
		<Tag>TXT_KEY_GREAT_PERSON_CALIPPUS</Tag>
		<English>Calippus</English>
<L1 /><L2 /><L3 /><L4 />
		<Chinese>&#x5361;&#x5229;&#x6D66;&#x65AF;</Chinese>
	</TEXT>
	<TEXT>
		<Tag>TXT_KEY_GREAT_PERSON_LEONE_ALBERTI</Tag>
		<English>Leone Alberti</English>
<L1 /><L2 /><L3 /><L4 />
		<Chinese>&#x83B1;&#x6602;&#x00B7;&#x963F;&#x5C14;&#x4F2F;&#x8482;</Chinese>
	</TEXT>
	<TEXT>
		<Tag>TXT_KEY_GREAT_PERSON_JOHN_BARLOW</Tag>
		<English>John Barlow</English>
<L1 /><L2 /><L3 /><L4 />
		<Chinese>&#x7EA6;&#x7FF0;&#x00B7;&#x5DF4;&#x7F57;</Chinese>
	</TEXT>
	<TEXT>
		<Tag>TXT_KEY_GREAT_PERSON_FRANCIS_WALSINGHAM</Tag>
		<English>Francis Walsingham</English>
<L1 /><L2 /><L3 /><L4 />
		<Chinese>&#x5F17;&#x6717;&#x897F;&#x65AF;&#x00B7;&#x6C83;&#x5C14;&#x8F9B;&#x6C49;&#x59C6;</Chinese>
	</TEXT>
	<TEXT>
		<Tag>TXT_KEY_GREAT_PERSON_HATTORI_HANZO</Tag>
		<English>Hattori Hanzo</English>
<L1 /><L2 /><L3 /><L4 />
		<Chinese>&#x670D;&#x90E8;&#x534A;&#x85CF;</Chinese>
	</TEXT>
	<TEXT>
		<Tag>TXT_KEY_GREAT_PERSON_BALTHASAR_GERARD</Tag>
		<English>Balthasar Gerard</English>
<L1 /><L2 /><L3 /><L4 />
		<Chinese>&#x5DF4;&#x5854;&#x8428;&#x00B7;&#x6770;&#x62C9;&#x5FB7;</Chinese>
	</TEXT>
	<TEXT>
		<Tag>TXT_KEY_GREAT_PERSON_ANTHONY_BABINGTON</Tag>
		<English>Anthony Babington</English>
<L1 /><L2 /><L3 /><L4 />
		<Chinese>&#x5B89;&#x4E1C;&#x5C3C;&#x00B7;&#x5DF4;&#x5BBE;&#x987F;</Chinese>
	</TEXT>
	<TEXT>
		<Tag>TXT_KEY_GREAT_PERSON_ISHIKAWA_GOEMON</Tag>
		<English>Ishikawa Goemon</English>
<L1 /><L2 /><L3 /><L4 />
		<Chinese>&#x77F3;&#x5DDD;&#x4E94;&#x53F3;&#x536B;&#x95E8;</Chinese>
	</TEXT>
	<TEXT>
		<Tag>TXT_KEY_GREAT_PERSON_GASPAR_GRAZIANI</Tag>
		<English>Gaspar Graziani</English>
<L1 /><L2 /><L3 /><L4 />
		<Chinese>&#x52A0;&#x65AF;&#x5E15;&#x5C14;&#x00B7;&#x683C;&#x62C9;&#x5409;&#x4E9A;&#x5C3C;</Chinese>
	</TEXT>
	<TEXT>
		<Tag>TXT_KEY_GREAT_PERSON_GUY_FAWKES</Tag>
		<English>Guy Fawkes</English>
<L1 /><L2 /><L3 /><L4 />
		<Chinese>&#x76D6;&#x4F0A;&#x00B7;&#x798F;&#x514B;&#x65AF;</Chinese>
	</TEXT>
	<TEXT>
		<Tag>TXT_KEY_GREAT_PERSON_JOHN_HONEYMAN</Tag>
		<English>John Honeyman</English>
<L1 /><L2 /><L3 /><L4 />
		<Chinese>&#x7EA6;&#x7FF0;&#x00B7;&#x54C8;&#x5C3C;&#x66FC;</Chinese>
	</TEXT>
	<TEXT>
		<Tag>TXT_KEY_GREAT_PERSON_NATHAN_HALE</Tag>
		<English>Nathan Hale</English>
<L1 /><L2 /><L3 /><L4 />
		<Chinese>&#x5185;&#x68EE;&#x00B7;&#x9ED1;&#x5C14;</Chinese>
	</TEXT>
	<TEXT>
		<Tag>TXT_KEY_GREAT_PERSON_CHARLOTTE_CORDAY</Tag>
		<English>Charlotte Corday</English>
<L1 /><L2 /><L3 /><L4 />
		<Chinese>&#x590F;&#x7EFF;&#x8482;&#x00B7;&#x79D1;&#x9EDB;</Chinese>
	</TEXT>
	<TEXT>
		<Tag>TXT_KEY_GREAT_PERSON_GIACOMO_CASANOVA</Tag>
		<English>Giacomo Casanova</English>
<L1 /><L2 /><L3 /><L4 />
		<Chinese>&#x5409;&#x4E9A;&#x79D1;&#x83AB;&#x00B7;&#x5361;&#x8428;&#x8BFA;&#x74E6;</Chinese>
	</TEXT>
	<TEXT>
		<Tag>TXT_KEY_GREAT_PERSON_ALLAN_PINKERTON</Tag>
		<English>Allan Pinkerton</English>
<L1 /><L2 /><L3 /><L4 />
		<Chinese>&#x827E;&#x4F26;&#x00B7;&#x5E73;&#x514B;&#x987F;</Chinese>
	</TEXT>
	<TEXT>
		<Tag>TXT_KEY_GREAT_PERSON_WILLIAM_MELVILLE</Tag>
		<English>William Melville</English>
<L1 /><L2 /><L3 /><L4 />
		<Chinese>&#x5A01;&#x5EC9;&#x00B7;&#x6885;&#x7EF4;&#x5C14;</Chinese>
	</TEXT>
	<TEXT>
		<Tag>TXT_KEY_GREAT_PERSON_BELLE_BOYD</Tag>
		<English>Belle Boyd</English>
<L1 /><L2 /><L3 /><L4 />
		<Chinese>&#x8D1D;&#x5C14;&#x00B7;&#x4F2F;&#x4F0A;&#x5FB7;</Chinese>
	</TEXT>
	<TEXT>
		<Tag>TXT_KEY_GREAT_PERSON_SIDNEY_REILLY</Tag>
		<English>Sidney Reilly</English>
<L1 /><L2 /><L3 /><L4 />
		<Chinese>&#x897F;&#x5FB7;&#x5C3C;&#x00B7;&#x96F7;&#x5229;</Chinese>
	</TEXT>
	<TEXT>
		<Tag>TXT_KEY_GREAT_PERSON_AN_JUNG_GEUN</Tag>
		<English>An Jung-Geun</English>
<L1 /><L2 /><L3 /><L4 />
		<Chinese>&#x5B89;&#x91CD;&#x6839;</Chinese>
	</TEXT>
	<TEXT>
		<Tag>TXT_KEY_GREAT_PERSON_CLAUDE_DANSEY</Tag>
		<English>Claude Dansey</English>
<L1 /><L2 /><L3 /><L4 />
		<Chinese>&#x514B;&#x52B3;&#x5FB7;&#x00B7;&#x4E39;&#x585E;</Chinese>
	</TEXT>
	<TEXT>
		<Tag>TXT_KEY_GREAT_PERSON_MATA_HARI</Tag>
		<English>Mata Hari</English>
<L1 /><L2 /><L3 /><L4 />
		<Chinese>&#x739B;&#x5854;&#x00B7;&#x54C8;&#x5229;</Chinese>
	</TEXT>
	<TEXT>
		<Tag>TXT_KEY_GREAT_PERSON_J_EDGAR_HOOVER</Tag>
		<English>J. Edgar Hoover</English>
<L1 /><L2 /><L3 /><L4 />
		<Chinese>&#x57C3;&#x5FB7;&#x52A0;&#x00B7;&#x80E1;&#x4F5B;</Chinese>
	</TEXT>
	<TEXT>
		<Tag>TXT_KEY_GREAT_PERSON_MOE_BERG</Tag>
		<English>Moe Berg</English>
<L1 /><L2 /><L3 /><L4 />
		<Chinese>&#x83AB;&#x4F0A;&#x00B7;&#x8D1D;&#x683C;</Chinese>
	</TEXT>
	<TEXT>
		<Tag>TXT_KEY_GREAT_PERSON_ETHEL_ROSENBERG</Tag>
		<English>Ethel Rosenberg</English>
<L1 /><L2 /><L3 /><L4 />
		<Chinese>&#x57C3;&#x745F;&#x5C14;&#x00B7;&#x7F57;&#x683C;&#x4F2F;&#x683C;</Chinese>
	</TEXT>
	<TEXT>
		<Tag>TXT_KEY_GREAT_PERSON_JULIUS_ROSENBERG</Tag>
		<English>Julius Rosenberg</English>
<L1 /><L2 /><L3 /><L4 />
		<Chinese>&#x88D8;&#x5229;&#x65AF;&#x00B7;&#x7F57;&#x68EE;&#x4F2F;&#x683C;</Chinese>
	</TEXT>
	<TEXT>
		<Tag>TXT_KEY_GREAT_PERSON_CLAUS_VON_STAUFFENBERG</Tag>
		<English>Claus von Stauffenberg</English>
<L1 /><L2 /><L3 /><L4 />
		<Chinese>&#x514B;&#x52B3;&#x65AF;&#x00B7;&#x51AF;&#x00B7;&#x53F2;&#x9676;&#x82AC;&#x4F2F;&#x683C;</Chinese>
	</TEXT>
	<TEXT>
		<Tag>TXT_KEY_GREAT_PERSON_SUZANNE_SPAAK</Tag>
		<English>Suzanne Spaak</English>
<L1 /><L2 /><L3 /><L4 />
		<Chinese>&#x82CF;&#x73CA;&#x5C3C;&#x00B7;&#x65AF;&#x5E15;&#x514B;</Chinese>
	</TEXT>
	<TEXT>
		<Tag>TXT_KEY_GREAT_PERSON_WILLIAM_DONOVAN</Tag>
		<English>William Donovan</English>
<L1 /><L2 /><L3 /><L4 />
		<Chinese>&#x5A01;&#x5EC9;&#x00B7;&#x591A;&#x8BFA;&#x4E07;</Chinese>
	</TEXT>
	<TEXT>
		<Tag>TXT_KEY_BUILDING_APOSTOLIC_PALACE</Tag>
		<English>The Apostolic Palace</English>
<L1 /><L2 /><L3 /><L4 />
		<Chinese>&#x6559;&#x7687;&#x5BAB;</Chinese>
	</TEXT>
	<TEXT>
		<Tag>TXT_KEY_CORPORATION_1</Tag>
		<English>Cereal Mills</English>
<L1 /><L2 /><L3 /><L4 />
		<Chinese>&#x8C37;&#x7269;&#x7814;&#x78E8;&#x516C;&#x53F8;</Chinese>
	</TEXT>
	<TEXT>
		<Tag>TXT_KEY_CORPORATION_3</Tag>
		<English>Standard Ethanol</English>
<L1 /><L2 /><L3 /><L4 />
		<Chinese>&#x6807;&#x51C6;&#x4E59;&#x9187;&#x516C;&#x53F8;</Chinese>
	</TEXT>
	<TEXT>
		<Tag>TXT_KEY_CORPORATION_4</Tag>
		<English>Creative Constructions</English>
<L1 /><L2 /><L3 /><L4 />
		<Chinese>&#x521B;&#x65B0;&#x5EFA;&#x7B51;&#x516C;&#x53F8;</Chinese>
	</TEXT>
	<TEXT>
		<Tag>TXT_KEY_CORPORATION_5</Tag>
		<English>Mining Inc</English>
<L1 /><L2 /><L3 /><L4 />
		<Chinese>&#x8054;&#x5408;&#x77FF;&#x4E1A;&#x516C;&#x53F8;</Chinese>
	</TEXT>
	<TEXT>
		<Tag>TXT_KEY_CORPORATION_6</Tag>
		<English>Aluminum Co</English>
<L1 /><L2 /><L3 /><L4 />
		<Chinese>&#x7EFC;&#x5408;&#x5236;&#x94DD;&#x516C;&#x53F8;</Chinese>
	</TEXT>
	<TEXT>
		<Tag>TXT_KEY_CORPORATION_7</Tag>
		<English>Civilized Jewelers Inc</English>
<L1 /><L2 /><L3 /><L4 />
		<Chinese>&#x6587;&#x660E;&#x73E0;&#x5B9D;&#x516C;&#x53F8;</Chinese>
	</TEXT>
	<TEXT>
		<Tag>TXT_KEY_UNIT_EXECUTIVE_1</Tag>
		<English>Cereal Mills Executive</English>
<L1 /><L2 /><L3 /><L4 />
		<Chinese>&#x8C37;&#x7269;&#x7814;&#x78E8;&#x516C;&#x53F8;&#x7ECF;&#x7406;</Chinese>
	</TEXT>
	<TEXT>
		<Tag>TXT_KEY_UNIT_EXECUTIVE_3</Tag>
		<English>Std Ethanol Executive</English>
<L1 /><L2 /><L3 /><L4 />
		<Chinese>&#x6807;&#x51C6;&#x4E59;&#x9187;&#x516C;&#x53F8;&#x7ECF;&#x7406;</Chinese>
	</TEXT>
	<TEXT>
		<Tag>TXT_KEY_UNIT_EXECUTIVE_4</Tag>
		<English>CreateCon Executive</English>
<L1 /><L2 /><L3 /><L4 />
		<Chinese>&#x521B;&#x65B0;&#x5EFA;&#x7B51;&#x516C;&#x53F8;&#x7ECF;&#x7406;</Chinese>
	</TEXT>
	<TEXT>
		<Tag>TXT_KEY_UNIT_EXECUTIVE_5</Tag>
		<English>Mining Inc Executive</English>
<L1 /><L2 /><L3 /><L4 />
		<Chinese>&#x8054;&#x5408;&#x77FF;&#x4E1A;&#x516C;&#x53F8;&#x7ECF;&#x7406;</Chinese>
	</TEXT>
	<TEXT>
		<Tag>TXT_KEY_UNIT_EXECUTIVE_6</Tag>
		<English>AlumCo Executive</English>
<L1 /><L2 /><L3 /><L4 />
		<Chinese>&#x7EFC;&#x5408;&#x5236;&#x94DD;&#x516C;&#x53F8;&#x7ECF;&#x7406;</Chinese>
	</TEXT>
	<TEXT>
		<Tag>TXT_KEY_UNIT_EXECUTIVE_7</Tag>
		<English>Civ Jewels Executive</English>
<L1 /><L2 /><L3 /><L4 />
		<Chinese>&#x6587;&#x660E;&#x73E0;&#x5B9D;&#x516C;&#x53F8;&#x7ECF;&#x7406;</Chinese>
	</TEXT>
	<TEXT>
		<Tag>TXT_KEY_PROMOTION_WOODSMAN3</Tag>
		<English>Woodsman III</English>
<L1 /><L2 /><L3 /><L4 />
		<Chinese>&#x6797;&#x5730;&#x4E09;&#x7EA7;</Chinese>
	</TEXT>
	<TEXT>
		<Tag>TXT_KEY_PROMOTION_RANGE1</Tag>
		<English>Range I</English>
<L1 /><L2 /><L3 /><L4 />
		<Chinese>&#x822A;&#x7A0B;&#x4E00;&#x7EA7;</Chinese>
	</TEXT>
	<TEXT>
		<Tag>TXT_KEY_PROMOTION_RANGE2</Tag>
		<English>Range II</English>
<L1 /><L2 /><L3 /><L4 />
		<Chinese>&#x822A;&#x7A0B;&#x4E8C;&#x7EA7;</Chinese>
	</TEXT>
	<TEXT>
		<Tag>TXT_KEY_PROMOTION_INTERCEPTION1</Tag>
		<English>Interception I</English>
<L1 /><L2 /><L3 /><L4 />
		<Chinese>&#x62E6;&#x622A;&#x4E00;&#x7EA7;</Chinese>
	</TEXT>
	<TEXT>
		<Tag>TXT_KEY_PROMOTION_INTERCEPTION2</Tag>
		<English>Interception II</English>
<L1 /><L2 /><L3 /><L4 />
		<Chinese>&#x62E6;&#x622A;&#x4E8C;&#x7EA7;</Chinese>
	</TEXT>
	<TEXT>
		<Tag>TXT_KEY_PROMOTION_ACE</Tag>
		<English>Ace</English>
<L1 /><L2 /><L3 /><L4 />
		<Chinese>&#x7A7A;&#x6218;&#x738B;&#x724C;</Chinese>
	</TEXT>
	<TEXT>
		<Tag>TXT_KEY_UNITCOMBAT_AIR</Tag>
		<English>Air Units</English>
<L1 /><L2 /><L3 /><L4 />
		<Chinese>&#x7A7A;&#x519B;&#x5355;&#x4F4D;</Chinese>
	</TEXT>
	<TEXT>
		<Tag>TXT_KEY_GREAT_PERSON_GERONIMO</Tag>
		<English>Geronimo</English>
<L1 /><L2 /><L3 /><L4 />
		<Chinese>&#x6770;&#x7F57;&#x5C3C;&#x83AB;</Chinese>
	</TEXT>
	<TEXT>
		<Tag>TXT_KEY_GREAT_PERSON_MAX_GOGF</Tag>
		<English>Max Gogf</English>
<L1 /><L2 /><L3 /><L4 />
		<Chinese>&#x9A6C;&#x514B;&#x65AF;&#x00B7;&#x9AD8;&#x683C;&#x592B;</Chinese>
	</TEXT>
	<TEXT>
		<Tag>TXT_KEY_GREAT_PERSON_EYSTEIN</Tag>
		<English>Eystein the Wise</English>
<L1 /><L2 /><L3 /><L4 />
		<Chinese>&#x667A;&#x8005;&#x827E;&#x65AF;&#x6CF0;&#x56E0;</Chinese>
	</TEXT>
	<TEXT>
		<Tag>TXT_KEY_GREAT_PERSON_SPEAKER</Tag>
		<English>Speaker the Lionhearted</English>
<L1 /><L2 /><L3 /><L4 />
		<Chinese>&#x72EE;&#x5FC3;&#x65AF;&#x76AE;&#x514B;</Chinese>
	</TEXT>
	<TEXT>
		<Tag>TXT_KEY_GREAT_PERSON_MARK_SWISS</Tag>
		<English>Mark Swiss</English>
<L1 /><L2 /><L3 /><L4 />
		<Chinese>&#x9A6C;&#x514B;&#x00B7;&#x65AF;&#x5A01;&#x8328;</Chinese>
	</TEXT>
	<TEXT>
		<Tag>TXT_KEY_GREAT_PERSON_DANIEL_COLE</Tag>
		<English>Daniel Cole</English>
<L1 /><L2 /><L3 /><L4 />
		<Chinese>&#x4E39;&#x5C3C;&#x5C14;&#x00B7;&#x79D1;&#x52D2;</Chinese>
	</TEXT>
	<TEXT>
		<Tag>TXT_KEY_GREAT_PERSON_JOE_MATISE</Tag>
		<English>Joe Matise</English>
<L1 /><L2 /><L3 /><L4 />
		<Chinese>&#x4E54;&#x4F0A;&#x00B7;&#x9A6C;&#x63D0;&#x585E;</Chinese>
	</TEXT>
	<TEXT>
		<Tag>TXT_KEY_GREAT_PERSON_ATLAS</Tag>
		<English>Atlas Titanus</English>
<L1 /><L2 /><L3 /><L4 />
		<Chinese>&#x963F;&#x7279;&#x62C9;&#x65AF;&#x00B7;&#x6CF0;&#x5854;&#x52AA;&#x65AF;</Chinese>
	</TEXT>
	<TEXT>
		<Tag>TXT_KEY_GREAT_PERSON_NOLAN</Tag>
		<English>Nolan Buonarroti</English>
<L1 /><L2 /><L3 /><L4 />
		<Chinese>&#x8BFA;&#x5170;&#x00B7;&#x535A;&#x90A3;&#x7F57;&#x63D0;</Chinese>
	</TEXT>
	<TEXT>
		<Tag>TXT_KEY_GREAT_PERSON_FOSHAUG</Tag>
		<English>Foshaug the Deceiver</English>
<L1 /><L2 /><L3 /><L4 />
		<Chinese>&#x6B3A;&#x9A97;&#x8005;&#x5F17;&#x7ECD;&#x683C;</Chinese>
	</TEXT>
	<TEXT>
		<Tag>TXT_KEY_GREAT_PERSON_VIKTOR_GRIPH</Tag>
		<English>Viktor Griph</English>
<L1 /><L2 /><L3 /><L4 />
		<Chinese>&#x7EF4;&#x514B;&#x6258;&#x00B7;&#x683C;&#x91CC;&#x592B;</Chinese>
	</TEXT>
	<TEXT>
		<Tag>TXT_KEY_CONCEPT_FORT</Tag>
		<English>Updated Forts</English>
<L1 /><L2 /><L3 /><L4 />
		<Chinese>&#x8981;&#x585E;&#x7684;&#x6539;&#x8FDB;</Chinese>
	</TEXT>
	<TEXT>
		<Tag>TXT_KEY_CONCEPT_LIBERATION</Tag>
		<English>City Liberation</English>
<L1 /><L2 /><L3 /><L4 />
		<Chinese>&#x57CE;&#x5E02;&#x7684;&#x72EC;&#x7ACB;</Chinese>
	</TEXT>
	<TEXT>
		<Tag>CONCEPT_APOSTOLIC_PALACE</Tag>
		<English>Apostolic Palace / United Nations</English>
<L1 /><L2 /><L3 /><L4 />
		<Chinese>&#x6559;&#x7687;&#x5BAB;/&#x8054;&#x5408;&#x56FD;</Chinese>
	</TEXT>
</Civ4GameText>
