<?xml version="1.0" encoding="utf-8"?>
<!-- Civics -->
<Civ4GameText>
	<TEXT>
		<Tag>TXT_KEY_CIVIC_CENTRAL_PLANNING</Tag>
		<English>Central Planning</English>
		<French>
			<Text>&#201;conomie planifi&#233;e</Text>
			<Gender>Female</Gender>
			<Plural>0</Plural>
		</French>
		<German>Central Planning</German>
		<Italian>Central Planning</Italian>
		<Spanish>Central Planning</Spanish>
	</TEXT>
	<TEXT>
		<Tag>TXT_KEY_CIVIC_CENTRAL_PLANNING_STRATEGY</Tag>
		<English>Extra production from specialists; extra food from Workshops and Watermills; extra commerce from Mines and Watermills; double production speed for Factories, Coal Plants, Hydro Plants, Electrical Grids and Automated Factories</English>
		<French>Les sp&#233;cialistes rapportent de la production additionnelle, les ateliers et les moulins &#224; eau rapportent de la nourriture additionnelle, et les moulins &#224; eau et les mines rapportent du commerce additionnel ; vitesse de production doubl&#233;e pour les usines, les centrales au charbon, les centrales hydro&#233;lectriques, les r&#233;seaux &#233;lectriques et les usines automatis&#233;es</French>
		<German>Extra production from specialists; extra food from Workshops and Watermills; extra commerce from Mines and Watermills; double production speed for Factories, Coal Plants, Hydro Plants, Electrical Grids and Automated Factories</German>
		<Italian>Extra production from specialists; extra food from Workshops and Watermills; extra commerce from Mines and Watermills; double production speed for Factories, Coal Plants, Hydro Plants, Electrical Grids and Automated Factories</Italian>
		<Spanish>Extra production from specialists; extra food from Workshops and Watermills; extra commerce from Mines and Watermills; double production speed for Factories, Coal Plants, Hydro Plants, Electrical Grids and Automated Factories</Spanish>
	</TEXT>
	<TEXT>
		<Tag>TXT_KEY_CIVIC_ANIMISM</Tag>
		<English>Animism</English>
		<French>
			<Text>Animisme</Text>
			<Gender>Male</Gender>
			<Plural>0</Plural>
		</French>
		<German>Animism</German>
		<Italian>Animism</Italian>
		<Spanish>Animism</Spanish>
	</TEXT>
	<TEXT>
		<Tag>TXT_KEY_CIVIC_ANIMISM_STRATEGY</Tag>
		<English>The most primitive Religion civic</English>
		<French>La doctrine religieuse la plus primitive</French>
		<German>The most primitive Religion civic</German>
		<Italian>The most primitive Religion civic</Italian>
		<Spanish>The most primitive Religion civic</Spanish>
	</TEXT>
	<TEXT>
		<Tag>TXT_KEY_CIVIC_SOVEREIGNTY</Tag>
		<English>Sovereignty</English>
		<French>
			<Text>Souverainet&#233;</Text>
			<Gender>Female</Gender>
			<Plural>0</Plural>
		</French>
		<German>Sovereignty</German>
		<Italian>Sovereignty</Italian>
		<Spanish>Sovereignty</Spanish>
	</TEXT>
	<TEXT>
		<Tag>TXT_KEY_CIVIC_SOVEREIGNTY_STRATEGY</Tag>
		<English>The most primitive Territory civic</English>
		<French>La doctrine territoriale la plus primitive</French>
		<German>The most primitive Territory civic</German>
		<Italian>The most primitive Territory civic</Italian>
		<Spanish>The most primitive Territory civic</Spanish>
	</TEXT>
	<TEXT>
		<Tag>TXT_KEY_CIVIC_EGALITARIANISM</Tag>
		<English>Egalitarianism</English>
		<French>
			<Text>&#201;galitarisme</Text>
			<Gender>Male</Gender>
			<Plural>0</Plural>
		</French>
		<German>Egalitarianism</German>
		<Italian>Egalitarianism</Italian>
		<Spanish>Egalitarianism</Spanish>
	</TEXT>
	<TEXT>
		<Tag>TXT_KEY_CIVIC_EGALITARIANISM_STRATEGY</Tag>
		<English>Double available slots for artists, scientists and engineers; extra research from specialists; cannot use slaves</English>
		<French>Vous pouvez embaucher deux fois plus d'artistes, de scientifiques et d'ing&#233;nieurs ; les sp&#233;cialistes rapportent de la recherche additionnelle ; impossible d'utiliser des esclaves</French>
		<German>Double available slots for artists, scientists and engineers; extra research from specialists; cannot use slaves</German>
		<Italian>Double available slots for artists, scientists and engineers; extra research from specialists; cannot use slaves</Italian>
		<Spanish>Double available slots for artists, scientists and engineers; extra research from specialists; cannot use slaves</Spanish>
	</TEXT>
	<TEXT>
		<Tag>TXT_KEY_CIVIC_MULTILATERALISM</Tag>
		<English>Multilateralism</English>
		<French>
			<Text>Multilat&#233;ralisme</Text>
			<Gender>Male</Gender>
			<Plural>0</Plural>
		</French>
		<German>Multilateralism</German>
		<Italian>Multilateralism</Italian>
		<Spanish>Multilateralism</Spanish>
	</TEXT>
	<TEXT>
		<Tag>TXT_KEY_CIVIC_MULTILATERALISM_STRATEGY</Tag>
		<English>Extra experience for air units; extra yield from trade routes with defensive pact partners; trade routes yield production; extra war weariness; cannot use slaves</English>
		<French>Exp&#233;rience additionnelle pour les unit&#233;s a&#233;riennes ; les routes commerciales avec les civilisations li&#233;es par un pacte de d&#233;fense rapportent davantage ; les routes commerciales rapportent de la production ; lassitude de guerre additionnelle ; impossible d'utiliser des esclaves</French>
		<German>Extra experience for air units; extra yield from trade routes with defensive pact partners; trade routes yield production; extra war weariness; cannot use slaves</German>
		<Italian>Extra experience for air units; extra yield from trade routes with defensive pact partners; trade routes yield production; extra war weariness; cannot use slaves</Italian>
		<Spanish>Extra experience for air units; extra yield from trade routes with defensive pact partners; trade routes yield production; extra war weariness; cannot use slaves</Spanish>
	</TEXT>
	<TEXT>
		<Tag>TXT_KEY_CIVIC_PUBLIC_WELFARE</Tag>
		<English>Public Welfare</English>
		<French>
			<Text>&#201;tat-providence</Text>
			<Gender>Male</Gender>
			<Plural>0</Plural>
		</French>
		<German>Public Welfare</German>
		<Italian>Public Welfare</Italian>
		<Spanish>Public Welfare</Spanish>
	</TEXT>
	<TEXT>
		<Tag>TXT_KEY_CIVIC_PUBLIC_WELFARE_STRATEGY</Tag>
		<English>Reduced unhappiness from corporations; extra commerce from excess happiness; extra commerce from Windmills, Nature Preserves and Marine Preserves; can spend gold to finish building production</English>
		<French>Le m&#233;contentement li&#233; aux soci&#233;t&#233;s commerciales est r&#233;duit ; le bonheur en exc&#232;s rapporte du commerce ; les moulins &#224; vent, les r&#233;serves naturelles et les aires marines prot&#233;g&#233;es rapportent du commerce ; vous pouvez d&#233;penser de l'or pour acc&#233;l&#233;rer la construction de b&#226;timents</French>
		<German>Reduced unhappiness from corporations; extra commerce from excess happiness; extra commerce from Windmills, Nature Preserves and Marine Preserves; can spend gold to finish building production</German>
		<Italian>Reduced unhappiness from corporations; extra commerce from excess happiness; extra commerce from Windmills, Nature Preserves and Marine Preserves; can spend gold to finish building production</Italian>
		<Spanish>Reduced unhappiness from corporations; extra commerce from excess happiness; extra commerce from Windmills, Nature Preserves and Marine Preserves; can spend gold to finish building production</Spanish>
	</TEXT>
	<TEXT>
		<Tag>TXT_KEY_CIVIC_REPUBLIC</Tag>
		<English>Republic</English>
		<French>
			<Text>R&#233;publique</Text>
			<Gender>Female</Gender>
			<Plural>0</Plural>
		</French>
		<German>Republic</German>
		<Italian>Republic</Italian>
		<Spanish>Republic</Spanish>
	</TEXT>
	<TEXT>
		<Tag>TXT_KEY_CIVIC_REPUBLIC_STRATEGY</Tag>
		<English>Extra food from specialists; reduced food from farms, plantations, cottages, hamlets, villages and towns; at least one slot for artists, scientists, merchants and statesmen</English>
		<French>Les sp&#233;cialistes rapportent de la nourriture ; les fermes, plantations, cottages, hameaux, villages et villes en rapportent moins ; vous pouvez embaucher au moins un artiste, scientifique, marchand ou homme d'&#233;tat</French>
		<German>Extra food from specialists; reduced food from farms, plantations, cottages, hamlets, villages and towns; at least one slot for artists, scientists, merchants and statesmen</German>
		<Italian>Extra food from specialists; reduced food from farms, plantations, cottages, hamlets, villages and towns; at least one slot for artists, scientists, merchants and statesmen</Italian>
		<Spanish>Extra food from specialists; reduced food from farms, plantations, cottages, hamlets, villages and towns; at least one slot for artists, scientists, merchants and statesmen</Spanish>
	</TEXT>
	<TEXT>
		<Tag>TXT_KEY_CIVIC_SECULARISM</Tag>
		<English>Secularism</English>
		<French>
			<Text>La&#239;cit&#233;</Text>
			<Gender>Female</Gender>
			<Plural>0</Plural>
		</French>
		<German>Secularism</German>
		<Italian>Secularism</Italian>
		<Spanish>Secularism</Spanish>
	</TEXT>
	<TEXT>
		<Tag>TXT_KEY_CIVIC_SECULARISM_STRATEGY</Tag>
		<English>No state religion; increased science in all cities; extra happiness from non-state religions; double production speed for Hospitals, Universities, Observatories, Laboratories and Supercomputers; can build wonders that require a state religion</English>
		<French>Pas de religion d'&#201;tat ; science additionnelle dans toutes les villes ; bonheur additionnel pour toutes les religions ; vitesse de production doubl&#233;e pour les h&#244;pitaux, les universit&#233;s, les observatoires, les laboratoires et les superordinateurs ; vous pouvez construire les merveilles qui n&#233;cessitent une religion d'&#201;tat</French>
		<German>No state religion; increased science in all cities; extra happiness from non-state religions; double production speed for Hospitals, Universities, Observatories, Laboratories and Supercomputers; can build wonders that require a state religion</German>
		<Italian>No state religion; increased science in all cities; extra happiness from non-state religions; double production speed for Hospitals, Universities, Observatories, Laboratories and Supercomputers; can build wonders that require a state religion</Italian>
		<Spanish>No state religion; increased science in all cities; extra happiness from non-state religions; double production speed for Hospitals, Universities, Observatories, Laboratories and Supercomputers; can build wonders that require a state religion</Spanish>
	</TEXT>
	<TEXT>
		<Tag>TXT_KEY_CIVIC_SLAVERY_STRATEGY</Tag>
		<English>Can capture Workers; extra production from Quarries; extra commerce from Mines and Plantations</English>
		<French>Vous pouvez capturer des ouvriers ; les carri&#232;res rapportent de la production additionnelle, et les mines et les plantations rapportent du commerce additionnel</French>
		<German>Can capture Workers; extra production from Quarries; extra commerce from Mines and Plantations</German>
		<Italian>Can capture Workers; extra production from Quarries; extra commerce from Mines and Plantations</Italian>
		<Spanish>Can capture Workers; extra production from Quarries; extra commerce from Mines and Plantations</Spanish>
	</TEXT>
	<TEXT>
		<Tag>TXT_KEY_CIVIC_THEOCRACY_STRATEGY</Tag>
		<English>Double available slots for priests; cities with state religion give extra experience; no spread of non-state religions</English>
		<French>Vous pouvez embaucher deux fois plus de pr&#234;tres ; les unit&#233;s construites dans les villes avec la religion d'&#201;tat re&#231;oivent de l'exp&#233;rience additionnelle ; les autres religions ne se propagent pas</French>
		<German>Double available slots for priests; cities with state religion give extra experience; no spread of non-state religions</German>
		<Italian>Double available slots for priests; cities with state religion give extra experience; no spread of non-state religions</Italian>
		<Spanish>Double available slots for priests; cities with state religion give extra experience; no spread of non-state religions</Spanish>
	</TEXT>
	<TEXT>
		<Tag>TXT_KEY_CIVIC_TOTALITARIANISM</Tag>
		<English>Totalitarianism</English>
		<French>
			<Text>Totalitarisme</Text>
			<Gender>Male</Gender>
			<Plural>0</Plural>
		</French>
		<German>Totalitarianism</German>
		<Italian>Totalitarianism</Italian>
		<Spanish>Totalitarianism</Spanish>
	</TEXT>
	<TEXT>
		<Tag>TXT_KEY_CIVIC_TOTALITARIANISM_STRATEGY</Tag>
		<English>Faster military unit production; no war weariness; extra production from unhappy population; no unrest on city conquest</English>
		<French>Production plus rapide d'unit&#233;s militaires ; pas de lassitude de guerre ; la population m&#233;contente rapporte de la production ; pas de r&#233;sistance lors de la conqu&#234;te d'une ville</French>
		<German>Faster military unit production; no war weariness; extra production from unhappy population; no unrest on city conquest</German>
		<Italian>Faster military unit production; no war weariness; extra production from unhappy population; no unrest on city conquest</Italian>
		<Spanish>Faster military unit production; no war weariness; extra production from unhappy population; no unrest on city conquest</Spanish>
	</TEXT>
	<TEXT>
		<Tag>TXT_KEY_CIVIC_TRIBALISM_STRATEGY</Tag>
		<English>The most primitive Society civic</English>
		<French>La doctrine sociale la plus primitive</French>
		<German>The most primitive Society civic</German>
		<Italian>The most primitive Society civic</Italian>
		<Spanish>The most primitive Society civic</Spanish>
	</TEXT>
	<TEXT>
		<Tag>TXT_KEY_CIVIC_VASSALAGE_STRATEGY</Tag>
		<English>Additional units without upkeep; extra happiness in largest cities; extra production from Farms</English>
		<French>Le nombre d'unit&#233;s ne n&#233;cessitant pas d'entretien est accru ; bonheur additionnel dans les villes les plus grandes ; les fermes rapportent de la production additionnelle</French>
		<German>Additional units without upkeep; extra happiness in largest cities; extra production from Farms</German>
		<Italian>Additional units without upkeep; extra happiness in largest cities; extra production from Farms</Italian>
		<Spanish>Additional units without upkeep; extra happiness in largest cities; extra production from Farms</Spanish>
	</TEXT>
	<TEXT>
		<Tag>TXT_KEY_CIVICOPTION_TERRITORY</Tag>
		<English>Territory</English>
		<French>
			<Text>Territoire</Text>
			<Gender>Male</Gender>
			<Plural>0</Plural>
		</French>
		<German>Territory</German>
		<Italian>Territory</Italian>
		<Spanish>Territory</Spanish>
	</TEXT>
	<TEXT>
		<Tag>TXT_KEY_CIVICOPTION_SOCIETY</Tag>
		<English>Society</English>
		<French>
			<Text>Soci&#233;t&#233;</Text>
			<Gender>Female</Gender>
			<Plural>0</Plural>
		</French>
		<German>Society</German>
		<Italian>Society</Italian>
		<Spanish>Society</Spanish>
	</TEXT>
	<TEXT>
		<Tag>TXT_KEY_CIVICOPTION_LEGITIMACY</Tag>
		<English>Legitimacy</English>
		<French>
			<Text>L&#233;gitimit&#233;</Text>
			<Gender>Female</Gender>
			<Plural>0</Plural>
		</French>
		<German>Legitimacy</German>
		<Italian>Legitimacy</Italian>
		<Spanish>Legitimacy</Spanish>
	</TEXT>
	<TEXT>
		<Tag>TXT_KEY_CIVIC_CHIEFDOM</Tag>
		<English>Chiefdom</English>
		<French>
			<Text>Chefferie</Text>
			<Gender>Female</Gender>
			<Plural>0</Plural>
		</French>
		<German>Chiefdom</German>
		<Italian>Chiefdom</Italian>
		<Spanish>Chiefdom</Spanish>
	</TEXT>
	<TEXT>
		<Tag>TXT_KEY_CIVIC_CHIEFDOM_STRATEGY</Tag>
		<English>The most primitve Government civic</English>
		<French>La doctrine gouvernementale la plus primitive</French>
		<German>The most primitve Government civic</German>
		<Italian>The most primitve Government civic</Italian>
		<Spanish>The most primitve Government civic</Spanish>
	</TEXT>
	<TEXT>
		<Tag>TXT_KEY_CIVIC_MONARCHY</Tag>
		<English>Monarchy</English>
		<French>
			<Text>Monarchie</Text>
			<Gender>Female</Gender>
			<Plural>0</Plural>
		</French>
		<German>Monarchy</German>
		<Italian>Monarchy</Italian>
		<Spanish>Monarchy</Spanish>
	</TEXT>
	<TEXT>
		<Tag>TXT_KEY_CIVIC_MONARCHY_STRATEGY</Tag>
		<English>Extra happiness from military units; reduced maintenance from distance to Palace; double production speed for Jails</English>
		<French>Les unit&#233;s militaires cr&#233;ent du bonheur ; entretien d&#251; &#224; la distance de la capitale r&#233;duit ; vitesse de production doubl&#233;e pour les prisons</French>
		<German>Extra happiness from military units; reduced maintenance from distance to Palace; double production speed for Jails</German>
		<Italian>Extra happiness from military units; reduced maintenance from distance to Palace; double production speed for Jails</Italian>
		<Spanish>Extra happiness from military units; reduced maintenance from distance to Palace; double production speed for Jails</Spanish>
	</TEXT>
	<TEXT>
		<Tag>TXT_KEY_CIVIC_ELECTIVE</Tag>
		<English>Elective</English>
		<French>
			<Text>Monarchie &#233;lective</Text>
			<Gender>Female</Gender>
			<Plural>0</Plural>
		</French>
		<German>Elective</German>
		<Italian>Elective</Italian>
		<Spanish>Elective</Spanish>
	</TEXT>
	<TEXT>
		<Tag>TXT_KEY_CIVIC_ELECTIVE_STRATEGY</Tag>
		<English>Extra commerce from tiles without improvement; extra commerce from camps and pastures; double production speed for Palace</English>
		<French>Les cases non am&#233;lior&#233;es, les camps et les p&#226;turages rapportent du commerce additionnel ; vitesse de production doubl&#233;e pour le palais</French>
		<German>Extra commerce from tiles without improvement; extra commerce from camps and pastures; double production speed for Palace</German>
		<Italian>Extra commerce from tiles without improvement; extra commerce from camps and pastures; double production speed for Palace</Italian>
		<Spanish>Extra commerce from tiles without improvement; extra commerce from camps and pastures; double production speed for Palace</Spanish>
	</TEXT>
	<TEXT>
		<Tag>TXT_KEY_CIVIC_STATE_PARTY</Tag>
		<English>State Party</English>
		<French>
			<Text>Parti unique</Text>
			<Gender>Male</Gender>
			<Plural>0</Plural>
		</French>
		<German>State Party</German>
		<Italian>State Party</Italian>
		<Spanish>State Party</Spanish>
	</TEXT>
	<TEXT>
		<Tag>TXT_KEY_CIVIC_STATE_PARTY_STRATEGY</Tag>
		<English>No maintenance costs from number of cities; extra espionage from specialists</English>
		<French>Pas de co&#251;t d'entretien li&#233; au nombre de villes ; les sp&#233;cialistes rapportent des points d'espionnage</French>
		<German>No maintenance costs from number of cities; extra espionage from specialists</German>
		<Italian>No maintenance costs from number of cities; extra espionage from specialists</Italian>
		<Spanish>No maintenance costs from number of cities; extra espionage from specialists</Spanish>
	</TEXT>
	<TEXT>
		<Tag>TXT_KEY_CIVIC_CONSTITUTION</Tag>
		<English>Constitution</English>
		<French>
			<Text>Constitution</Text>
			<Gender>Female</Gender>
			<Plural>0</Plural>
		</French>
		<German>Constitution</German>
		<Italian>Constitution</Italian>
		<Spanish>Constitution</Spanish>
	</TEXT>
	<TEXT>
		<Tag>TXT_KEY_CIVIC_CONSTITUTION_STRATEGY</Tag>
		<English>Extra free specialist in all cities; double available slots for statesmen; double production speed for Courthouses</English>
		<French>Un homme d'&#201;tat gratuit par ville ; vous pouvez embaucher deux fois plus d'hommes d'&#201;tat ; vitesse de production doubl&#233;e pour les tribunaux</French>
		<German>Extra free specialist in all cities; double available slots for statesmen; double production speed for Courthouses</German>
		<Italian>Extra free specialist in all cities; double available slots for statesmen; double production speed for Courthouses</Italian>
		<Spanish>Extra free specialist in all cities; double available slots for statesmen; double production speed for Courthouses</Spanish>
	</TEXT>
	<TEXT>
		<Tag>TXT_KEY_CIVIC_AUTHORITY</Tag>
		<English>Authority</English>
		<French>
			<Text>Autorit&#233;</Text>
			<Gender>Female</Gender>
			<Plural>0</Plural>
		</French>
		<German>Authority</German>
		<Italian>Authority</Italian>
		<Spanish>Authority</Spanish>
	</TEXT>
	<TEXT>
		<Tag>TXT_KEY_CIVIC_AUTHORITY_STRATEGY</Tag>
		<English>The most primitve Legitimacy civic</English>
		<French>La doctrine de l&#233;gitimit&#233; la plus primitive</French>
		<German>The most primitve Legitimacy civic</German>
		<Italian>The most primitve Legitimacy civic</Italian>
		<Spanish>The most primitve Legitimacy civic</Spanish>
	</TEXT>
	<TEXT>
		<Tag>TXT_KEY_CIVIC_CITIZENSHIP</Tag>
		<English>Citizenship</English>
		<French>
			<Text>Citoyennet&#233;</Text>
			<Gender>Female</Gender>
			<Plural>0</Plural>
		</French>
		<German>Citizenship</German>
		<Italian>Citizenship</Italian>
		<Spanish>Citizenship</Spanish>
	</TEXT>
	<TEXT>
		<Tag>TXT_KEY_CIVIC_CITIZENSHIP_STRATEGY</Tag>
		<English>Double production speed for Libraries, Aqueducts, Theatres and Markets; can spend gold to finish unit production</English>
		<French>Vitesse de production doubl&#233;e pour les biblioth&#232;ques, les aqueducs, les th&#233;&#226;tres et les march&#233;s ; vous pouvez d&#233;penser de l'or pour acc&#233;l&#233;rer la production d'unit&#233;s</French>
		<German>Double production speed for Libraries, Aqueducts, Theatres and Markets; can spend gold to finish unit production</German>
		<Italian>Double production speed for Libraries, Aqueducts, Theatres and Markets; can spend gold to finish unit production</Italian>
		<Spanish>Double production speed for Libraries, Aqueducts, Theatres and Markets; can spend gold to finish unit production</Spanish>
	</TEXT>
	<TEXT>
		<Tag>TXT_KEY_CIVIC_MERITOCRACY</Tag>
		<English>Meritocracy</English>
		<French>
			<Text>M&#233;ritocratie</Text>
			<Gender>Female</Gender>
			<Plural>0</Plural>
		</French>
		<German>Meritocracy</German>
		<Italian>Meritocracy</Italian>
		<Spanish>Meritocracy</Spanish>
	</TEXT>
	<TEXT>
		<Tag>TXT_KEY_CIVIC_MERITOCRACY_STRATEGY</Tag>
		<English>Less experience needed for unit promotions; extra food from Paddy Fields; extra commerce from Windmills and Watermills; extra commerce from specialists</English>
		<French>Moins d'exp&#233;rience requise pour les promotions des unit&#233;s ; les rizi&#232;res rapportend de la nourriture additionnelle ; les moulins &#224; vent et &#224; eau rapportent du commerce additionnel, tout comme les sp&#233;cialistes</French>
		<German>Less experience needed for unit promotions; extra food from Paddy Fields; extra commerce from Windmills and Watermills; extra commerce from specialists</German>
		<Italian>Less experience needed for unit promotions; extra food from Paddy Fields; extra commerce from Windmills and Watermills; extra commerce from specialists</Italian>
		<Spanish>Less experience needed for unit promotions; extra food from Paddy Fields; extra commerce from Windmills and Watermills; extra commerce from specialists</Spanish>
	</TEXT>
	<TEXT>
		<Tag>TXT_KEY_CIVIC_CENTRALISM</Tag>
		<English>Centralism</English>
		<French>
			<Text>Centralisme</Text>
			<Gender>Male</Gender>
			<Plural>0</Plural>
		</French>
		<German>Centralism</German>
		<Italian>Centralism</Italian>
		<Spanish>Centralism</Spanish>
	</TEXT>
	<TEXT>
		<Tag>TXT_KEY_CIVIC_CENTRALISM_STRATEGY</Tag>
		<English>Increased production and gold in capital</English>
		<French>Production et or augment&#233;s dans la capitale</French>
		<German>Increased production and gold in capital</German>
		<Italian>Increased production and gold in capital</Italian>
		<Spanish>Increased production and gold in capital</Spanish>
	</TEXT>
	<TEXT>
		<Tag>TXT_KEY_CIVIC_REVOLUTIONISM</Tag>
		<English>Revolutionism</English>
		<French>
			<Text>R&#233;volutionarisme</Text>
			<Gender>Female</Gender>
			<Plural>0</Plural>
		</French>
		<German>Revolutionism</German>
		<Italian>Revolutionism</Italian>
		<Spanish>Revolutionism</Spanish>
	</TEXT>
	<TEXT>
		<Tag>TXT_KEY_CIVIC_REVOLUTIONISM_STRATEGY</Tag>
		<English>Increased great general birth rate; no temporary unhappiness; extra production from Workshops and Lumbermills; extra happiness from News Press and Broadcasting Tower</English>
		<French>Taux de natalit&#233; des g&#233;n&#233;raux illustres augment&#233; ; pas de malheur temporaire ; les ateliers et les scieries rapportent de la production additionnelle ; les journaux et les tours de radiodiffusion cr&#233;ent du bonheur additionnel</French>
		<German>Increased great general birth rate; no temporary unhappiness; extra production from Workshops and Lumbermills; extra happiness from News Press and Broadcasting Tower</German>
		<Italian>Increased great general birth rate; no temporary unhappiness; extra production from Workshops and Lumbermills; extra happiness from News Press and Broadcasting Tower</Italian>
		<Spanish>Increased great general birth rate; no temporary unhappiness; extra production from Workshops and Lumbermills; extra happiness from News Press and Broadcasting Tower</Spanish>
	</TEXT>
	<TEXT>
		<Tag>TXT_KEY_CIVIC_DEMOCRACY</Tag>
		<English>Democracy</English>
		<French>
			<Text>D&#233;mocratie</Text>
			<Gender>Female</Gender>
			<Plural>0</Plural>
		</French>
		<German>Democracy</German>
		<Italian>Democracy</Italian>
		<Spanish>Democracy</Spanish>
	</TEXT>
	<TEXT>
		<Tag>TXT_KEY_CIVIC_DEMOCRACY_STRATEGY</Tag>
		<English>Increased great people birth rate</English>
		<French>Taux de natalit&#233; des personnages illustres augment&#233;</French>
		<German>Increased great people birth rate</German>
		<Italian>Increased great people birth rate</Italian>
		<Spanish>Increased great people birth rate</Spanish>
	</TEXT>
	<TEXT>
		<Tag>TXT_KEY_CIVIC_TRADITIONALISM</Tag>
		<English>Traditionalism</English>
		<French>
			<Text>Traditionalisme</Text>
			<Gender>Male</Gender>
			<Plural>0</Plural>
		</French>
		<German>Traditionalism</German>
		<Italian>Traditionalism</Italian>
		<Spanish>Traditionalism</Spanish>
	</TEXT>
	<TEXT>
		<Tag>TXT_KEY_CIVIC_TRADITIONALISM_STRATEGY</Tag>
		<English>The most primitve Society civic</English>
		<French>La doctrine sociale la plus primitive</French>
		<German>The most primitve Society civic</German>
		<Italian>The most primitve Society civic</Italian>
		<Spanish>The most primitve Society civic</Spanish>
	</TEXT>
	<TEXT>
		<Tag>TXT_KEY_CIVIC_MANORIALISM</Tag>
		<English>Manorialism</English>
		<French>
			<Text>Seigneurie</Text>
			<Gender>Female</Gender>
			<Plural>0</Plural>
		</French>
		<German>Manorialism</German>
		<Italian>Manorialism</Italian>
		<Spanish>Manorialism</Spanish>
	</TEXT>
	<TEXT>
		<Tag>TXT_KEY_CIVIC_MANORIALISM_STRATEGY</Tag>
		<English>Reduced worker cost; extra production from Pastures; extra commerce from Farms and Orchards</English>
		<French>Co&#251;t des ouvriers diminu&#233; ; les p&#226;turages rapportent de la production additionnelle ; les fermes et les vergers rapportent du commerce additionnel</French>
		<German>Reduced worker cost; extra production from Pastures; extra commerce from Farms and Orchards</German>
		<Italian>Reduced worker cost; extra production from Pastures; extra commerce from Farms and Orchards</Italian>
		<Spanish>Reduced worker cost; extra production from Pastures; extra commerce from Farms and Orchards</Spanish>
	</TEXT>
	<TEXT>
		<Tag>TXT_KEY_CIVIC_INDIVIDUALISM</Tag>
		<English>Individualism</English>
		<French>
			<Text>Individualisme</Text>
			<Gender>Male</Gender>
			<Plural>0</Plural>
		</French>
		<German>Individualism</German>
		<Italian>Individualism</Italian>
		<Spanish>Individualism</Spanish>
	</TEXT>
	<TEXT>
		<Tag>TXT_KEY_CIVIC_INDIVIDUALISM_STRATEGY</Tag>
		<English>Increased growth rate for Cottages, Hamlets and Villages; extra commerce from Villages and Towns</English>
		<French>Taux de croissance augment&#233; pour les cottages, hameaux et villages ; les villages et les villes rapportent du commerce additionnel</French>
		<German>Increased growth rate for Cottages, Hamlets and Villages; extra commerce from Villages and Towns</German>
		<Italian>Increased growth rate for Cottages, Hamlets and Villages; extra commerce from Villages and Towns</Italian>
		<Spanish>Increased growth rate for Cottages, Hamlets and Villages; extra commerce from Villages and Towns</Spanish>
	</TEXT>
	<TEXT>
		<Tag>TXT_KEY_CIVIC_RECIPROCITY</Tag>
		<English>Reciprocity</English>
		<French>
			<Text>R&#233;ciprocit&#233;</Text>
			<Gender>Female</Gender>
			<Plural>0</Plural>
		</French>
		<German>Reciprocity</German>
		<Italian>Reciprocity</Italian>
		<Spanish>Reciprocity</Spanish>
	</TEXT>
	<TEXT>
		<Tag>TXT_KEY_CIVIC_RECIPROCITY_STRATEGY</Tag>
		<English>The most primitive Economy civic</English>
		<French>La doctrine &#233;conomique la plus primitive</French>
		<German>The most primitive Economy civic</German>
		<Italian>The most primitive Economy civic</Italian>
		<Spanish>The most primitive Economy civic</Spanish>
	</TEXT>
	<TEXT>
		<Tag>TXT_KEY_CIVIC_REDISTRIBUTION</Tag>
		<English>Redistribution</English>
		<French>
			<Text>Redistribution</Text>
			<Gender>Female</Gender>
			<Plural>0</Plural>
		</French>
		<German>Redistribution</German>
		<Italian>Redistribution</Italian>
		<Spanish>Redistribution</Spanish>
	</TEXT>
	<TEXT>
		<Tag>TXT_KEY_CIVIC_REDISTRIBUTION_STRATEGY</Tag>
		<English>Increased food in capital; reduced commerce from trade routes; increased production speed for Granaries</English>
		<French>Nourriture additionnelle dans la capitale ; les routes commerciales rapportent moins de commerce ; vitesse de production doubl&#233;e pour les greniers</French>
		<German>Increased food in capital; reduced commerce from trade routes; increased production speed for Granaries</German>
		<Italian>Increased food in capital; reduced commerce from trade routes; increased production speed for Granaries</Italian>
		<Spanish>Increased food in capital; reduced commerce from trade routes; increased production speed for Granaries</Spanish>
	</TEXT>
	<TEXT>
		<Tag>TXT_KEY_CIVIC_MERCHANT_TRADE</Tag>
		<English>Merchant Trade</English>
		<French>
			<Text>Commerce marchand</Text>
			<Gender>Male</Gender>
			<Plural>0</Plural>
		</French>
		<German>Merchant Trade</German>
		<Italian>Merchant Trade</Italian>
		<Spanish>Merchant Trade</Spanish>
	</TEXT>
	<TEXT>
		<Tag>TXT_KEY_CIVIC_MERCHANT_TRADE_STRATEGY</Tag>
		<English>Extra trade route in all cities; extra happiness from Oasis</English>
		<French>Une route commerciale suppl&#233;mentaire dans chaque ville ; les oasis cr&#233;ent du bonheur</French>
		<German>Extra trade route in all cities; extra happiness from Oasis</German>
		<Italian>Extra trade route in all cities; extra happiness from Oasis</Italian>
		<Spanish>Extra trade route in all cities; extra happiness from Oasis</Spanish>
	</TEXT>
	<TEXT>
		<Tag>TXT_KEY_CIVIC_REGULATED_TRADE</Tag>
		<English>Regulated Trade</English>
		<French>
			<Text>Commerce r&#233;glement&#233;</Text>
			<Gender>Male</Gender>
			<Plural>0</Plural>
		</French>
		<German>Regulated Trade</German>
		<Italian>Regulated Trade</Italian>
		<Spanish>Regulated Trade</Spanish>
	</TEXT>
	<TEXT>
		<Tag>TXT_KEY_CIVIC_REGULATED_TRADE_STRATEGY</Tag>
		<English>Increased commerce in capital; extra commerce from Workshops, Plantations and Slave Plantations; double production speed for Customs House</English>
		<French>Commerce augment&#233; dans la capitale ; les ateliers, plantations et plantations &#224; esclaves rapportent du commerce additionel ; vitesse de production doubl&#233;e pour les postes de douane</French>
		<German>Increased commerce in capital; extra commerce from Workshops, Plantations and Slave Plantations; double production speed for Customs House</German>
		<Italian>Increased commerce in capital; extra commerce from Workshops, Plantations and Slave Plantations; double production speed for Customs House</Italian>
		<Spanish>Increased commerce in capital; extra commerce from Workshops, Plantations and Slave Plantations; double production speed for Customs House</Spanish>
	</TEXT>
	<TEXT>
		<Tag>TXT_KEY_CIVIC_FREE_ENTERPRISE</Tag>
		<English>Free Enterprise</English>
		<French>
			<Text>Libre entreprise</Text>
			<Gender>Female</Gender>
			<Plural>0</Plural>
		</French>
		<German>Free Enterprise</German>
		<Italian>Free Enterprise</Italian>
		<Spanish>Free Enterprise</Spanish>
	</TEXT>
	<TEXT>
		<Tag>TXT_KEY_CIVIC_FREE_ENTERPRISE_STRATEGY</Tag>
		<English>Double available slots for merchants; increased commerce from trade routes; increased commerce from corporations</English>
		<French>Vous pouvez embaucher deux fois plus de marchands ; les routes commerciales et les soci&#233;t&#233;s commerciales rapportent du commerce additionnel</French>
		<German>Double available slots for merchants; increased commerce from trade routes; increased commerce from corporations</German>
		<Italian>Double available slots for merchants; increased commerce from trade routes; increased commerce from corporations</Italian>
		<Spanish>Double available slots for merchants; increased commerce from trade routes; increased commerce from corporations</Spanish>
	</TEXT>
	<TEXT>
		<Tag>TXT_KEY_CIVIC_DEIFICATION</Tag>
		<English>Deification</English>
		<French>
			<Text>D&#233;ification</Text>
			<Gender>Female</Gender>
			<Plural>0</Plural>
		</French>
		<German>Deification</German>
		<Italian>Deification</Italian>
		<Spanish>Deification</Spanish>
	</TEXT>
	<TEXT>
		<Tag>TXT_KEY_CIVIC_DEIFICATION_STRATEGY</Tag>
		<English>Increased wonder production speed; extra unhappiness from state religion; extra happiness from Pagan Temples</English>
		<French>Vitesse de production acc&#233;l&#233;r&#233;e pour les merveilles ; la religion d'&#201;tat cause davantage de m&#233;contentement ; les temples pa&#239;ens cr&#233;ent du bonheur</French>
		<German>Increased wonder production speed; extra unhappiness from state religion; extra happiness from Pagan Temples</German>
		<Italian>Increased wonder production speed; extra unhappiness from state religion; extra happiness from Pagan Temples</Italian>
		<Spanish>Increased wonder production speed; extra unhappiness from state religion; extra happiness from Pagan Temples</Spanish>
	</TEXT>
	<TEXT>
		<Tag>TXT_KEY_CIVIC_CLERGY</Tag>
		<English>Clergy</English>
		<French>
			<Text>Clerg&#233;</Text>
			<Gender>Male</Gender>
			<Plural>0</Plural>
		</French>
		<German>Clergy</German>
		<Italian>Clergy</Italian>
		<Spanish>Clergy</Spanish>
	</TEXT>
	<TEXT>
		<Tag>TXT_KEY_CIVIC_CLERGY_STRATEGY</Tag>
		<English>Increased building production in cities with state religion</English>
		<French>Vitesse de production acc&#233;l&#233;r&#233;e pour les b&#226;timents dans les villes avec la religion d'&#201;tat</French>
		<German>Increased building production in cities with state religion</German>
		<Italian>Increased building production in cities with state religion</Italian>
		<Spanish>Increased building production in cities with state religion</Spanish>
	</TEXT>
	<TEXT>
		<Tag>TXT_KEY_CIVIC_MONASTICISM</Tag>
		<English>Monasticism</English>
		<French>
			<Text>Monachisme</Text>
			<Gender>Male</Gender>
			<Plural>0</Plural>
		</French>
		<German>Monasticism</German>
		<Italian>Monasticism</Italian>
		<Spanish>Monasticism</Spanish>
	</TEXT>
	<TEXT>
		<Tag>TXT_KEY_CIVIC_MONASTICISM_STRATEGY</Tag>
		<English>Increased great people birth rate in cities with state religion</English>
		<French>Taux de natalit&#233; des personnages illustres augment&#233; dans les villes avec la religion d'&#201;tat</French>
		<German>Increased great people birth rate in cities with state religion</German>
		<Italian>Increased great people birth rate in cities with state religion</Italian>
		<Spanish>Increased great people birth rate in cities with state religion</Spanish>
	</TEXT>
	<TEXT>
		<Tag>TXT_KEY_CIVIC_TOLERANCE</Tag>
		<English>Tolerance</English>
		<French>
			<Text>Tol&#233;rance</Text>
			<Gender>Female</Gender>
			<Plural>0</Plural>
		</French>
		<German>Tolerance</German>
		<Italian>Tolerance</Italian>
		<Spanish>Tolerance</Spanish>
	</TEXT>
	<TEXT>
		<Tag>TXT_KEY_CIVIC_TOLERANCE_STRATEGY</Tag>
		<English>Extra happiness from non-state religions; increased culture in capital; can train missionaries without monasteries</English>
		<French>Les religions non officielles cr&#233;ent du bonheur ; culture augment&#233;e dans la capitale ; vous pouvez produire des missionnaires sans monast&#232;re</French>
		<German>Extra happiness from non-state religions; increased culture in capital; can train missionaries without monasteries</German>
		<Italian>Extra happiness from non-state religions; increased culture in capital; can train missionaries without monasteries</Italian>
		<Spanish>Extra happiness from non-state religions; increased culture in capital; can train missionaries without monasteries</Spanish>
	</TEXT>
	<TEXT>
		<Tag>TXT_KEY_CIVIC_CONQUEST</Tag>
		<English>Conquest</English>
		<French>
			<Text>Conqu&#234;te</Text>
			<Gender>Female</Gender>
			<Plural>0</Plural>
		</French>
		<German>Conquest</German>
		<Italian>Conquest</Italian>
		<Spanish>Conquest</Spanish>
	</TEXT>
	<TEXT>
		<Tag>TXT_KEY_CIVIC_CONQUEST_STRATEGY</Tag>
		<English>Extra experience for land units; reduced growth rate for Cottages, Hamlets and Villages; extra gold on city conquest</English>
		<French>Les unit&#233;s terrestres re&#231;oivent de l'exp&#233;rience additionnelle ; taux de croissance r&#233;duit pour les cottages, hameaux et villages ; vous recevez plus d'or au moment de conqu&#233;rir des villes</French>
		<German>Extra experience for land units; reduced growth rate for Cottages, Hamlets and Villages; extra gold on city conquest</German>
		<Italian>Extra experience for land units; reduced growth rate for Cottages, Hamlets and Villages; extra gold on city conquest</Italian>
		<Spanish>Extra experience for land units; reduced growth rate for Cottages, Hamlets and Villages; extra gold on city conquest</Spanish>
	</TEXT>
	<TEXT>
		<Tag>TXT_KEY_CIVIC_TRIBUTARIES</Tag>
		<English>Tributaries</English>
		<French>
			<Text>&#201;tats tributaires</Text>
			<Gender>Female</Gender>
			<Plural>1</Plural>
		</French>
		<German>Tributaries</German>
		<Italian>Tributaries</Italian>
		<Spanish>Tributaries</Spanish>
	</TEXT>
	<TEXT>
		<Tag>TXT_KEY_CIVIC_TRIBUTARIES_STRATEGY</Tag>
		<English>Extra commerce in capital from vassal cities; military units are produced with food; extra commerce from trade routes</English>
		<French>Commerce additionnel dans la capitale pour chaque ville vassale ; les unit&#233;s militaires sont produites avec de la nourriture ; les routes commerciales rapportent du commerce additionnel</French>
		<German>Extra commerce in capital from vassal cities; military units are produced with food; extra commerce from trade routes</German>
		<Italian>Extra commerce in capital from vassal cities; military units are produced with food; extra commerce from trade routes</Italian>
		<Spanish>Extra commerce in capital from vassal cities; military units are produced with food; extra commerce from trade routes</Spanish>
	</TEXT>
	<TEXT>
		<Tag>TXT_KEY_CIVIC_ISOLATIONISM</Tag>
		<English>Isolationism</English>
		<French>
			<Text>Isolationnisme</Text>
			<Gender>Male</Gender>
			<Plural>0</Plural>
		</French>
		<German>Isolationism</German>
		<Italian>Isolationism</Italian>
		<Spanish>Isolationism</Spanish>
	</TEXT>
	<TEXT>
		<Tag>TXT_KEY_CIVIC_ISOLATIONISM_STRATEGY</Tag>
		<English>Extra free specialist in all cities; no foreign trade routes; increased espionage in capital</English>
		<French>Un sp&#233;cialiste gratuit dans chaque ville ; pas de routes commerciales &#233;trang&#232;res ; production de points d'espionnage accrue dans la capitale</French>
		<German>Extra free specialist in all cities; no foreign trade routes; increased espionage in capital</German>
		<Italian>Extra free specialist in all cities; no foreign trade routes; increased espionage in capital</Italian>
		<Spanish>Extra free specialist in all cities; no foreign trade routes; increased espionage in capital</Spanish>
	</TEXT>
	<TEXT>
		<Tag>TXT_KEY_CIVIC_COLONIALISM</Tag>
		<English>Colonialism</English>
		<French>
			<Text>Colonialisme</Text>
			<Gender>Male</Gender>
			<Plural>0</Plural>
		</French>
		<German>Colonialism</German>
		<Italian>Colonialism</Italian>
		<Spanish>Colonialism</Spanish>
	</TEXT>
	<TEXT>
		<Tag>TXT_KEY_CIVIC_COLONIALISM_STRATEGY</Tag>
		<English>Extra commerce in capital from colonies; extra production and commerce for Slave Plantations; extra experience for water units; can capture slaves</English>
		<French>Commerce additionnel dans la capitale pour chaque colonie ; les plantations &#224; esclaves rapportent de la production et du commerce additionnels ; les unit&#233;s navales re&#231;oivent de l'exp&#233;rience suppl&#233;mentaires ; vous pouvez capturer des esclaves</French>
		<German>Extra commerce in capital from colonies; extra production and commerce for Slave Plantations; extra experience for water units; can capture slaves</German>
		<Italian>Extra commerce in capital from colonies; extra production and commerce for Slave Plantations; extra experience for water units; can capture slaves</Italian>
		<Spanish>Extra commerce in capital from colonies; extra production and commerce for Slave Plantations; extra experience for water units; can capture slaves</Spanish>
	</TEXT>
	<TEXT>
		<Tag>TXT_KEY_CIVIC_NATIONHOOD</Tag>
		<English>Nationhood</English>
		<French>
			<Text>Nation</Text>
			<Gender>Female</Gender>
			<Plural>0</Plural>
		</French>
		<German>Nationhood</German>
		<Italian>Nationhood</Italian>
		<Spanish>Nationhood</Spanish>
	</TEXT>
	<TEXT>
		<Tag>TXT_KEY_CIVIC_NATIONHOOD_STRATEGY</Tag>
		<English>Can draft units; extra production from Towns</English>
		<French>Vous pouvez conscrire des unit&#233;s ; les villes rapportent de la production additionnelle</French>
		<German>Can draft units; extra production from Towns</German>
		<Italian>Can draft units; extra production from Towns</Italian>
		<Spanish>Can draft units; extra production from Towns</Spanish>
	</TEXT>
	<TEXT>
		<Tag>TXT_KEY_CIVIC_DESPOTISM_STRATEGY</Tag>
		<English>Can hurry unit production by sacrificing population</English>
		<French>Vous pouvez acc&#233;l&#233;rer la production en sacrifiant de la population</French>
		<German>Can hurry unit production by sacrificing population</German>
		<Italian>Can hurry unit production by sacrificing population</Italian>
		<Spanish>Can hurry unit production by sacrificing population</Spanish>
	</TEXT>
	<TEXT>
		<Tag>TXT_KEY_CIVIC_CASTE_SYSTEM_STRATEGY</Tag>
		<English>Faster improvement construction; extra food from Plantations</English>
		<French>Vitesse de construction des am&#233;liorations augment&#233;e ; les plantations rapportent de la nourriture suppl&#233;mentaire</French>
		<German>Faster improvement construction; extra food from Plantations</German>
		<Italian>Faster improvement construction; extra food from Plantations</Italian>
		<Spanish>Faster improvement construction; extra food from Plantations</Spanish>
	</TEXT>
	<TEXT>
		<Tag>TXT_KEY_CIVIC_IGNORE_STATE_RELIGION</Tag>
		<English>[ICON_BULLET]Can build wonders regardless of State [ICON_RELIGION] requirements</English>
		<French>[ICON_BULLET]Can build wonders regardless of State [ICON_RELIGION] requirements</French>
		<German>[ICON_BULLET]Can build wonders regardless of State [ICON_RELIGION] requirements</German>
		<Italian>[ICON_BULLET]Can build wonders regardless of State [ICON_RELIGION] requirements</Italian>
		<Spanish>[ICON_BULLET]Can build wonders regardless of State [ICON_RELIGION] requirements</Spanish>
	</TEXT>
	<TEXT>
		<Tag>TXT_KEY_CIVIC_</Tag>
		<English></English>
		<French></French>
		<German></German>
		<Italian></Italian>
		<Spanish></Spanish>
	</TEXT>
</Civ4GameText>
