<?xml version="1.0" encoding="utf-8"?>
<!-- Features -->
<Civ4GameText>
	<TEXT>
		<Tag>TXT_KEY_FEATURE_CAPE</Tag>
		<English>Cape</English>
		<French>
			<Text>Cap</Text>
			<Gender>Male</Gender>
			<Plural>0</Plural>
		</French>
		<German>
			<Text>Kap</Text>
			<Gender>Male</Gender>
			<Plural>0</Plural>
		</German>
		<Italian>			
			<Text>Capo</Text>
			<Gender>Male</Gender>
			<Plural>0</Plural>
		</Italian>
		<Spanish>Cape</Spanish>
	</TEXT>
	<TEXT>
		<Tag>TXT_KEY_FEATURE_ISLANDS</Tag>
		<English>Islands</English>
		<French>
			<Text>&#206;les</Text>
			<Gender>Female</Gender>
			<Plural>1</Plural>
		</French>
		<German>Inseln</German>
		<Italian> 
			<Text>Isole</Text>
			<Gender>Female</Gender>
			<Plural>1</Plural>
		</Italian>
		<Spanish>Islands</Spanish>
	</TEXT>
	<TEXT>
		<Tag>TXT_KEY_FEATURE_RAINFOREST</Tag>
		<English>Rainforest</English>
		<French>
			<Text>For&#234;t tropicale</Text>
			<Gender>Female</Gender>
			<Plural>0</Plural>
		</French>
		<German>Regenwald</German>
		<Italian>
			<Text>Foresta pluviale</Text>
			<Gender>Female</Gender>
			<Plural>0</Plural>
		</Italian>
		<Spanish>Rainforest</Spanish>
	</TEXT>
	<TEXT>
		<Tag>TXT_KEY_FEATURE_MARSH</Tag>
		<English>Marsh</English>
		<French>
			<Text>Mar&#233;cage</Text>
			<Gender>Male</Gender>
			<Plural>0</Plural>
		</French>
		<German>
			<Text>Sumpf</Text>
			<Gender>Male</Gender>
			<Plural>0</Plural>
		</German>
		<Italian>
			<Text>Palude</Text>
			<Gender>Female</Gender>
			<Plural>0</Plural>
		</Italian>
		<Spanish>
			<Text>Ci&#233;naga</Text>
			<Gender>Female</Gender>
			<Plural>0</Plural>
		</Spanish>
	</TEXT>
	<TEXT>
		<Tag>TXT_KEY_FEATURE_NO_IMPROVEMENT</Tag>
		<English>[NEWLINE][ICON_BULLET]Cannot build any improvements on this feature</English>
		<French>[NEWLINE][ICON_BULLET]Les am&#233;nagements ne peuvent &#234;tre construits ici</French>
		<German>[NEWLINE][ICON_BULLET]Cannot build any improvements on this feature</German>
		<Italian>[NEWLINE][ICON_BULLET]Non si possono costruire miglioramenti su questo terreno</Italian>
		<Spanish>[NEWLINE][ICON_BULLET]Cannot build any improvements on this feature</Spanish>
	</TEXT>
</Civ4GameText>
