<?xml version="1.0" encoding="utf-8"?>
<!-- Improvements -->
<Civ4GameText>
	<TEXT>
		<Tag>TXT_KEY_IMPROVEMENT_OCEAN_FISHERY</Tag>
		<English>Ocean Fishery</English>
		<French>
			<Text>P&#234;cherie en haute mer</Text>
			<Gender>Female</Gender>
			<Plural>0</Plural>
		</French>
		<German>Hochsee-Fischerei</German>
		<Italian>Ocean Fishery</Italian>
		<Spanish>Ocean Fishery</Spanish>
	</TEXT>
	<TEXT>
		<Tag>TXT_KEY_IMPROVEMENT_SLAVE_PLANTATION</Tag>
		<English>Slave Plantation</English>
		<French>
			<Text>Plantation &#224; esclaves</Text>
			<Gender>Female</Gender>
			<Plural>0</Plural>
		</French>
		<German>Slave Plantation</German>
		<Italian>Slave Plantation</Italian>
		<Spanish>Slave Plantation</Spanish>
	</TEXT>
	<TEXT>
		<Tag>TXT_KEY_IMPROVEMENT_ORCHARD</Tag>
		<English>Orchard</English>
		<French>
			<Text>Verger</Text>
			<Gender>Male</Gender>
			<Plural>0</Plural>
		</French>
		<German>Orchard</German>
		<Italian>Orchard</Italian>
		<Spanish>Orchard</Spanish>
	</TEXT>
	<TEXT>
		<Tag>TXT_KEY_IMPROVEMENT_NATURE_RESERVE</Tag>
		<English>Nature Reserve</English>
		<French>
			<Text>R&#233;serve naturelle</Text>
			<Gender>Female</Gender>
			<Plural>0</Plural>
		</French>
		<German>Nature Reserve</German>
		<Italian>Nature Reserve</Italian>
		<Spanish>Nature Reserve</Spanish>
	</TEXT>
	<TEXT>
		<Tag>TXT_KEY_IMPROVEMENT_MARINE_RESERVE</Tag>
		<English>Marine Reserve</English>
		<French>
			<Text>Aire marine prot&#233;g&#233;e</Text>
			<Gender>Female</Gender>
			<Plural>0</Plural>
		</French>
		<German>Marine Reserve</German>
		<Italian>Marine Reserve</Italian>
		<Spanish>Marine Reserve</Spanish>
	</TEXT>
	<TEXT>
		<Tag>TXT_KEY_IMPROVEMENT_PADDY_FIELD</Tag>
		<English>Paddy Field</English>
		<French>
			<Text>Rizi&#232;re</Text>
			<Gender>Female</Gender>
			<Plural>0</Plural>
		</French>
		<German>Paddy Field</German>
		<Italian>Paddy Field</Italian>
		<Spanish>Paddy Field</Spanish>
	</TEXT>
	<TEXT>
		<Tag>TXT_KEY_ROUTE_ROMAN_ROAD</Tag>
		<English>Roman Road</English>
		<French>
			<Text>Voie romaine</Text>
			<Gender>Female</Gender>
			<Plural>0</Plural>
		</French>
		<German>Roman Road</German>
		<Italian>Roman Road</Italian>
		<Spanish>Roman Road</Spanish>
	</TEXT>
	<TEXT>
		<Tag>TXT_KEY_ROUTE_HIGHWAY</Tag>
		<English>Highway</English>
		<French>
			<Text>Autoroute</Text>
			<Gender>Female</Gender>
			<Plural>0</Plural>
		</French>
		<German>Highway</German>
		<Italian>Highway</Italian>
		<Spanish>Highway</Spanish>
	</TEXT>
	<TEXT>
		<Tag>TXT_KEY_IMPROVEMENT_TRIBAL_VILLAGE</Tag>
		<English>Tribal Village</English>
		<French>
			<Text>Village tribal</Text>
			<Gender>Male</Gender>
			<Plural>0</Plural>
		</French>
		<German>
			<Text>Stammesdorf</Text>
			<Gender>Male</Gender>
			<Plural>0</Plural>
		</German>
		<Italian>
			<Text>Villaggio tribale:Villaggi tribali</Text>
			<Gender>Male</Gender>
			<Plural>0:1</Plural>
		</Italian>
		<Spanish>
			<Text>Aldea tribal:Aldeas tribales</Text>
			<Gender>Female</Gender>
			<Plural>0:1</Plural>
		</Spanish>
	</TEXT>
	<TEXT>
		<Tag>TXT_KEY_IMPROVEMENT_SOLAR_COLLECTOR</Tag>
		<English>Solar Collector</English>
		<French>
			<Text>Collecteur solaire</Text>
			<Gender>Male</Gender>
			<Plural>0</Plural>
		</French>
		<German>Solaranlage</German>
		<Italian>Solar Collector</Italian>
		<Spanish>Solar Collector</Spanish>
	</TEXT>
</Civ4GameText>
