<?xml version="1.0" encoding="utf-8"?>
<!-- Projects -->
<Civ4GameText>
	<TEXT>
		<Tag>TXT_KEY_PROJECT_</Tag>
		<English></English>
		<French></French>
		<German></German>
		<Italian></Italian>
		<Spanish></Spanish>
	</TEXT>
	<TEXT>
		<Tag>TXT_KEY_PROJECT_INTERSTELLAR_PROBE</Tag>
		<English>Interstellar Probe</English>
		<French>
			<Text>Sonde interstallaire</Text>
			<Gender>Female</Gender>
			<Plural>0</Plural>
		</French>
		<German>Interstellare Sonde</German>
		<Italian>Interstellar Probe</Italian>
		<Spanish>Interstellar Probe</Spanish>
	</TEXT>
	<TEXT>
		<Tag>TXT_KEY_PROJECT_HUMAN_GENOME_PROJECT</Tag>
		<English>Human Genome Project</English>
		<French>
			<Text>Projet g&#233;nome humain</Text>
			<Gender>Male</Gender>
			<Plural>0</Plural>
		</French>
		<German>Human Genome Project</German>
		<Italian>Human Genome Project</Italian>
		<Spanish>Human Genome Project</Spanish>
	</TEXT>
	<TEXT>
		<Tag>TXT_KEY_PROJECT_HUMAN_GENOME_PROJECT_HELP</Tag>
		<English>[ICON_BULLET]+1[ICON_FOOD] for [LINK=literal]Town[\LINK]</English>
		<French>[ICON_BULLET]+1[ICON_FOOD] par [LINK=literal]ville[\LINK]</French>
		<German>[ICON_BULLET]+1[ICON_FOOD] f&#252;r [LINK=literal]Stadt[\LINK]</German>
		<Italian>[ICON_BULLET]+1[ICON_FOOD] for [LINK=literal]Town[\LINK]</Italian>
		<Spanish>[ICON_BULLET]+1[ICON_FOOD] for [LINK=literal]Town[\LINK]</Spanish>
	</TEXT>
	<TEXT>
		<Tag>TXT_KEY_PROJECT_HUMAN_GENOME_PROJECT_IMPROVEMENT_HELP</Tag>
		<English>[ICON_BULLET]+1[ICON_FOOD] with [LINK=literal]Human Genome Project[\LINK]</English>
		<French>[ICON_BULLET]+1[ICON_FOOD] avec [LINK=literal]projet g&#233;nome humain[\LINK]</French>
		<German>[ICON_BULLET]+1[ICON_FOOD] mit [LINK=literal]Human Genome Project[\LINK]</German>
		<Italian>[ICON_BULLET]+1[ICON_FOOD] with [LINK=literal]Human Genome Project[\LINK]</Italian>
		<Spanish>[ICON_BULLET]+1[ICON_FOOD] with [LINK=literal]Human Genome Project[\LINK]</Spanish>
	</TEXT>
	<TEXT>
		<Tag>TXT_KEY_PROJECT_THE_INTERNET_HELP</Tag>
		<English>[ICON_BULLET]+1[ICON_COMMERCE] per Specialist</English>
		<French>[ICON_BULLET]+1[ICON_COMMERCE] par sp&#233;cialiste</French>
		<German>[ICON_BULLET]+1[ICON_COMMERCE] pro Spezialist</German>
		<Italian>[ICON_BULLET]+1[ICON_COMMERCE] per Specialist</Italian>
		<Spanish>[ICON_BULLET]+1[ICON_COMMERCE] per Specialist</Spanish>
	</TEXT>
	<TEXT>
		<Tag>TXT_KEY_PROJECT_MARS_FRAMING</Tag>
		<English>Mars Framing</English>
		<French>
			<Text>Structure de base martienne</Text>
			<Gender>Female</Gender>
			<Plural>0</Plural>
		</French>
		<German>Mars Struktur</German>
		<Italian>Mars Framing</Italian>
		<Spanish>Mars Framing</Spanish>
	</TEXT>
	<TEXT>
		<Tag>TXT_KEY_PROJECT_MARS_POWER_SOURCE</Tag>
		<English>Mars Power Source</English>
		<French>
			<Text>Source d'&#233;nergie martienne</Text>
			<Gender>Female</Gender>
			<Plural>0</Plural>
		</French>
		<German>Mars Energiequelle</German>
		<Italian>Mars Power Source</Italian>
		<Spanish>Mars Power Source</Spanish>
	</TEXT>
	<TEXT>
		<Tag>TXT_KEY_PROJECT_MARS_EXTRACTOR</Tag>
		<English>Mars Extractor</English>
		<French>
			<Text>Extracteur martien</Text>
			<Gender>Male</Gender>
			<Plural>0</Plural>
		</French>
		<German>Mars Extraktor</German>
		<Italian>Mars Extractor</Italian>
		<Spanish>Mars Extractor</Spanish>
	</TEXT>
	<TEXT>
		<Tag>TXT_KEY_PROJECT_MARS_HABITAT</Tag>
		<English>Mars Habitat</English>
		<French>
			<Text>Habitation martienne</Text>
			<Gender>Female</Gender>
			<Plural>0</Plural>
		</French>
		<German>Mars Habitat</German>
		<Italian>Mars Habitat</Italian>
		<Spanish>Mars Habitat</Spanish>
	</TEXT>
	<TEXT>
		<Tag>TXT_KEY_PROJECT_MARS_HYDROPONICS</Tag>
		<English>Mars Hydroponics</English>
		<French>
			<Text>Culture hydroponique martienne</Text>
			<Gender>Female</Gender>
			<Plural>0</Plural>
		</French>
		<German>Mars Hydroponics</German>
		<Italian>Mars Hydroponics</Italian>
		<Spanish>Mars Hydroponics</Spanish>
	</TEXT>
	<TEXT>
		<Tag>TXT_KEY_PROJECT_MARS_LABORATORY</Tag>
		<English>Mars Laboratory</English>
		<French>
			<Text>Laboratoire martien</Text>
			<Gender>Male</Gender>
			<Plural>0</Plural>
		</French>
		<German>Mars Labor</German>
		<Italian>Mars Laboratory</Italian>
		<Spanish>Mars Laboratory</Spanish>
	</TEXT>
	<TEXT>
		<Tag>TXT_KEY_PROJECT_MARS_CONTROL_CENTER</Tag>
		<English>Mars Control Center</English>
		<French>
			<Text>Centre de contr&#244;le martien</Text>
			<Gender>Male</Gender>
			<Plural>0</Plural>
		</French>
		<German>Mars Kontrollzentrum</German>
		<Italian>Mars Control Center</Italian>
		<Spanish>Mars Control Center</Spanish>
	</TEXT>
	<TEXT>
		<Tag>TXT_KEY_PROJECT_GOLDEN_RECORD</Tag>
		<English>Golden Record</English>
		<French>
			<Text>Disque d'or</Text>
			<Gender>Male</Gender>
			<Plural>0</Plural>
		</French>
		<German>Golden Record</German>
		<Italian>Golden Record</Italian>
		<Spanish>Golden Record</Spanish>
	</TEXT>
	<TEXT>
		<Tag>TXT_KEY_PROJECT_GOLDEN_RECORD_HELP</Tag>
		<English>[ICON_BULLET]+3[ICON_CULTURE] for Satellites[NEWLINE][ICON_BULLET]Half the spaceship production modifier also increases culture output</English>
		<French>[ICON_BULLET]+3[ICON_CULTURE] par satellite[NEWLINE][ICON_BULLET]La moiti&#233; du modificateur de production spatiale contribue aussi &#224; la production de culture</French>
		<German>[ICON_BULLET]+3[ICON_CULTURE] f&#252;r Satelliten[NEWLINE][ICON_BULLET]Die H&#228;lfte der Raumschiffproduktion erh&#246;ht ebenfalls die Kulturproduktion</German>
		<Italian>[ICON_BULLET]+3[ICON_CULTURE] for Satellites[NEWLINE][ICON_BULLET]Half the spaceship production modifier also increases culture output</Italian>
		<Spanish>[ICON_BULLET]+3[ICON_CULTURE] for Satellites[NEWLINE][ICON_BULLET]Half the spaceship production modifier also increases culture output</Spanish>
	</TEXT>
	<TEXT>
		<Tag>TXT_KEY_PROJECT_LUNAR_COLONY</Tag>
		<English>Lunar Colony</English>
		<French>
			<Text>Colonie lunaire</Text>
			<Gender>Female</Gender>
			<Plural>0</Plural>
		</French>
		<German>Mondkolonie</German>
		<Italian>Lunar Colony</Italian>
		<Spanish>Lunar Colony</Spanish>
	</TEXT>
	<TEXT>
		<Tag>TXT_KEY_PROJECT_LUNAR_COLONY_HELP</Tag>
		<English>[ICON_BULLET]+2[ICON_PRODUCTION] for Satellites</English>
		<French>[ICON_BULLET]+2[ICON_PRODUCTION] par satellite</French>
		<German>[ICON_BULLET]+2[ICON_PRODUCTION] f&#252;r Satelliten</German>
		<Italian>[ICON_BULLET]+2[ICON_PRODUCTION] for Satellites</Italian>
		<Spanish>[ICON_BULLET]+2[ICON_PRODUCTION] for Satellites</Spanish>
	</TEXT>
	<TEXT>
		<Tag>TXT_KEY_PROJECT_STATEGIC_DEFENSE_INITIATIVE</Tag>
		<English>Strategic Defense Initiative</English>
		<French>
			<Text>Initiative de d&#233;fense strat&#233;gique</Text>
			<Gender>Female</Gender>
			<Plural>0</Plural>
		</French>
		<German>Strategische Verteidigungsinitiative</German>
		<Italian>Strategic Defense Initiative</Italian>
		<Spanish>Strategic Defense Initiative</Spanish>
	</TEXT>
	<TEXT>
		<Tag>TXT_KEY_PROJECT_GLOBAL_POSITIONING_SYSTEM</Tag>
		<English>Global Positioning System</English>
		<French>
			<Text>Syst&#232;me mondial de positionnement</Text>
			<Gender>Male</Gender>
			<Plural>0</Plural>
		</French>
		<German>Globales Positionierungssystem</German>
		<Italian>Global Positioning System</Italian>
		<Spanish>Global Positioning System</Spanish>
	</TEXT>
	<TEXT>
		<Tag>TXT_KEY_PROJECT_INTERNATIONAL_SPACE_STATION</Tag>
		<English>International Space Station</English>
		<French>
			<Text>Station spatiale internationale</Text>
			<Gender>Female</Gender>
			<Plural>0</Plural>
		</French>
		<German>Internationale Raumstation</German>
		<Italian>International Space Station</Italian>
		<Spanish>International Space Station</Spanish>
	</TEXT>
	<TEXT>
		<Tag>TXT_KEY_PROJECT_INTERNATIONAL_SPACE_STATION_HELP</Tag>
		<English>[ICON_BULLET]+2[ICON_GREATPEOPLE] for Satellites</English>
		<French>[ICON_BULLET]+2[ICON_GREATPEOPLE] par satellite</French>
		<German>[ICON_BULLET]+2[ICON_GREATPEOPLE] f&#252;r Satelliten</German>
		<Italian>[ICON_BULLET]+2[ICON_GREATPEOPLE] for Satellites</Italian>
		<Spanish>[ICON_BULLET]+2[ICON_GREATPEOPLE] for Satellites</Spanish>
	</TEXT>
	<TEXT>
		<Tag>TXT_KEY_PROJECT_BALLISTIC_MISSILE</Tag>
		<English>Ballistic Missile</English>
		<French>
			<Text>Missile ballistique</Text>
			<Gender>Male</Gender>
			<Plural>0</Plural>
		</French>
		<German>Ballistische Rakete</German>
		<Italian>Ballistic Missile</Italian>
		<Spanish>Ballistic Missile</Spanish>
	</TEXT>
	<TEXT>
		<Tag>TXT_KEY_PROJECT_FIRST_SATELLITE</Tag>
		<English>First Satellite</English>
		<French>
			<Text>Premier satellite</Text>
			<Gender>Male</Gender>
			<Plural>0</Plural>
		</French>
		<German>Erster Satellit</German>
		<Italian>First Satellite</Italian>
		<Spanish>First Satellite</Spanish>
	</TEXT>
	<TEXT>
		<Tag>TXT_KEY_PROJECT_MAN_IN_SPACE</Tag>
		<English>Man in Space</English>
		<French>
			<Text>Homme dans l'espace</Text>
			<Gender>Male</Gender>
			<Plural>0</Plural>
		</French>
		<German>Mann im Weltraum</German>
		<Italian>Man in Space</Italian>
		<Spanish>Man in Space</Spanish>
	</TEXT>
	<TEXT>
		<Tag>TXT_KEY_PROJECT_LUNAR_LANDING</Tag>
		<English>Lunar Landing</English>
		<French>
			<Text>Atterrissage sur la Lune</Text>
			<Gender>Male</Gender>
			<Plural>0</Plural>
		</French>
		<German>Mondlandung</German>
		<Italian>Lunar Landing</Italian>
		<Spanish>Lunar Landing</Spanish>
	</TEXT>
	<TEXT>
		<Tag>TXT_KEY_PROJECT_MARS_MISSION</Tag>
		<English>Mission to Mars</English>
		<French>
			<Text>Mission vers Mars</Text>
			<Gender>Male</Gender>
			<Plural>0</Plural>
		</French>
		<German>Mission to Mars</German>
		<Italian>Mission to Mars</Italian>
		<Spanish>Mission to Mars</Spanish>
	</TEXT>
	<TEXT>
		<Tag>TXT_KEY_PROJECT_APOLLO_PROGRAM_STRATEGY</Tag>
		<English>The [COLOR_PROJECT_TEXT]Apollo Program[COLOR_REVERT] is required to create the [COLOR_PROJECT_TEXT]SS Cockpit[COLOR_REVERT], [COLOR_PROJECT_TEXT]SS Life Support[COLOR_REVERT], [COLOR_PROJECT_TEXT]SS Stasis Chamber[COLOR_REVERT], [COLOR_PROJECT_TEXT]SS Docking Bay[COLOR_REVERT], [COLOR_PROJECT_TEXT]SS Engines[COLOR_REVERT], [COLOR_PROJECT_TEXT]SS Casings[COLOR_REVERT] and [COLOR_PROJECT_TEXT]SS Thrusters[COLOR_REVERT].</English>
		<French>The [COLOR_PROJECT_TEXT]Apollo Program[COLOR_REVERT] is required to create the [COLOR_PROJECT_TEXT]SS Cockpit[COLOR_REVERT], [COLOR_PROJECT_TEXT]SS Life Support[COLOR_REVERT], [COLOR_PROJECT_TEXT]SS Stasis Chamber[COLOR_REVERT], [COLOR_PROJECT_TEXT]SS Docking Bay[COLOR_REVERT], [COLOR_PROJECT_TEXT]SS Engines[COLOR_REVERT], [COLOR_PROJECT_TEXT]SS Casings[COLOR_REVERT] and [COLOR_PROJECT_TEXT]SS Thrusters[COLOR_REVERT].</French>
		<German>The [COLOR_PROJECT_TEXT]Apollo Program[COLOR_REVERT] is required to create the [COLOR_PROJECT_TEXT]SS Cockpit[COLOR_REVERT], [COLOR_PROJECT_TEXT]SS Life Support[COLOR_REVERT], [COLOR_PROJECT_TEXT]SS Stasis Chamber[COLOR_REVERT], [COLOR_PROJECT_TEXT]SS Docking Bay[COLOR_REVERT], [COLOR_PROJECT_TEXT]SS Engines[COLOR_REVERT], [COLOR_PROJECT_TEXT]SS Casings[COLOR_REVERT] and [COLOR_PROJECT_TEXT]SS Thrusters[COLOR_REVERT].</German>
		<Italian>The [COLOR_PROJECT_TEXT]Apollo Program[COLOR_REVERT] is required to create the [COLOR_PROJECT_TEXT]SS Cockpit[COLOR_REVERT], [COLOR_PROJECT_TEXT]SS Life Support[COLOR_REVERT], [COLOR_PROJECT_TEXT]SS Stasis Chamber[COLOR_REVERT], [COLOR_PROJECT_TEXT]SS Docking Bay[COLOR_REVERT], [COLOR_PROJECT_TEXT]SS Engines[COLOR_REVERT], [COLOR_PROJECT_TEXT]SS Casings[COLOR_REVERT] and [COLOR_PROJECT_TEXT]SS Thrusters[COLOR_REVERT].</Italian>
		<Spanish>The [COLOR_PROJECT_TEXT]Apollo Program[COLOR_REVERT] is required to create the [COLOR_PROJECT_TEXT]SS Cockpit[COLOR_REVERT], [COLOR_PROJECT_TEXT]SS Life Support[COLOR_REVERT], [COLOR_PROJECT_TEXT]SS Stasis Chamber[COLOR_REVERT], [COLOR_PROJECT_TEXT]SS Docking Bay[COLOR_REVERT], [COLOR_PROJECT_TEXT]SS Engines[COLOR_REVERT], [COLOR_PROJECT_TEXT]SS Casings[COLOR_REVERT] and [COLOR_PROJECT_TEXT]SS Thrusters[COLOR_REVERT].</Spanish>
	</TEXT>
	<TEXT>
		<Tag>TXT_KEY_PROJECT_PERSECUTION</Tag>
		<English>Persecution</English>
		<French>
			<Text>Pers&#233;cution</Text>
			<Gender>Female</Gender>
			<Plural>0</Plural>
		</French>
		<German>Persecution</German>
		<Italian>Persecution</Italian>
		<Spanish>Persecution</Spanish>
	</TEXT>
	<TEXT>
		<Tag>TXT_KEY_PROJECT_PERSECUTION_HELP</Tag>
		<English>[ICON_BULLET]Removes one non-state religion from this city[NEWLINE][ICON_BULLET]Causes temporary disorder and unhappiness</English>
		<French>[ICON_BULLET]Chasse une religion non officielle de la ville[NEWLINE][ICON_BULLET]Cause du d&#233;sordre et du malheur temporaires</French>
		<German>[ICON_BULLET]Removes one non-state religion from this city[NEWLINE][ICON_BULLET]Causes temporary disorder and unhappiness</German>
		<Italian>[ICON_BULLET]Removes one non-state religion from this city[NEWLINE][ICON_BULLET]Causes temporary disorder and unhappiness</Italian>
		<Spanish>[ICON_BULLET]Removes one non-state religion from this city[NEWLINE][ICON_BULLET]Causes temporary disorder and unhappiness</Spanish>
	</TEXT>
	<TEXT>
		<Tag>TXT_KEY_PROJECT_MANHATTAN_PROJECT_STRATEGY</Tag>
		<English>The [COLOR_PROJECT_TEXT]Manhattan Project[COLOR_REVERT] is required to create [COLOR_PROJECT_TEXT]SDI[COLOR_REVERT]. It also allows you to construct [COLOR_UNIT_TEXT]ICBMs[COLOR_REVERT], [COLOR_UNIT_TEXT]Tactical Nukes[COLOR_REVERT] and [COLOR_BUILDING_TEXT]Bomb Shelters[COLOR_REVERT].</English>
		<French>The [COLOR_PROJECT_TEXT]Manhattan Project[COLOR_REVERT] is required to create [COLOR_PROJECT_TEXT]SDI[COLOR_REVERT]. It also allows you to construct [COLOR_UNIT_TEXT]ICBMs[COLOR_REVERT], [COLOR_UNIT_TEXT]Tactical Nukes[COLOR_REVERT] and [COLOR_BUILDING_TEXT]Bomb Shelters[COLOR_REVERT].</French>
		<German>The [COLOR_PROJECT_TEXT]Manhattan Project[COLOR_REVERT] is required to create [COLOR_PROJECT_TEXT]SDI[COLOR_REVERT]. It also allows you to construct [COLOR_UNIT_TEXT]ICBMs[COLOR_REVERT], [COLOR_UNIT_TEXT]Tactical Nukes[COLOR_REVERT] and [COLOR_BUILDING_TEXT]Bomb Shelters[COLOR_REVERT].</German>
		<Italian>The [COLOR_PROJECT_TEXT]Manhattan Project[COLOR_REVERT] is required to create [COLOR_PROJECT_TEXT]SDI[COLOR_REVERT]. It also allows you to construct [COLOR_UNIT_TEXT]ICBMs[COLOR_REVERT], [COLOR_UNIT_TEXT]Tactical Nukes[COLOR_REVERT] and [COLOR_BUILDING_TEXT]Bomb Shelters[COLOR_REVERT].</Italian>
		<Spanish>The [COLOR_PROJECT_TEXT]Manhattan Project[COLOR_REVERT] is required to create [COLOR_PROJECT_TEXT]SDI[COLOR_REVERT]. It also allows you to construct [COLOR_UNIT_TEXT]ICBMs[COLOR_REVERT], [COLOR_UNIT_TEXT]Tactical Nukes[COLOR_REVERT] and [COLOR_BUILDING_TEXT]Bomb Shelters[COLOR_REVERT].</Spanish>
	</TEXT>
	<TEXT>
		<Tag>TXT_KEY_PROJECT_SDI_STRATEGY</Tag>
		<English>[COLOR_PROJECT_TEXT]SDI[COLOR_REVERT] gives a fifty percent chance of intercepting nukes.</English>
		<French>[COLOR_PROJECT_TEXT]SDI[COLOR_REVERT] gives a fifty percent chance of intercepting nukes.</French>
		<German>[COLOR_PROJECT_TEXT]SDI[COLOR_REVERT] gives a fifty percent chance of intercepting nukes.</German>
		<Italian>[COLOR_PROJECT_TEXT]SDI[COLOR_REVERT] gives a fifty percent chance of intercepting nukes.</Italian>
		<Spanish>[COLOR_PROJECT_TEXT]SDI[COLOR_REVERT] gives a fifty percent chance of intercepting nukes.</Spanish>
	</TEXT>
	<TEXT>
		<Tag>TXT_KEY_PROJECT_SPACE_CASING_STRATEGY</Tag>
		<English>[COLOR_PROJECT_TEXT]SS Casings[COLOR_REVERT] are required to achieve the [COLOR_HIGHLIGHT_TEXT]Space Race[COLOR_REVERT] victory condition. Increases the chance of a successful mission for the spaceship.</English>
		<French>[COLOR_PROJECT_TEXT]SS Casings[COLOR_REVERT] are required to achieve the [COLOR_HIGHLIGHT_TEXT]Space Race[COLOR_REVERT] victory condition. Increases the chance of a successful mission for the spaceship.</French>
		<German>[COLOR_PROJECT_TEXT]SS Casings[COLOR_REVERT] are required to achieve the [COLOR_HIGHLIGHT_TEXT]Space Race[COLOR_REVERT] victory condition. Increases the chance of a successful mission for the spaceship.</German>
		<Italian>[COLOR_PROJECT_TEXT]SS Casings[COLOR_REVERT] are required to achieve the [COLOR_HIGHLIGHT_TEXT]Space Race[COLOR_REVERT] victory condition. Increases the chance of a successful mission for the spaceship.</Italian>
		<Spanish>[COLOR_PROJECT_TEXT]SS Casings[COLOR_REVERT] are required to achieve the [COLOR_HIGHLIGHT_TEXT]Space Race[COLOR_REVERT] victory condition. Increases the chance of a successful mission for the spaceship.</Spanish>
	</TEXT>
	<TEXT>
		<Tag>TXT_KEY_PROJECT_SPACE_COCKPIT_STRATEGY</Tag>
		<English>The [COLOR_PROJECT_TEXT]SS Cockpit[COLOR_REVERT] is required to achieve the [COLOR_HIGHLIGHT_TEXT]Space Race[COLOR_REVERT] victory condition.</English>
		<French>The [COLOR_PROJECT_TEXT]SS Cockpit[COLOR_REVERT] is required to achieve the [COLOR_HIGHLIGHT_TEXT]Space Race[COLOR_REVERT] victory condition.</French>
		<German>The [COLOR_PROJECT_TEXT]SS Cockpit[COLOR_REVERT] is required to achieve the [COLOR_HIGHLIGHT_TEXT]Space Race[COLOR_REVERT] victory condition.</German>
		<Italian>The [COLOR_PROJECT_TEXT]SS Cockpit[COLOR_REVERT] is required to achieve the [COLOR_HIGHLIGHT_TEXT]Space Race[COLOR_REVERT] victory condition.</Italian>
		<Spanish>The [COLOR_PROJECT_TEXT]SS Cockpit[COLOR_REVERT] is required to achieve the [COLOR_HIGHLIGHT_TEXT]Space Race[COLOR_REVERT] victory condition.</Spanish>
	</TEXT>
	<TEXT>
		<Tag>TXT_KEY_PROJECT_SPACE_DOCKING_BAY_STRATEGY</Tag>
		<English>The [COLOR_PROJECT_TEXT]SS Docking Bay[COLOR_REVERT] is required to achieve the [COLOR_HIGHLIGHT_TEXT]Space Race[COLOR_REVERT] victory condition.</English>
		<French>The [COLOR_PROJECT_TEXT]SS Docking Bay[COLOR_REVERT] is required to achieve the [COLOR_HIGHLIGHT_TEXT]Space Race[COLOR_REVERT] victory condition.</French>
		<German>The [COLOR_PROJECT_TEXT]SS Docking Bay[COLOR_REVERT] is required to achieve the [COLOR_HIGHLIGHT_TEXT]Space Race[COLOR_REVERT] victory condition.</German>
		<Italian>The [COLOR_PROJECT_TEXT]SS Docking Bay[COLOR_REVERT] is required to achieve the [COLOR_HIGHLIGHT_TEXT]Space Race[COLOR_REVERT] victory condition.</Italian>
		<Spanish>The [COLOR_PROJECT_TEXT]SS Docking Bay[COLOR_REVERT] is required to achieve the [COLOR_HIGHLIGHT_TEXT]Space Race[COLOR_REVERT] victory condition.</Spanish>
	</TEXT>
	<TEXT>
		<Tag>TXT_KEY_PROJECT_SPACE_ENGINE_STRATEGY</Tag>
		<English>[COLOR_PROJECT_TEXT]SS Engines[COLOR_REVERT] are required to achieve the [COLOR_HIGHLIGHT_TEXT]Space Race[COLOR_REVERT] victory condition. They also increase the speed of the spaceship.</English>
		<French>[COLOR_PROJECT_TEXT]SS Engines[COLOR_REVERT] are required to achieve the [COLOR_HIGHLIGHT_TEXT]Space Race[COLOR_REVERT] victory condition. They also increase the speed of the spaceship.</French>
		<German>[COLOR_PROJECT_TEXT]SS Engines[COLOR_REVERT] are required to achieve the [COLOR_HIGHLIGHT_TEXT]Space Race[COLOR_REVERT] victory condition. They also increase the speed of the spaceship.</German>
		<Italian>[COLOR_PROJECT_TEXT]SS Engines[COLOR_REVERT] are required to achieve the [COLOR_HIGHLIGHT_TEXT]Space Race[COLOR_REVERT] victory condition. They also increase the speed of the spaceship.</Italian>
		<Spanish>[COLOR_PROJECT_TEXT]SS Engines[COLOR_REVERT] are required to achieve the [COLOR_HIGHLIGHT_TEXT]Space Race[COLOR_REVERT] victory condition. They also increase the speed of the spaceship.</Spanish>
	</TEXT>
	<TEXT>
		<Tag>TXT_KEY_PROJECT_SPACE_LIFE_SUPPORT_STRATEGY</Tag>
		<English>The [COLOR_PROJECT_TEXT]SS Life Support[COLOR_REVERT] is required to achieve the [COLOR_HIGHLIGHT_TEXT]Space Race[COLOR_REVERT] victory condition.</English>
		<French>The [COLOR_PROJECT_TEXT]SS Life Support[COLOR_REVERT] is required to achieve the [COLOR_HIGHLIGHT_TEXT]Space Race[COLOR_REVERT] victory condition.</French>
		<German>The [COLOR_PROJECT_TEXT]SS Life Support[COLOR_REVERT] is required to achieve the [COLOR_HIGHLIGHT_TEXT]Space Race[COLOR_REVERT] victory condition.</German>
		<Italian>The [COLOR_PROJECT_TEXT]SS Life Support[COLOR_REVERT] is required to achieve the [COLOR_HIGHLIGHT_TEXT]Space Race[COLOR_REVERT] victory condition.</Italian>
		<Spanish>The [COLOR_PROJECT_TEXT]SS Life Support[COLOR_REVERT] is required to achieve the [COLOR_HIGHLIGHT_TEXT]Space Race[COLOR_REVERT] victory condition.</Spanish>
	</TEXT>
	<TEXT>
		<Tag>TXT_KEY_PROJECT_SPACE_STASIS_STRATEGY</Tag>
		<English>The [COLOR_PROJECT_TEXT]SS Stasis Chamber[COLOR_REVERT] is required to achieve the [COLOR_HIGHLIGHT_TEXT]Space Race[COLOR_REVERT] victory condition.</English>
		<French>The [COLOR_PROJECT_TEXT]SS Stasis Chamber[COLOR_REVERT] is required to achieve the [COLOR_HIGHLIGHT_TEXT]Space Race[COLOR_REVERT] victory condition.</French>
		<German>The [COLOR_PROJECT_TEXT]SS Stasis Chamber[COLOR_REVERT] is required to achieve the [COLOR_HIGHLIGHT_TEXT]Space Race[COLOR_REVERT] victory condition.</German>
		<Italian>The [COLOR_PROJECT_TEXT]SS Stasis Chamber[COLOR_REVERT] is required to achieve the [COLOR_HIGHLIGHT_TEXT]Space Race[COLOR_REVERT] victory condition.</Italian>
		<Spanish>The [COLOR_PROJECT_TEXT]SS Stasis Chamber[COLOR_REVERT] is required to achieve the [COLOR_HIGHLIGHT_TEXT]Space Race[COLOR_REVERT] victory condition.</Spanish>
	</TEXT>
	<TEXT>
		<Tag>TXT_KEY_PROJECT_SPACE_THRUSTERS_STRATEGY</Tag>
		<English>[COLOR_PROJECT_TEXT]SS Thrusters[COLOR_REVERT] are required to achieve the [COLOR_HIGHLIGHT_TEXT]Space Race[COLOR_REVERT] victory condition. They also increase the speed of the spaceship.</English>
		<French>[COLOR_PROJECT_TEXT]SS Thrusters[COLOR_REVERT] are required to achieve the [COLOR_HIGHLIGHT_TEXT]Space Race[COLOR_REVERT] victory condition. They also increase the speed of the spaceship.</French>
		<German>[COLOR_PROJECT_TEXT]SS Thrusters[COLOR_REVERT] are required to achieve the [COLOR_HIGHLIGHT_TEXT]Space Race[COLOR_REVERT] victory condition. They also increase the speed of the spaceship.</German>
		<Italian>[COLOR_PROJECT_TEXT]SS Thrusters[COLOR_REVERT] are required to achieve the [COLOR_HIGHLIGHT_TEXT]Space Race[COLOR_REVERT] victory condition. They also increase the speed of the spaceship.</Italian>
		<Spanish>[COLOR_PROJECT_TEXT]SS Thrusters[COLOR_REVERT] are required to achieve the [COLOR_HIGHLIGHT_TEXT]Space Race[COLOR_REVERT] victory condition. They also increase the speed of the spaceship.</Spanish>
	</TEXT>
	<TEXT>
		<Tag>TXT_KEY_PROJECT_THE_INTERNET_STRATEGY</Tag>
		<English>The [COLOR_PROJECT_TEXT]Internet[COLOR_REVERT] grants all technologies that are already discovered by 2 known civilizations.</English>
		<French>The [COLOR_PROJECT_TEXT]Internet[COLOR_REVERT] grants all technologies that are already discovered by 2 known civilizations.</French>
		<German>The [COLOR_PROJECT_TEXT]Internet[COLOR_REVERT] grants all technologies that are already discovered by 2 known civilizations.</German>
		<Italian>The [COLOR_PROJECT_TEXT]Internet[COLOR_REVERT] grants all technologies that are already discovered by 2 known civilizations.</Italian>
		<Spanish>The [COLOR_PROJECT_TEXT]Internet[COLOR_REVERT] grants all technologies that are already discovered by 2 known civilizations.</Spanish>
	</TEXT>
</Civ4GameText>
