<?xml version="1.0" encoding="utf-8"?>
<!-- Promotions -->
<Civ4GameText>
	<TEXT>
		<Tag>TXT_KEY_PROMOTION_MERCENARY</Tag>
		<English>Mercenary</English>
		<French>
			<Text>Mercenaire</Text>
			<Gender>Male</Gender>
			<Plural>0</Plural>
		</French>
		<German>
			<Text>S&#246;ldner</Text>
			<Gender>Male</Gender>
			<Plural>0</Plural>
		</German>
		<Italian>
			<Text>Mercenario</Text>
			<Gender>Male</Gender>
			<Plural>0</Plural>
		</Italian>
		<Spanish>
			<Text>Mercenario</Text>
			<Gender>Male</Gender>
			<Plural>0</Plural>
		</Spanish>
	</TEXT>
	<TEXT>
		<Tag>TXT_KEY_PROMOTION_SELFPRESERVATION1</Tag>
		<English>Self Preservation I</English>
		<French>
			<Text>Survie I</Text>
			<Gender>Female</Gender>
			<Plural>0</Plural>
		</French>
		<German>
			<Text>Selbstverteidigung I</Text>
			<Gender>Female</Gender>
			<Plural>0</Plural>
		</German>
		<Italian>
			<Text>Autoconservazione I</Text>
			<Gender>Female</Gender>
			<Plural>0</Plural>
		</Italian>
		<Spanish>
			<Text>Autopreservaci&#243;n I</Text>
			<Gender>Female</Gender>
			<Plural>0</Plural>
		</Spanish>
	</TEXT>
	<TEXT>
		<Tag>TXT_KEY_PROMOTION_SELFPRESERVATION2</Tag>
		<English>Self Preservation II</English>
		<French>
			<Text>Survie II</Text>
			<Gender>Female</Gender>
			<Plural>0</Plural>
		</French>
		<German>
			<Text>Selbstverteidigung II</Text>
			<Gender>Female</Gender>
			<Plural>0</Plural>
		</German>
		<Italian>
			<Text>Autoconservazione II</Text>
			<Gender>Female</Gender>
			<Plural>0</Plural>
		</Italian>
		<Spanish>
			<Text>Autopreservaci&#243;n II</Text>
			<Gender>Female</Gender>
			<Plural>0</Plural>
		</Spanish>
	</TEXT>
	<TEXT>
		<Tag>TXT_KEY_PROMOTION_SELFPRESERVATION3</Tag>
		<English>Self Preservation III</English>
		<French>
			<Text>Survie III</Text>
			<Gender>Female</Gender>
			<Plural>0</Plural>
		</French>
		<German>
			<Text>Selbstverteidigung III</Text>
			<Gender>Female</Gender>
			<Plural>0</Plural>
		</German>
		<Italian>
			<Text>Autoconservazione III</Text>
			<Gender>Female</Gender>
			<Plural>0</Plural>
		</Italian>
		<Spanish>
			<Text>Autopreservaci&#243;n III</Text>
			<Gender>Female</Gender>
			<Plural>0</Plural>
		</Spanish>
	</TEXT>
	<TEXT>
		<Tag>TXT_KEY_PROMOTION_DESERT_ADAPTATION</Tag>
		<English>Desert Adaptation</English>
		<French>
			<Text>Adaptation au d&#233;sert</Text>
			<Gender>Female</Gender>
			<Plural>0</Plural>
		</French>
		<German>Desert Adaptation</German>
		<Italian>Desert Adaptation</Italian>
		<Spanish>Desert Adaptation</Spanish>
	</TEXT>
	<TEXT>
		<Tag>TXT_KEY_PROMOTION_SKIRMISH</Tag>
		<English>Skirmish</English>
		<French>
			<Text>Escarmouche</Text>
			<Gender>Female</Gender>
			<Plural>0</Plural>
		</French>
		<German>Skirmish</German>
		<Italian>Skirmish</Italian>
		<Spanish>Skirmish</Spanish>
	</TEXT>
	<TEXT>
		<Tag>TXT_KEY_PROMOTION_DISENGAGE1</Tag>
		<English>Disengage I</English>
		<French>
			<Text>D&#233;sengagement I</Text>
			<Gender>Male</Gender>
			<Plural>0</Plural>
		</French>
		<German>Disengage I</German>
		<Italian>Disengage I</Italian>
		<Spanish>Disengage I</Spanish>
	</TEXT>
	<TEXT>
		<Tag>TXT_KEY_PROMOTION_DISENGAGE2</Tag>
		<English>Disengage II</English>
		<French>
			<Text>D&#233;sengagement II</Text>
			<Gender>Male</Gender>
			<Plural>0</Plural>
		</French>
		<German>Disengage II</German>
		<Italian>Disengage II</Italian>
		<Spanish>Disengage II</Spanish>
	</TEXT>
	<TEXT>
		<Tag>TXT_KEY_PROMOTION_FLANKING3</Tag>
		<English>Flanking III</English>
		<French>
			<Text>Contournement III</Text>
			<Gender>Male</Gender>
			<Plural>0</Plural>
		</French>
		<German>Flanking III</German>
		<Italian>Flanking III</Italian>
		<Spanish>Flanking III</Spanish>
	</TEXT>
</Civ4GameText>
