<?xml version="1.0" encoding="utf-8"?>
<!-- Resources -->
<Civ4GameText>
	<TEXT>
		<Tag>TXT_KEY_BONUS_COTTON</Tag>
		<English>Cotton</English>
		<French>
			<Text>Coton</Text>
			<Gender>Male</Gender>
			<Plural>0</Plural>
		</French>
		<German>
			<Text>Baumwolle</Text>
			<Gender>Female</Gender>
			<Plural>0</Plural>
		</German>
		<Italian>
			<Text>Cotone</Text>
			<Gender>Male</Gender>
			<Plural>0</Plural>
		</Italian>
		<Spanish>
			<Text>Algod&#243;n</Text>
			<Gender>Male</Gender>
			<Plural>0</Plural>
		</Spanish>
	</TEXT>
	<TEXT>
		<Tag>TXT_KEY_BONUS_HIT_MOVIES</Tag>
		<English>Hit Movies</English>
		<French>
			<Text>Films</Text>
			<Gender>Male</Gender>
			<Plural>1</Plural>
		</French>
		<German>
			<Text>Filmhits</Text>
			<Gender>Male</Gender>
			<Plural>0</Plural>
		</German>
		<Italian>
			<Text>Film di successo</Text>
			<Gender>Male</Gender>
			<Plural>1</Plural>
		</Italian>
		<Spanish>
			<Text>Pel&#237;culas de &#233;xito</Text>
			<Gender>Female</Gender>
			<Plural>1</Plural>
		</Spanish>
	</TEXT>
	<TEXT>
		<Tag>TXT_KEY_BONUS_SWAMP_PEDIA</Tag>
		<English>Swamp</English>
		<French>
			<Text>Marais</Text>
			<Gender>Male</Gender>
			<Plural>0</Plural>
		</French>
		<German>
			<Text>Moor</Text>
			<Gender>Male</Gender>
			<Plural>0</Plural>
		</German>
		<Italian>
			<Text>Pantano</Text>
			<Gender>Male</Gender>
			<Plural>0</Plural>
		</Italian>
		<Spanish>
			<Text>Pantano</Text>
			<Gender>Male</Gender>
			<Plural>0</Plural>
		</Spanish>
	</TEXT>
	<TEXT>
		<Tag>TXT_KEY_BONUS_COFFEE</Tag>
		<English>Coffee</English>
		<French>
			<Text>Caf&#233;</Text>
			<Gender>Male</Gender>
			<Plural>0</Plural>
		</French>
		<German>Coffee</German>
		<Italian>Coffee</Italian>
		<Spanish>Coffee</Spanish>
	</TEXT>
	<TEXT>
		<Tag>TXT_KEY_BONUS_HIT_SINGLES</Tag>
		<English>Hit Singles</English>
		<French>
			<Text>Chansons</Text>
			<Gender>Male</Gender>
			<Plural>1</Plural>
		</French>
		<German>
			<Text>Hitsingles</Text>
			<Gender>Male</Gender>
			<Plural>0</Plural>
		</German>
		<Italian>
			<Text>Canzoni di successo</Text>
			<Gender>Male</Gender>
			<Plural>0</Plural>
		</Italian>
		<Spanish>
			<Text>Canciones de &#233;xito</Text>
			<Gender>Female</Gender>
			<Plural>1</Plural>
		</Spanish>
	</TEXT>
	<TEXT>
		<Tag>TXT_KEY_BONUS_HIT_FOOTBALL_EVENT</Tag>
		<English>Hit Football Event</English>
		<French>
			<Text>Match de football majeur</Text>
			<Gender>Male</Gender>
			<Plural>0</Plural>
		</French>
		<German>
			<Text>Fu&#223;ballveranstaltungen</Text>
			<Gender>Neuter</Gender>
			<Plural>1</Plural>
		</German>
		<Italian>
			<Text>Eventi calcistici</Text>
			<Gender>Male</Gender>
			<Plural>1</Plural>
		</Italian>
		<Spanish>
			<Text>Eventos importantes de f&#250;tbol</Text>
			<Gender>Male</Gender>
			<Plural>1</Plural>
		</Spanish>
	</TEXT>
	<TEXT>
		<Tag>TXT_KEY_BONUS_PEARL</Tag>
		<English>Pearls</English>
		<French>
			<Text>Perles</Text>
			<Gender>Female</Gender>
			<Plural>1</Plural>
		</French>
		<German>Perlen</German>
		<Italian>Pearls</Italian>
		<Spanish>Pearls</Spanish>
	</TEXT>
	<TEXT>
		<Tag>TXT_KEY_BONUS_TEA</Tag>
		<English>Tea</English>
		<French>
			<Text>Th&#233;</Text>
			<Gender>Male</Gender>
			<Plural>0</Plural>
		</French>
		<German>Tee</German>
		<Italian>Tea</Italian>
		<Spanish>Tea</Spanish>
	</TEXT>
	<TEXT>
		<Tag>TXT_KEY_BONUS_TOBACCO</Tag>
		<English>Tobacco</English>
		<French>
			<Text>Tabac</Text>
			<Gender>Male</Gender>
			<Plural>0</Plural>
		</French>
		<German>Tabak</German>
		<Italian>Tobacco</Italian>
		<Spanish>Tobacco</Spanish>
	</TEXT>
	<TEXT>
		<Tag>TXT_KEY_BONUS_CAMEL</Tag>
		<English>Camel</English>
		<French>
			<Text>Chameaux</Text>
			<Gender>Male</Gender>
			<Plural>1</Plural>
		</French>
		<German>Kamel</German>
		<Italian>Camel</Italian>
		<Spanish>Camel</Spanish>
	</TEXT>
</Civ4GameText>
