<?xml version="1.0" encoding="GB2312"?>
<!-- edited with XMLSPY v2004 rel. 2 U (http://www.xmlspy.com) by XMLSPY 2004 Professional Ed. Release 2, Installed Multi + SMP for 3 users (Firaxis Games) -->
<!-- Sid Meier's Civilization 4 -->
<!-- Copyright Firaxis Games 2005 -->
<!-- freesand leo -->
<!-- Game Text - New -->
<Civ4GameText xmlns="http://www.firaxis.com">
	<TEXT>
		<Tag>TXT_KEY_CITY_NAME_PRAGUE</Tag>
		<English>Prague</English>
<L1 /><L2 /><L3 /><L4 />
		<Chinese>&#x5E03;&#x62C9;&#x683C;</Chinese>
	</TEXT>
	<TEXT>
		<Tag>TXT_KEY_CITY_NAME_VIENNA</Tag>
		<English>Vienna</English>
<L1 /><L2 /><L3 /><L4 />
		<Chinese>&#x7EF4;&#x4E5F;&#x7EB3;</Chinese>
	</TEXT>
	<TEXT>
		<Tag>TXT_KEY_CITY_NAME_FLORENCE</Tag>
		<English>Florence</English>
<L1 /><L2 /><L3 /><L4 />
		<Chinese>&#x4F5B;&#x7F57;&#x4F26;&#x8428;</Chinese>
	</TEXT>
	<TEXT>
		<Tag>TXT_KEY_CITY_NAME_PISA</Tag>
		<English>Pisa</English>
<L1 /><L2 /><L3 /><L4 />
		<Chinese>&#x6BD4;&#x8428;</Chinese>
	</TEXT>
	<TEXT>
		<Tag>TXT_KEY_CITY_NAME_LUXEMBURG</Tag>
		<English>Luxemburg</English>
<L1 /><L2 /><L3 /><L4 />
		<Chinese>&#x5362;&#x68EE;&#x5821;</Chinese>
	</TEXT>
	<TEXT>
		<Tag>TXT_KEY_CITY_NAME_STRASSBURG</Tag>
		<English>Strassburg</English>
<L1 /><L2 /><L3 /><L4 />
		<Chinese>&#x65AF;&#x7279;&#x62C9;&#x65AF;&#x5821;</Chinese>
	</TEXT>
	<TEXT>
		<Tag>TXT_KEY_CITY_NAME_BRANDENBURG</Tag>
		<English>Brandenburg</English>
<L1 /><L2 /><L3 /><L4 />
		<Chinese>&#x52C3;&#x5170;&#x767B;&#x5821;</Chinese>
	</TEXT>
	<TEXT>
		<Tag>TXT_KEY_CITY_NAME_WORMS</Tag>
		<English>Worms</English>
<L1 /><L2 /><L3 /><L4 />
		<Chinese>&#x6C83;&#x59C6;&#x65AF;</Chinese>
	</TEXT>
	<TEXT>
		<Tag>TXT_KEY_CITY_NAME_CONSTANCE</Tag>
		<English>Constance</English>
<L1 /><L2 /><L3 /><L4 />
		<Chinese>&#x5EB7;&#x65AF;&#x5766;&#x4E1D;</Chinese>
	</TEXT>
	<TEXT>
		<Tag>TXT_KEY_CITY_NAME_BASLE</Tag>
		<English>Basle</English>
<L1 /><L2 /><L3 /><L4 />
		<Chinese>&#x5DF4;&#x585E;&#x5C14;</Chinese>
	</TEXT>
	<TEXT>
		<Tag>TXT_KEY_CITY_NAME_ZURICH</Tag>
		<English>Zurich</English>
<L1 /><L2 /><L3 /><L4 />
		<Chinese>&#x82CF;&#x9ECE;&#x58EB;</Chinese>
	</TEXT>
	<TEXT>
		<Tag>TXT_KEY_CITY_NAME_SALZBURG</Tag>
		<English>Salzburg</English>
<L1 /><L2 /><L3 /><L4 />
		<Chinese>&#x8428;&#x5C14;&#x8328;&#x5821;</Chinese>
	</TEXT>
	<TEXT>
		<Tag>TXT_KEY_CITY_NAME_INNSBRUCK</Tag>
		<English>Innsbruck</English>
<L1 /><L2 /><L3 /><L4 />
		<Chinese>&#x56E0;&#x65AF;&#x5E03;&#x9C81;&#x514B;</Chinese>
	</TEXT>
	<TEXT>
		<Tag>TXT_KEY_CITY_NAME_TRENT</Tag>
		<English>Trent</English>
<L1 /><L2 /><L3 /><L4 />
		<Chinese>&#x7279;&#x4F26;&#x7279;</Chinese>
	</TEXT>
	<TEXT>
		<Tag>TXT_KEY_CITY_NAME_GENOA</Tag>
		<English>Genoa</English>
<L1 /><L2 /><L3 /><L4 />
		<Chinese>&#x70ED;&#x90A3;&#x4E9A;</Chinese>
	</TEXT>
	<TEXT>
		<Tag>TXT_KEY_CITY_NAME_LUCCA</Tag>
		<English>Lucca</English>
<L1 /><L2 /><L3 /><L4 />
		<Chinese>&#x5362;&#x5361;</Chinese>
	</TEXT>
	<TEXT>
		<Tag>TXT_KEY_CITY_NAME_SIENNA</Tag>
		<English>Sienna</English>
<L1 /><L2 /><L3 /><L4 />
		<Chinese>&#x897F;&#x8036;&#x7EB3;</Chinese>
	</TEXT>
	<TEXT>
		<Tag>TXT_KEY_CITY_NAME_ARLES</Tag>
		<English>Arles</English>
<L1 /><L2 /><L3 /><L4 />
		<Chinese>&#x963F;&#x5C14;&#x96F7;&#x65AF;</Chinese>
	</TEXT>
	<TEXT>
		<Tag>TXT_KEY_CITY_NAME_METZ</Tag>
		<English>Metz</English>
<L1 /><L2 /><L3 /><L4 />
		<Chinese>&#x6885;&#x65AF;</Chinese>
	</TEXT>
	<TEXT>
		<Tag>TXT_KEY_CITY_NAME_WIRTEN</Tag>
		<English>Wirten</English>
<L1 /><L2 /><L3 /><L4 />
		<Chinese>&#x7EF4;&#x5C14;&#x6ED5;</Chinese>
	</TEXT>
	<TEXT>
		<Tag>TXT_KEY_CITY_NAME_BRUSSELS</Tag>
		<English>Brussels</English>
<L1 /><L2 /><L3 /><L4 />
		<Chinese>&#x5E03;&#x9C81;&#x585E;&#x5C14;</Chinese>
	</TEXT>
	<TEXT>
		<Tag>TXT_KEY_CITY_NAME_ANTWERP</Tag>
		<English>Antwerp</English>
<L1 /><L2 /><L3 /><L4 />
		<Chinese>&#x5B89;&#x7279;&#x536B;&#x666E;</Chinese>
	</TEXT>
	<TEXT>
		<Tag>TXT_KEY_CITY_NAME_LUTTICH</Tag>
		<English>Luttich</English>
<L1 /><L2 /><L3 /><L4 />
		<Chinese>&#x5362;&#x63D0;&#x5947;</Chinese>
	</TEXT>
	<TEXT>
		<Tag>TXT_KEY_CITY_NAME_STETTIN</Tag>
		<English>Stettin</English>
<L1 /><L2 /><L3 /><L4 />
		<Chinese>&#x4EC0;&#x5207;&#x9752;</Chinese>
	</TEXT>
	<TEXT>
		<Tag>TXT_KEY_CITY_NAME_KOLBERG</Tag>
		<English>Kolberg</English>
<L1 /><L2 /><L3 /><L4 />
		<Chinese>&#x79D1;&#x5C14;&#x8D1D;&#x683C;</Chinese>
	</TEXT>
	<TEXT>
		<Tag>TXT_KEY_CITY_NAME_BRESLAU</Tag>
		<English>Breslau</English>
<L1 /><L2 /><L3 /><L4 />
		<Chinese>&#x5E03;&#x745E;&#x65AF;&#x52B3;</Chinese>
	</TEXT>
	<TEXT>
		<Tag>TXT_KEY_CITY_NAME_OLMUTZ</Tag>
		<English>Olmutz</English>
<L1 /><L2 /><L3 /><L4 />
		<Chinese>&#x6B27;&#x5C14;&#x7A46;&#x8328;</Chinese>
	</TEXT>
	<TEXT>
		<Tag>TXT_KEY_CITY_NAME_PILSEN</Tag>
		<English>Pilsen</English>
<L1 /><L2 /><L3 /><L4 />
		<Chinese>&#x76AE;&#x5C14;&#x68EE;</Chinese>
	</TEXT>
	<TEXT>
		<Tag>TXT_KEY_CITY_NAME_BAMBERG</Tag>
		<English>Bamberg</English>
<L1 /><L2 /><L3 /><L4 />
		<Chinese>&#x73ED;&#x8D1D;&#x683C;</Chinese>
	</TEXT>
	<TEXT>
		<Tag>TXT_KEY_CITY_NAME_GOSLAR</Tag>
		<English>Goslar</English>
<L1 /><L2 /><L3 /><L4 />
		<Chinese>&#x54E5;&#x65AF;&#x62C9;&#x5C14;</Chinese>
	</TEXT>
	<TEXT>
		<Tag>TXT_KEY_CITY_NAME_SPIRES</Tag>
		<English>Spires</English>
<L1 /><L2 /><L3 /><L4 />
		<Chinese>&#x65AF;&#x6D3E;&#x5C14;&#x65AF;</Chinese>
	</TEXT>
	<TEXT>
		<Tag>TXT_KEY_CITY_NAME_PADERBORN</Tag>
		<English>Paderborn</English>
<L1 /><L2 /><L3 /><L4 />
		<Chinese>&#x5E15;&#x5FB7;&#x5C14;&#x672C;</Chinese>
	</TEXT>
	<TEXT>
		<Tag>TXT_KEY_CITY_NAME_PASSAU</Tag>
		<English>Passau</English>
<L1 /><L2 /><L3 /><L4 />
		<Chinese>&#x5E15;&#x9A9A;</Chinese>
	</TEXT>
	<TEXT>
		<Tag>TXT_KEY_CITY_NAME_HAGENAU</Tag>
		<English>Hagenau</English>
<L1 /><L2 /><L3 /><L4 />
		<Chinese>&#x54C8;&#x683C;&#x7459;</Chinese>
	</TEXT>
	<TEXT>
		<Tag>TXT_KEY_CITY_NAME_AMSTERDAM</Tag>
		<English>Amsterdam</English>
<L1 /><L2 /><L3 /><L4 />
		<Chinese>&#x963F;&#x59C6;&#x65AF;&#x7279;&#x4E39;</Chinese>
	</TEXT>
	<TEXT>
		<Tag>TXT_KEY_CITY_NAME_UTRECHT</Tag>
		<English>Utrecht</English>
<L1 /><L2 /><L3 /><L4 />
		<Chinese>&#x4E4C;&#x7279;&#x52D2;&#x652F;</Chinese>
	</TEXT>
	<TEXT>
		<Tag>TXT_KEY_CITY_NAME_S_GRAVENHAGE</Tag>
		<English>The Hague</English>
<L1 /><L2 /><L3 /><L4 />
		<Chinese>&#x6D77;&#x7259;</Chinese>
	</TEXT>
	<TEXT>
		<Tag>TXT_KEY_CITY_NAME_ROTTERDAM</Tag>
		<English>Rotterdam</English>
<L1 /><L2 /><L3 /><L4 />
		<Chinese>&#x9E7F;&#x7279;&#x4E39;</Chinese>
	</TEXT>
	<TEXT>
		<Tag>TXT_KEY_CITY_NAME_NIJMEGEN</Tag>
		<English>Nijmegen</English>
<L1 /><L2 /><L3 /><L4 />
		<Chinese>&#x5C3C;&#x57FA;&#x6885;&#x6839;</Chinese>
	</TEXT>
	<TEXT>
		<Tag>TXT_KEY_CITY_NAME_MAASTRICHT</Tag>
		<English>Maastricht</English>
<L1 /><L2 /><L3 /><L4 />
		<Chinese>&#x9A6C;&#x65AF;&#x7279;&#x91CC;&#x8D6B;&#x7279;</Chinese>
	</TEXT>
	<TEXT>
		<Tag>TXT_KEY_CITY_NAME_MIDDELBURG</Tag>
		<English>Middelburg</English>
<L1 /><L2 /><L3 /><L4 />
		<Chinese>&#x7C73;&#x5FB7;&#x5C14;&#x5821;</Chinese>
	</TEXT>
	<TEXT>
		<Tag>TXT_KEY_CITY_NAME_DELFT</Tag>
		<English>Delft</English>
<L1 /><L2 /><L3 /><L4 />
		<Chinese>&#x6234;&#x5C14;&#x798F;&#x7279;</Chinese>
	</TEXT>
	<TEXT>
		<Tag>TXT_KEY_CITY_NAME_LEIDEN</Tag>
		<English>Leiden</English>
<L1 /><L2 /><L3 /><L4 />
		<Chinese>&#x96F7;&#x767B;</Chinese>
	</TEXT>
	<TEXT>
		<Tag>TXT_KEY_CITY_NAME_HAARLEM</Tag>
		<English>Haarlem</English>
<L1 /><L2 /><L3 /><L4 />
		<Chinese>&#x54C8;&#x5C14;&#x96F7;&#x59C6;</Chinese>
	</TEXT>
	<TEXT>
		<Tag>TXT_KEY_CITY_NAME_S_HERTOGENBOSCH</Tag>
		<English>'s-Hertogenbosch</English>
<L1 /><L2 /><L3 /><L4 />
		<Chinese>&#x8D6B;&#x6258;&#x6839;&#x6CE2;&#x58EB;&#x5947;</Chinese>
	</TEXT>
	<TEXT>
		<Tag>TXT_KEY_CITY_NAME_DORESTAD</Tag>
		<English>Dorestad</English>
<L1 /><L2 /><L3 /><L4 />
		<Chinese>&#x591A;&#x745E;&#x65AF;&#x5854;&#x5FB7;</Chinese>
	</TEXT>
	<TEXT>
		<Tag>TXT_KEY_CITY_NAME_DEVENTER</Tag>
		<English>Deventer</English>
<L1 /><L2 /><L3 /><L4 />
		<Chinese>&#x5FB7;&#x6587;&#x7279;&#x5C14;</Chinese>
	</TEXT>
	<TEXT>
		<Tag>TXT_KEY_CITY_NAME_KAMPEN</Tag>
		<English>Kampen</English>
<L1 /><L2 /><L3 /><L4 />
		<Chinese>&#x5361;&#x59C6;&#x5F6D;</Chinese>
	</TEXT>
	<TEXT>
		<Tag>TXT_KEY_CITY_NAME_GRONINGEN</Tag>
		<English>Groningen</English>
<L1 /><L2 /><L3 /><L4 />
		<Chinese>&#x683C;&#x7F57;&#x5B81;&#x6839;</Chinese>
	</TEXT>
	<TEXT>
		<Tag>TXT_KEY_CITY_NAME_LEEUWARDEN</Tag>
		<English>Leeuwarden</English>
<L1 /><L2 /><L3 /><L4 />
		<Chinese>&#x5229;&#x4E4C;&#x74E6;&#x767B;</Chinese>
	</TEXT>
	<TEXT>
		<Tag>TXT_KEY_CITY_NAME_ENKHUIZEN</Tag>
		<English>Enkhuizen</English>
<L1 /><L2 /><L3 /><L4 />
		<Chinese>&#x6069;&#x514B;&#x80E1;&#x4F0A;&#x771F;</Chinese>
	</TEXT>
	<TEXT>
		<Tag>TXT_KEY_CITY_NAME_HOORN</Tag>
		<English>Hoorn</English>
<L1 /><L2 /><L3 /><L4 />
		<Chinese>&#x80E1;&#x5C14;&#x6069;</Chinese>
	</TEXT>
	<TEXT>
		<Tag>TXT_KEY_CITY_NAME_TIEL</Tag>
		<English>Tiel</English>
<L1 /><L2 /><L3 /><L4 />
		<Chinese>&#x63D0;&#x57C3;&#x5C14;</Chinese>
	</TEXT>
	<TEXT>
		<Tag>TXT_KEY_CITY_NAME_BREDA</Tag>
		<English>Breda</English>
<L1 /><L2 /><L3 /><L4 />
		<Chinese>&#x5E03;&#x745E;&#x8FBE;</Chinese>
	</TEXT>
	<TEXT>
		<Tag>TXT_KEY_CITY_NAME_EINDHOVEN</Tag>
		<English>Eindhoven</English>
<L1 /><L2 /><L3 /><L4 />
		<Chinese>&#x57C3;&#x56E0;&#x5FB7;&#x970D;&#x6E29;</Chinese>
	</TEXT>
	<TEXT>
		<Tag>TXT_KEY_CITY_NAME_DORDRECHT</Tag>
		<English>Dordrecht</English>
<L1 /><L2 /><L3 /><L4 />
		<Chinese>&#x591A;&#x5C14;&#x5FB7;&#x96F7;&#x5E0C;&#x7279;</Chinese>
	</TEXT>
	<TEXT>
		<Tag>TXT_KEY_CITY_NAME_VLISSINGEN</Tag>
		<English>Vlissingen</English>
<L1 /><L2 /><L3 /><L4 />
		<Chinese>&#x5F17;&#x5229;&#x8F9B;&#x6839;</Chinese>
	</TEXT>
	<TEXT>
		<Tag>TXT_KEY_CITY_NAME_KAMPVERE</Tag>
		<English>Kampvere</English>
<L1 /><L2 /><L3 /><L4 />
		<Chinese>&#x574E;&#x666E;&#x7EF4;&#x5C14;</Chinese>
	</TEXT>
	<TEXT>
		<Tag>TXT_KEY_CITY_NAME_ROERMOND</Tag>
		<English>Roermond</English>
<L1 /><L2 /><L3 /><L4 />
		<Chinese>&#x7F57;&#x57C3;&#x5C14;&#x8499;&#x5FB7;</Chinese>
	</TEXT>
	<TEXT>
		<Tag>TXT_KEY_CITY_NAME_ZUTPHEN</Tag>
		<English>Zutphen</English>
<L1 /><L2 /><L3 /><L4 />
		<Chinese>&#x6731;&#x7279;&#x82AC;</Chinese>
	</TEXT>
	<TEXT>
		<Tag>TXT_KEY_CITY_NAME_ARNHEM</Tag>
		<English>Arnhem</English>
<L1 /><L2 /><L3 /><L4 />
		<Chinese>&#x963F;&#x6069;&#x8D6B;&#x59C6;</Chinese>
	</TEXT>
	<TEXT>
		<Tag>TXT_KEY_CITY_NAME_AMERSFOORT</Tag>
		<English>Amersfoort</English>
<L1 /><L2 /><L3 /><L4 />
		<Chinese>&#x963F;&#x7F8E;&#x5C14;&#x65AF;&#x798F;&#x7279;</Chinese>
	</TEXT>
	<TEXT>
		<Tag>TXT_KEY_CITY_NAME_GOUDA</Tag>
		<English>Gouda</English>
<L1 /><L2 /><L3 /><L4 />
		<Chinese>&#x9AD8;&#x4E4C;&#x8FBE;</Chinese>
	</TEXT>
	<TEXT>
		<Tag>TXT_KEY_CITY_NAME_ALKMAAR</Tag>
		<English>Alkmaar</English>
<L1 /><L2 /><L3 /><L4 />
		<Chinese>&#x963F;&#x5C14;&#x5361;&#x9A6C;</Chinese>
	</TEXT>
	<TEXT>
		<Tag>TXT_KEY_CITY_NAME_MEDEMBLIK</Tag>
		<English>Medemblik</English>
<L1 /><L2 /><L3 /><L4 />
		<Chinese>&#x6885;&#x5FB7;&#x59C6;&#x5E03;&#x91CC;&#x514B;</Chinese>
	</TEXT>
	<TEXT>
		<Tag>TXT_KEY_CITY_NAME_GORKUM</Tag>
		<English>Gorkum</English>
<L1 /><L2 /><L3 /><L4 />
		<Chinese>&#x6208;&#x5C14;&#x5E93;&#x59C6;</Chinese>
	</TEXT>
	<TEXT>
		<Tag>TXT_KEY_CITY_NAME_TILBURG</Tag>
		<English>Tilburg</English>
<L1 /><L2 /><L3 /><L4 />
		<Chinese>&#x63D0;&#x5C14;&#x5821;</Chinese>
	</TEXT>
	<TEXT>
		<Tag>TXT_KEY_CITY_NAME_BERGEN_OP_ZOOM</Tag>
		<English>Bergen op Zoom</English>
<L1 /><L2 /><L3 /><L4 />
		<Chinese>&#x8D1D;&#x4EA8;&#x5965;&#x666E;&#x4F50;&#x59C6;</Chinese>
	</TEXT>
	<TEXT>
		<Tag>TXT_KEY_CITY_NAME_ZWOLLE</Tag>
		<English>Zwolle</English>
<L1 /><L2 /><L3 /><L4 />
		<Chinese>&#x5179;&#x6C83;&#x52D2;</Chinese>
	</TEXT>
	<TEXT>
		<Tag>TXT_KEY_CITY_NAME_HARDERWIJK</Tag>
		<English>Harderwijk</English>
<L1 /><L2 /><L3 /><L4 />
		<Chinese>&#x54C8;&#x5F97;&#x7EF4;&#x514B;</Chinese>
	</TEXT>
	<TEXT>
		<Tag>TXT_KEY_CITY_NAME_VENLO</Tag>
		<English>Venlo</English>
<L1 /><L2 /><L3 /><L4 />
		<Chinese>&#x82AC;&#x6D1B;</Chinese>
	</TEXT>
	<TEXT>
		<Tag>TXT_KEY_CITY_NAME_FRANEKER</Tag>
		<English>Franeker</English>
<L1 /><L2 /><L3 /><L4 />
		<Chinese>&#x5F17;&#x62C9;&#x5185;&#x514B;</Chinese>
	</TEXT>
	<TEXT>
		<Tag>TXT_KEY_CITY_NAME_HARLINGEN</Tag>
		<English>Harlingen</English>
<L1 /><L2 /><L3 /><L4 />
		<Chinese>&#x54C8;&#x7075;&#x6839;</Chinese>
	</TEXT>
	<TEXT>
		<Tag>TXT_KEY_CITY_NAME_STAVOREN</Tag>
		<English>Stavoren</English>
<L1 /><L2 /><L3 /><L4 />
		<Chinese>&#x65AF;&#x5854;&#x4F5B;&#x4F26;</Chinese>
	</TEXT>
	<TEXT>
		<Tag>TXT_KEY_CITY_NAME_ASSEN</Tag>
		<English>Assen</English>
<L1 /><L2 /><L3 /><L4 />
		<Chinese>&#x827E;&#x68EE;</Chinese>
	</TEXT>
	<TEXT>
		<Tag>TXT_KEY_CITY_NAME_ENSCHEDE</Tag>
		<English>Enschede</English>
<L1 /><L2 /><L3 /><L4 />
		<Chinese>&#x6069;&#x65AF;&#x8D6B;&#x5FB7;</Chinese>
	</TEXT>
	<TEXT>
		<Tag>TXT_KEY_CITY_NAME_APELDOORN</Tag>
		<English>Apeldoorn</English>
<L1 /><L2 /><L3 /><L4 />
		<Chinese>&#x963F;&#x57F9;&#x5C14;&#x987F;</Chinese>
	</TEXT>
	<TEXT>
		<Tag>TXT_KEY_CITY_NAME_LELYSTAD</Tag>
		<English>Lelystad</English>
<L1 /><L2 /><L3 /><L4 />
		<Chinese>&#x83B1;&#x5229;&#x65AF;&#x5854;&#x5FB7;</Chinese>
	</TEXT>
	<TEXT>
		<Tag>TXT_KEY_CITY_NAME_ALMERE</Tag>
		<English>Almere</English>
<L1 /><L2 /><L3 /><L4 />
		<Chinese>&#x963F;&#x7C73;&#x5C14;</Chinese>
	</TEXT>
	<TEXT>
		<Tag>TXT_KEY_CITY_NAME_MUTAL</Tag>
		<English>Mutal</English>
<L1 /><L2 /><L3 /><L4 />
		<Chinese>&#x7A46;&#x5854;&#x5C14;</Chinese>
	</TEXT>
	<TEXT>
		<Tag>TXT_KEY_CITY_NAME_LAKAMHA</Tag>
		<English>Lakamha</English>
<L1 /><L2 /><L3 /><L4 />
		<Chinese>&#x62C9;&#x5361;&#x59C6;&#x54C8;</Chinese>
	</TEXT>
	<TEXT>
		<Tag>TXT_KEY_CITY_NAME_CHICHEN_ITZA</Tag>
		<English>Chichen Itza</English>
<L1 /><L2 /><L3 /><L4 />
		<Chinese>&#x5947;&#x7434;&#x4F0A;&#x5BDF;&#x57CE;</Chinese>
	</TEXT>
	<TEXT>
		<Tag>TXT_KEY_CITY_NAME_UXMAL</Tag>
		<English>Uxmal</English>
<L1 /><L2 /><L3 /><L4 />
		<Chinese>&#x4E4C;&#x514B;&#x65AF;&#x9A6C;&#x5C14;</Chinese>
	</TEXT>
	<TEXT>
		<Tag>TXT_KEY_CITY_NAME_MAYAPAN</Tag>
		<English>Mayapan</English>
<L1 /><L2 /><L3 /><L4 />
		<Chinese>&#x739B;&#x96C5;&#x6F58;</Chinese>
	</TEXT>
	<TEXT>
		<Tag>TXT_KEY_CITY_NAME_CALAKMUL</Tag>
		<English>Calakmul</English>
<L1 /><L2 /><L3 /><L4 />
		<Chinese>&#x5361;&#x62C9;&#x514B;&#x7A46;&#x5C14;</Chinese>
	</TEXT>
	<TEXT>
		<Tag>TXT_KEY_CITY_NAME_OXHUITZA</Tag>
		<English>Oxhuitza</English>
<L1 /><L2 /><L3 /><L4 />
		<Chinese>&#x6B27;&#x514B;&#x65AF;&#x8F89;&#x8428;</Chinese>
	</TEXT>
	<TEXT>
		<Tag>TXT_KEY_CITY_NAME_XUKPI</Tag>
		<English>Xukpi</English>
<L1 /><L2 /><L3 /><L4 />
		<Chinese>&#x79D1;&#x82CF;&#x514B;&#x76AE;</Chinese>
	</TEXT>
	<TEXT>
		<Tag>TXT_KEY_CITY_NAME_QUIRIGUA</Tag>
		<English>Quirigua</English>
<L1 /><L2 /><L3 /><L4 />
		<Chinese>&#x594E;&#x5229;&#x74DC;</Chinese>
	</TEXT>
	<TEXT>
		<Tag>TXT_KEY_CITY_NAME_IZANCANAC</Tag>
		<English>Izancanac</English>
<L1 /><L2 /><L3 /><L4 />
		<Chinese>&#x4F0A;&#x8D5E;&#x5361;&#x7EB3;&#x514B;</Chinese>
	</TEXT>
	<TEXT>
		<Tag>TXT_KEY_CITY_NAME_YOKIB</Tag>
		<English>Yokib</English>
<L1 /><L2 /><L3 /><L4 />
		<Chinese>&#x7EA6;&#x57FA;&#x5E03;</Chinese>
	</TEXT>
	<TEXT>
		<Tag>TXT_KEY_CITY_NAME_ALTUN_HA</Tag>
		<English>Altun Ha</English>
<L1 /><L2 /><L3 /><L4 />
		<Chinese>&#x5965;&#x5C14;&#x987F;-&#x54C8;</Chinese>
	</TEXT>
	<TEXT>
		<Tag>TXT_KEY_CITY_NAME_IZAMAL</Tag>
		<English>Izamal</English>
<L1 /><L2 /><L3 /><L4 />
		<Chinese>&#x4F0A;&#x624E;&#x739B;&#x5C14;</Chinese>
	</TEXT>
	<TEXT>
		<Tag>TXT_KEY_CITY_NAME_COBA</Tag>
		<English>Coba</English>
<L1 /><L2 /><L3 /><L4 />
		<Chinese>&#x8003;&#x5DF4;</Chinese>
	</TEXT>
	<TEXT>
		<Tag>TXT_KEY_CITY_NAME_DZIBILCHALTUN</Tag>
		<English>Dzibilchaltun</English>
<L1 /><L2 /><L3 /><L4 />
		<Chinese>&#x5179;&#x6BD4;&#x5C14;&#x4E54;&#x987F;</Chinese>
	</TEXT>
	<TEXT>
		<Tag>TXT_KEY_CITY_NAME_COZUMEL</Tag>
		<English>Cozumel</English>
<L1 /><L2 /><L3 /><L4 />
		<Chinese>&#x8003;&#x7956;&#x6885;&#x5C14;</Chinese>
	</TEXT>
	<TEXT>
		<Tag>TXT_KEY_CITY_NAME_EDZNA</Tag>
		<English>Edzna</English>
<L1 /><L2 /><L3 /><L4 />
		<Chinese>&#x57C3;&#x5FB7;&#x5179;&#x7EB3;</Chinese>
	</TEXT>
	<TEXT>
		<Tag>TXT_KEY_CITY_NAME_OXKINTOK</Tag>
		<English>Oxkintok</English>
<L1 /><L2 /><L3 /><L4 />
		<Chinese>&#x6B27;&#x514B;&#x65AF;&#x91D1;&#x6258;&#x514B;</Chinese>
	</TEXT>
	<TEXT>
		<Tag>TXT_KEY_CITY_NAME_BECAN</Tag>
		<English>Becan</English>
<L1 /><L2 /><L3 /><L4 />
		<Chinese>&#x8D1D;&#x574E;</Chinese>
	</TEXT>
	<TEXT>
		<Tag>TXT_KEY_CITY_NAME_NAKBE</Tag>
		<English>Nakbe</English>
<L1 /><L2 /><L3 /><L4 />
		<Chinese>&#x7EB3;&#x514B;&#x8D1D;</Chinese>
	</TEXT>
	<TEXT>
		<Tag>TXT_KEY_CITY_NAME_CIVAL</Tag>
		<English>Cival</English>
<L1 /><L2 /><L3 /><L4 />
		<Chinese>&#x5E2D;&#x74E6;&#x5C14;</Chinese>
	</TEXT>
	<TEXT>
		<Tag>TXT_KEY_CITY_NAME_LAMANAIN</Tag>
		<English>Lamanain</English>
<L1 /><L2 /><L3 /><L4 />
		<Chinese>&#x62C9;&#x739B;&#x7EB3;&#x56E0;</Chinese>
	</TEXT>
	<TEXT>
		<Tag>TXT_KEY_CITY_NAME_KAMINALJUYU</Tag>
		<English>Kaminaljuyu</English>
<L1 /><L2 /><L3 /><L4 />
		<Chinese>&#x5361;&#x7C73;&#x7EB3;&#x5C14;&#x6731;&#x80B2;</Chinese>
	</TEXT>
	<TEXT>
		<Tag>TXT_KEY_CITY_NAME_TAKALIK_ABAJ</Tag>
		<English>Takalik Abaj</English>
<L1 /><L2 /><L3 /><L4 />
		<Chinese>&#x5854;&#x5361;&#x5229;&#x514B;-&#x963F;&#x5DF4;&#x5409;</Chinese>
	</TEXT>
	<TEXT>
		<Tag>TXT_KEY_CITY_NAME_HOLMUL</Tag>
		<English>Holmul</English>
<L1 /><L2 /><L3 /><L4 />
		<Chinese>&#x970D;&#x6728;&#x5C14;</Chinese>
	</TEXT>
	<TEXT>
		<Tag>TXT_KEY_CITY_NAME_WAKA</Tag>
		<English>Waka</English>
<L1 /><L2 /><L3 /><L4 />
		<Chinese>&#x74E6;&#x5361;</Chinese>
	</TEXT>
	<TEXT>
		<Tag>TXT_KEY_CITY_NAME_SIAAN_KAAN</Tag>
		<English>Siaan Kaan</English>
<L1 /><L2 /><L3 /><L4 />
		<Chinese>&#x590F;&#x5B89;-&#x5361;&#x5B89;</Chinese>
	</TEXT>
	<TEXT>
		<Tag>TXT_KEY_CITY_NAME_BONAMPAK</Tag>
		<English>Bonampak</English>
<L1 /><L2 /><L3 /><L4 />
		<Chinese>&#x6CE2;&#x5357;&#x5E15;&#x514B;</Chinese>
	</TEXT>
	<TEXT>
		<Tag>TXT_KEY_CITY_NAME_TONINA</Tag>
		<English>Tonina</English>
<L1 /><L2 /><L3 /><L4 />
		<Chinese>&#x6258;&#x5C3C;&#x7EB3;</Chinese>
	</TEXT>
	<TEXT>
		<Tag>TXT_KEY_CITY_NAME_TAZUMAL</Tag>
		<English>Tazumal</English>
<L1 /><L2 /><L3 /><L4 />
		<Chinese>&#x5854;&#x6731;&#x739B;&#x5C14;</Chinese>
	</TEXT>
	<TEXT>
		<Tag>TXT_KEY_CITY_NAME_COMALCALCO</Tag>
		<English>Comalcalco</English>
<L1 /><L2 /><L3 /><L4 />
		<Chinese>&#x8003;&#x739B;&#x5361;&#x5C14;&#x79D1;</Chinese>
	</TEXT>
	<TEXT>
		<Tag>TXT_KEY_CITY_NAME_NIM_LI_PUNIT</Tag>
		<English>Nim Li Punit</English>
<L1 /><L2 /><L3 /><L4 />
		<Chinese>&#x5C3C;&#x59C6;-&#x5229;-&#x666E;&#x5C3C;&#x7279;</Chinese>
	</TEXT>
	<TEXT>
		<Tag>TXT_KEY_CITY_NAME_EKBALAM</Tag>
		<English>Ekbalam</English>
<L1 /><L2 /><L3 /><L4 />
		<Chinese>&#x57C3;&#x514B;&#x5DF4;&#x62C9;&#x59C6;</Chinese>
	</TEXT>
	<TEXT>
		<Tag>TXT_KEY_CITY_NAME_SAYIL</Tag>
		<English>Sayil</English>
<L1 /><L2 /><L3 /><L4 />
		<Chinese>&#x8428;&#x4F0A;&#x5C14;</Chinese>
	</TEXT>
	<TEXT>
		<Tag>TXT_KEY_CITY_NAME_KABAH</Tag>
		<English>Kabah</English>
<L1 /><L2 /><L3 /><L4 />
		<Chinese>&#x5361;&#x5DF4;&#x8D6B;</Chinese>
	</TEXT>
	<TEXT>
		<Tag>TXT_KEY_CITY_NAME_LABNA</Tag>
		<English>Labna</English>
<L1 /><L2 /><L3 /><L4 />
		<Chinese>&#x62C9;&#x5E03;&#x7EB3;</Chinese>
	</TEXT>
	<TEXT>
		<Tag>TXT_KEY_CITY_NAME_WAK_KABNAL</Tag>
		<English>Wak Kabnal</English>
<L1 /><L2 /><L3 /><L4 />
		<Chinese>&#x74E6;&#x514B;-&#x5361;&#x5E03;&#x7EB3;&#x5C14;</Chinese>
	</TEXT>
	<TEXT>
		<Tag>TXT_KEY_CITY_NAME_XUNANTUNICH</Tag>
		<English>Xunantunich</English>
<L1 /><L2 /><L3 /><L4 />
		<Chinese>&#x79D1;&#x82CF;&#x5357;&#x56FE;&#x5C3C;&#x5947;</Chinese>
	</TEXT>
	<TEXT>
		<Tag>TXT_KEY_CITY_NAME_IZAPA</Tag>
		<English>Izapa</English>
<L1 /><L2 /><L3 /><L4 />
		<Chinese>&#x4F0A;&#x624E;&#x5E15;</Chinese>
	</TEXT>
	<TEXT>
		<Tag>TXT_KEY_CITY_NAME_NOJ_PETEN</Tag>
		<English>Noj Peten</English>
<L1 /><L2 /><L3 /><L4 />
		<Chinese>&#x8BFA;&#x5409;-&#x4F69;&#x817E;</Chinese>
	</TEXT>
	<TEXT>
		<Tag>TXT_KEY_CITY_NAME_UTALTAN</Tag>
		<English>Utatlan</English>
<L1 /><L2 /><L3 /><L4 />
		<Chinese>&#x4E4C;&#x5854;&#x7279;&#x5170;</Chinese>
	</TEXT>
	<TEXT>
		<Tag>TXT_KEY_CITY_NAME_MANI</Tag>
		<English>Mani</English>
<L1 /><L2 /><L3 /><L4 />
		<Chinese>&#x739B;&#x5C3C;</Chinese>
	</TEXT>
	<TEXT>
		<Tag>TXT_KEY_CITY_NAME_AKSUM</Tag>
		<English>Aksum</English>
<L1 /><L2 /><L3 /><L4 />
		<Chinese>&#x963F;&#x514B;&#x82CF;&#x59C6;</Chinese>
	</TEXT>
	<TEXT>
		<Tag>TXT_KEY_CITY_NAME_LALIBELA</Tag>
		<English>Lalibela</English>
<L1 /><L2 /><L3 /><L4 />
		<Chinese>&#x62C9;&#x91CC;&#x8D1D;&#x62C9;</Chinese>
	</TEXT>
	<TEXT>
		<Tag>TXT_KEY_CITY_NAME_ADDIS_ABABA</Tag>
		<English>Addis Ababa</English>
<L1 /><L2 /><L3 /><L4 />
		<Chinese>&#x4E9A;&#x7684;&#x65AF;&#x4E9A;&#x8D1D;&#x5DF4;</Chinese>
	</TEXT>
	<TEXT>
		<Tag>TXT_KEY_CITY_NAME_YEHA</Tag>
		<English>Yeha</English>
<L1 /><L2 /><L3 /><L4 />
		<Chinese>&#x8036;&#x54C8;</Chinese>
	</TEXT>
	<TEXT>
		<Tag>TXT_KEY_CITY_NAME_DEBRE_BERHAN</Tag>
		<English>Debre Berhan</English>
<L1 /><L2 /><L3 /><L4 />
		<Chinese>&#x5FB7;&#x5E03;&#x745E;-&#x5E03;&#x5C14;&#x7FF0;</Chinese>
	</TEXT>
	<TEXT>
		<Tag>TXT_KEY_CITY_NAME_ADULIS</Tag>
		<English>Adulis</English>
<L1 /><L2 /><L3 /><L4 />
		<Chinese>&#x963F;&#x675C;&#x5229;&#x65AF;</Chinese>
	</TEXT>
	<TEXT>
		<Tag>TXT_KEY_CITY_NAME_QOHAITO</Tag>
		<English>Qohaito</English>
<L1 /><L2 /><L3 /><L4 />
		<Chinese>&#x5ED3;&#x6D77;&#x6258;</Chinese>
	</TEXT>
	<TEXT>
		<Tag>TXT_KEY_CITY_NAME_MATARA</Tag>
		<English>Matara</English>
<L1 /><L2 /><L3 /><L4 />
		<Chinese>&#x9A6C;&#x5854;&#x62C9;</Chinese>
	</TEXT>
	<TEXT>
		<Tag>TXT_KEY_CITY_NAME_HAWULTI</Tag>
		<English>Hawulti</English>
<L1 /><L2 /><L3 /><L4 />
		<Chinese>&#x54C8;&#x4F0D;&#x5C14;&#x63D0;</Chinese>
	</TEXT>
	<TEXT>
		<Tag>TXT_KEY_CITY_NAME_MASSAWA</Tag>
		<English>Massawa</English>
<L1 /><L2 /><L3 /><L4 />
		<Chinese>&#x9A6C;&#x6C99;&#x74E6;</Chinese>
	</TEXT>
	<TEXT>
		<Tag>TXT_KEY_CITY_NAME_ADWA</Tag>
		<English>Adwa</English>
<L1 /><L2 /><L3 /><L4 />
		<Chinese>&#x963F;&#x5FB7;&#x74E6;</Chinese>
	</TEXT>
	<TEXT>
		<Tag>TXT_KEY_CITY_NAME_FASIL_GHEBBI</Tag>
		<English>Fasil Ghebbi</English>
<L1 /><L2 /><L3 /><L4 />
		<Chinese>&#x6CD5;&#x897F;&#x5C14;-&#x6208;&#x6BD4;</Chinese>
	</TEXT>
	<TEXT>
		<Tag>TXT_KEY_CITY_NAME_ZEILA</Tag>
		<English>Zeila</English>
<L1 /><L2 /><L3 /><L4 />
		<Chinese>&#x6CFD;&#x4F0A;&#x62C9;</Chinese>
	</TEXT>
	<TEXT>
		<Tag>TXT_KEY_CITY_NAME_BERBERA</Tag>
		<English>Berbera</English>
<L1 /><L2 /><L3 /><L4 />
		<Chinese>&#x67CF;&#x67CF;&#x62C9;</Chinese>
	</TEXT>
	<TEXT>
		<Tag>TXT_KEY_CITY_NAME_HARAR</Tag>
		<English>Harar</English>
<L1 /><L2 /><L3 /><L4 />
		<Chinese>&#x54C8;&#x62C9;&#x5C14;</Chinese>
	</TEXT>
	<TEXT>
		<Tag>TXT_KEY_CITY_NAME_KASKASE</Tag>
		<English>Kaskase</English>
<L1 /><L2 /><L3 /><L4 />
		<Chinese>&#x5361;&#x8428;&#x745F;</Chinese>
	</TEXT>
	<TEXT>
		<Tag>TXT_KEY_CITY_NAME_ADDI_GALAMO</Tag>
		<English>Addi Galamo</English>
<L1 /><L2 /><L3 /><L4 />
		<Chinese>&#x963F;&#x8FEA;-&#x52A0;&#x62C9;&#x83AB;</Chinese>
	</TEXT>
	<TEXT>
		<Tag>TXT_KEY_CITY_NAME_TOKONDA</Tag>
		<English>Tokonda</English>
<L1 /><L2 /><L3 /><L4 />
		<Chinese>&#x6258;&#x5B54;&#x8FBE;</Chinese>
	</TEXT>
	<TEXT>
		<Tag>TXT_KEY_CITY_NAME_KUBAR</Tag>
		<English>Kubar</English>
<L1 /><L2 /><L3 /><L4 />
		<Chinese>&#x5E93;&#x5DF4;&#x5C14;</Chinese>
	</TEXT>
	<TEXT>
		<Tag>TXT_KEY_CITY_NAME_TEGULAT</Tag>
		<English>Tegulat</English>
<L1 /><L2 /><L3 /><L4 />
		<Chinese>&#x63D0;&#x53E4;&#x62C9;&#x7279;</Chinese>
	</TEXT>
	<TEXT>
		<Tag>TXT_KEY_CITY_NAME_DEBRE_TABOR</Tag>
		<English>Debre Tabor</English>
<L1 /><L2 /><L3 /><L4 />
		<Chinese>&#x8FEA;&#x5E03;&#x745E;-&#x5854;&#x4F2F;&#x5C14;</Chinese>
	</TEXT>
	<TEXT>
		<Tag>TXT_KEY_CITY_NAME_MAGDALA</Tag>
		<English>Magdala</English>
<L1 /><L2 /><L3 /><L4 />
		<Chinese>&#x9A6C;&#x683C;&#x8FBE;&#x62C9;</Chinese>
	</TEXT>
	<TEXT>
		<Tag>TXT_KEY_CITY_NAME_ANKOBER</Tag>
		<English>Ankober</English>
<L1 /><L2 /><L3 /><L4 />
		<Chinese>&#x5B89;&#x79D1;&#x8D1D;&#x5C14;</Chinese>
	</TEXT>
	<TEXT>
		<Tag>TXT_KEY_CITY_NAME_ASMARA</Tag>
		<English>Asmara</English>
<L1 /><L2 /><L3 /><L4 />
		<Chinese>&#x963F;&#x65AF;&#x9A6C;&#x62C9;</Chinese>
	</TEXT>
	<TEXT>
		<Tag>TXT_KEY_CITY_NAME_DIRE_DAWA</Tag>
		<English>Dire Dawa</English>
<L1 /><L2 /><L3 /><L4 />
		<Chinese>&#x6234;&#x5C14;-&#x8FBE;&#x74E6;</Chinese>
	</TEXT>
	<TEXT>
		<Tag>TXT_KEY_CITY_NAME_ADAMA</Tag>
		<English>Adama</English>
<L1 /><L2 /><L3 /><L4 />
		<Chinese>&#x963F;&#x8FBE;&#x739B;</Chinese>
	</TEXT>
	<TEXT>
		<Tag>TXT_KEY_CITY_NAME_JIMMA</Tag>
		<English>Jimma</English>
<L1 /><L2 /><L3 /><L4 />
		<Chinese>&#x5409;&#x739B;</Chinese>
	</TEXT>
	<TEXT>
		<Tag>TXT_KEY_CITY_NAME_MEKELE</Tag>
		<English>Mekele</English>
<L1 /><L2 /><L3 /><L4 />
		<Chinese>&#x6885;&#x79D1;&#x5217;</Chinese>
	</TEXT>
	<TEXT>
		<Tag>TXT_KEY_CITY_NAME_TIYA</Tag>
		<English>Tiya</English>
<L1 /><L2 /><L3 /><L4 />
		<Chinese>&#x6CF0;&#x96C5;</Chinese>
	</TEXT>
	<TEXT>
		<Tag>TXT_KEY_CITY_NAME_DEIRA</Tag>
		<English>Deira</English>
<L1 /><L2 /><L3 /><L4 />
		<Chinese>&#x5FB7;&#x4F0A;&#x62C9;</Chinese>
	</TEXT>
	<TEXT>
		<Tag>TXT_KEY_CITY_NAME_GABAZA</Tag>
		<English>Gabaza</English>
<L1 /><L2 /><L3 /><L4 />
		<Chinese>&#x52A0;&#x5DF4;&#x624E;</Chinese>
	</TEXT>
	<TEXT>
		<Tag>TXT_KEY_CITY_NAME_DAHLAK_KEBIR</Tag>
		<English>Dahlak Kebir</English>
<L1 /><L2 /><L3 /><L4 />
		<Chinese>&#x8FBE;&#x62C9;&#x514B;-&#x79D1;&#x6BD4;&#x5C14;</Chinese>
	</TEXT>
	<TEXT>
		<Tag>TXT_KEY_CITY_NAME_MELAZO</Tag>
		<English>Melazo</English>
<L1 /><L2 /><L3 /><L4 />
		<Chinese>&#x6885;&#x62C9;&#x4F50;</Chinese>
	</TEXT>
	<TEXT>
		<Tag>TXT_KEY_CITY_NAME_FIKYA</Tag>
		<English>Fikya</English>
<L1 /><L2 /><L3 /><L4 />
		<Chinese>&#x83F2;&#x79D1;&#x4E9A;</Chinese>
	</TEXT>
	<TEXT>
		<Tag>TXT_KEY_CITY_NAME_SABEA</Tag>
		<English>Sabea</English>
<L1 /><L2 /><L3 /><L4 />
		<Chinese>&#x6C99;&#x6BD4;&#x4E9A;</Chinese>
	</TEXT>
	<TEXT>
		<Tag>TXT_KEY_CITY_NAME_HAWILA_ASSARAW</Tag>
		<English>Hawila Assaraw</English>
<L1 /><L2 /><L3 /><L4 />
		<Chinese>&#x54C8;&#x7EF4;&#x62C9;-&#x963F;&#x6C99;&#x52B3;</Chinese>
	</TEXT>
	<TEXT>
		<Tag>TXT_KEY_CITY_NAME_WEQRO</Tag>
		<English>Weqro</English>
<L1 /><L2 /><L3 /><L4 />
		<Chinese>&#x7EF4;&#x5947;&#x6D1B;</Chinese>
	</TEXT>
	<TEXT>
		<Tag>TXT_KEY_CITY_NAME_YASODHARAPURA</Tag>
		<English>Yasodharapura</English>
<L1 /><L2 /><L3 /><L4 />
		<Chinese>&#x8036;&#x8F93;&#x9640;&#x7F57;&#x8865;&#x7F57;</Chinese>
	</TEXT>
	<TEXT>
		<Tag>TXT_KEY_CITY_NAME_HARIHARALAYA</Tag>
		<English>Hariharalaya</English>
<L1 /><L2 /><L3 /><L4 />
		<Chinese>&#x8BC3;&#x91CC;&#x8BC3;&#x7F57;&#x6D1B;&#x8036;</Chinese>
	</TEXT>
	<TEXT>
		<Tag>TXT_KEY_CITY_NAME_ANGKOR_THOM</Tag>
		<English>Angkor Thom</English>
<L1 /><L2 /><L3 /><L4 />
		<Chinese>&#x5927;&#x5434;&#x54E5;</Chinese>
	</TEXT>
	<TEXT>
		<Tag>TXT_KEY_CITY_NAME_ANGKOR_WAT</Tag>
		<English>Angkor Wat</English>
<L1 /><L2 /><L3 /><L4 />
		<Chinese>&#x5C0F;&#x5434;&#x54E5;</Chinese>
	</TEXT>
	<TEXT>
		<Tag>TXT_KEY_CITY_NAME_NAGARA_JAYASRI</Tag>
		<English>Nagara Jayasri</English>
<L1 /><L2 /><L3 /><L4 />
		<Chinese>&#x82CF;&#x8036;&#x5BA4;&#x5229;&#x559D;&#x7F57;</Chinese>
	</TEXT>
	<TEXT>
		<Tag>TXT_KEY_CITY_NAME_RAJAVIHARA</Tag>
		<English>Rajavihara</English>
<L1 /><L2 /><L3 /><L4 />
		<Chinese>&#x7F57;&#x906E;&#x6BD7;&#x5777;&#x7F57;</Chinese>
	</TEXT>
	<TEXT>
		<Tag>TXT_KEY_CITY_NAME_ISVARAPURA</Tag>
		<English>Isvarapura</English>
<L1 /><L2 /><L3 /><L4 />
		<Chinese>&#x4F0A;&#x6E7F;&#x4F10;&#x7F57;&#x8865;&#x7F57;</Chinese>
	</TEXT>
	<TEXT>
		<Tag>TXT_KEY_CITY_NAME_BANTEAY_KDEI</Tag>
		<English>Banteay Kdei</English>
<L1 /><L2 /><L3 /><L4 />
		<Chinese>&#x73ED;&#x5E1D;&#x53EF;&#x4EE3;</Chinese>
	</TEXT>
	<TEXT>
		<Tag>TXT_KEY_CITY_NAME_JAYENDRANAGARI</Tag>
		<English>Jayendranagari</English>
<L1 /><L2 /><L3 /><L4 />
		<Chinese>&#x95CD;&#x8036;&#x8FBE;&#x90A3;&#x4F3D;&#x91CC;</Chinese>
	</TEXT>
	<TEXT>
		<Tag>TXT_KEY_CITY_NAME_PRE_RUP</Tag>
		<English>Pre Rup</English>
<L1 /><L2 /><L3 /><L4 />
		<Chinese>&#x535C;&#x91CC;&#x5362;</Chinese>
	</TEXT>
	<TEXT>
		<Tag>TXT_KEY_CITY_NAME_VIMAYAPURA</Tag>
		<English>Vimayapura</English>
<L1 /><L2 /><L3 /><L4 />
		<Chinese>&#x7EF4;&#x739B;&#x4E9A;&#x8865;&#x7F57;</Chinese>
	</TEXT>
	<TEXT>
		<Tag>TXT_KEY_CITY_NAME_LINGAPURA</Tag>
		<English>Lingapura</English>
<L1 /><L2 /><L3 /><L4 />
		<Chinese>&#x6797;&#x4F3D;&#x8865;&#x7F57;</Chinese>
	</TEXT>
	<TEXT>
		<Tag>TXT_KEY_CITY_NAME_KRONG_CHAKTOMUK</Tag>
		<English>Krong Chaktomuk</English>
<L1 /><L2 /><L3 /><L4 />
		<Chinese>&#x56DB;&#x9762;&#x57CE;</Chinese>
	</TEXT>
	<TEXT>
		<Tag>TXT_KEY_CITY_NAME_CHOK_GARGYAR</Tag>
		<English>Chok Gargyar</English>
<L1 /><L2 /><L3 /><L4 />
		<Chinese>&#x4E18;&#x4F3D;&#x6208;&#x4E9A;</Chinese>
	</TEXT>
	<TEXT>
		<Tag>TXT_KEY_CITY_NAME_MAHENDRAPARVATA</Tag>
		<English>Mahendraparvata</English>
<L1 /><L2 /><L3 /><L4 />
		<Chinese>&#x6469;&#x91AF;&#x56E0;&#x9640;&#x94B5;&#x4F10;&#x591A;</Chinese>
	</TEXT>
	<TEXT>
		<Tag>TXT_KEY_CITY_NAME_AMARENDRAPURA</Tag>
		<English>Amarendrapura</English>
<L1 /><L2 /><L3 /><L4 />
		<Chinese>&#x963F;&#x739B;&#x5170;&#x7235;&#x8865;&#x7F57;</Chinese>
	</TEXT>
	<TEXT>
		<Tag>TXT_KEY_CITY_NAME_INDRAPURA</Tag>
		<English>Indrapura</English>
<L1 /><L2 /><L3 /><L4 />
		<Chinese>&#x56E0;&#x9640;&#x7F57;&#x8865;&#x7F57;</Chinese>
	</TEXT>
	<TEXT>
		<Tag>TXT_KEY_CITY_NAME_LAVO</Tag>
		<English>Lavo</English>
<L1 /><L2 /><L3 /><L4 />
		<Chinese>&#x7F57;&#x659B;</Chinese>
	</TEXT>
	<TEXT>
		<Tag>TXT_KEY_CITY_NAME_PREAH_VIHEAR</Tag>
		<English>Preah Vihear</English>
<L1 /><L2 /><L3 /><L4 />
		<Chinese>&#x67CF;&#x5A01;&#x590F;</Chinese>
	</TEXT>
	<TEXT>
		<Tag>TXT_KEY_CITY_NAME_PHANOM_RUNG</Tag>
		<English>Phanom Rung</English>
<L1 /><L2 /><L3 /><L4 />
		<Chinese>&#x5E15;&#x4FAC;&#x84DD;</Chinese>
	</TEXT>
	<TEXT>
		<Tag>TXT_KEY_CITY_NAME_PHIMAI</Tag>
		<English>Phimai</English>
<L1 /><L2 /><L3 /><L4 />
		<Chinese>&#x78A7;&#x8FC8;</Chinese>
	</TEXT>
	<TEXT>
		<Tag>TXT_KEY_CITY_NAME_MUANG_TAM</Tag>
		<English>Muang Tam</English>
<L1 /><L2 /><L3 /><L4 />
		<Chinese>&#x739B;&#x7A74;</Chinese>
	</TEXT>
	<TEXT>
		<Tag>TXT_KEY_CITY_NAME_BENG_MELEA</Tag>
		<English>Beng Melea</English>
<L1 /><L2 /><L3 /><L4 />
		<Chinese>&#x5D29;&#x5BC6;&#x5217;</Chinese>
	</TEXT>
	<TEXT>
		<Tag>TXT_KEY_CITY_NAME_PRASAT_BAKAN</Tag>
		<English>Prasat Bakan</English>
<L1 /><L2 /><L3 /><L4 />
		<Chinese>&#x7436;&#x6492;&#x5DF4;&#x80AF;</Chinese>
	</TEXT>
	<TEXT>
		<Tag>TXT_KEY_CITY_NAME_SINGHAPURA</Tag>
		<English>Singhapura</English>
<L1 /><L2 /><L3 /><L4 />
		<Chinese>&#x661F;&#x54C8;&#x8865;&#x7F57;</Chinese>
	</TEXT>
	<TEXT>
		<Tag>TXT_KEY_CITY_NAME_CHALIENG</Tag>
		<English>Chalieng</English>
<L1 /><L2 /><L3 /><L4 />
		<Chinese>&#x67E5;&#x826F;</Chinese>
	</TEXT>
	<TEXT>
		<Tag>TXT_KEY_CITY_NAME_SUKHOTHAI</Tag>
		<English>Sukhothai</English>
<L1 /><L2 /><L3 /><L4 />
		<Chinese>&#x7D20;&#x53EF;&#x6CF0;</Chinese>
	</TEXT>
	<TEXT>
		<Tag>TXT_KEY_CITY_NAME_VIANGCHAN</Tag>
		<English>Viangchan</English>
<L1 /><L2 /><L3 /><L4 />
		<Chinese>&#x4E07;&#x8C61;</Chinese>
	</TEXT>
	<TEXT>
		<Tag>TXT_KEY_CITY_NAME_BATTAMBANG</Tag>
		<English>Battambang</English>
<L1 /><L2 /><L3 /><L4 />
		<Chinese>&#x9A6C;&#x5FB7;&#x671B;</Chinese>
	</TEXT>
	<TEXT>
		<Tag>TXT_KEY_CITY_NAME_SURYAPARVATA</Tag>
		<English>Suryaparvata</English>
<L1 /><L2 /><L3 /><L4 />
		<Chinese>&#x82CF;&#x8036;&#x94B5;&#x4F10;&#x591A;</Chinese>
	</TEXT>
	<TEXT>
		<Tag>TXT_KEY_CITY_NAME_PREY_NOKOR</Tag>
		<English>Prey Nokor</English>
<L1 /><L2 /><L3 /><L4 />
		<Chinese>&#x666E;&#x5229;&#x5B89;&#x54E5;</Chinese>
	</TEXT>
	<TEXT>
		<Tag>TXT_KEY_CITY_NAME_O_KEO</Tag>
		<English>O Keo</English>
<L1 /><L2 /><L3 /><L4 />
		<Chinese>&#x6B27;&#x51EF;</Chinese>
	</TEXT>
	<TEXT>
		<Tag>TXT_KEY_CITY_NAME_ANINDITAPURA</Tag>
		<English>Aninditapura</English>
<L1 /><L2 /><L3 /><L4 />
		<Chinese>&#x963F;&#x5B81;&#x667A;&#x8FBE;&#x8865;&#x7F57;</Chinese>
	</TEXT>
	<TEXT>
		<Tag>TXT_KEY_CITY_NAME_ISANAPURA</Tag>
		<English>Isanapura</English>
<L1 /><L2 /><L3 /><L4 />
		<Chinese>&#x4F0A;&#x820D;&#x90A3;&#x8865;&#x7F57;</Chinese>
	</TEXT>
	<TEXT>
		<Tag>TXT_KEY_CITY_NAME_SHRESTAPURA</Tag>
		<English>Shrestapura</English>
<L1 /><L2 /><L3 /><L4 />
		<Chinese>&#x820D;&#x5217;&#x5BA4;&#x8FBE;&#x8865;&#x7F57;</Chinese>
	</TEXT>
	<TEXT>
		<Tag>TXT_KEY_CITY_NAME_ANGKOR_BOREI</Tag>
		<English>Angkor Borei</English>
<L1 /><L2 /><L3 /><L4 />
		<Chinese>&#x5434;&#x54E5;&#x535A;&#x745E;</Chinese>
	</TEXT>
	<TEXT>
		<Tag>TXT_KEY_CITY_NAME_VYADHAPURA</Tag>
		<English>Vyadhapura</English>
<L1 /><L2 /><L3 /><L4 />
		<Chinese>&#x6BD7;&#x8036;&#x9640;&#x8865;&#x7F57;</Chinese>
	</TEXT>
	<TEXT>
		<Tag>TXT_KEY_CITY_NAME_BHAVAPURA</Tag>
		<English>Bhavapura</English>
<L1 /><L2 /><L3 /><L4 />
		<Chinese>&#x535A;&#x4F3D;&#x8865;&#x7F57;</Chinese>
	</TEXT>
	<TEXT>
		<Tag>TXT_KEY_CITY_NAME_SAMBHUPURA</Tag>
		<English>Sambhupura</English>
<L1 /><L2 /><L3 /><L4 />
		<Chinese>&#x4E09;&#x6D6E;&#x9640;&#x8865;&#x7F57;</Chinese>
	</TEXT>
	<TEXT>
		<Tag>TXT_KEY_CITY_NAME_LOVEK</Tag>
		<English>Lovek</English>
<L1 /><L2 /><L3 /><L4 />
		<Chinese>&#x6D1B;&#x8D8A;</Chinese>
	</TEXT>
	<TEXT>
		<Tag>TXT_KEY_CITY_NAME_UDONG</Tag>
		<English>Udong</English>
<L1 /><L2 /><L3 /><L4 />
		<Chinese>&#x4E4C;&#x4E1C;</Chinese>
	</TEXT>
	<TEXT>
		<Tag>TXT_KEY_CITY_NAME_URUK</Tag>
		<English>Uruk</English>
<L1 /><L2 /><L3 /><L4 />
		<Chinese>&#x4E4C;&#x9C81;&#x514B;</Chinese>
	</TEXT>
	<TEXT>
		<Tag>TXT_KEY_CITY_NAME_ERIDU</Tag>
		<English>Eridu</English>
<L1 /><L2 /><L3 /><L4 />
		<Chinese>&#x57C3;&#x5229;&#x90FD;</Chinese>
	</TEXT>
	<TEXT>
		<Tag>TXT_KEY_CITY_NAME_KISH</Tag>
		<English>Kish</English>
<L1 /><L2 /><L3 /><L4 />
		<Chinese>&#x57FA;&#x4EC0;</Chinese>
	</TEXT>
	<TEXT>
		<Tag>TXT_KEY_CITY_NAME_LAGASH</Tag>
		<English>Lagash</English>
<L1 /><L2 /><L3 /><L4 />
		<Chinese>&#x62C9;&#x52A0;&#x4EC0;</Chinese>
	</TEXT>
	<TEXT>
		<Tag>TXT_KEY_CITY_NAME_UR</Tag>
		<English>Ur</English>
<L1 /><L2 /><L3 /><L4 />
		<Chinese>&#x4E4C;&#x5C14;</Chinese>
	</TEXT>
	<TEXT>
		<Tag>TXT_KEY_CITY_NAME_NIBRU</Tag>
		<English>Nibru</English>
<L1 /><L2 /><L3 /><L4 />
		<Chinese>&#x5C3C;&#x5E03;&#x9C81;</Chinese>
	</TEXT>
	<TEXT>
		<Tag>TXT_KEY_CITY_NAME_BAD_TIBIRA</Tag>
		<English>Bad-Tibira</English>
<L1 /><L2 /><L3 /><L4 />
		<Chinese>&#x5DF4;&#x5FB7;&#x63D0;&#x6BD4;&#x814A;</Chinese>
	</TEXT>
	<TEXT>
		<Tag>TXT_KEY_CITY_NAME_ZIMBIR</Tag>
		<English>Zimbir</English>
<L1 /><L2 /><L3 /><L4 />
		<Chinese>&#x8F9B;&#x6BD4;&#x5C14;</Chinese>
	</TEXT>
	<TEXT>
		<Tag>TXT_KEY_CITY_NAME_SHURUPPAK</Tag>
		<English>Shuruppak</English>
<L1 /><L2 /><L3 /><L4 />
		<Chinese>&#x8212;&#x5982;&#x5E15;&#x514B;</Chinese>
	</TEXT>
	<TEXT>
		<Tag>TXT_KEY_CITY_NAME_UMMA</Tag>
		<English>Umma</English>
<L1 /><L2 /><L3 /><L4 />
		<Chinese>&#x4E4C;&#x739B;</Chinese>
	</TEXT>
	<TEXT>
		<Tag>TXT_KEY_CITY_NAME_LARSA</Tag>
		<English>Larsa</English>
<L1 /><L2 /><L3 /><L4 />
		<Chinese>&#x62C9;&#x5C14;&#x8428;</Chinese>
	</TEXT>
	<TEXT>
		<Tag>TXT_KEY_CITY_NAME_ISIN</Tag>
		<English>Isin</English>
<L1 /><L2 /><L3 /><L4 />
		<Chinese>&#x4F0A;&#x8F9B;</Chinese>
	</TEXT>
	<TEXT>
		<Tag>TXT_KEY_CITY_NAME_GIRSU</Tag>
		<English>Girsu</English>
<L1 /><L2 /><L3 /><L4 />
		<Chinese>&#x5409;&#x5C14;&#x82CF;</Chinese>
	</TEXT>
	<TEXT>
		<Tag>TXT_KEY_CITY_NAME_ADAB</Tag>
		<English>Adab</English>
<L1 /><L2 /><L3 /><L4 />
		<Chinese>&#x963F;&#x8FBE;&#x5E03;</Chinese>
	</TEXT>
	<TEXT>
		<Tag>TXT_KEY_CITY_NAME_ZABALAM</Tag>
		<English>Zabalam</English>
<L1 /><L2 /><L3 /><L4 />
		<Chinese>&#x624E;&#x5DF4;&#x62C9;&#x59C6;</Chinese>
	</TEXT>
	<TEXT>
		<Tag>TXT_KEY_CITY_NAME_AKSHAK</Tag>
		<English>Akshak</English>
<L1 /><L2 /><L3 /><L4 />
		<Chinese>&#x963F;&#x514B;&#x8428;&#x79D1;</Chinese>
	</TEXT>
	<TEXT>
		<Tag>TXT_KEY_CITY_NAME_LARAK</Tag>
		<English>Larak</English>
<L1 /><L2 /><L3 /><L4 />
		<Chinese>&#x62C9;&#x814A;&#x514B;</Chinese>
	</TEXT>
	<TEXT>
		<Tag>TXT_KEY_CITY_NAME_KISIGA</Tag>
		<English>Kisiga</English>
<L1 /><L2 /><L3 /><L4 />
		<Chinese>&#x57FA;&#x897F;&#x52A0;</Chinese>
	</TEXT>
	<TEXT>
		<Tag>TXT_KEY_CITY_NAME_NINA</Tag>
		<English>Nina</English>
<L1 /><L2 /><L3 /><L4 />
		<Chinese>&#x5C3C;&#x90A3;</Chinese>
	</TEXT>
	<TEXT>
		<Tag>TXT_KEY_CITY_NAME_DILBAT</Tag>
		<English>Dilbat</English>
<L1 /><L2 /><L3 /><L4 />
		<Chinese>&#x8FEA;&#x5C14;&#x5DF4;&#x7279;</Chinese>
	</TEXT>
	<TEXT>
		<Tag>TXT_KEY_CITY_NAME_KUTU</Tag>
		<English>Kutu</English>
<L1 /><L2 /><L3 /><L4 />
		<Chinese>&#x5E93;&#x56FE;</Chinese>
	</TEXT>
	<TEXT>
		<Tag>TXT_KEY_CITY_NAME_MARAD</Tag>
		<English>Marad</English>
<L1 /><L2 /><L3 /><L4 />
		<Chinese>&#x9A6C;&#x62C9;&#x5FB7;</Chinese>
	</TEXT>
	<TEXT>
		<Tag>TXT_KEY_CITY_NAME_ENEGI</Tag>
		<English>Enegi</English>
<L1 /><L2 /><L3 /><L4 />
		<Chinese>&#x4F0A;&#x5185;&#x57FA;</Chinese>
	</TEXT>
	<TEXT>
		<Tag>TXT_KEY_CITY_NAME_ABU_SALABIKH</Tag>
		<English>Abu Salabikh</English>
<L1 /><L2 /><L3 /><L4 />
		<Chinese>&#x963F;&#x5E03;&#x8428;&#x62C9;&#x6BD4;&#x8D6B;</Chinese>
	</TEXT>
	<TEXT>
		<Tag>TXT_KEY_CITY_NAME_KI_AN</Tag>
		<English>Ki-an</English>
<L1 /><L2 /><L3 /><L4 />
		<Chinese>&#x57FA;&#x5B89;</Chinese>
	</TEXT>
	<TEXT>
		<Tag>TXT_KEY_CITY_NAME_PAZURISH_DAGAN</Tag>
		<English>Pazurish-Dagan</English>
<L1 /><L2 /><L3 /><L4 />
		<Chinese>&#x5E15;&#x7956;&#x5229;&#x4EC0;-&#x8FBE;&#x5E72;</Chinese>
	</TEXT>
	<TEXT>
		<Tag>TXT_KEY_CITY_NAME_DABRUM</Tag>
		<English>Dabrum</English>
<L1 /><L2 /><L3 /><L4 />
		<Chinese>&#x8FBE;&#x5E03;&#x9C81;&#x59C6;</Chinese>
	</TEXT>
	<TEXT>
		<Tag>TXT_KEY_CITY_NAME_KISSURA</Tag>
		<English>Kissura</English>
<L1 /><L2 /><L3 /><L4 />
		<Chinese>&#x57FA;&#x82CF;&#x62C9;</Chinese>
	</TEXT>
	<TEXT>
		<Tag>TXT_KEY_CITY_NAME_KUTALLU</Tag>
		<English>Kutallu</English>
<L1 /><L2 /><L3 /><L4 />
		<Chinese>&#x5E93;&#x5854;&#x5362;</Chinese>
	</TEXT>
	<TEXT>
		<Tag>TXT_KEY_CITY_NAME_NAGSU</Tag>
		<English>Nagsu</English>
<L1 /><L2 /><L3 /><L4 />
		<Chinese>&#x7EB3;&#x683C;&#x82CF;</Chinese>
	</TEXT>
	<TEXT>
		<Tag>TXT_KEY_CITY_NAME_KESH</Tag>
		<English>Kesh</English>
<L1 /><L2 /><L3 /><L4 />
		<Chinese>&#x79D1;&#x4EC0;</Chinese>
	</TEXT>
	<TEXT>
		<Tag>TXT_KEY_CITY_NAME_ARATTA</Tag>
		<English>Aratta</English>
<L1 /><L2 /><L3 /><L4 />
		<Chinese>&#x963F;&#x62C9;&#x5854;</Chinese>
	</TEXT>
	<TEXT>
		<Tag>TXT_KEY_CITY_NAME_DER</Tag>
		<English>Der</English>
<L1 /><L2 /><L3 /><L4 />
		<Chinese>&#x5FB7;&#x5C14;</Chinese>
	</TEXT>
	<TEXT>
		<Tag>TXT_KEY_CITY_NAME_HAMAZI</Tag>
		<English>Hamazi</English>
<L1 /><L2 /><L3 /><L4 />
		<Chinese>&#x54C8;&#x9A6C;&#x5179;</Chinese>
	</TEXT>
	<TEXT>
		<Tag>TXT_KEY_CITY_NAME_APISADA</Tag>
		<English>Apisada</English>
<L1 /><L2 /><L3 /><L4 />
		<Chinese>&#x963F;&#x76AE;&#x6C99;&#x8FBE;</Chinese>
	</TEXT>
	<TEXT>
		<Tag>TXT_KEY_CITY_NAME_JEMDET_NASR</Tag>
		<English>Jemdet Nasr</English>
<L1 /><L2 /><L3 /><L4 />
		<Chinese>&#x6770;&#x59C6;&#x4EE3;&#x7279;-&#x5948;&#x65AF;&#x5C14;</Chinese>
	</TEXT>
	<TEXT>
		<Tag>TXT_KEY_CITY_NAME_UBAID</Tag>
		<English>Ubaid</English>
<L1 /><L2 /><L3 /><L4 />
		<Chinese>&#x5965;&#x8D1D;&#x5FB7;</Chinese>
	</TEXT>
	<TEXT>
		<Tag>TXT_KEY_CITY_NAME_BABYLON</Tag>
		<English>Babylon</English>
<L1 /><L2 /><L3 /><L4 />
		<Chinese>&#x5DF4;&#x6BD4;&#x4F26;</Chinese>
	</TEXT>
	<TEXT>
		<Tag>TXT_KEY_CITY_NAME_AKKAD</Tag>
		<English>Akkad</English>
<L1 /><L2 /><L3 /><L4 />
		<Chinese>&#x963F;&#x5361;&#x5FB7;</Chinese>
	</TEXT>
	<TEXT>
		<Tag>TXT_KEY_CITY_NAME_DUR_KURIGALZU</Tag>
		<English>Dur-Kurigalzu</English>
<L1 /><L2 /><L3 /><L4 />
		<Chinese>&#x675C;&#x5C14;-&#x5E93;&#x91CC;&#x52A0;&#x52D2;&#x7956;</Chinese>
	</TEXT>
	<TEXT>
		<Tag>TXT_KEY_CITY_NAME_NIPPUR</Tag>
		<English>Nippur</English>
<L1 /><L2 /><L3 /><L4 />
		<Chinese>&#x5C3C;&#x666E;&#x5C14;</Chinese>
	</TEXT>
	<TEXT>
		<Tag>TXT_KEY_CITY_NAME_BORSIPPA</Tag>
		<English>Borsippa</English>
<L1 /><L2 /><L3 /><L4 />
		<Chinese>&#x535A;&#x5C14;&#x897F;&#x5E15;</Chinese>
	</TEXT>
	<TEXT>
		<Tag>TXT_KEY_CITY_NAME_SIPPAR</Tag>
		<English>Sippar</English>
<L1 /><L2 /><L3 /><L4 />
		<Chinese>&#x897F;&#x5E15;&#x5C14;</Chinese>
	</TEXT>
	<TEXT>
		<Tag>TXT_KEY_CITY_NAME_OPIS</Tag>
		<English>Opis</English>
<L1 /><L2 /><L3 /><L4 />
		<Chinese>&#x6B27;&#x6BD5;&#x65AF;</Chinese>
	</TEXT>
	<TEXT>
		<Tag>TXT_KEY_CITY_NAME_MARI</Tag>
		<English>Mari</English>
<L1 /><L2 /><L3 /><L4 />
		<Chinese>&#x9A6C;&#x5229;</Chinese>
	</TEXT>
	<TEXT>
		<Tag>TXT_KEY_CITY_NAME_SHUSHAN</Tag>
		<English>Shushan</English>
<L1 /><L2 /><L3 /><L4 />
		<Chinese>&#x82CF;&#x6563;</Chinese>
	</TEXT>
	<TEXT>
		<Tag>TXT_KEY_CITY_NAME_ESHNUNNA</Tag>
		<English>Eshnunna</English>
<L1 /><L2 /><L3 /><L4 />
		<Chinese>&#x57C3;&#x4EC0;&#x52AA;&#x90A3;</Chinese>
	</TEXT>
	<TEXT>
		<Tag>TXT_KEY_CITY_NAME_ELLASAR</Tag>
		<English>Ellasar</English>
<L1 /><L2 /><L3 /><L4 />
		<Chinese>&#x4EE5;&#x62C9;&#x6492;</Chinese>
	</TEXT>
	<TEXT>
		<Tag>TXT_KEY_CITY_NAME_ERECH</Tag>
		<English>Erech</English>
<L1 /><L2 /><L3 /><L4 />
		<Chinese>&#x5384;&#x91CC;&#x514B;</Chinese>
	</TEXT>
	<TEXT>
		<Tag>TXT_KEY_CITY_NAME_KUTHA</Tag>
		<English>Kutha</English>
<L1 /><L2 /><L3 /><L4 />
		<Chinese>&#x53E4;&#x4ED6;</Chinese>
	</TEXT>
	<TEXT>
		<Tag>TXT_KEY_CITY_NAME_SIRPURLA</Tag>
		<English>Sirpurla</English>
<L1 /><L2 /><L3 /><L4 />
		<Chinese>&#x585E;&#x666E;&#x5C14;&#x62C9;</Chinese>
	</TEXT>
	<TEXT>
		<Tag>TXT_KEY_CITY_NAME_NERIBTUM</Tag>
		<English>Neribtum</English>
<L1 /><L2 /><L3 /><L4 />
		<Chinese>&#x5185;&#x5229;&#x5E03;&#x56FE;&#x59C6;</Chinese>
	</TEXT>
	<TEXT>
		<Tag>TXT_KEY_CITY_NAME_ASHUR</Tag>
		<English>Ashur</English>
<L1 /><L2 /><L3 /><L4 />
		<Chinese>&#x4E9A;&#x8FF0;</Chinese>
	</TEXT>
	<TEXT>
		<Tag>TXT_KEY_CITY_NAME_NINEVEH</Tag>
		<English>Nineveh</English>
<L1 /><L2 /><L3 /><L4 />
		<Chinese>&#x5C3C;&#x5C3C;&#x5FAE;</Chinese>
	</TEXT>
	<TEXT>
		<Tag>TXT_KEY_CITY_NAME_NIMRUD</Tag>
		<English>Nimrud</English>
<L1 /><L2 /><L3 /><L4 />
		<Chinese>&#x5C3C;&#x59C6;&#x8DEF;&#x5FB7;</Chinese>
	</TEXT>
	<TEXT>
		<Tag>TXT_KEY_CITY_NAME_NUZI</Tag>
		<English>Nuzi</English>
<L1 /><L2 /><L3 /><L4 />
		<Chinese>&#x52AA;&#x5409;</Chinese>
	</TEXT>
	<TEXT>
		<Tag>TXT_KEY_CITY_NAME_TUTUB</Tag>
		<English>Tutub</English>
<L1 /><L2 /><L3 /><L4 />
		<Chinese>&#x56FE;&#x56FE;&#x535C;</Chinese>
	</TEXT>
	<TEXT>
		<Tag>TXT_KEY_CITY_NAME_ARRAPKHA</Tag>
		<English>Arrapkha</English>
<L1 /><L2 /><L3 /><L4 />
		<Chinese>&#x963F;&#x62C9;&#x666E;&#x54C8;</Chinese>
	</TEXT>
	<TEXT>
		<Tag>TXT_KEY_CITY_NAME_SHADUPPUM</Tag>
		<English>Shaduppum</English>
<L1 /><L2 /><L3 /><L4 />
		<Chinese>&#x6C99;&#x675C;&#x666E;&#x59C6;</Chinese>
	</TEXT>
	<TEXT>
		<Tag>TXT_KEY_CITY_NAME_RAPIQUM</Tag>
		<English>Rapiqum</English>
<L1 /><L2 /><L3 /><L4 />
		<Chinese>&#x814A;&#x76AE;&#x5E93;&#x59C6;</Chinese>
	</TEXT>
	<TEXT>
		<Tag>TXT_KEY_CITY_NAME_MASHKAN_SHAPIR</Tag>
		<English>Mashkan-Shapir</English>
<L1 /><L2 /><L3 /><L4 />
		<Chinese>&#x9A6C;&#x4EC0;&#x5E72;-&#x6C99;&#x76AE;&#x5C14;</Chinese>
	</TEXT>
	<TEXT>
		<Tag>TXT_KEY_CITY_NAME_TUTTUL</Tag>
		<English>Tuttul</English>
<L1 /><L2 /><L3 /><L4 />
		<Chinese>&#x5854;&#x56FE;&#x5C14;</Chinese>
	</TEXT>
	<TEXT>
		<Tag>TXT_KEY_CITY_NAME_RAMADI</Tag>
		<English>Ramadi</English>
<L1 /><L2 /><L3 /><L4 />
		<Chinese>&#x62C9;&#x9A6C;&#x8FEA;</Chinese>
	</TEXT>
	<TEXT>
		<Tag>TXT_KEY_CITY_NAME_ANA</Tag>
		<English>Ana</English>
<L1 /><L2 /><L3 /><L4 />
		<Chinese>&#x963F;&#x7EB3;</Chinese>
	</TEXT>
	<TEXT>
		<Tag>TXT_KEY_CITY_NAME_HARADUM</Tag>
		<English>Haradum</English>
<L1 /><L2 /><L3 /><L4 />
		<Chinese>&#x54C8;&#x62C9;&#x675C;&#x59C6;</Chinese>
	</TEXT>
	<TEXT>
		<Tag>TXT_KEY_CITY_NAME_AGRAB</Tag>
		<English>Agrab</English>
<L1 /><L2 /><L3 /><L4 />
		<Chinese>&#x963F;&#x683C;&#x62C9;&#x5E03;</Chinese>
	</TEXT>
	<TEXT>
		<Tag>TXT_KEY_CITY_NAME_UQAIR</Tag>
		<English>Uqair</English>
<L1 /><L2 /><L3 /><L4 />
		<Chinese>&#x4E4C;&#x51EF;&#x5C14;</Chinese>
	</TEXT>
	<TEXT>
		<Tag>TXT_KEY_CITY_NAME_GUBBA</Tag>
		<English>Gubba</English>
<L1 /><L2 /><L3 /><L4 />
		<Chinese>&#x987E;&#x5DF4;</Chinese>
	</TEXT>
	<TEXT>
		<Tag>TXT_KEY_CITY_NAME_HAFRIYAT</Tag>
		<English>Hafriyat</English>
<L1 /><L2 /><L3 /><L4 />
		<Chinese>&#x54C8;&#x5F17;&#x5229;&#x4E9A;&#x7279;</Chinese>
	</TEXT>
	<TEXT>
		<Tag>TXT_KEY_CITY_NAME_NAGAR</Tag>
		<English>Nagar</English>
<L1 /><L2 /><L3 /><L4 />
		<Chinese>&#x7EB3;&#x52A0;&#x5C14;</Chinese>
	</TEXT>
	<TEXT>
		<Tag>TXT_KEY_CITY_NAME_SHUBAT_ENLIL</Tag>
		<English>Shubat-Enlil</English>
<L1 /><L2 /><L3 /><L4 />
		<Chinese>&#x8212;&#x5DF4;&#x7279;-&#x6069;&#x91CC;&#x5C14;</Chinese>
	</TEXT>
	<TEXT>
		<Tag>TXT_KEY_CITY_NAME_URHAI</Tag>
		<English>Urhai</English>
<L1 /><L2 /><L3 /><L4 />
		<Chinese>&#x4E4C;&#x5C14;&#x6D77;</Chinese>
	</TEXT>
	<TEXT>
		<Tag>TXT_KEY_CITY_NAME_URKESH</Tag>
		<English>Urkesh</English>
<L1 /><L2 /><L3 /><L4 />
		<Chinese>&#x4E4C;&#x5C14;&#x79D1;&#x4EC0;</Chinese>
	</TEXT>
	<TEXT>
		<Tag>TXT_KEY_CITY_NAME_AWAN</Tag>
		<English>Awan</English>
<L1 /><L2 /><L3 /><L4 />
		<Chinese>&#x963F;&#x4E07;</Chinese>
	</TEXT>
	<TEXT>
		<Tag>TXT_KEY_CITY_NAME_RIBLAH</Tag>
		<English>Riblah</English>
<L1 /><L2 /><L3 /><L4 />
		<Chinese>&#x5229;&#x6BD4;&#x62C9;</Chinese>
	</TEXT>
	<TEXT>
		<Tag>TXT_KEY_CITY_NAME_TAYMA</Tag>
		<English>Tayma</English>
<L1 /><L2 /><L3 /><L4 />
		<Chinese>&#x592A;&#x9A6C;</Chinese>
	</TEXT>
	<TEXT>
		<Tag>TXT_KEY_CITY_NAME_LISBON</Tag>
		<English>Lisbon</English>
<L1 /><L2 /><L3 /><L4 />
		<Chinese>&#x91CC;&#x65AF;&#x672C;</Chinese>
	</TEXT>
	<TEXT>
		<Tag>TXT_KEY_CITY_NAME_OPORTO</Tag>
		<English>Oporto</English>
<L1 /><L2 /><L3 /><L4 />
		<Chinese>&#x6CE2;&#x5C14;&#x56FE;</Chinese>
	</TEXT>
	<TEXT>
		<Tag>TXT_KEY_CITY_NAME_GUIMARAES</Tag>
		<English>Guimar&#227;es</English>
<L1 /><L2 /><L3 /><L4 />
		<Chinese>&#x5409;&#x9A6C;&#x96F7;&#x65AF;</Chinese>
	</TEXT>
	<TEXT>
		<Tag>TXT_KEY_CITY_NAME_COIMBRA</Tag>
		<English>Coimbra</English>
<L1 /><L2 /><L3 /><L4 />
		<Chinese>&#x79D1;&#x82F1;&#x5E03;&#x62C9;</Chinese>
	</TEXT>
	<TEXT>
		<Tag>TXT_KEY_CITY_NAME_EVORA</Tag>
		<English>&#201;vora</English>
<L1 /><L2 /><L3 /><L4 />
		<Chinese>&#x57C3;&#x6C83;&#x62C9;</Chinese>
	</TEXT>
	<TEXT>
		<Tag>TXT_KEY_CITY_NAME_LAGOS</Tag>
		<English>Lagos</English>
<L1 /><L2 /><L3 /><L4 />
		<Chinese>&#x62C9;&#x5404;&#x65AF;</Chinese>
	</TEXT>
	<TEXT>
		<Tag>TXT_KEY_CITY_NAME_BRAGA</Tag>
		<English>Braga</English>
<L1 /><L2 /><L3 /><L4 />
		<Chinese>&#x5E03;&#x62C9;&#x52A0;</Chinese>
	</TEXT>
	<TEXT>
		<Tag>TXT_KEY_CITY_NAME_LEIRIA</Tag>
		<English>Leiria</English>
<L1 /><L2 /><L3 /><L4 />
		<Chinese>&#x96F7;&#x91CC;&#x4E9A;</Chinese>
	</TEXT>
	<TEXT>
		<Tag>TXT_KEY_CITY_NAME_FARO</Tag>
		<English>Faro</English>
<L1 /><L2 /><L3 /><L4 />
		<Chinese>&#x6CD5;&#x7F57;</Chinese>
	</TEXT>
	<TEXT>
		<Tag>TXT_KEY_CITY_NAME_SANTAREM</Tag>
		<English>Santar&#233;m</English>
<L1 /><L2 /><L3 /><L4 />
		<Chinese>&#x5723;&#x5854;&#x4F26;</Chinese>
	</TEXT>
	<TEXT>
		<Tag>TXT_KEY_CITY_NAME_BRAGANZA</Tag>
		<English>Braganza</English>
<L1 /><L2 /><L3 /><L4 />
		<Chinese>&#x5E03;&#x62C9;&#x5E72;&#x8428;</Chinese>
	</TEXT>
	<TEXT>
		<Tag>TXT_KEY_CITY_NAME_SAGRES</Tag>
		<English>Sagres</English>
<L1 /><L2 /><L3 /><L4 />
		<Chinese>&#x8428;&#x683C;&#x91CC;&#x4EC0;</Chinese>
	</TEXT>
	<TEXT>
		<Tag>TXT_KEY_CITY_NAME_AVEIRO</Tag>
		<English>Aveiro</English>
<L1 /><L2 /><L3 /><L4 />
		<Chinese>&#x963F;&#x7EF4;&#x6D1B;</Chinese>
	</TEXT>
	<TEXT>
		<Tag>TXT_KEY_CITY_NAME_VISEU</Tag>
		<English>Viseu</English>
<L1 /><L2 /><L3 /><L4 />
		<Chinese>&#x7EF4;&#x585E;&#x4E4C;</Chinese>
	</TEXT>
	<TEXT>
		<Tag>TXT_KEY_CITY_NAME_TOMAR</Tag>
		<English>Tomar</English>
<L1 /><L2 /><L3 /><L4 />
		<Chinese>&#x6258;&#x9A6C;&#x5C14;</Chinese>
	</TEXT>
	<TEXT>
		<Tag>TXT_KEY_CITY_NAME_CINTRA</Tag>
		<English>Cintra</English>
<L1 /><L2 /><L3 /><L4 />
		<Chinese>&#x8F9B;&#x7279;&#x62C9;</Chinese>
	</TEXT>
	<TEXT>
		<Tag>TXT_KEY_CITY_NAME_PORTALEGRE</Tag>
		<English>Portalegre</English>
<L1 /><L2 /><L3 /><L4 />
		<Chinese>&#x963F;&#x96F7;&#x683C;&#x91CC;&#x6E2F;</Chinese>
	</TEXT>
	<TEXT>
		<Tag>TXT_KEY_CITY_NAME_ABRANTES</Tag>
		<English>Abrantes</English>
<L1 /><L2 /><L3 /><L4 />
		<Chinese>&#x963F;&#x5E03;&#x5170;&#x7279;&#x65AF;</Chinese>
	</TEXT>
	<TEXT>
		<Tag>TXT_KEY_CITY_NAME_GUARDA</Tag>
		<English>Guarda</English>
<L1 /><L2 /><L3 /><L4 />
		<Chinese>&#x74DC;&#x5C14;&#x8FBE;</Chinese>
	</TEXT>
	<TEXT>
		<Tag>TXT_KEY_CITY_NAME_CHAVES</Tag>
		<English>Chaves</English>
<L1 /><L2 /><L3 /><L4 />
		<Chinese>&#x67E5;&#x7EF4;&#x65AF;</Chinese>
	</TEXT>
	<TEXT>
		<Tag>TXT_KEY_CITY_NAME_ELVAS</Tag>
		<English>Elvas</English>
<L1 /><L2 /><L3 /><L4 />
		<Chinese>&#x57C3;&#x5C14;&#x74E6;&#x65AF;</Chinese>
	</TEXT>
	<TEXT>
		<Tag>TXT_KEY_CITY_NAME_COVILHA</Tag>
		<English>Covilha</English>
<L1 /><L2 /><L3 /><L4 />
		<Chinese>&#x79D1;&#x7EF4;&#x826F;</Chinese>
	</TEXT>
	<TEXT>
		<Tag>TXT_KEY_CITY_NAME_SILVES</Tag>
		<English>Silves</English>
<L1 /><L2 /><L3 /><L4 />
		<Chinese>&#x897F;&#x5C14;&#x7EF4;&#x65AF;</Chinese>
	</TEXT>
	<TEXT>
		<Tag>TXT_KEY_CITY_NAME_VILA_REAL</Tag>
		<English>Vila Real</English>
<L1 /><L2 /><L3 /><L4 />
		<Chinese>&#x96F7;&#x963F;&#x5C14;&#x57CE;</Chinese>
	</TEXT>
	<TEXT>
		<Tag>TXT_KEY_CITY_NAME_TAVIRA</Tag>
		<English>Tavira</English>
<L1 /><L2 /><L3 /><L4 />
		<Chinese>&#x5854;&#x7EF4;&#x62C9;</Chinese>
	</TEXT>
	<TEXT>
		<Tag>TXT_KEY_CITY_NAME_LEIXOES</Tag>
		<English>Leix&#245;es</English>
<L1 /><L2 /><L3 /><L4 />
		<Chinese>&#x96F7;&#x514B;&#x7D22;&#x65AF;</Chinese>
	</TEXT>
	<TEXT>
		<Tag>TXT_KEY_CITY_NAME_SETUBAL</Tag>
		<English>Set&#250;bal</English>
<L1 /><L2 /><L3 /><L4 />
		<Chinese>&#x585E;&#x56FE;&#x5DF4;</Chinese>
	</TEXT>
	<TEXT>
		<Tag>TXT_KEY_CITY_NAME_BEJA</Tag>
		<English>Beja</English>
<L1 /><L2 /><L3 /><L4 />
		<Chinese>&#x8D1D;&#x8D3E;</Chinese>
	</TEXT>
	<TEXT>
		<Tag>TXT_KEY_CITY_NAME_SOURE</Tag>
		<English>Soure</English>
<L1 /><L2 /><L3 /><L4 />
		<Chinese>&#x7D22;&#x745E;</Chinese>
	</TEXT>
	<TEXT>
		<Tag>TXT_KEY_CITY_NAME_LAMEGO</Tag>
		<English>Lamego</English>
<L1 /><L2 /><L3 /><L4 />
		<Chinese>&#x62C9;&#x6885;&#x53E4;</Chinese>
	</TEXT>
	<TEXT>
		<Tag>TXT_KEY_CITY_NAME_PALMELA</Tag>
		<English>Palmela</English>
<L1 /><L2 /><L3 /><L4 />
		<Chinese>&#x5E15;&#x5C14;&#x8FC8;&#x62C9;</Chinese>
	</TEXT>
	<TEXT>
		<Tag>TXT_KEY_CITY_NAME_SERPA</Tag>
		<English>Serpa</English>
<L1 /><L2 /><L3 /><L4 />
		<Chinese>&#x585E;&#x5C14;&#x5E15;</Chinese>
	</TEXT>
	<TEXT>
		<Tag>TXT_KEY_CITY_NAME_SINES</Tag>
		<English>Sines</English>
<L1 /><L2 /><L3 /><L4 />
		<Chinese>&#x897F;&#x7EB3;&#x65AF;</Chinese>
	</TEXT>
	<TEXT>
		<Tag>TXT_KEY_CITY_NAME_ALMADA</Tag>
		<English>Almada</English>
<L1 /><L2 /><L3 /><L4 />
		<Chinese>&#x963F;&#x5C14;&#x9A6C;&#x8FBE;</Chinese>
	</TEXT>
	<TEXT>
		<Tag>TXT_KEY_CITY_NAME_ESTREMOZ</Tag>
		<English>Estremoz</English>
<L1 /><L2 /><L3 /><L4 />
		<Chinese>&#x57C3;&#x65AF;&#x7279;&#x96F7;&#x83AB;&#x5179;</Chinese>
	</TEXT>
	<TEXT>
		<Tag>TXT_KEY_CITY_NAME_ALCACER_DO_SAL</Tag>
		<English>Alc&#225;cer do Sal</English>
<L1 /><L2 /><L3 /><L4 />
		<Chinese>&#x963F;&#x5361;&#x585E;&#x675C;&#x8428;&#x5C14;</Chinese>
	</TEXT>
	<TEXT>
		<Tag>TXT_KEY_CITY_NAME_MERTOLA</Tag>
		<English>M&#233;rtola</English>
<L1 /><L2 /><L3 /><L4 />
		<Chinese>&#x6885;&#x5C14;&#x56FE;&#x62C9;</Chinese>
	</TEXT>
	<TEXT>
		<Tag>TXT_KEY_CITY_NAME_MIRANDA_DO_DOURO</Tag>
		<English>Miranda do Douro</English>
<L1 /><L2 /><L3 /><L4 />
		<Chinese>&#x7C73;&#x5170;&#x8FBE;&#x675C;&#x591A;&#x6D1B;</Chinese>
	</TEXT>
	<TEXT>
		<Tag>TXT_KEY_CITY_NAME_ANGRA_DO_HEROISMO</Tag>
		<English>Angra do Hero&#237;smo</English>
<L1 /><L2 /><L3 /><L4 />
		<Chinese>&#x82F1;&#x96C4;&#x6E2F;</Chinese>
	</TEXT>
	<TEXT>
		<Tag>TXT_KEY_CITY_NAME_BAHIA</Tag>
		<English>Bahia</English>
<L1 /><L2 /><L3 /><L4 />
		<Chinese>&#x5DF4;&#x4F0A;&#x4E9A;</Chinese>
	</TEXT>
	<TEXT>
		<Tag>TXT_KEY_CITY_NAME_RIO_DE_JANEIRO</Tag>
		<English>Rio de Janeiro</English>
<L1 /><L2 /><L3 /><L4 />
		<Chinese>&#x91CC;&#x7EA6;&#x70ED;&#x5185;&#x5362;</Chinese>
	</TEXT>
	<TEXT>
		<Tag>TXT_KEY_CITY_NAME_SAO_PAOLO</Tag>
		<English>S&#227;o Paulo</English>
<L1 /><L2 /><L3 /><L4 />
		<Chinese>&#x5723;&#x4FDD;&#x7F57;</Chinese>
	</TEXT>
	<TEXT>
		<Tag>TXT_KEY_CITY_NAME_LUANDA</Tag>
		<English>Luanda</English>
<L1 /><L2 /><L3 /><L4 />
		<Chinese>&#x5362;&#x5B89;&#x8FBE;</Chinese>
	</TEXT>
	<TEXT>
		<Tag>TXT_KEY_CITY_NAME_GOA</Tag>
		<English>Goa</English>
<L1 /><L2 /><L3 /><L4 />
		<Chinese>&#x679C;&#x963F;</Chinese>
	</TEXT>
	<TEXT>
		<Tag>TXT_KEY_CITY_NAME_MACAO</Tag>
		<English>Macao</English>
<L1 /><L2 /><L3 /><L4 />
		<Chinese>&#x5988;&#x9601;</Chinese>
	</TEXT>
	<TEXT>
		<Tag>TXT_KEY_CITY_NAME_CONSTANTINOPLE</Tag>
		<English>Constantinople</English>
<L1 /><L2 /><L3 /><L4 />
		<Chinese>&#x541B;&#x58EB;&#x5766;&#x4E01;&#x5821;</Chinese>
	</TEXT>
	<TEXT>
		<Tag>TXT_KEY_CITY_NAME_ADRIANOPLE</Tag>
		<English>Adrianople</English>
<L1 /><L2 /><L3 /><L4 />
		<Chinese>&#x963F;&#x5FB7;&#x91CC;&#x4E9A;&#x5821;</Chinese>
	</TEXT>
	<TEXT>
		<Tag>TXT_KEY_CITY_NAME_NICAEA</Tag>
		<English>Nicaea</English>
<L1 /><L2 /><L3 /><L4 />
		<Chinese>&#x5C3C;&#x897F;&#x4E9A;</Chinese>
	</TEXT>
	<TEXT>
		<Tag>TXT_KEY_CITY_NAME_ANTIOCH</Tag>
		<English>Antioch</English>
<L1 /><L2 /><L3 /><L4 />
		<Chinese>&#x5B89;&#x6761;&#x514B;</Chinese>
	</TEXT>
	<TEXT>
		<Tag>TXT_KEY_CITY_NAME_ANGORA</Tag>
		<English>Angora</English>
<L1 /><L2 /><L3 /><L4 />
		<Chinese>&#x5B89;&#x54E5;&#x62C9;</Chinese>
	</TEXT>
	<TEXT>
		<Tag>TXT_KEY_CITY_NAME_TREBIZOND</Tag>
		<English>Trebizond</English>
<L1 /><L2 /><L3 /><L4 />
		<Chinese>&#x7279;&#x62C9;&#x6BD4;&#x677E;</Chinese>
	</TEXT>
	<TEXT>
		<Tag>TXT_KEY_CITY_NAME_ICONIUM</Tag>
		<English>Iconium</English>
<L1 /><L2 /><L3 /><L4 />
		<Chinese>&#x4F0A;&#x79D1;&#x5C3C;&#x59C6;</Chinese>
	</TEXT>
	<TEXT>
		<Tag>TXT_KEY_CITY_NAME_LAODICEA</Tag>
		<English>Laodicea</English>
<L1 /><L2 /><L3 /><L4 />
		<Chinese>&#x52B3;&#x8FEA;&#x897F;&#x4E9A;</Chinese>
	</TEXT>
	<TEXT>
		<Tag>TXT_KEY_CITY_NAME_DORYLAEUM</Tag>
		<English>Dorylaeum</English>
<L1 /><L2 /><L3 /><L4 />
		<Chinese>&#x591A;&#x5229;&#x7559;&#x59C6;</Chinese>
	</TEXT>
	<TEXT>
		<Tag>TXT_KEY_CITY_NAME_AMORIUM</Tag>
		<English>Amorium</English>
<L1 /><L2 /><L3 /><L4 />
		<Chinese>&#x963F;&#x6469;&#x5229;&#x4E4C;&#x59C6;</Chinese>
	</TEXT>
	<TEXT>
		<Tag>TXT_KEY_CITY_NAME_PHILIPPOPOLIS</Tag>
		<English>Philippopolis</English>
<L1 /><L2 /><L3 /><L4 />
		<Chinese>&#x8153;&#x529B;&#x6CE2;&#x5229;&#x65AF;</Chinese>
	</TEXT>
	<TEXT>
		<Tag>TXT_KEY_CITY_NAME_MISTRA</Tag>
		<English>Mistra</English>
<L1 /><L2 /><L3 /><L4 />
		<Chinese>&#x7C73;&#x65AF;&#x7279;&#x62C9;</Chinese>
	</TEXT>
	<TEXT>
		<Tag>TXT_KEY_CITY_NAME_DYRRACHIUM</Tag>
		<English>Dyrrachium</English>
<L1 /><L2 /><L3 /><L4 />
		<Chinese>&#x8FEA;&#x62C9;&#x5BC7;&#x59C6;</Chinese>
	</TEXT>
	<TEXT>
		<Tag>TXT_KEY_CITY_NAME_EDESSA</Tag>
		<English>Edessa</English>
<L1 /><L2 /><L3 /><L4 />
		<Chinese>&#x57C3;&#x5FB7;&#x8428;</Chinese>
	</TEXT>
	<TEXT>
		<Tag>TXT_KEY_CITY_NAME_HERACLEA</Tag>
		<English>Heraclea</English>
<L1 /><L2 /><L3 /><L4 />
		<Chinese>&#x8D6B;&#x62C9;&#x514B;&#x5229;&#x4E9A;</Chinese>
	</TEXT>
	<TEXT>
		<Tag>TXT_KEY_CITY_NAME_THEODOSIOPOLIS</Tag>
		<English>Theodosiopolis</English>
<L1 /><L2 /><L3 /><L4 />
		<Chinese>&#x897F;&#x5965;&#x591A;&#x4FEE;&#x6CE2;&#x5229;&#x65AF;</Chinese>
	</TEXT>
	<TEXT>
		<Tag>TXT_KEY_CITY_NAME_ODESSOS</Tag>
		<English>Odessos</English>
<L1 /><L2 /><L3 /><L4 />
		<Chinese>&#x6556;&#x5FB7;&#x8428;&#x65AF;</Chinese>
	</TEXT>
	<TEXT>
		<Tag>TXT_KEY_CITY_NAME_MESEMBRIA</Tag>
		<English>Mesembria</English>
<L1 /><L2 /><L3 /><L4 />
		<Chinese>&#x6885;&#x68EE;&#x5E03;&#x91CC;&#x4E9A;</Chinese>
	</TEXT>
	<TEXT>
		<Tag>TXT_KEY_CITY_NAME_SARDICA</Tag>
		<English>Sardica</English>
<L1 /><L2 /><L3 /><L4 />
		<Chinese>&#x6492;&#x5C14;&#x5E95;&#x8FE6;</Chinese>
	</TEXT>
	<TEXT>
		<Tag>TXT_KEY_CITY_NAME_RAGUSA</Tag>
		<English>Ragusa</English>
<L1 /><L2 /><L3 /><L4 />
		<Chinese>&#x62C9;&#x53E4;&#x6C99;</Chinese>
	</TEXT>
	<TEXT>
		<Tag>TXT_KEY_CITY_NAME_PHILIPPI</Tag>
		<English>Philippi</English>
<L1 /><L2 /><L3 /><L4 />
		<Chinese>&#x8153;&#x529B;&#x6BD4;</Chinese>
	</TEXT>
	<TEXT>
		<Tag>TXT_KEY_CITY_NAME_JUSTINIANOPOLIS</Tag>
		<English>Justinianopolis</English>
<L1 /><L2 /><L3 /><L4 />
		<Chinese>&#x67E5;&#x58EB;&#x4E01;&#x5C3C;&#x5B89;&#x8BFA;&#x6CE2;&#x5229;&#x65AF;</Chinese>
	</TEXT>
	<TEXT>
		<Tag>TXT_KEY_CITY_NAME_IOANNINA</Tag>
		<English>Ioannina</English>
<L1 /><L2 /><L3 /><L4 />
		<Chinese>&#x7231;&#x5965;&#x5C3C;&#x90A3;</Chinese>
	</TEXT>
	<TEXT>
		<Tag>TXT_KEY_CITY_NAME_CEPHALONIA</Tag>
		<English>Cephalonia</English>
<L1 /><L2 /><L3 /><L4 />
		<Chinese>&#x585E;&#x6CD5;&#x6D1B;&#x5C3C;&#x4E9A;</Chinese>
	</TEXT>
	<TEXT>
		<Tag>TXT_KEY_CITY_NAME_SELYMBRIA</Tag>
		<English>Selymbria</English>
<L1 /><L2 /><L3 /><L4 />
		<Chinese>&#x585E;&#x6797;&#x5E03;&#x91CC;&#x4E9A;</Chinese>
	</TEXT>
	<TEXT>
		<Tag>TXT_KEY_CITY_NAME_CALLIPOLIS</Tag>
		<English>Callipolis</English>
<L1 /><L2 /><L3 /><L4 />
		<Chinese>&#x5361;&#x5229;&#x6CE2;&#x5229;&#x65AF;</Chinese>
	</TEXT>
	<TEXT>
		<Tag>TXT_KEY_CITY_NAME_CHANDAX</Tag>
		<English>Chandax</English>
<L1 /><L2 /><L3 /><L4 />
		<Chinese>&#x5F3A;&#x8FBE;&#x514B;&#x65AF;</Chinese>
	</TEXT>
	<TEXT>
		<Tag>TXT_KEY_CITY_NAME_LEFKOSIA</Tag>
		<English>Lefkosia</English>
<L1 /><L2 /><L3 /><L4 />
		<Chinese>&#x5217;&#x592B;&#x79D1;&#x897F;&#x4E9A;</Chinese>
	</TEXT>
	<TEXT>
		<Tag>TXT_KEY_CITY_NAME_FAMAGUSTA</Tag>
		<English>Famagusta</English>
<L1 /><L2 /><L3 /><L4 />
		<Chinese>&#x6CD5;&#x9A6C;&#x53E4;&#x65AF;&#x5854;</Chinese>
	</TEXT>
	<TEXT>
		<Tag>TXT_KEY_CITY_NAME_BARI</Tag>
		<English>Bari</English>
<L1 /><L2 /><L3 /><L4 />
		<Chinese>&#x5DF4;&#x91CC;</Chinese>
	</TEXT>
	<TEXT>
		<Tag>TXT_KEY_CITY_NAME_OTRANTO</Tag>
		<English>Otranto</English>
<L1 /><L2 /><L3 /><L4 />
		<Chinese>&#x5965;&#x5170;&#x6258;</Chinese>
	</TEXT>
	<TEXT>
		<Tag>TXT_KEY_CITY_NAME_CHALCEDON</Tag>
		<English>Chalcedon</English>
<L1 /><L2 /><L3 /><L4 />
		<Chinese>&#x8FE6;&#x514B;&#x6566;</Chinese>
	</TEXT>
	<TEXT>
		<Tag>TXT_KEY_CITY_NAME_NEOCAESAREA</Tag>
		<English>Neocaesarea</English>
<L1 /><L2 /><L3 /><L4 />
		<Chinese>&#x65B0;&#x51EF;&#x6492;&#x5229;&#x4E9A;</Chinese>
	</TEXT>
	<TEXT>
		<Tag>TXT_KEY_CITY_NAME_METILENE</Tag>
		<English>Metilene</English>
<L1 /><L2 /><L3 /><L4 />
		<Chinese>&#x6885;&#x63D0;&#x5217;&#x5C3C;</Chinese>
	</TEXT>
	<TEXT>
		<Tag>TXT_KEY_CITY_NAME_SELEUCIA</Tag>
		<English>Seleucia</English>
<L1 /><L2 /><L3 /><L4 />
		<Chinese>&#x585E;&#x7409;&#x897F;&#x4E9A;</Chinese>
	</TEXT>
	<TEXT>
		<Tag>TXT_KEY_CITY_NAME_SEBASTEA</Tag>
		<English>Sebastea</English>
<L1 /><L2 /><L3 /><L4 />
		<Chinese>&#x585E;&#x5DF4;&#x65AF;&#x63D0;&#x4E9A;</Chinese>
	</TEXT>
	<TEXT>
		<Tag>TXT_KEY_CITY_NAME_MYRA</Tag>
		<English>Myra</English>
<L1 /><L2 /><L3 /><L4 />
		<Chinese>&#x8FC8;&#x62C9;</Chinese>
	</TEXT>
	<TEXT>
		<Tag>TXT_KEY_CITY_NAME_GANGRA</Tag>
		<English>Gangra</English>
<L1 /><L2 /><L3 /><L4 />
		<Chinese>&#x7518;&#x683C;&#x62C9;</Chinese>
	</TEXT>
	<TEXT>
		<Tag>TXT_KEY_CITY_NAME_OCHRYD</Tag>
		<English>Ochryd</English>
<L1 /><L2 /><L3 /><L4 />
		<Chinese>&#x6B27;&#x5947;&#x5229;&#x5FB7;</Chinese>
	</TEXT>
	<TEXT>
		<Tag>TXT_KEY_CITY_NAME_BUTHROTUM</Tag>
		<English>Buthrotum</English>
<L1 /><L2 /><L3 /><L4 />
		<Chinese>&#x5E03;&#x65AF;&#x6D1B;&#x56FE;&#x59C6;</Chinese>
	</TEXT>
	<TEXT>
		<Tag>TXT_KEY_CITY_NAME_NAISSUS</Tag>
		<English>Naissus</English>
<L1 /><L2 /><L3 /><L4 />
		<Chinese>&#x5948;&#x82CF;&#x65AF;</Chinese>
	</TEXT>
	<TEXT>
		<Tag>TXT_KEY_CITY_NAME_CHERSON</Tag>
		<English>Cherson</English>
<L1 /><L2 /><L3 /><L4 />
		<Chinese>&#x5207;&#x5C14;&#x677E;</Chinese>
	</TEXT>
	<TEXT>
		<Tag>TXT_KEY_CITY_NAME_TRIPOLI</Tag>
		<English>Tripoli</English>
<L1 /><L2 /><L3 /><L4 />
		<Chinese>&#x7684;&#x9ECE;&#x6CE2;&#x91CC;</Chinese>
	</TEXT>
	<TEXT>
		<Tag>TXT_KEY_CITY_NAME_TUNIS</Tag>
		<English>Tunis</English>
<L1 /><L2 /><L3 /><L4 />
		<Chinese>&#x7A81;&#x5C3C;&#x65AF;</Chinese>
	</TEXT>
	<TEXT>
		<Tag>TXT_KEY_CITY_NAME_KAIROUAN</Tag>
		<English>Kairouan</English>
<L1 /><L2 /><L3 /><L4 />
		<Chinese>&#x51EF;&#x4E07;</Chinese>
	</TEXT>
	<TEXT>
		<Tag>TXT_KEY_CITY_NAME_ALGIERS</Tag>
		<English>Algiers</English>
<L1 /><L2 /><L3 /><L4 />
		<Chinese>&#x963F;&#x5C14;&#x53CA;&#x5C14;</Chinese>
	</TEXT>
	<TEXT>
		<Tag>TXT_KEY_CITY_NAME_ORAN</Tag>
		<English>Oran</English>
<L1 /><L2 /><L3 /><L4 />
		<Chinese>&#x5965;&#x5170;</Chinese>
	</TEXT>
	<TEXT>
		<Tag>TXT_KEY_CITY_NAME_TANGIER</Tag>
		<English>Tangier</English>
<L1 /><L2 /><L3 /><L4 />
		<Chinese>&#x4E39;&#x5409;&#x5C14;</Chinese>
	</TEXT>
	<TEXT>
		<Tag>TXT_KEY_CITY_NAME_CASABLANCA</Tag>
		<English>Casablanca</English>
<L1 /><L2 /><L3 /><L4 />
		<Chinese>&#x5361;&#x8428;&#x5E03;&#x5170;&#x5361;</Chinese>
	</TEXT>
	<TEXT>
		<Tag>TXT_KEY_CITY_NAME_MARRAKECH</Tag>
		<English>Marrakech</English>
<L1 /><L2 /><L3 /><L4 />
		<Chinese>&#x9A6C;&#x62C9;&#x5580;&#x4EC0;</Chinese>
	</TEXT>
	<TEXT>
		<Tag>TXT_KEY_CITY_NAME_SOUTHAMPTON</Tag>
		<English>Southampton</English>
<L1 /><L2 /><L3 /><L4 />
		<Chinese>&#x5357;&#x5B89;&#x666E;&#x6566;</Chinese>
	</TEXT>
	<TEXT>
		<Tag>TXT_KEY_CITY_NAME_SHEFFIELD</Tag>
		<English>Sheffield</English>
<L1 /><L2 /><L3 /><L4 />
		<Chinese>&#x8C22;&#x83F2;&#x5C14;&#x5FB7;</Chinese>
	</TEXT>
	<TEXT>
		<Tag>TXT_KEY_CITY_NAME_SALISBURY</Tag>
		<English>Salisbury</English>
<L1 /><L2 /><L3 /><L4 />
		<Chinese>&#x7D22;&#x5C14;&#x5179;&#x4F2F;&#x91CC;</Chinese>
	</TEXT>
	<TEXT>
		<Tag>TXT_KEY_CITY_NAME_COLCHESTER</Tag>
		<English>Colchester</English>
<L1 /><L2 /><L3 /><L4 />
		<Chinese>&#x79D1;&#x5C14;&#x5207;&#x65AF;&#x7279;</Chinese>
	</TEXT>
	<TEXT>
		<Tag>TXT_KEY_CITY_NAME_PLYMOUTH</Tag>
		<English>Plymouth</English>
<L1 /><L2 /><L3 /><L4 />
		<Chinese>&#x666E;&#x5229;&#x8305;&#x65AF;</Chinese>
	</TEXT>
	<TEXT>
		<Tag>TXT_KEY_CITY_NAME_LANCASTER</Tag>
		<English>Lancaster</English>
<L1 /><L2 /><L3 /><L4 />
		<Chinese>&#x5170;&#x5F00;&#x65AF;&#x7279;</Chinese>
	</TEXT>
	<TEXT>
		<Tag>TXT_KEY_CITY_NAME_BLACKPOOL</Tag>
		<English>Blackpool</English>
<L1 /><L2 /><L3 /><L4 />
		<Chinese>&#x5E03;&#x83B1;&#x514B;&#x6D66;</Chinese>
	</TEXT>
	<TEXT>
		<Tag>TXT_KEY_CITY_NAME_WINCHESTER</Tag>
		<English>Winchester</English>
<L1 /><L2 /><L3 /><L4 />
		<Chinese>&#x6E29;&#x5207;&#x65AF;&#x7279;</Chinese>
	</TEXT>
	<TEXT>
		<Tag>TXT_KEY_CITY_NAME_HULL</Tag>
		<English>Hull</English>
<L1 /><L2 /><L3 /><L4 />
		<Chinese>&#x8D6B;&#x5C14;</Chinese>
	</TEXT>
	<TEXT>
		<Tag>TXT_KEY_CITY_NAME_NICE</Tag>
		<English>Nice</English>
<L1 /><L2 /><L3 /><L4 />
		<Chinese>&#x5C3C;&#x65AF;</Chinese>
	</TEXT>
	<TEXT>
		<Tag>TXT_KEY_CITY_NAME_SAINT_ETIENNE</Tag>
		<English>Saint-Etienne</English>
<L1 /><L2 /><L3 /><L4 />
		<Chinese>&#x5723;&#x827E;&#x8482;&#x5B89;</Chinese>
	</TEXT>
	<TEXT>
		<Tag>TXT_KEY_CITY_NAME_NANTES</Tag>
		<English>Nantes</English>
<L1 /><L2 /><L3 /><L4 />
		<Chinese>&#x5357;&#x7279;</Chinese>
	</TEXT>
	<TEXT>
		<Tag>TXT_KEY_CITY_NAME_REIMS</Tag>
		<English>Reims</English>
<L1 /><L2 /><L3 /><L4 />
		<Chinese>&#x6717;&#x65AF;</Chinese>
	</TEXT>
	<TEXT>
		<Tag>TXT_KEY_CITY_NAME_LE_MANS</Tag>
		<English>Le Mans</English>
<L1 /><L2 /><L3 /><L4 />
		<Chinese>&#x52D2;&#x8292;</Chinese>
	</TEXT>
	<TEXT>
		<Tag>TXT_KEY_CITY_NAME_MONTPELLIER</Tag>
		<English>Montpellier</English>
<L1 /><L2 /><L3 /><L4 />
		<Chinese>&#x8499;&#x6BD4;&#x5229;&#x57C3;</Chinese>
	</TEXT>
	<TEXT>
		<Tag>TXT_KEY_CITY_NAME_LIMOGES</Tag>
		<English>Limoges</English>
<L1 /><L2 /><L3 /><L4 />
		<Chinese>&#x5229;&#x6469;&#x65E5;</Chinese>
	</TEXT>
	<TEXT>
		<Tag>TXT_KEY_CITY_NAME_NANCY</Tag>
		<English>Nancy</English>
<L1 /><L2 /><L3 /><L4 />
		<Chinese>&#x5357;&#x9521;</Chinese>
	</TEXT>
	<TEXT>
		<Tag>TXT_KEY_CITY_NAME_LILLE</Tag>
		<English>Lille</English>
<L1 /><L2 /><L3 /><L4 />
		<Chinese>&#x91CC;&#x5C14;</Chinese>
	</TEXT>
	<TEXT>
		<Tag>TXT_KEY_CITY_NAME_CAEN</Tag>
		<English>Caen</English>
<L1 /><L2 /><L3 /><L4 />
		<Chinese>&#x5361;&#x6602;</Chinese>
	</TEXT>
	<TEXT>
		<Tag>TXT_KEY_CITY_NAME_TOULON</Tag>
		<English>Toulon</English>
<L1 /><L2 /><L3 /><L4 />
		<Chinese>&#x571F;&#x4F26;</Chinese>
	</TEXT>
	<TEXT>
		<Tag>TXT_KEY_CITY_NAME_NIMES</Tag>
		<English>Nimes</English>
<L1 /><L2 /><L3 /><L4 />
		<Chinese>&#x5C3C;&#x59C6;</Chinese>
	</TEXT>
	<TEXT>
		<Tag>TXT_KEY_CITY_NAME_LE_HAVRE</Tag>
		<English>Le Havre</English>
<L1 /><L2 /><L3 /><L4 />
		<Chinese>&#x52D2;&#x963F;&#x5F17;&#x5C14;</Chinese>
	</TEXT>
	<TEXT>
		<Tag>TXT_KEY_CITY_NAME_LOURDES</Tag>
		<English>Lourdes</English>
<L1 /><L2 /><L3 /><L4 />
		<Chinese>&#x5362;&#x5C14;&#x5FB7;</Chinese>
	</TEXT>
	<TEXT>
		<Tag>TXT_KEY_CITY_NAME_CARCASSONNE</Tag>
		<English>Carcassonne</English>
<L1 /><L2 /><L3 /><L4 />
		<Chinese>&#x5361;&#x5C14;&#x5361;&#x677E;</Chinese>
	</TEXT>
	<TEXT>
		<Tag>TXT_KEY_CITY_NAME_CANNES</Tag>
		<English>Cannes</English>
<L1 /><L2 /><L3 /><L4 />
		<Chinese>&#x621B;&#x7EB3;</Chinese>
	</TEXT>
	<TEXT>
		<Tag>TXT_KEY_CITY_NAME_AIX_EN_PROVINCE</Tag>
		<English>Aix-en-Province</English>
<L1 /><L2 /><L3 /><L4 />
		<Chinese>&#x57C3;&#x514B;&#x65AF;-&#x666E;&#x7F57;&#x65FA;&#x65AF;</Chinese>
	</TEXT>
	<TEXT>
		<Tag>TXT_KEY_CITY_NAME_LA_ROCHELLE</Tag>
		<English>La Rochelle</English>
<L1 /><L2 /><L3 /><L4 />
		<Chinese>&#x62C9;&#x7F57;&#x8C22;&#x5C14;</Chinese>
	</TEXT>
	<TEXT>
		<Tag>TXT_KEY_CITY_NAME_BOURGES</Tag>
		<English>Bourges</English>
<L1 /><L2 /><L3 /><L4 />
		<Chinese>&#x5E03;&#x5C14;&#x65E5;</Chinese>
	</TEXT>
	<TEXT>
		<Tag>TXT_KEY_CITY_NAME_CALAIS</Tag>
		<English>Calais</English>
<L1 /><L2 /><L3 /><L4 />
		<Chinese>&#x52A0;&#x83B1;</Chinese>
	</TEXT>
	<TEXT>
		<Tag>TXT_KEY_CITY_NAME_TUMBES</Tag>
		<English>Tumbes</English>
<L1 /><L2 /><L3 /><L4 />
		<Chinese>&#x901A;&#x8D1D;&#x65AF;</Chinese>
	</TEXT>
	<TEXT>
		<Tag>TXT_KEY_CITY_NAME_CHAN_CHAN</Tag>
		<English>Chan Chan</English>
<L1 /><L2 /><L3 /><L4 />
		<Chinese>&#x660C;&#x660C;</Chinese>
	</TEXT>
	<TEXT>
		<Tag>TXT_KEY_CITY_NAME_SIPAN</Tag>
		<English>Sipan</English>
<L1 /><L2 /><L3 /><L4 />
		<Chinese>&#x897F;&#x6F58;</Chinese>
	</TEXT>
	<TEXT>
		<Tag>TXT_KEY_CITY_NAME_PACHACAMAC</Tag>
		<English>Pachacamac</English>
<L1 /><L2 /><L3 /><L4 />
		<Chinese>&#x5E15;&#x6070;&#x5361;&#x9A6C;&#x514B;</Chinese>
	</TEXT>
	<TEXT>
		<Tag>TXT_KEY_CITY_NAME_LLACTAPATA</Tag>
		<English>Llactapata</English>
<L1 /><L2 /><L3 /><L4 />
		<Chinese>&#x96C5;&#x514B;&#x5854;&#x5E15;&#x7279;</Chinese>
	</TEXT>
	<TEXT>
		<Tag>TXT_KEY_CITY_NAME_PISAC</Tag>
		<English>Pisac</English>
<L1 /><L2 /><L3 /><L4 />
		<Chinese>&#x6BD4;&#x8428;&#x5361;</Chinese>
	</TEXT>
	<TEXT>
		<Tag>TXT_KEY_CITY_NAME_KUELAP</Tag>
		<English>Kuelap</English>
<L1 /><L2 /><L3 /><L4 />
		<Chinese>&#x5E93;&#x57C3;&#x62C9;&#x666E;</Chinese>
	</TEXT>
	<TEXT>
		<Tag>TXT_KEY_CITY_NAME_PAJATEN</Tag>
		<English>Pajaten</English>
<L1 /><L2 /><L3 /><L4 />
		<Chinese>&#x5E15;&#x96C5;&#x817E;</Chinese>
	</TEXT>
	<TEXT>
		<Tag>TXT_KEY_CITY_NAME_CHUCUITO</Tag>
		<English>Chucuito</English>
<L1 /><L2 /><L3 /><L4 />
		<Chinese>&#x695A;&#x594E;&#x6258;</Chinese>
	</TEXT>
	<TEXT>
		<Tag>TXT_KEY_CITY_NAME_KOBE</Tag>
		<English>Kobe</English>
<L1 /><L2 /><L3 /><L4 />
		<Chinese>&#x795E;&#x6237;</Chinese>
	</TEXT>
	<TEXT>
		<Tag>TXT_KEY_CITY_NAME_NAGANO</Tag>
		<English>Nagano</English>
<L1 /><L2 /><L3 /><L4 />
		<Chinese>&#x957F;&#x91CE;</Chinese>
	</TEXT>
	<TEXT>
		<Tag>TXT_KEY_CITY_NAME_HIROSHIMA</Tag>
		<English>Hiroshima</English>
<L1 /><L2 /><L3 /><L4 />
		<Chinese>&#x5E7F;&#x5C9B;</Chinese>
	</TEXT>
	<TEXT>
		<Tag>TXT_KEY_CITY_NAME_TAKAYAMA</Tag>
		<English>Takayama</English>
<L1 /><L2 /><L3 /><L4 />
		<Chinese>&#x9AD8;&#x5C71;</Chinese>
	</TEXT>
	<TEXT>
		<Tag>TXT_KEY_CITY_NAME_AKITA</Tag>
		<English>Akita</English>
<L1 /><L2 /><L3 /><L4 />
		<Chinese>&#x79CB;&#x7530;</Chinese>
	</TEXT>
	<TEXT>
		<Tag>TXT_KEY_CITY_NAME_FUKUOKA</Tag>
		<English>Fukuoka</English>
<L1 /><L2 /><L3 /><L4 />
		<Chinese>&#x798F;&#x5188;</Chinese>
	</TEXT>
	<TEXT>
		<Tag>TXT_KEY_CITY_NAME_AOMORI</Tag>
		<English>Aomori</English>
<L1 /><L2 /><L3 /><L4 />
		<Chinese>&#x9752;&#x68EE;</Chinese>
	</TEXT>
	<TEXT>
		<Tag>TXT_KEY_CITY_NAME_KAMAKURO</Tag>
		<English>Kamakuro</English>
<L1 /><L2 /><L3 /><L4 />
		<Chinese>&#x9570;&#x4ED3;</Chinese>
	</TEXT>
	<TEXT>
		<Tag>TXT_KEY_CITY_NAME_KOCHI</Tag>
		<English>Kochi</English>
<L1 /><L2 /><L3 /><L4 />
		<Chinese>&#x9AD8;&#x77E5;</Chinese>
	</TEXT>
	<TEXT>
		<Tag>TXT_KEY_CITY_NAME_NAHA</Tag>
		<English>Naha</English>
<L1 /><L2 /><L3 /><L4 />
		<Chinese>&#x90A3;&#x9738;</Chinese>
	</TEXT>
	<TEXT>
		<Tag>TXT_KEY_CITY_NAME_KANGABA</Tag>
		<English>Kangaba</English>
<L1 /><L2 /><L3 /><L4 />
		<Chinese>&#x5EB7;&#x52A0;&#x5DF4;</Chinese>
	</TEXT>
	<TEXT>
		<Tag>TXT_KEY_CITY_NAME_DIA</Tag>
		<English>Dia</English>
<L1 /><L2 /><L3 /><L4 />
		<Chinese>&#x8FEA;&#x4E9A;</Chinese>
	</TEXT>
	<TEXT>
		<Tag>TXT_KEY_CITY_NAME_TIRAQQA</Tag>
		<English>Tiraqqa</English>
<L1 /><L2 /><L3 /><L4 />
		<Chinese>&#x63D0;&#x62C9;&#x5361;</Chinese>
	</TEXT>
	<TEXT>
		<Tag>TXT_KEY_CITY_NAME_AWKAR</Tag>
		<English>Awkar</English>
<L1 /><L2 /><L3 /><L4 />
		<Chinese>&#x5965;&#x5361;&#x5C14;</Chinese>
	</TEXT>
	<TEXT>
		<Tag>TXT_KEY_CITY_NAME_KUKIYA</Tag>
		<English>Kukiya</English>
<L1 /><L2 /><L3 /><L4 />
		<Chinese>&#x5E93;&#x57FA;&#x4E9A;</Chinese>
	</TEXT>
	<TEXT>
		<Tag>TXT_KEY_CITY_NAME_TAKRUR</Tag>
		<English>Takrur</English>
<L1 /><L2 /><L3 /><L4 />
		<Chinese>&#x5854;&#x514B;&#x9C81;&#x5C14;</Chinese>
	</TEXT>
	<TEXT>
		<Tag>TXT_KEY_CITY_NAME_ARAWAN</Tag>
		<English>Arawan</English>
<L1 /><L2 /><L3 /><L4 />
		<Chinese>&#x963F;&#x62C9;&#x4E07;</Chinese>
	</TEXT>
	<TEXT>
		<Tag>TXT_KEY_CITY_NAME_SYA</Tag>
		<English>Sya</English>
<L1 /><L2 /><L3 /><L4 />
		<Chinese>&#x65AF;&#x96C5;</Chinese>
	</TEXT>
	<TEXT>
		<Tag>TXT_KEY_CITY_NAME_TAOUDENNI</Tag>
		<English>Taoudenni</English>
<L1 /><L2 /><L3 /><L4 />
		<Chinese>&#x9676;&#x5FB7;&#x5C3C;</Chinese>
	</TEXT>
	<TEXT>
		<Tag>TXT_KEY_CITY_NAME_BAMBOUK</Tag>
		<English>Bambouk</English>
<L1 /><L2 /><L3 /><L4 />
		<Chinese>&#x73ED;&#x5E03;&#x514B;</Chinese>
	</TEXT>
	<TEXT>
		<Tag>TXT_KEY_CITY_NAME_KIRINA</Tag>
		<English>Kirina</English>
<L1 /><L2 /><L3 /><L4 />
		<Chinese>&#x57FA;&#x5229;&#x7EB3;</Chinese>
	</TEXT>
	<TEXT>
		<Tag>TXT_KEY_CITY_NAME_TRABZON</Tag>
		<English>Trabzon</English>
<L1 /><L2 /><L3 /><L4 />
		<Chinese>&#x7279;&#x62C9;&#x5E03;&#x5B97;</Chinese>
	</TEXT>
	<TEXT>
		<Tag>TXT_KEY_CITY_NAME_ERZURUM</Tag>
		<English>Erzurum</English>
<L1 /><L2 /><L3 /><L4 />
		<Chinese>&#x57C3;&#x5C14;&#x7956;&#x5362;&#x59C6;</Chinese>
	</TEXT>
	<TEXT>
		<Tag>TXT_KEY_CITY_NAME_URFA</Tag>
		<English>Urfa</English>
<L1 /><L2 /><L3 /><L4 />
		<Chinese>&#x4E4C;&#x5C14;&#x6CD5;</Chinese>
	</TEXT>
	<TEXT>
		<Tag>TXT_KEY_CITY_NAME_IZMIT</Tag>
		<English>Izmit</English>
<L1 /><L2 /><L3 /><L4 />
		<Chinese>&#x4F0A;&#x5179;&#x5BC6;&#x7279;</Chinese>
	</TEXT>
	<TEXT>
		<Tag>TXT_KEY_CITY_NAME_AFYON</Tag>
		<English>Afyon</English>
<L1 /><L2 /><L3 /><L4 />
		<Chinese>&#x963F;&#x83F2;&#x6C38;</Chinese>
	</TEXT>
	<TEXT>
		<Tag>TXT_KEY_CITY_NAME_BITLIS</Tag>
		<English>Bitlis</English>
<L1 /><L2 /><L3 /><L4 />
		<Chinese>&#x6BD4;&#x7279;&#x5229;&#x65AF;</Chinese>
	</TEXT>
	<TEXT>
		<Tag>TXT_KEY_CITY_NAME_LA_CORUNA</Tag>
		<English>La Coruna</English>
<L1 /><L2 /><L3 /><L4 />
		<Chinese>&#x62C9;&#x79D1;&#x9C81;&#x5C3C;&#x4E9A;</Chinese>
	</TEXT>
	<TEXT>
		<Tag>TXT_KEY_CITY_NAME_OVIEDO</Tag>
		<English>Oviedo</English>
<L1 /><L2 /><L3 /><L4 />
		<Chinese>&#x5965;&#x7EF4;&#x8036;&#x591A;</Chinese>
	</TEXT>
	<TEXT>
		<Tag>TXT_KEY_CITY_NAME_BILBAO</Tag>
		<English>Bilbao</English>
<L1 /><L2 /><L3 /><L4 />
		<Chinese>&#x6BD5;&#x5C14;&#x5DF4;&#x9102;</Chinese>
	</TEXT>
	<TEXT>
		<Tag>TXT_KEY_CITY_NAME_SAN_SEBASTIAN</Tag>
		<English>San Sebastian</English>
<L1 /><L2 /><L3 /><L4 />
		<Chinese>&#x5723;&#x585E;&#x5DF4;&#x65AF;&#x8482;&#x5B89;</Chinese>
	</TEXT>
	<TEXT>
		<Tag>TXT_KEY_CITY_NAME_GRANADA</Tag>
		<English>Granada</English>
<L1 /><L2 /><L3 /><L4 />
		<Chinese>&#x683C;&#x5170;&#x7EB3;&#x8FBE;</Chinese>
	</TEXT>
	<TEXT>
		<Tag>TXT_KEY_CITY_NAME_MERIDA</Tag>
		<English>Merida</English>
<L1 /><L2 /><L3 /><L4 />
		<Chinese>&#x6885;&#x91CC;&#x8FBE;</Chinese>
	</TEXT>
	<TEXT>
		<Tag>TXT_KEY_CITY_NAME_HUELVA</Tag>
		<English>Huelva</English>
<L1 /><L2 /><L3 /><L4 />
		<Chinese>&#x7EF4;&#x5C14;&#x74E6;</Chinese>
	</TEXT>
	<TEXT>
		<Tag>TXT_KEY_CITY_NAME_IBIZA</Tag>
		<English>Ibiza</English>
<L1 /><L2 /><L3 /><L4 />
		<Chinese>&#x4F0A;&#x7EF4;&#x8428;</Chinese>
	</TEXT>
	<TEXT>
		<Tag>TXT_KEY_CITY_NAME_LAS_PALMAS</Tag>
		<English>Las Palmas</English>
<L1 /><L2 /><L3 /><L4 />
		<Chinese>&#x62C9;&#x65AF;&#x5F6D;&#x9A6C;&#x65AF;</Chinese>
	</TEXT>
	<TEXT>
		<Tag>TXT_KEY_CITY_NAME_TENERIFE</Tag>
		<English>Tenerife</English>
<L1 /><L2 /><L3 /><L4 />
		<Chinese>&#x5854;&#x90A3;&#x5229;&#x83F2;</Chinese>
	</TEXT>
	<TEXT>
		<Tag>TXT_KEY_CITY_NAME_SICYON</Tag>
		<English>Sicyon</English>
<L1 /><L2 /><L3 /><L4 />
		<Chinese>&#x897F;&#x9521;&#x5B89;</Chinese>
	</TEXT>
	<TEXT>
		<Tag>TXT_KEY_CITY_NAME_MESSENE</Tag>
		<English>Messene</English>
<L1 /><L2 /><L3 /><L4 />
		<Chinese>&#x8FC8;&#x9521;&#x5C3C;</Chinese>
	</TEXT>
	<TEXT>
		<Tag>TXT_KEY_CITY_NAME_AMBRACIA</Tag>
		<English>Ambracia</English>
<L1 /><L2 /><L3 /><L4 />
		<Chinese>&#x5B89;&#x5E03;&#x62C9;&#x57FA;&#x4E9A;</Chinese>
	</TEXT>
	<TEXT>
		<Tag>TXT_KEY_CITY_NAME_KNIDOS</Tag>
		<English>Knidos</English>
<L1 /><L2 /><L3 /><L4 />
		<Chinese>&#x514B;&#x5C3C;&#x591A;&#x65AF;</Chinese>
	</TEXT>
	<TEXT>
		<Tag>TXT_KEY_CITY_NAME_KOS</Tag>
		<English>Kos</English>
<L1 /><L2 /><L3 /><L4 />
		<Chinese>&#x79D1;&#x65AF;</Chinese>
	</TEXT>
	<TEXT>
		<Tag>TXT_KEY_CITY_NAME_ORCHOMENOS</Tag>
		<English>Orchomenos</English>
<L1 /><L2 /><L3 /><L4 />
		<Chinese>&#x5965;&#x5C14;&#x970D;&#x8FC8;&#x8BFA;&#x65AF;</Chinese>
	</TEXT>
	<TEXT>
		<Tag>TXT_KEY_CITY_NAME_CAHOKIA</Tag>
		<English>Cahokia</English>
<L1 /><L2 /><L3 /><L4 />
		<Chinese>&#x5361;&#x970D;&#x57FA;&#x4E9A;</Chinese>
	</TEXT>
	<TEXT>
		<Tag>TXT_KEY_CITY_NAME_POVERTY_POINT</Tag>
		<English>Poverty Point</English>
<L1 /><L2 /><L3 /><L4 />
		<Chinese>&#x6CE2;&#x5F17;&#x8482;&#x89D2;</Chinese>
	</TEXT>
	<TEXT>
		<Tag>TXT_KEY_CITY_NAME_MOUND_CITY</Tag>
		<English>Mound City</English>
<L1 /><L2 /><L3 /><L4 />
		<Chinese>&#x8292;&#x5FB7;&#x57CE;</Chinese>
	</TEXT>
	<TEXT>
		<Tag>TXT_KEY_CITY_NAME_CHACO_CANYON</Tag>
		<English>Chaco Canyon</English>
<L1 /><L2 /><L3 /><L4 />
		<Chinese>&#x67E5;&#x79D1;&#x5CE1;&#x8C37;</Chinese>
	</TEXT>
	<TEXT>
		<Tag>TXT_KEY_CITY_NAME_MESA_VERDE</Tag>
		<English>Mesa Verde</English>
<L1 /><L2 /><L3 /><L4 />
		<Chinese>&#x6885;&#x838E;&#x5F17;&#x5FB7;</Chinese>
	</TEXT>
	<TEXT>
		<Tag>TXT_KEY_CITY_NAME_SNAKETOWN</Tag>
		<English>Snaketown</English>
<L1 /><L2 /><L3 /><L4 />
		<Chinese>&#x65AF;&#x5185;&#x514B;&#x6566;</Chinese>
	</TEXT>
	<TEXT>
		<Tag>TXT_KEY_CITY_NAME_SPIRO</Tag>
		<English>Spiro</English>
<L1 /><L2 /><L3 /><L4 />
		<Chinese>&#x65AF;&#x76AE;&#x6D1B;</Chinese>
	</TEXT>
	<TEXT>
		<Tag>TXT_KEY_CITY_NAME_MOUNDVILLE</Tag>
		<English>Moundville</English>
<L1 /><L2 /><L3 /><L4 />
		<Chinese>&#x8292;&#x5FB7;&#x7EF4;&#x5C14;</Chinese>
	</TEXT>
	<TEXT>
		<Tag>TXT_KEY_CITY_NAME_NACOGDOCHES</Tag>
		<English>Nacogdoches</English>
<L1 /><L2 /><L3 /><L4 />
		<Chinese>&#x7EB3;&#x79D1;&#x591A;&#x5947;&#x65AF;</Chinese>
	</TEXT>
	<TEXT>
		<Tag>TXT_KEY_CITY_NAME_NANIH_WAIYA</Tag>
		<English>Nanih Waiya</English>
<L1 /><L2 /><L3 /><L4 />
		<Chinese>&#x7EB3;&#x5C3C;&#x8D6B;-&#x5A01;&#x4E9A;</Chinese>
	</TEXT>
	<TEXT>
		<Tag>TXT_KEY_CITY_NAME_ANHAICA</Tag>
		<English>Anhaica</English>
<L1 /><L2 /><L3 /><L4 />
		<Chinese>&#x5B89;&#x6D77;&#x5361;</Chinese>
	</TEXT>
	<TEXT>
		<Tag>TXT_KEY_CITY_NAME_ETOWAH</Tag>
		<English>Etowah</English>
<L1 /><L2 /><L3 /><L4 />
		<Chinese>&#x57C3;&#x6258;&#x74E6;</Chinese>
	</TEXT>
	<TEXT>
		<Tag>TXT_KEY_CITY_NAME_OCMULGEE</Tag>
		<English>Ocmulgee</English>
<L1 /><L2 /><L3 /><L4 />
		<Chinese>&#x5965;&#x514B;&#x7A46;&#x5C14;&#x5409;</Chinese>
	</TEXT>
	<TEXT>
		<Tag>TXT_KEY_CITY_NAME_KITUHWA</Tag>
		<English>Kituhwa</English>
<L1 /><L2 /><L3 /><L4 />
		<Chinese>&#x57FA;&#x56FE;&#x8D6B;&#x74E6;</Chinese>
	</TEXT>
	<TEXT>
		<Tag>TXT_KEY_CITY_NAME_FORT_ANCIENT</Tag>
		<English>Fort Ancient</English>
<L1 /><L2 /><L3 /><L4 />
		<Chinese>&#x53E4;&#x5821;</Chinese>
	</TEXT>
	<TEXT>
		<Tag>TXT_KEY_CITY_NAME_ONONDAGA</Tag>
		<English>Onondaga</English>
<L1 /><L2 /><L3 /><L4 />
		<Chinese>&#x6B27;&#x519C;&#x8FBE;&#x52A0;</Chinese>
	</TEXT>
	<TEXT>
		<Tag>TXT_KEY_CITY_NAME_BAWATING</Tag>
		<English>Bawating</English>
<L1 /><L2 /><L3 /><L4 />
		<Chinese>&#x5DF4;&#x74E6;&#x5EF7;</Chinese>
	</TEXT>
	<TEXT>
		<Tag>TXT_KEY_CITY_NAME_ACOMA</Tag>
		<English>Acoma</English>
<L1 /><L2 /><L3 /><L4 />
		<Chinese>&#x963F;&#x79D1;&#x9A6C;</Chinese>
	</TEXT>
	<TEXT>
		<Tag>TXT_KEY_CITY_NAME_NAMBE</Tag>
		<English>Nambe</English>
<L1 /><L2 /><L3 /><L4 />
		<Chinese>&#x7EB3;&#x59C6;&#x8D1D;</Chinese>
	</TEXT>
	<TEXT>
		<Tag>TXT_KEY_CITY_NAME_HOVENSWEEP</Tag>
		<English>Hovenweep</English>
<L1 /><L2 /><L3 /><L4 />
		<Chinese>&#x970D;&#x82AC;&#x5A01;&#x666E;</Chinese>
	</TEXT>
	<TEXT>
		<Tag>TXT_KEY_CITY_NAME_CASA_GRANDE</Tag>
		<English>Casa Grande</English>
<L1 /><L2 /><L3 /><L4 />
		<Chinese>&#x5361;&#x8428;-&#x683C;&#x5170;&#x5FB7;</Chinese>
	</TEXT>
	<TEXT>
		<Tag>TXT_KEY_CITY_NAME_CRIEL</Tag>
		<English>Criel</English>
<L1 /><L2 /><L3 /><L4 />
		<Chinese>&#x514B;&#x91CC;&#x57C3;&#x5C14;</Chinese>
	</TEXT>
	<TEXT>
		<Tag>TXT_KEY_CITY_NAME_JOARA</Tag>
		<English>Joara</English>
<L1 /><L2 /><L3 /><L4 />
		<Chinese>&#x4E54;&#x4E9A;&#x62C9;</Chinese>
	</TEXT>
	<TEXT>
		<Tag>TXT_KEY_CITY_NAME_LAKE_JACKSON</Tag>
		<English>Lake Jackson</English>
<L1 /><L2 /><L3 /><L4 />
		<Chinese>&#x6770;&#x514B;&#x900A;&#x6E56;</Chinese>
	</TEXT>
	<TEXT>
		<Tag>TXT_KEY_CITY_NAME_CHOTA</Tag>
		<English>Chota</English>
<L1 /><L2 /><L3 /><L4 />
		<Chinese>&#x67E5;&#x5854;</Chinese>
	</TEXT>
	<TEXT>
		<Tag>TXT_KEY_CITY_NAME_ONEIDA</Tag>
		<English>Oneida</English>
<L1 /><L2 /><L3 /><L4 />
		<Chinese>&#x6B27;&#x5185;&#x8FBE;</Chinese>
	</TEXT>
	<TEXT>
		<Tag>TXT_KEY_CITY_NAME_LOGSTOWN</Tag>
		<English>Logstown</English>
<L1 /><L2 /><L3 /><L4 />
		<Chinese>&#x6D1B;&#x683C;&#x65AF;&#x6566;</Chinese>
	</TEXT>
	<TEXT>
		<Tag>TXT_KEY_CITY_NAME_FIVE_FINGER_RIDGE</Tag>
		<English>Five Finger Ridge</English>
<L1 /><L2 /><L3 /><L4 />
		<Chinese>&#x4E94;&#x6307;&#x5CAD;</Chinese>
	</TEXT>
	<TEXT>
		<Tag>TXT_KEY_CITY_NAME_FRIJOLES_CANYON</Tag>
		<English>Frijoles Canyon</English>
<L1 /><L2 /><L3 /><L4 />
		<Chinese>&#x5F17;&#x5229;&#x4E54;&#x5C14;&#x65AF;&#x5CE1;&#x8C37;</Chinese>
	</TEXT>
	<TEXT>
		<Tag>TXT_KEY_CITY_NAME_PUYE_CLIFF</Tag>
		<English>Puye Cliff</English>
<L1 /><L2 /><L3 /><L4 />
		<Chinese>&#x666E;&#x8036;&#x5CA9;&#x58C1;</Chinese>
	</TEXT>
	<TEXT>
		<Tag>TXT_KEY_CITY_NAME_KIET_SIEL</Tag>
		<English>Kiet Siel</English>
<L1 /><L2 /><L3 /><L4 />
		<Chinese>&#x57FA;&#x8036;&#x7279;-&#x8C22;&#x5C14;</Chinese>
	</TEXT>
	<TEXT>
		<Tag>TXT_KEY_CITY_NAME_MONTEZUMA_CASTLE</Tag>
		<English>Montezuma Castle</English>
<L1 /><L2 /><L3 /><L4 />
		<Chinese>&#x8499;&#x7279;&#x7956;&#x739B;&#x5821;</Chinese>
	</TEXT>
	<TEXT>
		<Tag>TXT_KEY_CITY_NAME_WICKLIFFE</Tag>
		<English>Wickliffe</English>
<L1 /><L2 /><L3 /><L4 />
		<Chinese>&#x5A01;&#x514B;&#x5229;&#x5F17;</Chinese>
	</TEXT>
	<TEXT>
		<Tag>TXT_KEY_CITY_NAME_AZTALAN</Tag>
		<English>Aztalan</English>
<L1 /><L2 /><L3 /><L4 />
		<Chinese>&#x963F;&#x5179;&#x5854;&#x5170;</Chinese>
	</TEXT>
	<TEXT>
		<Tag>TXT_KEY_CITY_NAME_ANGEL_MOUNDS</Tag>
		<English>Angel Mounds</English>
<L1 /><L2 /><L3 /><L4 />
		<Chinese>&#x5B89;&#x742A;&#x5C14;&#x8292;&#x5FB7;</Chinese>
	</TEXT>
	<TEXT>
		<Tag>TXT_KEY_CITY_NAME_TSIREGE</Tag>
		<English>Tsirege</English>
<L1 /><L2 /><L3 /><L4 />
		<Chinese>&#x8328;&#x5217;&#x683C;</Chinese>
	</TEXT>
	<TEXT>
		<Tag>TXT_KEY_CITY_NAME_TAOS</Tag>
		<English>Taos</English>
<L1 /><L2 /><L3 /><L4 />
		<Chinese>&#x9676;&#x65AF;</Chinese>
	</TEXT>
	<TEXT>
		<Tag>TXT_KEY_CITY_NAME_ZUNI</Tag>
		<English>Zuni</English>
<L1 /><L2 /><L3 /><L4 />
		<Chinese>&#x7956;&#x5C3C;</Chinese>
	</TEXT>
	<TEXT>
		<Tag>TXT_KEY_CITY_NAME_TISHOMINGO</Tag>
		<English>Tishomingo</English>
<L1 /><L2 /><L3 /><L4 />
		<Chinese>&#x63D0;&#x4F11;&#x660E;&#x54E5;</Chinese>
	</TEXT>
	<TEXT>
		<Tag>TXT_KEY_CITY_NAME_SHAUGAWAUMIKONG</Tag>
		<English>Shaugawaumikong</English>
<L1 /><L2 /><L3 /><L4 />
		<Chinese>&#x7ECD;&#x52A0;&#x74E6;&#x4E4C;&#x7C73;&#x5B54;</Chinese>
	</TEXT>
	<TEXT>
		<Tag>TXT_KEY_CITY_NAME_ALLUMETTE</Tag>
		<English>Allumette</English>
<L1 /><L2 /><L3 /><L4 />
		<Chinese>&#x963F;&#x9C81;&#x7C73;&#x7279;</Chinese>
	</TEXT>
	<TEXT>
		<Tag>TXT_KEY_CITY_NAME_WENDAKE</Tag>
		<English>Wendake</English>
<L1 /><L2 /><L3 /><L4 />
		<Chinese>&#x6E29;&#x8FBE;&#x514B;</Chinese>
	</TEXT>
	<TEXT>
		<Tag>TXT_KEY_CITY_NAME_NORRIDGEWOCK</Tag>
		<English>Norridgewock</English>
<L1 /><L2 /><L3 /><L4 />
		<Chinese>&#x8BFA;&#x91CC;&#x5409;&#x6C83;&#x514B;</Chinese>
	</TEXT>
	<TEXT>
		<Tag>TXT_KEY_CITY_NAME_MUTSUN</Tag>
		<English>Mutsun</English>
<L1 /><L2 /><L3 /><L4 />
		<Chinese>&#x7A46;&#x7279;&#x6851;</Chinese>
	</TEXT>
	<TEXT>
		<Tag>TXT_KEY_CITY_NAME_OZETTE</Tag>
		<English>Ozette</English>
<L1 /><L2 /><L3 /><L4 />
		<Chinese>&#x6B27;&#x6CFD;&#x7279;</Chinese>
	</TEXT>
	<TEXT>
		<Tag>TXT_KEY_CITY_NAME_ESTIPAH_SKIKIKINI_KOTS</Tag>
		<English>Estipah-skikikini-kots</English>
<L1 /><L2 /><L3 /><L4 />
		<Chinese>&#x91CE;&#x725B;&#x8DF3;&#x5D16;</Chinese>
	</TEXT>
	<TEXT>
		<Tag>TXT_KEY_CITY_NAME_HUECO_TANKS</Tag>
		<English>Hueco Tanks</English>
<L1 /><L2 /><L3 /><L4 />
		<Chinese>&#x970D;&#x79D1;&#x5766;&#x514B;&#x65AF;</Chinese>
	</TEXT>
	<TEXT>
		<Tag>TXT_KEY_CITY_NAME_UKPIAGVIK</Tag>
		<English>Ukpiagvik</English>
<L1 /><L2 /><L3 /><L4 />
		<Chinese>&#x4E4C;&#x79D1;&#x76AE;&#x683C;&#x672A;&#x514B;</Chinese>
	</TEXT>
	<TEXT>
		<Tag>TXT_KEY_CITY_NAME_KETCHIKAN</Tag>
		<English>Ketchikan</English>
<L1 /><L2 /><L3 /><L4 />
		<Chinese>&#x79D1;&#x5951;&#x574E;</Chinese>
	</TEXT>
	<TEXT>
		<Tag>TXT_KEY_CITY_NAME_KUUJJUAQ</Tag>
		<English>Kuujjuaq</English>
<L1 /><L2 /><L3 /><L4 />
		<Chinese>&#x5E93;&#x5409;&#x74E6;&#x514B;</Chinese>
	</TEXT>
	<TEXT>
		<Tag>TXT_KEY_CITY_NAME_VIJAYANAGARA</Tag>
		<English>Vijayanagara</English>
<L1 /><L2 /><L3 /><L4 />
		<Chinese>&#x7EF4;&#x8D3E;&#x4E9A;&#x7EB3;&#x52A0;&#x5C14;</Chinese>
	</TEXT>
	<TEXT>
		<Tag>TXT_KEY_CITY_NAME_PATALIPUTRA</Tag>
		<English>Pataliputra</English>
<L1 /><L2 /><L3 /><L4 />
		<Chinese>&#x6CE2;&#x5412;&#x5229;&#x5F17;</Chinese>
	</TEXT>
	<TEXT>
		<Tag>TXT_KEY_CITY_NAME_AGRA</Tag>
		<English>Agra</English>
<L1 /><L2 /><L3 /><L4 />
		<Chinese>&#x963F;&#x683C;&#x62C9;</Chinese>
	</TEXT>
	<TEXT>
		<Tag>TXT_KEY_CITY_NAME_MADURAI</Tag>
		<English>Madurai</English>
<L1 /><L2 /><L3 /><L4 />
		<Chinese>&#x9A6C;&#x675C;&#x8D56;</Chinese>
	</TEXT>
	<TEXT>
		<Tag>TXT_KEY_CITY_NAME_AHMEDABAD</Tag>
		<English>Ahmedabad</English>
<L1 /><L2 /><L3 /><L4 />
		<Chinese>&#x827E;&#x54C8;&#x8FC8;&#x8FBE;&#x5DF4;&#x5FB7;</Chinese>
	</TEXT>
	<TEXT>
		<Tag>TXT_KEY_CITY_NAME_PRAYAGA</Tag>
		<English>Prayaga</English>
<L1 /><L2 /><L3 /><L4 />
		<Chinese>&#x666E;&#x62C9;&#x4E9A;&#x52A0;</Chinese>
	</TEXT>
	<TEXT>
		<Tag>TXT_KEY_CITY_NAME_AYODHYA</Tag>
		<English>Ayodhya</English>
<L1 /><L2 /><L3 /><L4 />
		<Chinese>&#x963F;&#x5C24;&#x5FB7;&#x4E9A;</Chinese>
	</TEXT>
	<TEXT>
		<Tag>TXT_KEY_CITY_NAME_INDRAPRASTHA</Tag>
		<English>Indraprastha</English>
<L1 /><L2 /><L3 /><L4 />
		<Chinese>&#x56E0;&#x9640;&#x7F57;&#x666E;&#x7F57;&#x65AF;&#x6CF0;</Chinese>
	</TEXT>
	<TEXT>
		<Tag>TXT_KEY_CITY_NAME_MATHURA</Tag>
		<English>Mathura</English>
<L1 /><L2 /><L3 /><L4 />
		<Chinese>&#x9A6C;&#x56FE;&#x62C9;</Chinese>
	</TEXT>
	<TEXT>
		<Tag>TXT_KEY_CITY_NAME_UJJAIN</Tag>
		<English>Ujjain</English>
<L1 /><L2 /><L3 /><L4 />
		<Chinese>&#x4E4C;&#x8D3E;&#x56E0;</Chinese>
	</TEXT>
	<TEXT>
		<Tag>TXT_KEY_CITY_NAME_GULBARGA</Tag>
		<English>Gulbarga</English>
<L1 /><L2 /><L3 /><L4 />
		<Chinese>&#x53E4;&#x5C14;&#x4F2F;&#x52A0;</Chinese>
	</TEXT>
	<TEXT>
		<Tag>TXT_KEY_CITY_NAME_RAJAGRIHA</Tag>
		<English>Rajagriha</English>
<L1 /><L2 /><L3 /><L4 />
		<Chinese>&#x738B;&#x820D;&#x57CE;</Chinese>
	</TEXT>
	<TEXT>
		<Tag>TXT_KEY_CITY_NAME_SRAVASTI</Tag>
		<English>Sravasti</English>
<L1 /><L2 /><L3 /><L4 />
		<Chinese>&#x820D;&#x536B;&#x57CE;</Chinese>
	</TEXT>
	<TEXT>
		<Tag>TXT_KEY_CITY_NAME_TIRUCHIRAPALLI</Tag>
		<English>Tiruchirapalli</English>
<L1 /><L2 /><L3 /><L4 />
		<Chinese>&#x8482;&#x9C81;&#x5409;&#x62C9;&#x4F2F;&#x5229;</Chinese>
	</TEXT>
	<TEXT>
		<Tag>TXT_KEY_CITY_NAME_BODHGAYA</Tag>
		<English>Bodhgaya</English>
<L1 /><L2 /><L3 /><L4 />
		<Chinese>&#x83E9;&#x63D0;&#x8FE6;&#x8036;</Chinese>
	</TEXT>
	<TEXT>
		<Tag>TXT_KEY_CITY_NAME_KUSHINAGAR</Tag>
		<English>Kushinagar</English>
<L1 /><L2 /><L3 /><L4 />
		<Chinese>&#x6D85;&#x69C3;&#x57CE;</Chinese>
	</TEXT>
	<TEXT>
		<Tag>TXT_KEY_CITY_NAME_AMARAVATI</Tag>
		<English>Amaravati</English>
<L1 /><L2 /><L3 /><L4 />
		<Chinese>&#x963F;&#x6469;&#x7F57;&#x6CE2;&#x63D0;</Chinese>
	</TEXT>
	<TEXT>
		<Tag>TXT_KEY_CITY_NAME_GAUR</Tag>
		<English>Gaur</English>
<L1 /><L2 /><L3 /><L4 />
		<Chinese>&#x6208;&#x5C14;</Chinese>
	</TEXT>
	<TEXT>
		<Tag>TXT_KEY_CITY_NAME_GWALIOR</Tag>
		<English>Gwalior</English>
<L1 /><L2 /><L3 /><L4 />
		<Chinese>&#x74DC;&#x5ED6;&#x5C14;</Chinese>
	</TEXT>
	<TEXT>
		<Tag>TXT_KEY_CITY_NAME_DHAKA</Tag>
		<English>Dhaka</English>
<L1 /><L2 /><L3 /><L4 />
		<Chinese>&#x8FBE;&#x5361;</Chinese>
	</TEXT>
	<TEXT>
		<Tag>TXT_KEY_CITY_NAME_JODHPUR</Tag>
		<English>Jodhpur</English>
<L1 /><L2 /><L3 /><L4 />
		<Chinese>&#x4E45;&#x5FB7;&#x666E;&#x5C14;</Chinese>
	</TEXT>
	<TEXT>
		<Tag>TXT_KEY_CITY_NAME_INDORE</Tag>
		<English>Indore</English>
<L1 /><L2 /><L3 /><L4 />
		<Chinese>&#x5370;&#x591A;&#x5C14;</Chinese>
	</TEXT>
	<TEXT>
		<Tag>TXT_KEY_CITY_NAME_KANPUR</Tag>
		<English>Kanpur</English>
<L1 /><L2 /><L3 /><L4 />
		<Chinese>&#x574E;&#x666E;&#x5C14;</Chinese>
	</TEXT>
	<TEXT>
		<Tag>TXT_KEY_CITY_NAME_NAGPUR</Tag>
		<English>Nagpur</English>
<L1 /><L2 /><L3 /><L4 />
		<Chinese>&#x90A3;&#x683C;&#x666E;&#x5C14;</Chinese>
	</TEXT>
	<TEXT>
		<Tag>TXT_KEY_CITY_NAME_MULTAN</Tag>
		<English>Multan</English>
<L1 /><L2 /><L3 /><L4 />
		<Chinese>&#x6728;&#x5C14;&#x5766;</Chinese>
	</TEXT>
	<TEXT>
		<Tag>TXT_KEY_CITY_NAME_SURAT</Tag>
		<English>Surat</English>
<L1 /><L2 /><L3 /><L4 />
		<Chinese>&#x82CF;&#x62C9;&#x7279;</Chinese>
	</TEXT>
	<TEXT>
		<Tag>TXT_KEY_CITY_NAME_BHUBANESHWAR</Tag>
		<English>Bhubaneshwar</English>
<L1 /><L2 /><L3 /><L4 />
		<Chinese>&#x5E03;&#x5DF4;&#x5185;&#x65AF;&#x74E6;&#x5C14;</Chinese>
	</TEXT>
	<TEXT>
		<Tag>TXT_KEY_CITY_NAME_TAMRALIPTA</Tag>
		<English>Tamralipta</English>
<L1 /><L2 /><L3 /><L4 />
		<Chinese>&#x5854;&#x59C6;&#x62C9;&#x5229;&#x666E;&#x5854;</Chinese>
	</TEXT>
	<TEXT>
		<Tag>TXT_KEY_CITY_NAME_VIJAYAWADA</Tag>
		<English>Vijayawada</English>
<L1 /><L2 /><L3 /><L4 />
		<Chinese>&#x7EF4;&#x8D3E;&#x4E9A;&#x74E6;&#x8FBE;</Chinese>
	</TEXT>
	<TEXT>
		<Tag>TXT_KEY_CITY_NAME_MYSORE</Tag>
		<English>Mysore</English>
<L1 /><L2 /><L3 /><L4 />
		<Chinese>&#x8FC8;&#x7D22;&#x5C14;</Chinese>
	</TEXT>
	<TEXT>
		<Tag>TXT_KEY_CITY_NAME_SRIRANGAPATNA</Tag>
		<English>Srirangapatna</English>
<L1 /><L2 /><L3 /><L4 />
		<Chinese>&#x65AF;&#x91CC;&#x4F26;&#x683C;&#x4F2F;&#x7279;&#x7EB3;</Chinese>
	</TEXT>
	<TEXT>
		<Tag>TXT_KEY_CITY_NAME_AMRITSAR</Tag>
		<English>Amritsar</English>
<L1 /><L2 /><L3 /><L4 />
		<Chinese>&#x963F;&#x59C6;&#x5229;&#x5219;</Chinese>
	</TEXT>
	<TEXT>
		<Tag>TXT_KEY_CITY_NAME_SRINAGAR</Tag>
		<English>Srinagar</English>
<L1 /><L2 /><L3 /><L4 />
		<Chinese>&#x65AF;&#x91CC;&#x90A3;&#x52A0;</Chinese>
	</TEXT>
	<TEXT>
		<Tag>TXT_KEY_CITY_NAME_CAMBAY</Tag>
		<English>Cambay</English>
<L1 /><L2 /><L3 /><L4 />
		<Chinese>&#x574E;&#x8D1D;</Chinese>
	</TEXT>
	<TEXT>
		<Tag>TXT_KEY_CITY_NAME_ANHILWARA</Tag>
		<English>Anhilwara</English>
<L1 /><L2 /><L3 /><L4 />
		<Chinese>&#x5B89;&#x5E0C;&#x5C14;&#x74E6;&#x62C9;</Chinese>
	</TEXT>
	<TEXT>
		<Tag>TXT_KEY_CITY_NAME_PAHARPUR</Tag>
		<English>Paharpur</English>
<L1 /><L2 /><L3 /><L4 />
		<Chinese>&#x5E15;&#x54C8;&#x666E;&#x5C14;</Chinese>
	</TEXT>
	<TEXT>
		<Tag>TXT_KEY_CITY_NAME_MAHASTHANGARH</Tag>
		<English>Mahasthangarh</English>
<L1 /><L2 /><L3 /><L4 />
		<Chinese>&#x739B;&#x54C8;&#x73CA;&#x52A0;&#x5C14;</Chinese>
	</TEXT>
	<TEXT>
		<Tag>TXT_KEY_CITY_NAME_GANGAI_KONDA_CHOLAPURAM</Tag>
		<English>Gangai Konda Cholapuram</English>
<L1 /><L2 /><L3 /><L4 />
		<Chinese>&#x7518;&#x76D6;&#x5B54;&#x8FBE;-&#x4E54;&#x62C9;&#x666E;&#x5170;</Chinese>
	</TEXT>
	<TEXT>
		<Tag>TXT_KEY_CITY_NAME_KANCHI</Tag>
		<English>Kanchi</English>
<L1 /><L2 /><L3 /><L4 />
		<Chinese>&#x574E;&#x5947;</Chinese>
	</TEXT>
	<TEXT>
		<Tag>TXT_KEY_CITY_NAME_NAGAPATTINAM</Tag>
		<English>Nagapattinam</English>
<L1 /><L2 /><L3 /><L4 />
		<Chinese>&#x7EB3;&#x52A0;&#x5E15;&#x8482;&#x5357;</Chinese>
	</TEXT>
	<TEXT>
		<Tag>TXT_KEY_CITY_NAME_KAVERIPATTINAM</Tag>
		<English>Kaveripattinam</English>
<L1 /><L2 /><L3 /><L4 />
		<Chinese>&#x5361;&#x7EF4;&#x5229;&#x5E15;&#x8482;&#x5357;</Chinese>
	</TEXT>
	<TEXT>
		<Tag>TXT_KEY_CITY_NAME_KALYANI</Tag>
		<English>Kalyani</English>
<L1 /><L2 /><L3 /><L4 />
		<Chinese>&#x5361;&#x5C14;&#x4E9A;&#x5C3C;</Chinese>
	</TEXT>
	<TEXT>
		<Tag>TXT_KEY_CITY_NAME_DHARWAD</Tag>
		<English>Dharwad</English>
<L1 /><L2 /><L3 /><L4 />
		<Chinese>&#x8FBE;&#x5C14;&#x74E6;&#x5FB7;</Chinese>
	</TEXT>
	<TEXT>
		<Tag>TXT_KEY_CITY_NAME_SALEM</Tag>
		<English>Salem</English>
<L1 /><L2 /><L3 /><L4 />
		<Chinese>&#x8428;&#x96F7;&#x59C6;</Chinese>
	</TEXT>
	<TEXT>
		<Tag>TXT_KEY_CITY_NAME_COIMBATORE</Tag>
		<English>Coimbatore</English>
<L1 /><L2 /><L3 /><L4 />
		<Chinese>&#x79D1;&#x5370;&#x62DC;&#x9640;</Chinese>
	</TEXT>
	<TEXT>
		<Tag>TXT_KEY_CITY_NAME_MASULIPATNAM</Tag>
		<English>Masulipatnam</English>
<L1 /><L2 /><L3 /><L4 />
		<Chinese>&#x739B;&#x82CF;&#x91CC;&#x5E15;&#x8482;&#x5357;</Chinese>
	</TEXT>
	<TEXT>
		<Tag>TXT_KEY_CITY_NAME_BIDAR</Tag>
		<English>Bidar</English>
<L1 /><L2 /><L3 /><L4 />
		<Chinese>&#x6BD4;&#x8FBE;&#x5C14;</Chinese>
	</TEXT>
	<TEXT>
		<Tag>TXT_KEY_CITY_NAME_GOLCONDA</Tag>
		<English>Golconda</English>
<L1 /><L2 /><L3 /><L4 />
		<Chinese>&#x6208;&#x5C14;&#x5B54;&#x8FBE;</Chinese>
	</TEXT>
	<TEXT>
		<Tag>TXT_KEY_CITY_NAME_ELLICHPUR</Tag>
		<English>Ellichpur</English>
<L1 /><L2 /><L3 /><L4 />
		<Chinese>&#x57C3;&#x5229;&#x5947;&#x666E;&#x5C14;</Chinese>
	</TEXT>
	<TEXT>
		<Tag>TXT_KEY_CITY_NAME_WARANGAL</Tag>
		<English>Warangal</English>
<L1 /><L2 /><L3 /><L4 />
		<Chinese>&#x74E6;&#x5170;&#x52A0;&#x5C14;</Chinese>
	</TEXT>
	<TEXT>
		<Tag>TXT_KEY_CITY_NAME_HALEBID</Tag>
		<English>Halebid</English>
<L1 /><L2 /><L3 /><L4 />
		<Chinese>&#x54C8;&#x52D2;&#x6BD4;&#x5FB7;</Chinese>
	</TEXT>
	<TEXT>
		<Tag>TXT_KEY_CITY_NAME_PRATISHTHANA</Tag>
		<English>Pratishthana</English>
<L1 /><L2 /><L3 /><L4 />
		<Chinese>&#x666E;&#x62C9;&#x63D0;&#x4EC0;&#x8428;&#x90A3;</Chinese>
	</TEXT>
	<TEXT>
		<Tag>TXT_KEY_CITY_NAME_BIJAPUR</Tag>
		<English>Bijapur</English>
<L1 /><L2 /><L3 /><L4 />
		<Chinese>&#x6BD4;&#x8D3E;&#x666E;&#x5C14;</Chinese>
	</TEXT>
	<TEXT>
		<Tag>TXT_KEY_CITY_NAME_SOLAPUR</Tag>
		<English>Solapur</English>
<L1 /><L2 /><L3 /><L4 />
		<Chinese>&#x7D22;&#x62C9;&#x666E;&#x5C14;</Chinese>
	</TEXT>
	<TEXT>
		<Tag>TXT_KEY_CITY_NAME_BHARUCH</Tag>
		<English>Bharuch</English>
<L1 /><L2 /><L3 /><L4 />
		<Chinese>&#x5E03;&#x7F57;&#x5947;</Chinese>
	</TEXT>
	<TEXT>
		<Tag>TXT_KEY_CITY_NAME_MANGALORE</Tag>
		<English>Mangalore</English>
<L1 /><L2 /><L3 /><L4 />
		<Chinese>&#x66FC;&#x52A0;&#x7F57;&#x5C14;</Chinese>
	</TEXT>
	<TEXT>
		<Tag>TXT_KEY_CITY_NAME_DHAR</Tag>
		<English>Dhar</English>
<L1 /><L2 /><L3 /><L4 />
		<Chinese>&#x8FBE;&#x5C14;</Chinese>
	</TEXT>
	<TEXT>
		<Tag>TXT_KEY_CITY_NAME_AMBER</Tag>
		<English>Amber</English>
<L1 /><L2 /><L3 /><L4 />
		<Chinese>&#x5B89;&#x8D1D;&#x5C14;</Chinese>
	</TEXT>
	<TEXT>
		<Tag>TXT_KEY_CITY_NAME_CHITTOR</Tag>
		<English>Chittor</English>
<L1 /><L2 /><L3 /><L4 />
		<Chinese>&#x5947;&#x6258;&#x5C14;</Chinese>
	</TEXT>
	<TEXT>
		<Tag>TXT_KEY_CITY_NAME_BADORA</Tag>
		<English>Badora</English>
<L1 /><L2 /><L3 /><L4 />
		<Chinese>&#x5DF4;&#x591A;&#x62C9;</Chinese>
	</TEXT>
	<TEXT>
		<Tag>TXT_KEY_CITY_NAME_KALPI</Tag>
		<English>Kalpi</English>
<L1 /><L2 /><L3 /><L4 />
		<Chinese>&#x5361;&#x5C14;&#x76AE;</Chinese>
	</TEXT>
	<TEXT>
		<Tag>TXT_KEY_CITY_NAME_BELUR</Tag>
		<English>Belur</English>
<L1 /><L2 /><L3 /><L4 />
		<Chinese>&#x8D1D;&#x5362;&#x5C14;</Chinese>
	</TEXT>
	<TEXT>
		<Tag>TXT_KEY_CITY_NAME_NAINITAL</Tag>
		<English>Nainital</English>
<L1 /><L2 /><L3 /><L4 />
		<Chinese>&#x5948;&#x5C3C;&#x5854;&#x5C14;</Chinese>
	</TEXT>
	<TEXT>
		<Tag>TXT_KEY_CITY_NAME_JABALPUR</Tag>
		<English>Jabalpur</English>
<L1 /><L2 /><L3 /><L4 />
		<Chinese>&#x8D3E;&#x5DF4;&#x5C14;&#x666E;&#x5C14;</Chinese>
	</TEXT>
	<TEXT>
		<Tag>TXT_KEY_CITY_NAME_RANCHI</Tag>
		<English>Ranchi</English>
<L1 /><L2 /><L3 /><L4 />
		<Chinese>&#x5170;&#x5951;</Chinese>
	</TEXT>
	<TEXT>
		<Tag>TXT_KEY_CITY_NAME_RAIPUR</Tag>
		<English>Raipur</English>
<L1 /><L2 /><L3 /><L4 />
		<Chinese>&#x8D56;&#x666E;&#x5C14;</Chinese>
	</TEXT>
	<TEXT>
		<Tag>TXT_KEY_CITY_NAME_BOGRA</Tag>
		<English>Bogra</English>
<L1 /><L2 /><L3 /><L4 />
		<Chinese>&#x4F2F;&#x683C;&#x62C9;</Chinese>
	</TEXT>
	<TEXT>
		<Tag>TXT_KEY_CITY_NAME_IMPHAL</Tag>
		<English>Imphal</English>
<L1 /><L2 /><L3 /><L4 />
		<Chinese>&#x56E0;&#x5E15;&#x5C14;</Chinese>
	</TEXT>
	<TEXT>
		<Tag>TXT_KEY_CITY_NAME_CHANDIGARH</Tag>
		<English>Chandigarh</English>
<L1 /><L2 /><L3 /><L4 />
		<Chinese>&#x660C;&#x8FEA;&#x52A0;&#x5C14;</Chinese>
	</TEXT>
</Civ4GameText>
