<?xml version="1.0" encoding="GB2312"?>
<!-- edited with XMLSPY v2004 rel. 2 U (http://www.xmlspy.com) by lcollins (Firaxis Games) -->
<!-- freesand leo -->
<Civ4GameText xmlns="http://www.firaxis.com">
	<TEXT>
		<Tag>TXT_KEY_FINANCE_ADVISOR_CITY_MAINT_COST</Tag>
		<English>[NEWLINE]%d1[ICON_GOLD]: Distance Maintenance[NEWLINE]%d2[ICON_GOLD]: Number of Cities Maintenance[NEWLINE]%d3[ICON_GOLD]: Colony Expenses[NEWLINE]%d4[ICON_GOLD]: Corporation Payments[NEWLINE]------------------------[NEWLINE]------------------------[NEWLINE]TOTAL CITY MAINTENANCE COST: %d5[ICON_GOLD]</English>
<L1 /><L2 /><L3 /><L4 />
		<Chinese>[NEWLINE]%d1[ICON_GOLD]: &#x57CE;&#x5E02;&#x8DDD;&#x79BB;&#x7EF4;&#x62A4;&#x8D39;[NEWLINE]%d2[ICON_GOLD]: &#x57CE;&#x5E02;&#x6570;&#x91CF;&#x7EF4;&#x62A4;&#x8D39;[NEWLINE]%d3[ICON_GOLD]: &#x6B96;&#x6C11;&#x5730;&#x7EF4;&#x62A4;&#x8D39;[NEWLINE]%d4[ICON_GOLD]: &#x516C;&#x53F8;&#x7EF4;&#x62A4;&#x8D39;[NEWLINE]------------------------[NEWLINE]------------------------[NEWLINE]&#x57CE;&#x5E02;&#x7EF4;&#x62A4;&#x8D39;&#x603B;&#x8BA1;: %d5[ICON_GOLD]</Chinese>
	</TEXT>
	<TEXT>
		<Tag>TXT_KEY_TECH_COMPUTERS_STRATEGY</Tag>
		<English>[COLOR_TECH_TEXT]Computers[COLOR_REVERT] enables the construction of the [COLOR_PROJECT_TEXT]Internet[COLOR_REVERT] project and the powerful  [COLOR_UNIT_TEXT]Modern Armor[COLOR_REVERT]. It also obsoletes [COLOR_BUILDING_TEXT]Angkor Wat[COLOR_REVERT], [COLOR_BUILDING_TEXT]The University of Sankore[COLOR_REVERT] and [COLOR_BUILDING_TEXT]The Spiral Minaret[COLOR_REVERT].</English>
<L1 /><L2 /><L3 /><L4 />
		<Chinese>[COLOR_TECH_TEXT]&#x7535;&#x5B50;&#x8BA1;&#x7B97;&#x673A;[COLOR_REVERT]&#x5141;&#x8BB8;&#x5EFA;&#x9020;[COLOR_PROJECT_TEXT]&#x56E0;&#x7279;&#x7F51;[COLOR_REVERT]&#x5DE5;&#x7A0B;&#x548C;&#x5F3A;&#x5927;&#x7684;[COLOR_UNIT_TEXT]&#x4E3B;&#x6218;&#x5766;&#x514B;[COLOR_REVERT]&#x3002;&#x5E76;&#x4F7F;[COLOR_BUILDING_TEXT]&#x5434;&#x54E5;&#x7A9F;[COLOR_REVERT]&#x3001;[COLOR_BUILDING_TEXT]&#x6851;&#x79D1;&#x96F7;&#x5927;&#x5B66;[COLOR_REVERT]&#x548C;[COLOR_BUILDING_TEXT]&#x87BA;&#x65CB;&#x5C16;&#x5854;[COLOR_REVERT]&#x8FC7;&#x65F6;&#x3002;</Chinese>
	</TEXT>
	<TEXT>
		<Tag>TXT_KEY_BUILDING_PENTAGON_STRATEGY</Tag>
		<English>Once the [COLOR_BUILDING_TEXT]Pentagon[COLOR_REVERT] is built, all new units built in your civilization receive two experience points and increases the chance that its city more likely to generate a [COLOR_UNIT_TEXT]Great Spy[COLOR_REVERT].</English>
<L1 /><L2 /><L3 /><L4 />
		<Chinese>&#x4E00;&#x65E6;&#x5EFA;&#x6210;[COLOR_BUILDING_TEXT]&#x4E94;&#x89D2;&#x5927;&#x697C;[COLOR_REVERT]&#xFF0C;&#x4F60;&#x6240;&#x6709;&#x65B0;&#x7EC4;&#x5EFA;&#x7684;&#x5355;&#x4F4D;&#x5C06;&#x83B7;&#x5F97;&#x4E24;&#x4E2A;&#x521D;&#x59CB;&#x7ECF;&#x9A8C;&#x70B9;&#x3002;&#x5E76;&#x4F7F;&#x57CE;&#x5E02;&#x66F4;&#x6709;&#x53EF;&#x80FD;&#x4EA7;&#x751F;[COLOR_UNIT_TEXT]&#x5927;&#x95F4;&#x8C0D;[COLOR_REVERT]&#x3002;</Chinese>
	</TEXT>
	<TEXT>
		<Tag>TXT_KEY_BUILDING_GREAT_PALACE_STRATEGY</Tag>
		<English>The [COLOR_BUILDING_TEXT]Forbidden Palace[COLOR_REVERT] reduces the maintenance costs in nearby cities; it also increases the chance of generating a [COLOR_UNIT_TEXT]Great Spy[COLOR_REVERT].</English>
<L1 /><L2 /><L3 /><L4 />
		<Chinese>[COLOR_BUILDING_TEXT]&#x7D2B;&#x7981;&#x57CE;[COLOR_REVERT]&#x80FD;&#x51CF;&#x5C11;&#x9644;&#x8FD1;&#x57CE;&#x5E02;&#x7684;&#x7EF4;&#x62A4;&#x8D39;&#xFF1B;&#x5E76;&#x80FD;&#x63D0;&#x5347;&#x4EA7;&#x751F;[COLOR_UNIT_TEXT]&#x5927;&#x95F4;&#x8C0D;[COLOR_REVERT]&#x7684;&#x51E0;&#x7387;&#x3002;</Chinese>
	</TEXT>
	<TEXT>
		<Tag>TXT_KEY_BUILDING_KREMLIN_STRATEGY</Tag>
		<English>The [COLOR_BUILDING_TEXT]Kremlin[COLOR_REVERT] reduces the cost of hurrying production and it increases its city's chances of generating [COLOR_UNIT_TEXT]Great Spies[COLOR_REVERT].</English>
<L1 /><L2 /><L3 /><L4 />
		<Chinese>[COLOR_BUILDING_TEXT]&#x514B;&#x91CC;&#x59C6;&#x6797;&#x5BAB;[COLOR_REVERT]&#x53EF;&#x51CF;&#x5C11;&#x52A0;&#x901F;&#x751F;&#x4EA7;&#x7684;&#x82B1;&#x8D39;&#x5E76;&#x53EF;&#x63D0;&#x5347;&#x57CE;&#x5E02;&#x4EA7;&#x751F;[COLOR_UNIT_TEXT]&#x5927;&#x95F4;&#x8C0D;[COLOR_REVERT]&#x7684;&#x51E0;&#x7387;&#x3002;</Chinese>
	</TEXT>
	<TEXT>
		<Tag>TXT_KEY_BUILDING_WEST_POINT_STRATEGY</Tag>
		<English>All military units built in a city with a [COLOR_BUILDING_TEXT]West Point[COLOR_REVERT] building begin with four additional experience points. Further, its city is more likely to generate a [COLOR_UNIT_TEXT]Great Spy[COLOR_REVERT].</English>
<L1 /><L2 /><L3 /><L4 />
		<Chinese>&#x5728;&#x62E5;&#x6709;[COLOR_BUILDING_TEXT]&#x897F;&#x70B9;&#x519B;&#x6821;[COLOR_REVERT]&#x7684;&#x57CE;&#x5E02;&#x7EC4;&#x5EFA;&#x7684;&#x519B;&#x4E8B;&#x5355;&#x4F4D;&#x62E5;&#x6709;&#x56DB;&#x4E2A;&#x521D;&#x59CB;&#x7ECF;&#x9A8C;&#x70B9;&#x3002;&#x6B64;&#x5916;&#xFF0C;&#x8BE5;&#x57CE;&#x5E02;&#x6709;&#x66F4;&#x5927;&#x7684;&#x51E0;&#x7387;&#x4EA7;&#x751F;[COLOR_UNIT_TEXT]&#x5927;&#x95F4;&#x8C0D;[COLOR_REVERT]&#x3002;</Chinese>
	</TEXT>
	<TEXT>
		<Tag>TXT_KEY_CIVIC_MERCANTILISM_STRATEGY</Tag>
		<English>Free specialist in each city but no foreign trade routes; foreign corporations have no effect</English>
<L1 /><L2 /><L3 /><L4 />
		<Chinese>&#x6240;&#x6709;&#x57CE;&#x5E02;&#x7684;&#x4E13;&#x4E1A;&#x4EBA;&#x5458;&#x514D;&#x8D39;&#xFF0C;&#x4F46;&#x6CA1;&#x6709;&#x56FD;&#x9645;&#x8D38;&#x6613;&#x7EBF;&#x8DEF;&#xFF1B;&#x7981;&#x6B62;&#x5916;&#x56FD;&#x516C;&#x53F8;&#x7684;&#x8FD0;&#x4F5C;&#x3002;</Chinese>
	</TEXT>
	<TEXT>
		<Tag>TXT_KEY_CIVIC_POLICE_STATE_STRATEGY</Tag>
		<English>Faster military unit production; less war anger; increased espionage output</English>
<L1 /><L2 /><L3 /><L4 />
		<Chinese>&#x52A0;&#x5FEB;&#x519B;&#x4E8B;&#x5355;&#x4F4D;&#x5EFA;&#x9020;&#x901F;&#x5EA6;&#xFF1B;&#x51CF;&#x5C11;&#x538C;&#x6218;&#x60C5;&#x7EEA;&#xFF1B;&#x589E;&#x52A0;&#x8C0D;&#x62A5;&#x70B9;&#x6570;&#x4EA7;&#x51FA;&#x3002;</Chinese>
	</TEXT>
	<TEXT>
		<Tag>TXT_KEY_CIVIC_STATE_PROPERTY_STRATEGY</Tag>
		<English>No maintenance penalty for distance to Palace; increased food production from workshops and watermills; corporations have no effect</English>
<L1 /><L2 /><L3 /><L4 />
		<Chinese>&#x53D6;&#x6D88;&#x9065;&#x8FDC;&#x5730;&#x533A;&#x7684;&#x7EF4;&#x62A4;&#x8D39;&#x60E9;&#x7F5A;&#xFF1B;&#x589E;&#x52A0;&#x6765;&#x81EA;&#x5DE5;&#x573A;&#x548C;&#x6C34;&#x529B;&#x78E8;&#x574A;&#x7684;&#x98DF;&#x7269;&#x4EA7;&#x51FA;&#xFF1B;&#x7981;&#x6B62;&#x6240;&#x6709;&#x516C;&#x53F8;&#x7684;&#x8FD0;&#x4F5C;&#x3002;</Chinese>
	</TEXT>
	<TEXT>
		<Tag>TXT_KEY_BUILDING_COURTHOUSE_STRATEGY</Tag>
		<English>[COLOR_BUILDING_TEXT]Courthouses[COLOR_REVERT] lower city maintenance costs, provide you with a bonus to espionage and are required to build the [COLOR_BUILDING_TEXT]Forbidden Palace[COLOR_REVERT] national wonder. [COLOR_BUILDING_TEXT]Courthouses[COLOR_REVERT] help manage the cost of controlling large empires. </English>
<L1 /><L2 /><L3 /><L4 />
		<Chinese>[COLOR_BUILDING_TEXT]&#x6CD5;&#x5EAD;[COLOR_REVERT]&#x964D;&#x4F4E;&#x57CE;&#x5E02;&#x7EF4;&#x62A4;&#x8D39;&#xFF0C;&#x589E;&#x52A0;&#x8C0D;&#x62A5;&#x70B9;&#x6570;&#x4EA7;&#x51FA;&#xFF0C;&#x5E76;&#x662F;&#x5EFA;&#x9020;[COLOR_BUILDING_TEXT]&#x7D2B;&#x7981;&#x57CE;[COLOR_REVERT]&#x56FD;&#x5BB6;&#x5947;&#x89C2;&#x7684;&#x524D;&#x63D0;.[COLOR_BUILDING_TEXT]&#x6CD5;&#x5EAD;[COLOR_REVERT]&#x53EF;&#x5E2E;&#x52A9;&#x7EF4;&#x6301;&#x5E7F;&#x9614;&#x7684;&#x5E1D;&#x56FD;&#x3002;</Chinese>
	</TEXT>
	<TEXT>
		<Tag>TXT_KEY_BUILDING_CASTLE_STRATEGY</Tag>
		<English>[COLOR_BUILDING_TEXT]Castles[COLOR_REVERT] increase your city's defenses against pre-gunpowder units, increase espionage output and generate a small amount of culture. Build them in cities near enemy civilizations.</English>
<L1 /><L2 /><L3 /><L4 />
		<Chinese>[COLOR_BUILDING_TEXT]&#x57CE;&#x5821;[COLOR_REVERT]&#x63D0;&#x5347;&#x57CE;&#x5E02;&#x5BF9;&#x706B;&#x5668;&#x65F6;&#x4EE3;&#x4EE5;&#x524D;&#x5355;&#x4F4D;&#x7684;&#x9632;&#x5FA1;&#x80FD;&#x529B;&#xFF0C;&#x589E;&#x52A0;&#x8C0D;&#x62A5;&#x70B9;&#x6570;&#x4EA7;&#x51FA;&#xFF0C;&#x5E76;&#x80FD;&#x79EF;&#x7D2F;&#x5C11;&#x91CF;&#x6587;&#x5316;&#x503C;&#x3002;&#x53EF;&#x5728;&#x8FB9;&#x5883;&#x57CE;&#x5E02;&#x5EFA;&#x9020;&#x3002;</Chinese>
	</TEXT>
	<TEXT>
		<Tag>TXT_KEY_BUILDING_JAIL_STRATEGY</Tag>
		<English>[COLOR_BUILDING_TEXT]Jails[COLOR_REVERT] lower a city's [COLOR_HIGHLIGHT_TEXT]War Weariness[COLOR_REVERT] and increase espionage significantly. Build them if you are involved in a long war and your citizens are starting to complain.</English>
<L1 /><L2 /><L3 /><L4 />
		<Chinese>[COLOR_BUILDING_TEXT]&#x76D1;&#x72F1;[COLOR_REVERT]&#x51CF;&#x5C11;&#x57CE;&#x5E02;&#x7684;[COLOR_HIGHLIGHT_TEXT]&#x538C;&#x6218;&#x60C5;&#x7EEA;[COLOR_REVERT]&#xFF0C;&#x5E76;&#x589E;&#x52A0;&#x8C0D;&#x62A5;&#x70B9;&#x6570;&#x4EA7;&#x51FA;&#x3002;&#x53EF;&#x5728;&#x8981;&#x5377;&#x5165;&#x957F;&#x671F;&#x6218;&#x4E89;&#x65F6;&#xFF0C;&#x6216;&#x5728;&#x5E02;&#x6C11;&#x63D0;&#x51FA;&#x8981;&#x6C42;&#x65F6;&#x5EFA;&#x9020;&#x3002;</Chinese>
	</TEXT>
	<TEXT>
		<Tag>TXT_KEY_MISC_YOU_CIRC_GLOBE</Tag>
		<English>Your maps have proven that the world is round! Your ships receive a %D1_Change Movement bonus.</English>
<L1 /><L2 /><L3 /><L4 />
		<Chinese>&#x4F60;&#x901A;&#x8FC7;&#x63A2;&#x7D22;&#x8BC1;&#x660E;&#x4E86;&#x4E16;&#x754C;&#x662F;&#x5706;&#x5F62;&#x7684;&#xFF01;&#x4F60;&#x7684;&#x8239;&#x53EA;&#x5C06;&#x83B7;&#x5F97;%D1_Change&#x79FB;&#x52A8;&#x529B;&#x5956;&#x52B1;&#x3002;</Chinese>
	</TEXT>
	<TEXT>
		<Tag>TXT_KEY_MISC_SOMEONE_CIRC_GLOBE</Tag>
		<English>%s1_PlyrName has proven that the world is round!</English>
<L1 /><L2 /><L3 /><L4 />
		<Chinese>%s1_PlyrName&#x901A;&#x8FC7;&#x63A2;&#x7D22;&#x8BC1;&#x660E;&#x4E86;&#x4E16;&#x754C;&#x662F;&#x5706;&#x5F62;&#x7684;&#xFF01;</Chinese>
	</TEXT>
	<TEXT>
		<Tag>TXT_KEY_UNIT_CANNOT_CAPTURE</Tag>
		<English>[ICON_BULLET]Cannot Capture Enemy Cities or Units</English>
<L1 /><L2 /><L3 /><L4 />
		<Chinese>[ICON_BULLET]&#x4E0D;&#x80FD;&#x5360;&#x9886;&#x57CE;&#x5E02;&#x6216;&#x6355;&#x83B7;&#x5355;&#x4F4D;</Chinese>
	</TEXT>
	<TEXT>
		<Tag>TXT_KEY_IMPROVEMENT_PILLAGE_YIELDS</Tag>
		<English>[ICON_BULLET]Pillage yields %d1_Num[ICON_GOLD] on average</English>
<L1 /><L2 /><L3 /><L4 />
		<Chinese>[ICON_BULLET]&#x8FDB;&#x884C;&#x52AB;&#x63A0;&#x5E73;&#x5747;&#x53EF;&#x83B7;&#x5F97; %d1_Num[ICON_GOLD]</Chinese>
	</TEXT>
	<TEXT>
		<Tag>TXT_KEY_UNIT_SPY_STRATEGY</Tag>
		<English>Use the [COLOR_UNIT_TEXT]Spy[COLOR_REVERT] to explore enemy territory and perform [COLOR_HIGHLIGHT_TEXT]Espionage Missions[COLOR_REVERT].</English>
<L1 /><L2 /><L3 /><L4 />
		<Chinese>&#x7EC4;&#x5EFA;[COLOR_UNIT_TEXT]&#x95F4;&#x8C0D;[COLOR_REVERT]&#x67E5;&#x63A2;&#x654C;&#x65B9;&#x9886;&#x571F;&#x3002;&#x5E76;&#x53EF;&#x5B9E;&#x65BD;[COLOR_HIGHLIGHT_TEXT]&#x8C0D;&#x62A5;&#x4EFB;&#x52A1;[COLOR_REVERT]&#x3002;</Chinese>
	</TEXT>
	<TEXT>
		<Tag>TXT_KEY_CORPORATION_ALL_CITIES</Tag>
		<English>[ICON_BULLET]All Cities: %s1_yield_symbols per resource consumed</English>
<L1 /><L2 /><L3 /><L4 />
		<Chinese>[ICON_BULLET]&#x6240;&#x6709;&#x57CE;&#x5E02;: &#x6BCF;&#x79CD;&#x5BF9;&#x5E94;&#x8D44;&#x6E90; %s1_yield_symbols</Chinese>
	</TEXT>
	<TEXT>
		<Tag>TXT_KEY_UNIT_JAPAN_SAMURAI_STRATEGY</Tag>
		<English>This powerful melee combat unit (the Japanese replacement for the [COLOR_UNIT_TEXT]Maceman[COLOR_REVERT]) is special because it gets 2 first strikes, starts with the [COLOR_HIGHLIGHT_TEXT]Drill I[COLOR_REVERT] promotion and is particularly effective against other melee units.</English>
<L1 /><L2 /><L3 /><L4 />
		<Chinese>&#x8FD9;&#x662F;&#x65E5;&#x672C;&#x7684;&#x7279;&#x8272;&#x8089;&#x640F;&#x5355;&#x4F4D;&#xFF08;&#x66FF;&#x4EE3;[COLOR_UNIT_TEXT]&#x9489;&#x9524;&#x624B;[COLOR_REVERT]&#xFF09;&#xFF0C;&#x5177;&#x6709;2&#x4E2A;&#x5148;&#x53D1;&#x6253;&#x51FB;&#x70B9;&#x6570;&#xFF0C;&#x5929;&#x7136;&#x62E5;&#x6709;[COLOR_HIGHLIGHT_TEXT]&#x64CD;&#x7EC3;&#x4E00;&#x7EA7;[COLOR_REVERT]&#x664B;&#x5347;&#xFF0C;&#x7279;&#x522B;&#x9002;&#x7528;&#x4E8E;&#x5BF9;&#x4ED8;&#x5176;&#x4ED6;&#x8089;&#x640F;&#x5355;&#x4F4D;&#x3002;</Chinese>
	</TEXT>
	<TEXT>
		<Tag>TXT_KEY_UNIT_WORKER_PEDIA</Tag>
		<English>[TAB]The majority of people in all civilizations throughout time have been workers. Whether engaged in farming, commerce, or industry, their actions form the economic infrastructure without which no nation can succeed. Over time, the endless activity of workers has reshaped the very surface of the land by mining hills, cutting down huge stretches of forest, and irrigating hostile terrain into fertile farmland. By the late 20th century it had become apparent that excessive deforestation and pollution from heavy industry posed a threat to the world's environment. </English>
<L1 /><L2 /><L3 /><L4 />
		<Chinese>&#x5728;&#x4EFB;&#x4F55;&#x6587;&#x660E;&#x793E;&#x4F1A;&#x4E2D;&#xFF0C;&#x5DE5;&#x4EBA;&#xFF08;&#x52B3;&#x52A8;&#x8005;&#xFF09;&#x90FD;&#x662F;&#x6570;&#x91CF;&#x6700;&#x5E9E;&#x5927;&#x7684;&#x7FA4;&#x4F53;&#x3002;&#x65E0;&#x8BBA;&#x662F;&#x4ECE;&#x4E8B;&#x519C;&#x4E1A;&#xFF0C;&#x5546;&#x4E1A;&#x8FD8;&#x662F;&#x5DE5;&#x4E1A;&#xFF0C;&#x4ED6;&#x4EEC;&#x7684;&#x52B3;&#x52A8;&#x652F;&#x6301;&#x7740;&#x6574;&#x4E2A;&#x7ECF;&#x6D4E;&#x4F53;&#x7CFB;&#x7684;&#x8FD0;&#x884C;&#xFF0C;&#x5BF9;&#x4E8E;&#x4E00;&#x4E2A;&#x56FD;&#x5BB6;&#x7684;&#x7E41;&#x8363;&#x660C;&#x76DB;&#x662F;&#x4E0D;&#x53EF;&#x6216;&#x7F3A;&#x7684;&#x3002;&#x5DE5;&#x4EBA;&#x4EEC;&#x6210;&#x5E74;&#x7D2F;&#x6708;&#x7684;&#x52AA;&#x529B;&#x6539;&#x53D8;&#x4E86;&#x6574;&#x4E2A;&#x4E16;&#x754C;&#x7684;&#x98CE;&#x8C8C;&#xFF0C;&#x4ED6;&#x4EEC;&#x5728;&#x5C71;&#x4E2D;&#x5F00;&#x77FF;&#xFF0C;&#x5728;&#x68EE;&#x6797;&#x4E2D;&#x4F10;&#x6728;&#xFF0C;&#x5C06;&#x8D2B;&#x7620;&#x7684;&#x571F;&#x5730;&#x6539;&#x9020;&#x6210;&#x80A5;&#x6C83;&#x7684;&#x519C;&#x7530;&#x3002;&#x4F46;&#x5230;&#x4E86;20&#x4E16;&#x7EAA;&#x672B;&#xFF0C;&#x68EE;&#x6797;&#x7684;&#x8FC7;&#x5EA6;&#x780D;&#x4F10;&#x548C;&#x91CD;&#x5DE5;&#x4E1A;&#x7684;&#x6C61;&#x67D3;&#x5BF9;&#x5168;&#x7403;&#x73AF;&#x5883;&#x6784;&#x6210;&#x4E86;&#x6781;&#x4E3A;&#x4E25;&#x91CD;&#x7684;&#x5A01;&#x80C1;&#x3002;</Chinese>
	</TEXT>
	<TEXT>
		<Tag>TXT_KEY_HINT_73</Tag>
		<English>To found a Corporation, you must have the correct type of Great Person, have researched the appropriate technologies and build it in a city with one or more of the resources that the Corporation demands. See the "Corporations" entry under the "Beyond the Sword Concepts" section for more details.</English>
<L1 /><L2 /><L3 /><L4 />
		<Chinese>&#x8981;&#x521B;&#x529E;&#x4E00;&#x5BB6;&#x516C;&#x53F8;&#xFF0C;&#x4F60;&#x9700;&#x8981;&#x4E00;&#x4F4D;&#x7279;&#x5B9A;&#x7C7B;&#x578B;&#x7684;&#x5386;&#x53F2;&#x4F1F;&#x4EBA;&#xFF0C;&#x638C;&#x63E1;&#x76F8;&#x5E94;&#x7684;&#x79D1;&#x6280;&#xFF0C;&#x4EE5;&#x53CA;&#x4E00;&#x5EA7;&#x62E5;&#x6709;&#x4E00;&#x79CD;&#x6216;&#x591A;&#x79CD;&#x5BF9;&#x5E94;&#x8D44;&#x6E90;&#x7684;&#x57CE;&#x5E02;&#x3002;&#x8BF7;&#x67E5;&#x770B;&#x6587;&#x660E;&#x767E;&#x79D1;&#x201C;&#x5200;&#x5251;&#x4E4B;&#x4E0A;&#x65B0;&#x589E;&#x6982;&#x5FF5;&#x201D;&#x4E2D;&#x7684;&#x201C;&#x5546;&#x4E1A;&#x516C;&#x53F8;&#x201D;&#x8BCD;&#x6761;&#x4E86;&#x89E3;&#x8BE6;&#x60C5;&#x3002;</Chinese>
	</TEXT>
	<TEXT>
		<Tag>TXT_KEY_UNIT_SPANISH_CONQUISTADOR_STRATEGY</Tag>
		<English>This powerful mounted combat unit (the Spanish replacement for the [COLOR_UNIT_TEXT]Cuirassier[COLOR_REVERT]) gets a bonus when attacking melee units and gets terrain defense bonuses, unlike other mounted units.</English>
<L1 /><L2 /><L3 /><L4 />
		<Chinese>&#x8FD9;&#x79CD;&#x5F3A;&#x5927;&#x7684;&#x9A91;&#x4E58;&#x5355;&#x4F4D;&#xFF08;&#x897F;&#x73ED;&#x7259;&#x7528;&#x4EE5;&#x53D6;&#x4EE3;[COLOR_UNIT_TEXT]&#x80F8;&#x7532;&#x9A91;&#x5175;[COLOR_REVERT]&#xFF09;&#x5728;&#x653B;&#x51FB;&#x8089;&#x640F;&#x90E8;&#x961F;&#x65F6;&#x62E5;&#x6709;&#x52A0;&#x6210;&#xFF0C;&#x5E76;&#x4E14;&#x53EF;&#x4EE5;&#x83B7;&#x5F97;&#x5730;&#x5F62;&#x9632;&#x5FA1;&#x52A0;&#x6210;&#xFF0C;&#x8FD9;&#x4E0D;&#x540C;&#x4E0E;&#x5176;&#x4ED6;&#x9A91;&#x4E58;&#x5355;&#x4F4D;&#x3002;</Chinese>
	</TEXT>
	<TEXT>
		<Tag>TXT_KEY_UNIT_OTTOMAN_JANISSARY_PEDIA</Tag>
		<English>The Janissaries were an elite fighting force of infantry raised by the Ottoman sultans. They formed the sultan's household troops and bodyguard, eventually rising to a position of enormous influence before being disbanded in the nineteenth century. Murad I founded the Janissary corps around 1330; the troops were made up of non-Muslim boys who were captured in battle or bought as slaves and brought up as warriors. This was very similar to the Mameluk slave soldiers of Egypt, who may have been the inspiration for the Janissaries. Janissaries became the first infantry units in the Ottoman military forces, because at the time no free man would consent to fighting on foot. [PARAGRAPH:2]After 1380 the system for recruiting new soldiers into the Janissaries became standardized through a process called the "devshirmeh:" this was basically a "human tax" where each community had to contribute a certain number of young boys to the state. In practice these were almost always Christian slaves. [PARAGRAPH:2]The boys were sequestered in special barracks, where they would be converted to Islam and trained to become elite soldiers (a process very similar to that practiced by the Spartans of ancient Greece). Although slaves, the Janissaries received special privileges, including the right to bear weapons and higher pay than other soldiers. Although the Janissaries began their existence as a small bodyguard for the sultan, in time they came to comprise much of the Ottoman army, topping out at over 200,000 men at some points. [PARAGRAPH:2]The Janissaries originally were trained to be expert archers, but once firearms were invented they quickly adopted the new weapons, becoming fiercely proficient with muskets. They usually used axes or sabres for melee combat. Janissaries were present at all of the major battles in the early history of the Ottoman Empire, including the Siege of Constantinople in 1453. [PARAGRAPH:2]The very success of the Janissaries would eventually destroy them. Realizing their importance, they began demanding higher pay, threatening rebellion if their demands were refused. Their first rebellion took place in 1449, and it was followed by many more. By the eighteenth century, the Janissaries dominated the government. Through frequent palace coups they changed sultans as they wished, and they blocked much-needed modernization reforms in the Ottoman army. Many of the Janissaries became corrupted, no longer training for battle but instead pursuing commercial ventures or political office, and the weakness of the Ottomans in the face of Russian and Austrian expansion soon became obvious to all. Desperate to regain control of their country, the Ottoman rulers made determined efforts to eradicate them. [PARAGRAPH:2]Finally, in 1826 Mahmud II was able to form a non-Janissary army strong enough to challenge the Janissaries. The Janissaries did not go down peacefully, and Mahmud II had to use artillery to shell the Janissaries' barracks and batter them into submission. This event - known as the "Auspicious Incident," ended the Janissaries. Their characteristic marching music is the only trace of them that remains today. [PARAGRAPH:2]</English>
<L1 /><L2 /><L3 /><L4 />
		<Chinese>&#x82CF;&#x4E39;&#x4EB2;&#x5175;&#xFF08;Janissary&#xFF09;&#x662F;&#x5965;&#x65AF;&#x66FC;&#x5E1D;&#x56FD;&#x82CF;&#x4E39;&#x4E0B;&#x4EE4;&#x7EC4;&#x5EFA;&#x7684;&#x7CBE;&#x9510;&#x6B65;&#x5175;&#x90E8;&#x961F;&#xFF0C;&#x6700;&#x521D;&#x662F;&#x4F5C;&#x4E3A;&#x82CF;&#x4E39;&#x7684;&#x5E16;&#x8EAB;&#x536B;&#x58EB;&#xFF0C;&#x5176;&#x52BF;&#x529B;&#x548C;&#x5F71;&#x54CD;&#x5728;&#x65E5;&#x540E;&#x53D8;&#x5F97;&#x8D8A;&#x6765;&#x8D8A;&#x5927;&#xFF0C;&#x6700;&#x7EC8;&#x4E8E;19&#x4E16;&#x7EAA;&#x88AB;&#x89E3;&#x6563;&#x3002;&#x7A46;&#x62C9;&#x5FB7;&#x4E00;&#x4E16;&#x4E8E;1330&#x5E74;&#x5DE6;&#x53F3;&#x9996;&#x6B21;&#x7EC4;&#x5EFA;&#x82CF;&#x4E39;&#x4EB2;&#x5175;&#x90E8;&#x961F;&#xFF1B;&#x5176;&#x6210;&#x5458;&#x5747;&#x4E3A;&#x5728;&#x6218;&#x4E89;&#x4E2D;&#x4FD8;&#x83B7;&#x3001;&#x6216;&#x662F;&#x88AB;&#x5356;&#x4F5C;&#x5974;&#x96B6;&#x7684;&#x975E;&#x7A46;&#x65AF;&#x6797;&#x7537;&#x7AE5;&#x7ECF;&#x8FC7;&#x4E13;&#x95E8;&#x8BAD;&#x7EC3;&#x800C;&#x6210;&#x3002;&#x8FD9;&#x79CD;&#x505A;&#x6CD5;&#x4E0E;&#x57C3;&#x53CA;&#x7684;&#x5974;&#x96B6;&#x6218;&#x58EB;&#x201C;&#x9A6C;&#x7A46;&#x9C81;&#x514B;&#x201D;&#x975E;&#x5E38;&#x7C7B;&#x4F3C;&#xFF0C;&#x5F88;&#x53EF;&#x80FD;&#x662F;&#x53D7;&#x5230;&#x540E;&#x8005;&#x7684;&#x542F;&#x53D1;&#x3002;&#x82CF;&#x4E39;&#x4EB2;&#x5175;&#x662F;&#x5965;&#x65AF;&#x66FC;&#x519B;&#x961F;&#x7684;&#x7B2C;&#x4E00;&#x652F;&#x6B65;&#x5175;&#x90E8;&#x961F;&#xFF0C;&#x56E0;&#x4E3A;&#x5F53;&#x65F6;&#x7684;&#x5965;&#x65AF;&#x66FC;&#x81EA;&#x7531;&#x4EBA;&#x5747;&#x4E0D;&#x613F;&#x6B65;&#x884C;&#x4F5C;&#x6218;&#x3002;[PARAGRAPH:2]1380&#x5E74;&#x4EE5;&#x540E;&#xFF0C;&#x82CF;&#x4E39;&#x4EB2;&#x5175;&#x7684;&#x8BAD;&#x7EC3;&#x65B9;&#x5F0F;&#x5DF2;&#x6210;&#x4E3A;&#x56FA;&#x5B9A;&#x7684;&#x5236;&#x5EA6;&#xFF0C;&#x79F0;&#x4E3A;&#x201C;&#x4EBA;&#x7A0E;&#x201D;&#xFF08;devshirmeh&#xFF09;&#xFF0C;&#x6BCF;&#x4E2A;&#x6751;&#x793E;&#x90FD;&#x5FC5;&#x987B;&#x5411;&#x5E1D;&#x56FD;&#x63D0;&#x4F9B;&#x89C4;&#x5B9A;&#x6570;&#x91CF;&#x7684;&#x7537;&#x7AE5;&#x3002;&#x5B9E;&#x9645;&#x4E0A;&#x201C;&#x4EBA;&#x7A0E;&#x201D;&#x901A;&#x5E38;&#x90FD;&#x662F;&#x5356;&#x4E3A;&#x5974;&#x96B6;&#x7684;&#x57FA;&#x7763;&#x5F92;&#x3002;[PARAGRAPH:2]&#x8FD9;&#x4E9B;&#x7537;&#x7AE5;&#x5C06;&#x88AB;&#x9001;&#x5F80;&#x4E0E;&#x4E16;&#x9694;&#x7EDD;&#x7684;&#x7279;&#x6B8A;&#x5175;&#x8425;&#xFF0C;&#x5728;&#x90A3;&#x91CC;&#x4ED6;&#x4EEC;&#x5FC5;&#x987B;&#x6539;&#x5949;&#x4F0A;&#x65AF;&#x5170;&#x6559;&#xFF0C;&#x63A5;&#x53D7;&#x6210;&#x4E3A;&#x7CBE;&#x9510;&#x6218;&#x58EB;&#x7684;&#x4E25;&#x683C;&#x8BAD;&#x7EC3;&#xFF08;&#x8BAD;&#x7EC3;&#x65B9;&#x5F0F;&#x4E0E;&#x53E4;&#x5E0C;&#x814A;&#x7684;&#x65AF;&#x5DF4;&#x8FBE;&#x4EBA;&#x975E;&#x5E38;&#x76F8;&#x4F3C;&#xFF09;&#x3002;&#x867D;&#x7136;&#x8EAB;&#x4E3A;&#x5974;&#x96B6;&#xFF0C;&#x82CF;&#x4E39;&#x4EB2;&#x5175;&#x4E5F;&#x62E5;&#x6709;&#x8BB8;&#x591A;&#x7279;&#x6B8A;&#x5F85;&#x9047;&#xFF0C;&#x4ED6;&#x4EEC;&#x6709;&#x6743;&#x5728;&#x5E73;&#x65F6;&#x4F69;&#x5E26;&#x6B66;&#x5668;&#xFF0C;&#x85AA;&#x91D1;&#x4E5F;&#x6BD4;&#x666E;&#x901A;&#x58EB;&#x5175;&#x9AD8;&#x5F97;&#x591A;&#x3002;&#x8FD9;&#x652F;&#x8D77;&#x521D;&#x4F5C;&#x4E3A;&#x82CF;&#x4E39;&#x5E16;&#x8EAB;&#x536B;&#x58EB;&#x7684;&#x90E8;&#x961F;&#x4EBA;&#x6570;&#x5F88;&#x5C11;&#xFF0C;&#x4F46;&#x9010;&#x6E10;&#x53D1;&#x5C55;&#x6210;&#x4E3A;&#x5965;&#x65AF;&#x66FC;&#x519B;&#x961F;&#x7684;&#x4E3B;&#x8981;&#x7EC4;&#x6210;&#x90E8;&#x5206;&#xFF0C;&#x5176;&#x4EBA;&#x6570;&#x66FE;&#x7ECF;&#x591A;&#x8FBE;200,000&#x4EBA;&#x3002;[PARAGRAPH:2]&#x82CF;&#x4E39;&#x4EB2;&#x5175;&#x90E8;&#x961F;&#x8D77;&#x521D;&#x63A5;&#x53D7;&#x7684;&#x662F;&#x6210;&#x4E3A;&#x4F18;&#x79C0;&#x5F13;&#x7BAD;&#x624B;&#x7684;&#x8BAD;&#x7EC3;&#xFF0C;&#x4F46;&#x968F;&#x7740;&#x706B;&#x5668;&#x7684;&#x5F15;&#x5165;&#xFF0C;&#x4ED6;&#x4EEC;&#x5F88;&#x5FEB;&#x63A5;&#x53D7;&#x4E86;&#x8FD9;&#x7C7B;&#x65B0;&#x5F0F;&#x6B66;&#x5668;&#xFF0C;&#x80FD;&#x591F;&#x719F;&#x7EC3;&#x5730;&#x4F7F;&#x7528;&#x706B;&#x67AA;&#x3002;&#x4ED6;&#x4EEC;&#x901A;&#x5E38;&#x4F7F;&#x7528;&#x624B;&#x65A7;&#x548C;&#x5F2F;&#x5200;&#x8FDB;&#x884C;&#x8089;&#x640F;&#x6218;&#x3002;&#x82CF;&#x4E39;&#x4EB2;&#x5175;&#x53C2;&#x52A0;&#x4E86;&#x5965;&#x65AF;&#x66FC;&#x5E1D;&#x56FD;&#x524D;&#x671F;&#x7684;&#x6240;&#x6709;&#x91CD;&#x8981;&#x6218;&#x5F79;&#xFF0C;&#x5305;&#x62EC;1453&#x5E74;&#x56F4;&#x653B;&#x541B;&#x58EB;&#x5766;&#x4E01;&#x5821;&#x3002;[PARAGRAPH:2]&#x82CF;&#x4E39;&#x4EB2;&#x5175;&#x7684;&#x6218;&#x529F;&#x4E5F;&#x5BFC;&#x81F4;&#x4E86;&#x4ED6;&#x4EEC;&#x65E5;&#x540E;&#x7684;&#x6BC1;&#x706D;&#x3002;&#x4ED6;&#x4EEC;&#x5F00;&#x59CB;&#x501A;&#x4ED7;&#x81EA;&#x5DF1;&#x7684;&#x529B;&#x91CF;&#x8981;&#x6C42;&#x66F4;&#x9AD8;&#x7684;&#x62A5;&#x916C;&#xFF0C;&#x4E00;&#x65E6;&#x5F97;&#x4E0D;&#x5230;&#x6EE1;&#x8DB3;&#x5C31;&#x5A01;&#x80C1;&#x53D1;&#x52A8;&#x53DB;&#x4E71;&#x3002;&#x9996;&#x6B21;&#x82CF;&#x4E39;&#x4EB2;&#x5175;&#x53DB;&#x4E71;&#x53D1;&#x751F;&#x4E8E;1449&#x5E74;&#xFF0C;&#x6B64;&#x540E;&#x7C7B;&#x4F3C;&#x7684;&#x53DB;&#x4E71;&#x5C42;&#x51FA;&#x4E0D;&#x7A77;&#x3002;&#x5230;&#x4E86;18&#x4E16;&#x7EAA;&#xFF0C;&#x82CF;&#x4E39;&#x4EB2;&#x5175;&#x51E0;&#x4E4E;&#x638C;&#x63A7;&#x4E86;&#x5E1D;&#x56FD;&#x653F;&#x5E9C;&#x3002;&#x4ED6;&#x4EEC;&#x751A;&#x81F3;&#x591A;&#x6B21;&#x53D1;&#x52A8;&#x5BAB;&#x5EAD;&#x653F;&#x53D8;&#xFF0C;&#x62E5;&#x7ACB;&#x7B26;&#x5408;&#x81EA;&#x5DF1;&#x5229;&#x76CA;&#x7684;&#x65B0;&#x82CF;&#x4E39;&#xFF0C;&#x5E76;&#x963B;&#x6320;&#x5965;&#x65AF;&#x66FC;&#x519B;&#x961F;&#x8FDB;&#x884C;&#x73B0;&#x4EE3;&#x5316;&#x6539;&#x9020;&#x7684;&#x52AA;&#x529B;&#x3002;&#x82CF;&#x4E39;&#x4EB2;&#x5175;&#x90E8;&#x961F;&#x7684;&#x8BB8;&#x591A;&#x6210;&#x5458;&#x90FD;&#x53D8;&#x5F97;&#x8150;&#x5316;&#x5815;&#x843D;&#xFF0C;&#x4ED6;&#x4EEC;&#x4E0D;&#x518D;&#x4E13;&#x5FC3;&#x4E8E;&#x519B;&#x4E8B;&#x8BAD;&#x7EC3;&#xFF0C;&#x8F6C;&#x800C;&#x4ECE;&#x4E8B;&#x5546;&#x4E1A;&#x6216;&#x653F;&#x6CBB;&#x6D3B;&#x52A8;&#xFF0C;&#x5965;&#x65AF;&#x66FC;&#x519B;&#x961F;&#x5728;&#x9762;&#x5BF9;&#x4FC4;&#x56FD;&#x548C;&#x5965;&#x5730;&#x5229;&#x519B;&#x961F;&#x65F6;&#x9010;&#x6E10;&#x663E;&#x9732;&#x51FA;&#x660E;&#x663E;&#x7684;&#x52A3;&#x52BF;&#x3002;&#x4E3A;&#x4E86;&#x6536;&#x56DE;&#x5BF9;&#x56FD;&#x653F;&#x7684;&#x63A7;&#x5236;&#x6743;&#xFF0C;&#x5965;&#x65AF;&#x66FC;&#x82CF;&#x4E39;&#x7EC8;&#x4E8E;&#x51B3;&#x5B9A;&#x6D88;&#x706D;&#x8FD9;&#x80A1;&#x529B;&#x91CF;&#x3002;[PARAGRAPH:2]&#x5230;1826&#x5E74;&#xFF0C;&#x7A46;&#x62C9;&#x5FB7;&#x4E8C;&#x4E16;&#x5DF2;&#x7ECF;&#x7EC4;&#x5EFA;&#x8D77;&#x4E00;&#x652F;&#x8DB3;&#x4EE5;&#x540C;&#x82CF;&#x4E39;&#x4EB2;&#x5175;&#x76F8;&#x6297;&#x8861;&#x7684;&#x65B0;&#x519B;&#x3002;&#x82CF;&#x4E39;&#x4EB2;&#x5175;&#x4E0D;&#x613F;&#x653E;&#x5F03;&#x73B0;&#x6709;&#x5229;&#x76CA;&#xFF0C;&#x7A46;&#x62C9;&#x5FB7;&#x4E8C;&#x4E16;&#x4E0D;&#x5F97;&#x4E0D;&#x4E0B;&#x4EE4;&#x70AE;&#x8F70;&#x4ED6;&#x4EEC;&#x7684;&#x5175;&#x8425;&#xFF0C;&#x8FEB;&#x4F7F;&#x5176;&#x5C31;&#x8303;&#x3002;&#x8FD9;&#x4E00;&#x4E8B;&#x4EF6;&#x53F2;&#x79F0;&#x201C;&#x5409;&#x7965;&#x4E8B;&#x53D8;&#x201D;&#xFF0C;&#x82CF;&#x4E39;&#x4EB2;&#x5175;&#x90E8;&#x961F;&#x5C31;&#x6B64;&#x89E3;&#x6563;&#x3002;&#x53EA;&#x5269;&#x4E0B;&#x90A3;&#x4E00;&#x6BB5;&#x5BCC;&#x4E8E;&#x7279;&#x8272;&#x7684;&#x8FDB;&#x884C;&#x66F2;&#x6D41;&#x4F20;&#x81F3;&#x4ECA;&#x3002;[PARAGRAPH:2]</Chinese>
	</TEXT>
	<TEXT>
		<Tag>TXT_KEY_VICTORY_SCREEN_BUILDING</Tag>
		<English>Build %s1 %s2</English>
<L1 /><L2 /><L3 /><L4 />
		<Chinese>&#x5EFA;&#x9020; %s1 %s2</Chinese>
	</TEXT>
	<TEXT>
		<Tag>TXT_KEY_CITY_NAME_AACHEN</Tag>
		<English>Aachen</English>
<L1 /><L2 /><L3 /><L4 />
		<Chinese>&#x4E9A;&#x741B;</Chinese>
	</TEXT>
	<TEXT>
		<Tag>TXT_KEY_CITY_NAME_BRAUNSCHWEIG</Tag>
		<English>Braunschweig</English>
<L1 /><L2 /><L3 /><L4 />
		<Chinese>&#x5E03;&#x4F26;&#x745E;&#x514B;</Chinese>
	</TEXT>
	<TEXT>
		<Tag>TXT_KEY_TRAIT_HAPPINESS</Tag>
		<English>[NEWLINE][SPACE][SPACE][ICON_BULLET]%D1[ICON_HAPPY]/City</English>
<L1 /><L2 /><L3 /><L4 />
		<Chinese>[NEWLINE][SPACE][SPACE][ICON_BULLET]%D1[ICON_HAPPY]/&#x57CE;&#x5E02;</Chinese>
	</TEXT>
	<TEXT>
		<Tag>TXT_KEY_TRADE_PEACE_TREATY</Tag>
		<English>Establishes an Unbreakable Peace Treaty for %d1_Num [NUM1:Turn:Turns]</English>
<L1 /><L2 /><L3 /><L4 />
		<Chinese>&#x7B7E;&#x8BA2;&#x4E0D;&#x53EF;&#x64A4;&#x9500;&#x7684;&#x548C;&#x5E73;&#x534F;&#x5B9A;, &#x6301;&#x7EED;%d1_Num&#x56DE;&#x5408;</Chinese>
	</TEXT>
	<TEXT>
		<Tag>TXT_KEY_BUILDING_DIPLO_VOTE</Tag>
		<English>[ICON_BULLET]Triggers %s1 global Elections</English>
<L1 /><L2 /><L3 /><L4 />
		<Chinese>[ICON_BULLET]&#x89E6;&#x53D1; %s1 &#x5168;&#x7403;&#x6295;&#x7968;</Chinese>
	</TEXT>
	<TEXT>
		<Tag>TXT_KEY_POPUP_CHOOSE_ELECTION</Tag>
		<English>As Secretary-General, you can choose a U.N. Resolution to put forward for a global vote.</English>
<L1 /><L2 /><L3 /><L4 />
		<Chinese>&#x4F5C;&#x4E3A;&#x79D8;&#x4E66;&#x957F;&#xFF0C;&#x4F60;&#x53EF;&#x4EE5;&#x9009;&#x62E9;&#x4E00;&#x9879;&#x8054;&#x5408;&#x56FD;&#x51B3;&#x8BAE;&#x63D0;&#x8BF7;&#x5168;&#x7403;&#x8868;&#x51B3;&#x3002;</Chinese>
	</TEXT>
	<TEXT>
		<Tag>TXT_KEY_COMBAT_MESSAGE_HILLS</Tag>
		<English>(Hills Defense: %D1%%)</English>
<L1 /><L2 /><L3 /><L4 />
		<Chinese>(&#x4E18;&#x9675;&#x9632;&#x5FA1;: %D1%%)</Chinese>
	</TEXT>
	<TEXT>
		<Tag>TXT_KEY_COMBAT_MESSAGE_FEATURE</Tag>
		<English>(Feature Defense: %D1%%)</English>
<L1 /><L2 /><L3 /><L4 />
		<Chinese>(&#x5730;&#x8C8C;&#x9632;&#x5FA1;: %D1%%)</Chinese>
	</TEXT>
	<TEXT>
		<Tag>TXT_KEY_CONCEPT_RELIGION_PEDIA</Tag>
		<English>[H1]Religion[\H1][PARAGRAPH:2]Religion has always played a critical part in human history. Through religion, man has sought to make sense of the universe around him and to determine his place in it. Religion has inspired, enlightened and ennobled man; in its name men have erected beautiful buildings, written books of great wisdom, and made music of surpassing beauty. In its name men have also murdered and enslaved their fellows.[PARAGRAPH:2][H2]Religion in this Game[\H2][PARAGRAPH:2]We know that people have extremely strong opinions about religions - in fact, many a war has arisen when these beliefs collide. We at Firaxis have no desire to offend anyone. However, given the importance that religions have had in human development, we didn't want to simply leave them out of the game altogether; instead we have tried to handle them in as respectful, fair and even-handed manner as possible. In fact, all religions in the game have the same effects, the only difference being their requirements.[PARAGRAPH:2]There are seven religions in Civilization IV (testing having determined that seven was the optimal number for gameplay). When determining which seven to include, we picked those religions that we thought would be most familiar to our audience. We do not mean to imply that these religions are more important, better or worse than any other religions.[PARAGRAPH:2]We offer no value judgments on religion; we mean no disrespect to anyone's beliefs. We're game designers, not theologians.[PARAGRAPH:2][H2]Founding a Religion[\H2][PARAGRAPH:2]If you are the first civilization to discover the associated technology, the religion is founded in one of your cities. It is extremely useful to have a city where a religion has been founded; it allows a prophet to create a "shrine" in that city (see below).[PARAGRAPH:2][H2]State Religions[\H2][PARAGRAPH:2]When any cities in your civilization possess one or more religions, you may choose to assign one as the "state" religion. Having a state religion tends to make your cities possessing that religion happier and more productive; it also increases the effects of many religious buildings and religious civics.[PARAGRAPH:2][H2]Spreading Religions[\H2][PARAGRAPH:2]Religions spread randomly from city to city. Religions tend to spread from a city possessing the religion to nearby cities as well as to cities the possessing city has trade routes with. Some religious buildings (see below) increase the speed at which a religion will spread, and a civilization's religious civic (see below) can have a great effect upon the spread of religions, as well. [LINK=UNIT_BUDDHIST_MISSIONARY]Missionaries[\LINK] allow you to control the spread of religion; see the following section.[PARAGRAPH:2][H2]Missionaries[\H2][PARAGRAPH:2]Civilizations can construct special "missionary" units to spread the civilization's state religion. Each civilization may have only a limited number of missionary units in play at any one time, and each costs two gold per turn to maintain.[PARAGRAPH:2][BOLD]Building Missionaries[\BOLD][PARAGRAPH:2] Civilizations using the [LINK=CIVIC_ORGANIZED_RELIGION]Organized Religion[\LINK] civic can construct missionaries in any city with the state religion; if a civilization is not following Organized Religion, it can build missionaries only in cities with Monasteries.[PARAGRAPH:2][BOLD]Moving Missionaries[\BOLD][PARAGRAPH:2]Once constructed, missionaries can move about the map like any other unit. Your missionaries can freely enter your territory or neutral territory; they cannot enter another civilization's territory until you have an [LINK=CONCEPT_DIPLOMACY]Open Borders[\LINK] agreement with that civ. [PARAGRAPH:2][BOLD]How Missionaries Spread Religion[\BOLD][PARAGRAPH:2]When the missionary is in the target city, click on the "spread religion" order in the missionary's unit box (see [LINK=CONCEPT_UNITS]Units[\LINK]); if the attempt is successful the missionary's religion is now in the target city. Religions spread more easily into other cities within the missionary's civilization. Further, it is easier to spread a religion into a city with few or no religions already present; each resident religion decreases the odds of success. There is no limit to how many religions may be present in a single city; all seven religions can coexist in the same city. The missionary is consumed in the conversion attempt, successful or not.[PARAGRAPH:2][H2]Benefits of Religion[\H2][PARAGRAPH:2][BOLD]City Benefits[\BOLD][PARAGRAPH:2]All cities that possess your state religion receive one extra happy face and produce one culture per turn. Spreading your state religion is thus a good way to expand cultural borders in the early stages of your civilization. The holy city for your state religion also receives an additional bonus of five culture per turn, allowing it to expand its borders very quickly.[PARAGRAPH:2][BOLD]Buildings[\BOLD][PARAGRAPH:2]Without a religion in a city, that city cannot construct religious buildings like Temples and Cathedrals (see below). Cities without religions also cannot create Priest [LINK=CONCEPT_SPECIALISTS]Specialists[\LINK].[PARAGRAPH:2][BOLD]Shrine Income[\BOLD][PARAGRAPH:2]If you control the holy city for a religion and generate a Great Prophet, you can build the Shrine for that religion to generate income for every city in the world that possesses your religion (see below).[PARAGRAPH:2][H2]Religious Civics[\H2][PARAGRAPH:2]The religious [LINK=CONCEPT_CIVICS]Civics[\LINK] describe how religion affects your civilization. There are five religious civics in the game. You begin the game knowing only paganism; the other four become available when you learn their associated technologies.[PARAGRAPH:2][BOLD]Paganism:[\BOLD] No technology requirement. The basic religious civic. [PARAGRAPH:2][BOLD]Organized Religion:[\BOLD] Requires [LINK=TECH_MONOTHEISM]Monotheism[\LINK]. Increases production of buildings in cities with the state religion, and allows you to build missionaries without first constructing monasteries.[PARAGRAPH:2][BOLD]Theocracy:[\BOLD] Requires [LINK=TECH_THEOLOGY]Theology[\LINK]. Theocracy grants two additional experience points to units trained within cities with the state religion, and it stops the spread of non-state religions within the civilization.[PARAGRAPH:2][BOLD]Pacifism:[\BOLD] Requires [LINK=TECH_PHILOSOPHY]Philosophy[\LINK]. Greatly increases the [LINK=CONCEPT_GREAT_PEOPLE]Great Person[\LINK] birth rate in cities with the state religion, and it increases the support cost of military units.[PARAGRAPH:2][BOLD]Free Religion:[\BOLD] Requires [LINK=TECH_LIBERALISM]Liberalism[\LINK]. A civilization with Free Religion has no state religion. Each city gets happiness for each non-state religion in the city; also, all cities get a 10%% boost in scientific [LINK=CONCEPT_RESEARCH]Research[\LINK].[PARAGRAPH:2][H2]Religious Buildings[\H2][PARAGRAPH:2]There are a number of religious buildings available to be constructed. Religious buildings are dedicated to specific religions and can only be built in cities which have that religion. A city with more than one religion can have religious buildings for each religion: for example, a city with Judaism and Confucianism could construct both a Jewish Temple and a Confucian Temple.[PARAGRAPH:2][BOLD]Temples[\BOLD][PARAGRAPH:2]The most primitive religious building. Temples boost a city's [LINK=CONCEPT_CULTURE]Culture[\LINK] and [LINK=CONCEPT_HAPPINESS]Happiness[\LINK]. They allow 1 population point to be turned into a priest [LINK=CONCEPT_SPECIALISTS]Specialist[\LINK].[PARAGRAPH:2][BOLD]Monasteries[\BOLD][PARAGRAPH:2]Monasteries increase a city's research by a small amount. More importantly, they allow the city to build missionaries to spread your religion.[PARAGRAPH:2][BOLD]Cathedrals[\BOLD][PARAGRAPH:2]Cathedrals drastically increase a city's culture. They increase happiness if their religion is the civilization's state religion. They allow two population points to be turned into priests. Note that "Cathedral" is a generic name for a religion's grander houses of worship - Jewish synagogues, Islamic mosques, Christian cathedrals, etc., all have the same effects. Your civilization can only build one cathedral for every three temples that your civilization possesses; for example, a civilization with seven temples could build two cathedrals. [PARAGRAPH:2][BOLD]Shrines[\BOLD][PARAGRAPH:2]Shrines can be built only in cities in which a religion has been founded. Shrines are constructed by [LINK=CONCEPT_GREAT_PEOPLE]Great Prophets[\LINK]; a great prophet is the only unit that can build a shrine, and the prophet is consumed in the process. Shrines increase the spread of the religion, as well as the home city's culture. They increase the city's chance of generating prophets and allow the city to assign three population as priests. Most importantly, shrines generate one gold each turn for every city on the map that has the shrine's religion (thus explaining the importance of creating missionaries to spread the word). Each religion has a different name for its cathedral and shrine.</English>
<L1 /><L2 /><L3 /><L4 />
		<Chinese>[H1]&#x5B97;&#x6559;&#x4FE1;&#x4EF0;[\H1][PARAGRAPH:2]&#x5B97;&#x6559;&#x4FE1;&#x4EF0;&#x5728;&#x4EBA;&#x7C7B;&#x5386;&#x53F2;&#x4E0A;&#x7ECF;&#x5E38;&#x5360;&#x636E;&#x7740;&#x91CD;&#x8981;&#x7684;&#x89D2;&#x8272;&#x3002;&#x901A;&#x8FC7;&#x5B97;&#x6559;&#xFF0C;&#x4EBA;&#x7C7B;&#x5BFB;&#x6C42;&#x5BF9;&#x5B87;&#x5B99;&#x7684;&#x7406;&#x89E3;&#xFF0C;&#x786E;&#x5B9A;&#x81EA;&#x5DF1;&#x5B58;&#x5728;&#x7684;&#x610F;&#x4E49;&#x3002;&#x5B97;&#x6559;&#x4F7F;&#x4EBA;&#x5F97;&#x5230;&#x7075;&#x611F;&#x548C;&#x542F;&#x8FEA;&#xFF0C;&#x4F7F;&#x4EBA;&#x53D8;&#x5F97;&#x9AD8;&#x8D35;&#x548C;&#x81EA;&#x5C0A;&#xFF1B;&#x4EBA;&#x4EEC;&#x4EE5;&#x5B97;&#x6559;&#x7684;&#x540D;&#x4E49;&#x4FEE;&#x5EFA;&#x5B8F;&#x4F1F;&#x7684;&#x6BBF;&#x5B87;&#xFF0C;&#x64B0;&#x5199;&#x667A;&#x6167;&#x7684;&#x5178;&#x7C4D;&#xFF0C;&#x8C31;&#x5199;&#x7F8E;&#x4E3D;&#x7684;&#x4E50;&#x7AE0;&#x3002;&#x4EBA;&#x4EEC;&#x4E5F;&#x4EE5;&#x5B97;&#x6559;&#x7684;&#x540D;&#x4E49;&#x5C60;&#x6740;&#x548C;&#x5974;&#x5F79;&#x7740;&#x4ED6;&#x4EEC;&#x7684;&#x5144;&#x5F1F;&#x59CA;&#x59B9;&#x3002;[PARAGRAPH:2][H2]&#x6E38;&#x620F;&#x4E2D;&#x7684;&#x5B97;&#x6559;&#x4FE1;&#x4EF0;[\H2][PARAGRAPH:2]&#x6211;&#x4EEC;&#x77E5;&#x9053;&#x4EBA;&#x4EEC;&#x5BF9;&#x4E8E;&#x5B97;&#x6559;&#x4FE1;&#x4EF0;&#x6709;&#x975E;&#x5E38;&#x5F3A;&#x70C8;&#x7684;&#x89C2;&#x70B9;&#x548C;&#x7ACB;&#x573A;&#x2014;&#x2014;&#x4E8B;&#x5B9E;&#x4E0A;&#xFF0C;&#x4FE1;&#x4EF0;&#x4E4B;&#x95F4;&#x7684;&#x51B2;&#x7A81;&#x66FE;&#x7ECF;&#x5BFC;&#x81F4;&#x4E86;&#x65E0;&#x6570;&#x7684;&#x6218;&#x4E89;&#x3002;&#x6E38;&#x620F;&#x7684;&#x5F00;&#x53D1;&#x8005;&#x65E0;&#x610F;&#x5192;&#x72AF;&#x4EFB;&#x4F55;&#x4EBA;&#x7684;&#x4FE1;&#x4EF0;&#x3002;&#x4F46;&#x662F;&#xFF0C;&#x8003;&#x8651;&#x5230;&#x5B97;&#x6559;&#x4FE1;&#x4EF0;&#x5728;&#x4EBA;&#x7C7B;&#x6587;&#x660E;&#x53D1;&#x5C55;&#x4E2D;&#x7684;&#x91CD;&#x8981;&#x4F5C;&#x7528;&#xFF0C;&#x6211;&#x4EEC;&#x4E0D;&#x80FD;&#x5C06;&#x8FD9;&#x4E00;&#x91CD;&#x8981;&#x5143;&#x7D20;&#x6392;&#x9664;&#x5728;&#x6E38;&#x620F;&#x4E4B;&#x5916;&#xFF1B;&#x800C;&#x4E14;&#x5C3D;&#x6700;&#x5927;&#x52AA;&#x529B;&#xFF0C;&#x4EE5;&#x5C0A;&#x91CD;&#xFF0C;&#x516C;&#x6B63;&#x4E0E;&#x4E2D;&#x7ACB;&#x7684;&#x6001;&#x5EA6;&#x5904;&#x7406;&#x5B97;&#x6559;&#x5143;&#x7D20;&#x3002;&#x4E8B;&#x5B9E;&#x4E0A;&#xFF0C;&#x6E38;&#x620F;&#x4E2D;&#x6240;&#x6709;&#x5B97;&#x6559;&#x7684;&#x4F5C;&#x7528;&#x90FD;&#x662F;&#x76F8;&#x540C;&#x7684;&#xFF0C;&#x552F;&#x4E00;&#x4E0D;&#x540C;&#x7684;&#x53EA;&#x662F;&#x5176;&#x521B;&#x7ACB;&#x7684;&#x524D;&#x63D0;&#x3002;[PARAGRAPH:2]&#x5728;&#x6587;&#x660E;IV&#x4E2D;&#x6709;&#x4E03;&#x79CD;&#x5B97;&#x6559;&#x4FE1;&#x4EF0;&#xFF08;&#x7ECF;&#x6D4B;&#x8BD5;&#x91C7;&#x7528;&#x8FD9;&#x4E2A;&#x6570;&#x91CF;&#x53EF;&#x4EE5;&#x83B7;&#x5F97;&#x6700;&#x4F73;&#x7684;&#x6E38;&#x620F;&#x6027;&#xFF09;&#x3002;&#x5728;&#x5177;&#x4F53;&#x9009;&#x62E9;&#x65F6;&#xFF0C;&#x6211;&#x4EEC;&#x91C7;&#x7528;&#x4E86;&#x6211;&#x4EEC;&#x8BA4;&#x4E3A;&#x516C;&#x4F17;&#x6700;&#x4E3A;&#x719F;&#x6089;&#x7684;&#x51E0;&#x79CD;&#x5B97;&#x6559;&#x3002;&#x6211;&#x4EEC;&#x5E76;&#x4E0D;&#x8BA4;&#x4E3A;&#x8FD9;&#x51E0;&#x79CD;&#x5B97;&#x6559;&#x6BD4;&#x5176;&#x4ED6;&#x4FE1;&#x4EF0;&#x66F4;&#x597D;&#x6216;&#x662F;&#x66F4;&#x91CD;&#x8981;&#x3002;[PARAGRAPH:2]&#x6211;&#x4EEC;&#x5E76;&#x4E0D;&#x5BF9;&#x5404;&#x79CD;&#x5B97;&#x6559;&#x8FDB;&#x884C;&#x4EF7;&#x503C;&#x5224;&#x65AD;&#xFF1B;&#x6211;&#x4EEC;&#x5C0A;&#x91CD;&#x4EFB;&#x4F55;&#x4EBA;&#x7684;&#x4EFB;&#x4F55;&#x4FE1;&#x4EF0;&#x3002;&#x6211;&#x4EEC;&#x662F;&#x6E38;&#x620F;&#x8BBE;&#x8BA1;&#x5E08;&#xFF0C;&#x4E0D;&#x662F;&#x795E;&#x5B66;&#x5BB6;&#x3002;[PARAGRAPH:2][H2]&#x521B;&#x7ACB;&#x5B97;&#x6559;[\H2][PARAGRAPH:2]&#x5982;&#x679C;&#x4F60;&#x7387;&#x5148;&#x53D1;&#x73B0;&#x4E0E;&#x7279;&#x5B9A;&#x5B97;&#x6559;&#x76F8;&#x5173;&#x8054;&#x7684;&#x79D1;&#x6280;&#xFF0C;&#x8BE5;&#x5B97;&#x6559;&#x5C06;&#x5728;&#x4F60;&#x7684;&#x67D0;&#x4E00;&#x57CE;&#x5E02;&#x4E2D;&#x521B;&#x7ACB;&#x3002;&#x62E5;&#x6709;&#x4E00;&#x5EA7;&#x5B97;&#x6559;&#x521B;&#x59CB;&#x57CE;&#x5E02;&#x6709;&#x975E;&#x5E38;&#x591A;&#x7684;&#x597D;&#x5904;&#xFF1B;&#x8FD9;&#x5C06;&#x5141;&#x8BB8;&#x5927;&#x9884;&#x8A00;&#x5BB6;&#x5728;&#x8BE5;&#x57CE;&#x5E02;&#x4E2D;&#x5EFA;&#x7ACB;&#x4E00;&#x5EA7;&#x201C;&#x5723;&#x575B;&#x201D;&#xFF08;&#x89C1;&#x4E0B;&#x6587;&#xFF09;&#x3002;[PARAGRAPH:2][H2]&#x5B98;&#x65B9;&#x4FE1;&#x4EF0;[\H2][PARAGRAPH:2]&#x5982;&#x679C;&#x4F60;&#x7684;&#x57CE;&#x5E02;&#x4E2D;&#x5B58;&#x5728;&#x4E00;&#x79CD;&#x6216;&#x51E0;&#x79CD;&#x5B97;&#x6559;&#x4FE1;&#x4EF0;&#xFF0C;&#x4F60;&#x53EF;&#x4EE5;&#x9009;&#x62E9;&#x5176;&#x4E2D;&#x4E00;&#x79CD;&#x4F5C;&#x4E3A;&#x201C;&#x5B98;&#x65B9;&#x201D;&#x4FE1;&#x4EF0;&#xFF08;&#x56FD;&#x6559;&#xFF09;&#x3002;&#x8BBE;&#x7ACB;&#x5B98;&#x65B9;&#x4FE1;&#x4EF0;&#x53EF;&#x4F7F;&#x4FE1;&#x4EF0;&#x8BE5;&#x5B97;&#x6559;&#x7684;&#x57CE;&#x5E02;&#x5FEB;&#x4E50;&#x5EA6;&#x66F4;&#x9AD8;&#xFF0C;&#x751F;&#x4EA7;&#x80FD;&#x529B;&#x66F4;&#x5F3A;&#xFF1B;&#x8FD8;&#x53EF;&#x4EE5;&#x63D0;&#x5347;&#x5B97;&#x6559;&#x5EFA;&#x7B51;&#x548C;&#x5B97;&#x6559;&#x5236;&#x5EA6;&#x7C7B;&#x5185;&#x653F;&#x6CD5;&#x4EE4;&#x7684;&#x4F5C;&#x7528;&#x3002;[PARAGRAPH:2][H2]&#x4F20;&#x64AD;&#x5B97;&#x6559;&#x4FE1;&#x4EF0;[\H2][PARAGRAPH:2]&#x5B97;&#x6559;&#x4FE1;&#x4EF0;&#x4F1A;&#x5728;&#x57CE;&#x5E02;&#x95F4;&#x968F;&#x673A;&#x4F20;&#x64AD;&#x3002;&#x5B97;&#x6559;&#x4F1A;&#x4F20;&#x64AD;&#x5230;&#x90BB;&#x8FD1;&#x7684;&#x57CE;&#x5E02;&#xFF0C;&#x6216;&#x662F;&#x6709;&#x5546;&#x8DEF;&#x76F8;&#x8FDE;&#x7684;&#x57CE;&#x5E02;&#x3002;&#x67D0;&#x4E9B;&#x5B97;&#x6559;&#x5EFA;&#x7B51;&#xFF08;&#x89C1;&#x4E0B;&#x6587;&#xFF09;&#x53EF;&#x4EE5;&#x63D0;&#x5347;&#x76F8;&#x5E94;&#x5B97;&#x6559;&#x7684;&#x4F20;&#x64AD;&#x901F;&#x5EA6;&#xFF0C;&#x6587;&#x660E;&#x6240;&#x5B9E;&#x884C;&#x7684;&#x5185;&#x653F;&#x6CD5;&#x4EE4;&#xFF08;&#x89C1;&#x4E0B;&#x6587;&#xFF09;&#x4E5F;&#x5BF9;&#x5B97;&#x6559;&#x7684;&#x4F20;&#x64AD;&#x5177;&#x6709;&#x91CD;&#x8981;&#x4F5C;&#x7528;&#x3002;[LINK=UNIT_BUDDHIST_MISSIONARY]&#x4F20;&#x6559;&#x58EB;[\LINK]&#x4F7F;&#x4F60;&#x53EF;&#x4EE5;&#x4E3B;&#x52A8;&#x8FDB;&#x884C;&#x4F20;&#x6559;&#xFF1B;&#x76F8;&#x5173;&#x8BE6;&#x60C5;&#x89C1;&#x4E0B;&#x8282;&#x3002;[PARAGRAPH:2][H2]&#x4F20;&#x6559;&#x58EB;[\H2][PARAGRAPH:2]&#x4E00;&#x4E2A;&#x6587;&#x660E;&#x53EF;&#x4EE5;&#x7EC4;&#x5EFA;&#x4E13;&#x95E8;&#x7684;&#x201C;&#x4F20;&#x6559;&#x58EB;&#x201D;&#x5355;&#x4F4D;&#x4EE5;&#x4F20;&#x64AD;&#x5176;&#x5B98;&#x65B9;&#x4FE1;&#x4EF0;&#x3002;&#x6BCF;&#x4E2A;&#x6587;&#x660E;&#x5728;&#x540C;&#x4E00;&#x65F6;&#x523B;&#x4FDD;&#x6709;&#x7684;&#x4F20;&#x6559;&#x58EB;&#x6570;&#x91CF;&#x6709;&#x4E00;&#x5B9A;&#x9650;&#x5236;&#xFF0C;&#x6BCF;&#x4E2A;&#x4F20;&#x6559;&#x58EB;&#x5355;&#x4F4D;&#x6BCF;&#x56DE;&#x5408;&#x7684;&#x7EF4;&#x6301;&#x8D39;&#x4E3A;&#x4E24;&#x4E2A;&#x91D1;&#x5E01;&#x3002;[PARAGRAPH:2][BOLD]&#x8BAD;&#x7EC3;&#x4F20;&#x6559;&#x58EB;[\BOLD][PARAGRAPH:2]&#x5B9E;&#x884C;[LINK=CIVIC_ORGANIZED_RELIGION]&#x4FE1;&#x4EF0;&#x63A7;&#x5236;[\LINK]&#x5185;&#x653F;&#x6CD5;&#x4EE4;&#x7684;&#x6587;&#x660E;&#x53EF;&#x4EE5;&#x5728;&#x4EFB;&#x4F55;&#x4FE1;&#x4EF0;&#x56FD;&#x6559;&#x7684;&#x57CE;&#x5E02;&#x8BAD;&#x7EC3;&#x4F20;&#x6559;&#x58EB;&#xFF1B;&#x5BF9;&#x4E8E;&#x4E0D;&#x91C7;&#x7528;&#x4FE1;&#x4EF0;&#x63A7;&#x5236;&#x653F;&#x7B56;&#x7684;&#x6587;&#x660E;&#xFF0C;&#x5219;&#x53EA;&#x80FD;&#x5728;&#x5EFA;&#x6709;&#x4FEE;&#x9053;&#x9662;&#x7684;&#x57CE;&#x5E02;&#x8BAD;&#x7EC3;&#x4F20;&#x6559;&#x58EB;&#x3002;[PARAGRAPH:2][BOLD]&#x79FB;&#x52A8;&#x4F20;&#x6559;&#x58EB;[\BOLD][PARAGRAPH:2]&#x4E00;&#x65E6;&#x8BAD;&#x7EC3;&#x5B8C;&#x6210;&#xFF0C;&#x4F20;&#x6559;&#x58EB;&#x53EF;&#x4EE5;&#x8C61;&#x5176;&#x4ED6;&#x5355;&#x4F4D;&#x4E00;&#x6837;&#x5728;&#x5730;&#x56FE;&#x4E0A;&#x79FB;&#x52A8;&#x3002;&#x4F60;&#x7684;&#x4F20;&#x6559;&#x58EB;&#x53EF;&#x4EE5;&#x5728;&#x672C;&#x56FD;&#x9886;&#x571F;&#x6216;&#x4E2D;&#x7ACB;&#x9886;&#x571F;&#x4E2D;&#x81EA;&#x7531;&#x901A;&#x884C;&#xFF1B;&#x4F46;&#x4E0D;&#x80FD;&#x8FDB;&#x5165;&#x5176;&#x4ED6;&#x6587;&#x660E;&#x7684;&#x9886;&#x5730;&#xFF0C;&#x9664;&#x975E;&#x7B7E;&#x6709;[LINK=CONCEPT_DIPLOMACY]&#x5F00;&#x653E;&#x8FB9;&#x754C;[\LINK]&#x6761;&#x7EA6;&#x3002;[PARAGRAPH:2][BOLD]&#x4F20;&#x6559;&#x58EB;&#x5982;&#x4F55;&#x4F20;&#x64AD;&#x5B97;&#x6559;&#x4FE1;&#x4EF0;[\BOLD][PARAGRAPH:2]&#x5728;&#x4F20;&#x6559;&#x58EB;&#x5230;&#x8FBE;&#x76EE;&#x6807;&#x57CE;&#x5E02;&#x540E;&#xFF0C;&#x70B9;&#x51FB;&#x4F20;&#x6559;&#x58EB;&#x5355;&#x4F4D;&#x547D;&#x4EE4;&#x6E05;&#x5355;&#x4E2D;&#x7684;&#x201C;&#x4F20;&#x64AD;&#x4FE1;&#x4EF0;&#x201D;&#x547D;&#x4EE4;&#xFF08;&#x89C1;[LINK=CONCEPT_UNITS]&#x5355;&#x4F4D;[\LINK]&#xFF09;&#xFF1B;&#x5982;&#x679C;&#x4F20;&#x64AD;&#x6210;&#x529F;&#xFF0C;&#x5219;&#x4F20;&#x6559;&#x58EB;&#x7684;&#x5B97;&#x6559;&#x5C06;&#x4F20;&#x5165;&#x8BE5;&#x57CE;&#x5E02;&#x3002;&#x5728;&#x672C;&#x56FD;&#x57CE;&#x5E02;&#x4F20;&#x64AD;&#x4FE1;&#x4EF0;&#x66F4;&#x5BB9;&#x6613;&#x53D6;&#x5F97;&#x6210;&#x529F;&#x3002;&#x6B64;&#x5916;&#xFF0C;&#x5728;&#x539F;&#x6765;&#x6CA1;&#x6709;&#x4FE1;&#x4EF0;&#x7684;&#x57CE;&#x5E02;&#x4F20;&#x64AD;&#x4FE1;&#x4EF0;&#x4E5F;&#x6BD4;&#x8F83;&#x5BB9;&#x6613;&#xFF1B;&#x6BCF;&#x589E;&#x52A0;&#x4E00;&#x79CD;&#x73B0;&#x5B58;&#x4FE1;&#x4EF0;&#xFF0C;&#x90FD;&#x4F1A;&#x8FDB;&#x4E00;&#x6B65;&#x964D;&#x4F4E;&#x4F20;&#x6559;&#x7684;&#x6210;&#x529F;&#x51E0;&#x7387;&#x3002;&#x4E00;&#x5EA7;&#x57CE;&#x5E02;&#x5B58;&#x5728;&#x5B97;&#x6559;&#x7684;&#x6570;&#x91CF;&#x6CA1;&#x6709;&#x9650;&#x5236;&#xFF1B;&#x4E03;&#x79CD;&#x5B97;&#x6559;&#x53EF;&#x80FD;&#x5728;&#x540C;&#x4E00;&#x57CE;&#x5E02;&#x5E76;&#x5B58;&#x3002;&#x4F20;&#x6559;&#x58EB;&#x5728;&#x6267;&#x884C;&#x4EFB;&#x52A1;&#x540E;&#x5C06;&#x6D88;&#x5931;&#xFF0C;&#x65E0;&#x8BBA;&#x6210;&#x529F;&#x4E0E;&#x5426;&#x3002;[PARAGRAPH:2][H2]&#x5B97;&#x6559;&#x4FE1;&#x4EF0;&#x7684;&#x76CA;&#x5904;[\H2][PARAGRAPH:2][BOLD]&#x5BF9;&#x57CE;&#x5E02;&#x7684;&#x76CA;&#x5904;[\BOLD][PARAGRAPH:2]&#x4FE1;&#x4EF0;&#x56FD;&#x6559;&#x7684;&#x57CE;&#x5E02;&#x53EF;&#x989D;&#x5916;&#x589E;&#x52A0;&#x4E00;&#x4E2A;&#x5355;&#x4F4D;&#x7684;&#x5FEB;&#x4E50;&#x503C;&#xFF0C;&#x5E76;&#x6BCF;&#x56DE;&#x5408;&#x4EA7;&#x751F;&#x4E00;&#x4E2A;&#x5355;&#x4F4D;&#x7684;&#x6587;&#x5316;&#x503C;&#x3002;&#x56E0;&#x6B64;&#x4F20;&#x64AD;&#x4F60;&#x7684;&#x5B98;&#x65B9;&#x4FE1;&#x4EF0;&#x662F;&#x6E38;&#x620F;&#x65E9;&#x671F;&#x6269;&#x5C55;&#x6587;&#x5316;&#x8FB9;&#x754C;&#x7684;&#x597D;&#x529E;&#x6CD5;&#x3002;&#x5B98;&#x65B9;&#x4FE1;&#x4EF0;&#x7684;&#x5723;&#x57CE;&#x6BCF;&#x56DE;&#x5408;&#x8FD8;&#x80FD;&#x4EA7;&#x751F;&#x4E94;&#x5355;&#x4F4D;&#x6587;&#x5316;&#x503C;&#xFF0C;&#x4F7F;&#x5176;&#x80FD;&#x591F;&#x5FEB;&#x901F;&#x6269;&#x5C55;&#x6587;&#x5316;&#x8FB9;&#x754C;&#x3002;[PARAGRAPH:2][BOLD]&#x5EFA;&#x7B51;[\BOLD][PARAGRAPH:2]&#x57CE;&#x5E02;&#x5982;&#x4E0D;&#x5B58;&#x5728;&#x5B97;&#x6559;&#xFF0C;&#x5C06;&#x65E0;&#x6CD5;&#x5EFA;&#x9020;&#x5B97;&#x6559;&#x5EFA;&#x7B51;&#xFF0C;&#x4F8B;&#x5982;&#x5BFA;&#x5E99;&#x548C;&#x5927;&#x6559;&#x5802;&#xFF08;&#x89C1;&#x4E0B;&#x6587;&#xFF09;&#x3002;&#x4E0D;&#x5B58;&#x5728;&#x5B97;&#x6559;&#x7684;&#x57CE;&#x5E02;&#x4E5F;&#x4E0D;&#x80FD;&#x4F9B;&#x517B;&#x795E;&#x5B66;&#x5BB6;&#x7C7B;&#x7684;[LINK=CONCEPT_SPECIALISTS]&#x4E13;&#x4E1A;&#x4EBA;&#x5458;[\LINK]&#x3002;[PARAGRAPH:2][BOLD]&#x5723;&#x575B;&#x6536;&#x5165;[\BOLD][PARAGRAPH:2]&#x5982;&#x679C;&#x4F60;&#x62E5;&#x6709;&#x67D0;&#x4E00;&#x5B97;&#x6559;&#x7684;&#x5723;&#x57CE;&#xFF0C;&#x5E76;&#x4E14;&#x4EA7;&#x751F;&#x4E86;&#x4E00;&#x4F4D;&#x5927;&#x9884;&#x8A00;&#x5BB6;&#xFF0C;&#x4F60;&#x5C06;&#x53EF;&#x4EE5;&#x5EFA;&#x9020;&#x8BE5;&#x5B97;&#x6559;&#x7684;&#x5723;&#x575B;&#xFF0C;&#x4F7F;&#x5168;&#x4E16;&#x754C;&#x6240;&#x6709;&#x4FE1;&#x4EF0;&#x8BE5;&#x5B97;&#x6559;&#x7684;&#x57CE;&#x5E02;&#x90FD;&#x4F1A;&#x4E3A;&#x4F60;&#x5E26;&#x6765;&#x6536;&#x5165;&#xFF08;&#x89C1;&#x4E0B;&#x6587;&#xFF09;&#x3002;[PARAGRAPH:2][H2]&#x5B97;&#x6559;&#x5236;&#x5EA6;&#x7C7B;&#x5185;&#x653F;&#x6CD5;&#x4EE4;[\H2][PARAGRAPH:2]&#x5B97;&#x6559;&#x5236;&#x5EA6;&#x7C7B;&#x7684;[LINK=CONCEPT_CIVICS]&#x5185;&#x653F;&#x6CD5;&#x4EE4;[\LINK]&#x53EF;&#x8C03;&#x6574;&#x5B97;&#x6559;&#x5BF9;&#x6587;&#x660E;&#x7684;&#x5F71;&#x54CD;&#x3002;&#x6E38;&#x620F;&#x4E2D;&#x5171;&#x6709;&#x4E94;&#x79CD;&#x5B97;&#x6559;&#x5236;&#x5EA6;&#x3002;&#x5728;&#x6E38;&#x620F;&#x5F00;&#x59CB;&#x65F6;&#x53EA;&#x6709;&#x539F;&#x59CB;&#x4FE1;&#x4EF0;&#xFF1B;&#x5176;&#x4ED6;&#x5B97;&#x6559;&#x5236;&#x5EA6;&#x5C06;&#x5728;&#x4F60;&#x638C;&#x63E1;&#x76F8;&#x5E94;&#x79D1;&#x6280;&#x540E;&#x542F;&#x7528;&#x3002;[PARAGRAPH:2][BOLD]&#x539F;&#x59CB;&#x4FE1;&#x4EF0;:[\BOLD]&#x65E0;&#x79D1;&#x6280;&#x524D;&#x63D0;&#x3002;&#x57FA;&#x672C;&#x7684;&#x5B97;&#x6559;&#x5236;&#x5EA6;&#x3002;[PARAGRAPH:2][BOLD]&#x4FE1;&#x4EF0;&#x63A7;&#x5236;:[\BOLD]&#x9700;&#x8981;[LINK=TECH_MONOTHEISM]&#x4E00;&#x795E;&#x8BBA;[\LINK]&#x3002;&#x63D0;&#x5347;&#x4FE1;&#x4EF0;&#x56FD;&#x6559;&#x57CE;&#x5E02;&#x7684;&#x5EFA;&#x9020;&#x5EFA;&#x7B51;&#x7684;&#x80FD;&#x529B;&#xFF0C;&#x5141;&#x8BB8;&#x4F60;&#x8BAD;&#x7EC3;&#x4F20;&#x6559;&#x58EB;&#x800C;&#x65E0;&#x987B;&#x5EFA;&#x9020;&#x4FEE;&#x9053;&#x9662;&#x3002;[PARAGRAPH:2][BOLD]&#x795E;&#x6743;&#x653F;&#x6CBB;:[\BOLD]&#x9700;&#x8981;[LINK=TECH_THEOLOGY]&#x795E;&#x5B66;[\LINK]&#x3002;&#x5B9E;&#x884C;&#x795E;&#x6743;&#x653F;&#x6CBB;&#x6CD5;&#x4EE4;&#xFF0C;&#x5C06;&#x4F7F;&#x4FE1;&#x4EF0;&#x56FD;&#x6559;&#x7684;&#x57CE;&#x5E02;&#x6240;&#x7EC4;&#x5EFA;&#x7684;&#x5355;&#x4F4D;&#x62E5;&#x6709;&#x4E24;&#x70B9;&#x521D;&#x59CB;&#x7ECF;&#x9A8C;&#xFF0C;&#x5E76;&#x7981;&#x6B62;&#x975E;&#x5B98;&#x65B9;&#x4FE1;&#x4EF0;&#x5728;&#x672C;&#x56FD;&#x7684;&#x4F20;&#x64AD;&#x3002;[PARAGRAPH:2][BOLD]&#x548C;&#x5E73;&#x4E3B;&#x4E49;:[\BOLD]&#x9700;&#x8981;[LINK=TECH_PHILOSOPHY]&#x54F2;&#x5B66;[\LINK]&#x3002;&#x5927;&#x5927;&#x63D0;&#x5347;&#x4FE1;&#x4EF0;&#x56FD;&#x6559;&#x57CE;&#x5E02;&#x7684;[LINK=CONCEPT_GREAT_PEOPLE]&#x5386;&#x53F2;&#x4F1F;&#x4EBA;[\LINK]&#x51FA;&#x73B0;&#x51E0;&#x7387;&#xFF0C;&#x5E76;&#x589E;&#x52A0;&#x519B;&#x4E8B;&#x5355;&#x4F4D;&#x7684;&#x7EF4;&#x6301;&#x8D39;&#x3002;[PARAGRAPH:2][BOLD]&#x4FE1;&#x4EF0;&#x81EA;&#x7531;:[\BOLD]&#x9700;&#x8981;[LINK=TECH_LIBERALISM]&#x81EA;&#x7531;&#x4E3B;&#x4E49;[\LINK]&#x3002;&#x5B9E;&#x884C;&#x4FE1;&#x4EF0;&#x81EA;&#x7531;&#x7684;&#x6587;&#x660E;&#x6CA1;&#x6709;&#x5B98;&#x65B9;&#x4FE1;&#x4EF0;&#x3002;&#x4EFB;&#x4F55;&#x5B97;&#x6559;&#x90FD;&#x53EF;&#x63D0;&#x5347;&#x57CE;&#x5E02;&#x7684;&#x5FEB;&#x4E50;&#x5EA6;&#xFF1B;&#x5E76;&#x4E14;&#x6240;&#x6709;&#x57CE;&#x5E02;&#x989D;&#x5916;&#x83B7;&#x5F97;10%%&#x7684;[LINK=CONCEPT_RESEARCH]&#x79D1;&#x7814;[\LINK]&#x52A0;&#x6210;&#x3002;[PARAGRAPH:2][H2]&#x5B97;&#x6559;&#x5EFA;&#x7B51;[\H2][PARAGRAPH:2]&#x53EF;&#x5EFA;&#x9020;&#x7684;&#x5B97;&#x6559;&#x5EFA;&#x7B51;&#x6709;&#x591A;&#x79CD;&#x7C7B;&#x578B;&#x3002;&#x4E0D;&#x540C;&#x5B97;&#x6559;&#x6709;&#x76F8;&#x5E94;&#x7684;&#x5B97;&#x6559;&#x5EFA;&#x7B51;&#xFF0C;&#x57CE;&#x5E02;&#x5FC5;&#x987B;&#x4FE1;&#x4EF0;&#x7279;&#x5B9A;&#x5B97;&#x6559;&#x624D;&#x80FD;&#x5EFA;&#x9020;&#x76F8;&#x5E94;&#x5B97;&#x6559;&#x5EFA;&#x7B51;&#x3002;&#x4FE1;&#x4EF0;&#x591A;&#x79CD;&#x5B97;&#x6559;&#x7684;&#x57CE;&#x5E02;&#x53EF;&#x4EE5;&#x5EFA;&#x9020;&#x591A;&#x79CD;&#x5B97;&#x6559;&#x5EFA;&#x7B51;&#xFF1A;&#x4F8B;&#x5982;&#xFF0C;&#x540C;&#x65F6;&#x4FE1;&#x4EF0;&#x72B9;&#x592A;&#x6559;&#x548C;&#x5112;&#x5B66;&#x7684;&#x57CE;&#x5E02;&#x5373;&#x53EF;&#x540C;&#x65F6;&#x5EFA;&#x9020;&#x72B9;&#x592A;&#x793C;&#x62DC;&#x5802;&#x548C;&#x5112;&#x5B66;&#x9986;&#x3002;[PARAGRAPH:2][BOLD]&#x5BFA;&#x5E99;[\BOLD][PARAGRAPH:2]&#x5BFA;&#x5E99;&#x662F;&#x6700;&#x57FA;&#x672C;&#x7684;&#x5B97;&#x6559;&#x5EFA;&#x7B51;&#x3002;&#x5BFA;&#x5E99;&#x53EF;&#x4FC3;&#x8FDB;&#x57CE;&#x5E02;&#x7684;[LINK=CONCEPT_CULTURE]&#x6587;&#x5316;[\LINK]&#x548C;[LINK=CONCEPT_HAPPINESS]&#x5FEB;&#x4E50;[\LINK]&#x3002;&#x5141;&#x8BB8;1&#x5355;&#x4F4D;&#x4EBA;&#x53E3;&#x8F6C;&#x5316;&#x4E3A;&#x795E;&#x5B66;&#x5BB6;&#x7C7B;[LINK=CONCEPT_SPECIALISTS]&#x4E13;&#x4E1A;&#x4EBA;&#x5458;[\LINK]&#x3002;[PARAGRAPH:2][BOLD]&#x4FEE;&#x9053;&#x9662;[\BOLD][PARAGRAPH:2]&#x4FEE;&#x9053;&#x9662;&#x53EF;&#x5C11;&#x91CF;&#x63D0;&#x5347;&#x57CE;&#x5E02;&#x7684;&#x79D1;&#x7814;&#x80FD;&#x529B;&#x3002;&#x66F4;&#x91CD;&#x8981;&#x7684;&#x662F;&#x4F7F;&#x57CE;&#x5E02;&#x53EF;&#x4EE5;&#x8BAD;&#x7EC3;&#x4F20;&#x6559;&#x58EB;&#xFF0C;&#x4EE5;&#x4F20;&#x64AD;&#x4F60;&#x7684;&#x4FE1;&#x4EF0;&#x3002;[PARAGRAPH:2][BOLD]&#x5927;&#x6559;&#x5802;[\BOLD][PARAGRAPH:2]&#x5927;&#x6559;&#x5802;&#x53EF;&#x5927;&#x5927;&#x63D0;&#x5347;&#x57CE;&#x5E02;&#x7684;&#x6587;&#x5316;&#x7B49;&#x7EA7;&#x3002;&#x5982;&#x6240;&#x5C5E;&#x5B97;&#x6559;&#x4E3A;&#x5B98;&#x65B9;&#x4FE1;&#x4EF0;&#x8FD8;&#x5C06;&#x63D0;&#x5347;&#x57CE;&#x5E02;&#x5FEB;&#x4E50;&#x5EA6;&#x3002;&#x5E76;&#x5141;&#x8BB8;2&#x5355;&#x4F4D;&#x4EBA;&#x53E3;&#x8F6C;&#x5316;&#x4E3A;&#x795E;&#x5B66;&#x5BB6;&#x3002;&#x6CE8;&#x610F;&#x201C;&#x5927;&#x6559;&#x5802;&#x201D;&#x6CDB;&#x6307;&#x4EFB;&#x4F55;&#x5B97;&#x6559;&#x7684;&#x5927;&#x578B;&#x6D3B;&#x52A8;&#x573A;&#x6240;&#x2014;&#x2014;&#x72B9;&#x592A;&#x6559;&#x4F1A;&#x5802;&#xFF0C;&#x4F0A;&#x65AF;&#x5170;&#x6E05;&#x771F;&#x5BFA;&#xFF0C;&#x57FA;&#x7763;&#x6559;&#x5927;&#x6559;&#x5802;&#x7B49;&#x7B49;&#xFF0C;&#x5176;&#x4F5C;&#x7528;&#x5B8C;&#x5168;&#x76F8;&#x540C;&#x3002;&#x5EFA;&#x9020;&#x4E00;&#x5EA7;&#x5927;&#x6559;&#x5802;&#x7684;&#x524D;&#x63D0;&#x662F;&#x5DF2;&#x5EFA;&#x6709;&#x4E09;&#x5EA7;&#x5BFA;&#x5E99;&#xFF1B;&#x4F8B;&#x5982;&#xFF0C;&#x5EFA;&#x6709;&#x4E03;&#x5EA7;&#x5BFA;&#x5E99;&#x7684;&#x6587;&#x660E;&#x5C06;&#x53EF;&#x5EFA;&#x9020;&#x4E24;&#x5EA7;&#x5927;&#x6559;&#x5802;&#x3002;[PARAGRAPH:2][BOLD]&#x5723;&#x575B;[\BOLD][PARAGRAPH:2]&#x5723;&#x575B;&#x53EA;&#x80FD;&#x5EFA;&#x5728;&#x521B;&#x7ACB;&#x5B97;&#x6559;&#x7684;&#x57CE;&#x5E02;&#x3002;&#x5723;&#x575B;&#x7531;[LINK=CONCEPT_GREAT_PEOPLE]&#x5927;&#x9884;&#x8A00;&#x5BB6;[\LINK]&#x5EFA;&#x9020;&#xFF1B;&#x5927;&#x9884;&#x8A00;&#x5BB6;&#x662F;&#x552F;&#x4E00;&#x80FD;&#x5EFA;&#x9020;&#x5723;&#x575B;&#x7684;&#x5355;&#x4F4D;&#xFF0C;&#x5EFA;&#x9020;&#x5723;&#x575B;&#x7684;&#x4EE3;&#x4EF7;&#x662F;&#x8FD9;&#x4F4D;&#x5927;&#x9884;&#x8A00;&#x5BB6;&#x7684;&#x6D88;&#x5931;&#x3002;&#x5723;&#x575B;&#x53EF;&#x63D0;&#x5347;&#x76F8;&#x5E94;&#x5B97;&#x6559;&#x7684;&#x4F20;&#x64AD;&#x901F;&#x5EA6;&#xFF0C;&#x4EE5;&#x53CA;&#x6240;&#x5728;&#x57CE;&#x5E02;&#x7684;&#x6587;&#x5316;&#x7B49;&#x7EA7;&#x3002;&#x5E76;&#x80FD;&#x63D0;&#x5347;&#x57CE;&#x5E02;&#x4EA7;&#x751F;&#x5927;&#x9884;&#x8A00;&#x5BB6;&#x7684;&#x51E0;&#x7387;&#xFF0C;&#x4F7F;&#x57CE;&#x5E02;&#x53EF;&#x80FD;&#x4F9B;&#x517B;&#x4E09;&#x4F4D;&#x795E;&#x5B66;&#x5BB6;&#x3002;&#x66F4;&#x91CD;&#x8981;&#x7684;&#x662F;&#xFF0C;&#x5723;&#x575B;&#x80FD;&#x4F7F;&#x5168;&#x4E16;&#x754C;&#x6240;&#x6709;&#x4FE1;&#x4EF0;&#x76F8;&#x5E94;&#x5B97;&#x6559;&#x7684;&#x57CE;&#x5E02;&#x4E3A;&#x4F60;&#x7684;&#x6587;&#x660E;&#x5E26;&#x6765;&#x6BCF;&#x5EA7;&#x57CE;&#x5E02;&#x6BCF;&#x56DE;&#x5408;&#x4E00;&#x4E2A;&#x91D1;&#x5E01;&#x7684;&#x6536;&#x5165;&#xFF08;&#x56E0;&#x6B64;&#x8BAD;&#x7EC3;&#x4F20;&#x6559;&#x58EB;&#x4F20;&#x64AD;&#x4FE1;&#x4EF0;&#x662F;&#x975E;&#x5E38;&#x91CD;&#x8981;&#x7684;&#xFF09;&#x3002;&#x6BCF;&#x79CD;&#x5B97;&#x6559;&#x90FD;&#x6709;&#x4E0D;&#x540C;&#x540D;&#x79F0;&#x7684;&#x5927;&#x6559;&#x5802;&#x548C;&#x5723;&#x575B;&#x7C7B;&#x5EFA;&#x7B51;&#x3002;</Chinese>
	</TEXT>
	<TEXT>
		<Tag>TXT_KEY_COMBAT_MESSAGE_TERRAIN</Tag>
		<English>(Terrain Defense: %d1%%)</English>
<L1 /><L2 /><L3 /><L4 />
		<Chinese>(&#x5730;&#x5F62;&#x9632;&#x5FA1;: %d1%%)</Chinese>
	</TEXT>
	<TEXT>
		<Tag>AI_DIPLO_CHANGED_FIRST_CONTACT_LEADER_RAGNAR_LODBROK_1</Tag>
		<English>Hail and well met, [CT_NAME]! I am [OUR_NAME], ruler of the glorious [OUR_CIV_SHORT].  So tell me: does [CT_CIV_SHORT] have a lot of rich and unprotected coastal cities, or what?</English>
<L1 /><L2 /><L3 /><L4 />
		<Chinese>&#x5411;&#x4F60;&#x81F4;&#x4EE5;&#x95EE;&#x5019;&#xFF0C;[CT_NAME]&#xFF01;&#x6211;&#x662F;[OUR_NAME]&#xFF0C;&#x8363;&#x8000;&#x7684;[OUR_CIV_SHORT]&#x7684;&#x7EDF;&#x6CBB;&#x8005;&#x3002;&#x6253;&#x542C;&#x4E00;&#x4E0B;&#xFF1A;[CT_CIV_SHORT]&#x6709;&#x6CA1;&#x6709;&#x5F88;&#x591A;&#x8DB3;&#x591F;&#x5BCC;&#x5EB6;&#x800C;&#x7F3A;&#x4E4F;&#x9632;&#x5FA1;&#x7684;&#x6D77;&#x6EE8;&#x57CE;&#x5E02;&#x554A;&#xFF1F;</Chinese>
	</TEXT>
	<TEXT>
		<Tag>TXT_KEY_TECH_SCIENTIFIC_METHOD_STRATEGY</Tag>
		<English>[COLOR_TECH_TEXT]Scientific Method[COLOR_REVERT] reveals the [COLOR_HIGHLIGHT_TEXT]Oil[COLOR_REVERT] resource and allows construction of the [COLOR_HIGHLIGHT_TEXT]Forest Preserve[COLOR_REVERT] improvement. It makes the [COLOR_BUILDING_TEXT]Great Library[COLOR_REVERT], [COLOR_BUILDING_TEXT]The Parthenon[COLOR_REVERT], [COLOR_BUILDING_TEXT]The Temple of Artemis[COLOR_REVERT] and [COLOR_BUILDING_TEXT]Monasteries[COLOR_REVERT] obsolete.</English>
<L1 /><L2 /><L3 /><L4 />
		<Chinese>[COLOR_TECH_TEXT]&#x79D1;&#x5B66;&#x65B9;&#x6CD5;[COLOR_REVERT]&#x542F;&#x7528;[COLOR_HIGHLIGHT_TEXT]&#x77F3;&#x6CB9;[COLOR_REVERT]&#x8D44;&#x6E90;&#xFF0C;&#x5141;&#x8BB8;&#x5EFA;&#x9020;[COLOR_HIGHLIGHT_TEXT]&#x68EE;&#x6797;&#x4FDD;&#x62A4;&#x533A;[COLOR_REVERT]&#x8BBE;&#x65BD;&#x3002;&#x5E76;&#x4F7F;&#x5F97;[COLOR_BUILDING_TEXT]&#x5927;&#x56FE;&#x4E66;&#x9986;[COLOR_REVERT]&#x3001;[COLOR_BUILDING_TEXT]&#x5E15;&#x7279;&#x519C;&#x795E;&#x5E99;[COLOR_REVERT]&#x3001;[COLOR_BUILDING_TEXT]&#x963F;&#x5C14;&#x5FD2;&#x5F25;&#x65AF;&#x795E;&#x5E99;[COLOR_REVERT]&#x548C;[COLOR_BUILDING_TEXT]&#x4FEE;&#x9053;&#x9662;[COLOR_REVERT]&#x8FC7;&#x65F6;&#x3002;</Chinese>
	</TEXT>
	<TEXT>
		<Tag>TXT_KEY_TECH_UTOPIA_STRATEGY</Tag>
		<English>[COLOR_TECH_TEXT]Communism[COLOR_REVERT] enables the [COLOR_HIGHLIGHT_TEXT]State Property[COLOR_REVERT] civic and [COLOR_HIGHLIGHT_TEXT]Permanent Alliances[COLOR_REVERT]. It also allows construction of the [COLOR_BUILDING_TEXT]Intelligence Agency[COLOR_REVERT] building and the [COLOR_BUILDING_TEXT]Kremlin[COLOR_REVERT] world wonder. The first to research [COLOR_TECH_TEXT]Communism[COLOR_REVERT] receives a free [COLOR_UNIT_TEXT]Great Spy[COLOR_REVERT] unit.</English>
<L1 /><L2 /><L3 /><L4 />
		<Chinese>[COLOR_TECH_TEXT]&#x5171;&#x4EA7;&#x4E3B;&#x4E49;[COLOR_REVERT]&#x542F;&#x7528;[COLOR_HIGHLIGHT_TEXT]&#x56FD;&#x8425;&#x7ECF;&#x6D4E;[COLOR_REVERT]&#x5185;&#x653F;&#x6CD5;&#x4EE4;&#x548C;[COLOR_HIGHLIGHT_TEXT]&#x6C38;&#x4E45;&#x540C;&#x76DF;[COLOR_REVERT]&#x5916;&#x4EA4;&#x6761;&#x7EA6;&#x3002;&#x5E76;&#x5141;&#x8BB8;&#x5EFA;&#x9020;[COLOR_BUILDING_TEXT]&#x60C5;&#x62A5;&#x5C40;[COLOR_REVERT]&#x5EFA;&#x7B51;&#x548C;[COLOR_BUILDING_TEXT]&#x514B;&#x91CC;&#x59C6;&#x6797;&#x5BAB;[COLOR_REVERT]&#x4E16;&#x754C;&#x5947;&#x89C2;&#x3002;&#x7387;&#x5148;&#x53D1;&#x73B0;[COLOR_TECH_TEXT]&#x5171;&#x4EA7;&#x4E3B;&#x4E49;[COLOR_REVERT]&#x7684;&#x6587;&#x660E;&#x53EF;&#x514D;&#x8D39;&#x83B7;&#x5F97;&#x4E00;&#x4F4D;[COLOR_UNIT_TEXT]&#x5927;&#x95F4;&#x8C0D;[COLOR_REVERT]&#x3002;</Chinese>
	</TEXT>
	<TEXT>
		<Tag>TXT_KEY_TECH_CALENDAR_STRATEGY</Tag>
		<English>[COLOR_TECH_TEXT]Calendar[COLOR_REVERT] allows your workers to construct [COLOR_HIGHLIGHT_TEXT]Plantation[COLOR_REVERT] improvements, enabling you to access various valuable resources. It allows construction of the [COLOR_BUILDING_TEXT]Mausoleum of Maussollos[COLOR_REVERT] wonder.</English>
<L1 /><L2 /><L3 /><L4 />
		<Chinese>[COLOR_TECH_TEXT]&#x5386;&#x6CD5;[COLOR_REVERT]&#x5141;&#x8BB8;&#x4F60;&#x7684;&#x5DE5;&#x4EBA;&#x4FEE;&#x5EFA;[COLOR_HIGHLIGHT_TEXT]&#x79CD;&#x690D;&#x56ED;[COLOR_REVERT]&#x8BBE;&#x65BD;&#xFF0C;&#x4F7F;&#x4F60;&#x53EF;&#x4EE5;&#x83B7;&#x53D6;&#x591A;&#x79CD;&#x6709;&#x4EF7;&#x503C;&#x7684;&#x8D44;&#x6E90;&#x3002;&#x5E76;&#x5141;&#x8BB8;&#x5EFA;&#x9020;[COLOR_BUILDING_TEXT]&#x6469;&#x7D22;&#x62C9;&#x65AF;&#x9675;&#x5893;[COLOR_REVERT]&#x5947;&#x89C2;&#x3002;</Chinese>
	</TEXT>
	<TEXT>
		<Tag>TXT_KEY_TECH_CHEMISTRY_STRATEGY</Tag>
		<English>[COLOR_TECH_TEXT]Chemistry[COLOR_REVERT] allows construction of [COLOR_UNIT_TEXT]Privateers[COLOR_REVERT] and [COLOR_UNIT_TEXT]Frigates[COLOR_REVERT] (with [COLOR_TECH_TEXT]Astronomy[COLOR_REVERT]). It also increases production from all workshops by 1.</English>
<L1 /><L2 /><L3 /><L4 />
		<Chinese>[COLOR_TECH_TEXT]&#x5316;&#x5B66;[COLOR_REVERT]&#x5141;&#x8BB8;&#x5EFA;&#x9020;[COLOR_UNIT_TEXT]&#x79C1;&#x63A0;&#x8230;[COLOR_REVERT]&#x548C;[COLOR_UNIT_TEXT]&#x4E09;&#x6845;&#x6218;&#x8230;[COLOR_REVERT]&#xFF08;&#x9700;&#x8981;[COLOR_TECH_TEXT]&#x5929;&#x6587;&#x5B66;[COLOR_REVERT]&#xFF09;&#x3002;&#x8FD8;&#x53EF;&#x4F7F;&#x5DE5;&#x573A;&#x751F;&#x4EA7;&#x80FD;&#x529B;+1&#x3002;</Chinese>
	</TEXT>
	<TEXT>
		<Tag>TXT_KEY_TECH_ARTILLERY_STRATEGY</Tag>
		<English>[COLOR_TECH_TEXT]Artillery[COLOR_REVERT] allows you to build [COLOR_UNIT_TEXT]Artillery[COLOR_REVERT], [COLOR_UNIT_TEXT]Anti-Tank Infantry[COLOR_REVERT], and [COLOR_UNIT_TEXT]Mobile Artillery[COLOR_REVERT], the game's most powerful siege unit.</English>
<L1 /><L2 /><L3 /><L4 />
		<Chinese>[COLOR_TECH_TEXT]&#x706B;&#x70AE;[COLOR_REVERT]&#x5141;&#x8BB8;&#x4F60;&#x5EFA;&#x9020;[COLOR_UNIT_TEXT]&#x706B;&#x70AE;[COLOR_REVERT]&#x3001;[COLOR_UNIT_TEXT]&#x53CD;&#x5766;&#x514B;&#x6B65;&#x5175;[COLOR_REVERT]&#x548C;[COLOR_UNIT_TEXT]&#x81EA;&#x884C;&#x706B;&#x70AE;[COLOR_REVERT]&#x2014;&#x2014;&#x6E38;&#x620F;&#x4E2D;&#x6700;&#x5F3A;&#x5927;&#x7684;&#x538B;&#x5236;&#x6B66;&#x5668;&#x3002;</Chinese>
	</TEXT>
	<TEXT>
		<Tag>TXT_KEY_TECH_ASTRONOMY_STRATEGY</Tag>
		<English>[COLOR_TECH_TEXT]Astronomy[COLOR_REVERT] allows access to the [COLOR_UNIT_TEXT]Galleon[COLOR_REVERT], as well as the [COLOR_UNIT_TEXT]Frigate[COLOR_REVERT] and the [COLOR_UNIT_TEXT]Privateer[COLOR_REVERT] (with [COLOR_TECH_TEXT]Chemistry[COLOR_REVERT]) and the [COLOR_UNIT_TEXT]Ship of the Line[COLOR_REVERT] (with [COLOR_TECH_TEXT]Military Science[COLOR_REVERT]). It enables trading on the ocean and lets you build [COLOR_BUILDING_TEXT]Observatories[COLOR_REVERT]. It obsoletes [COLOR_BUILDING_TEXT]The Colossus[COLOR_REVERT] and [COLOR_BUILDING_TEXT]Stonehenge[COLOR_REVERT] Wonders and the [COLOR_BUILDING_TEXT]Monument[COLOR_REVERT] building.</English>
<L1 /><L2 /><L3 /><L4 />
		<Chinese>[COLOR_TECH_TEXT]&#x5929;&#x6587;&#x5B66;[COLOR_REVERT]&#x5141;&#x8BB8;[COLOR_UNIT_TEXT]&#x5927;&#x5E06;&#x8239;[COLOR_REVERT]&#x3001;[COLOR_UNIT_TEXT]&#x4E09;&#x6845;&#x6218;&#x8230;[COLOR_REVERT]&#x548C;[COLOR_UNIT_TEXT]&#x79C1;&#x63A0;&#x8230;[COLOR_REVERT]&#xFF08;&#x9700;&#x8981;[COLOR_TECH_TEXT]&#x5316;&#x5B66;[COLOR_REVERT]&#xFF09;&#xFF0C;&#x4EE5;&#x53CA;[COLOR_UNIT_TEXT]&#x4E3B;&#x529B;&#x6218;&#x8230;[COLOR_REVERT]&#xFF08;&#x9700;&#x8981;[COLOR_TECH_TEXT]&#x519B;&#x4E8B;&#x79D1;&#x5B66;[COLOR_REVERT]&#xFF09;&#x3002;&#x5E76;&#x5141;&#x8BB8;&#x8FDC;&#x6D0B;&#x8D38;&#x6613;&#x548C;&#x5EFA;&#x9020;[COLOR_BUILDING_TEXT]&#x5929;&#x6587;&#x53F0;[COLOR_REVERT]&#x3002;&#x5E76;&#x4F7F;&#x5F97;[COLOR_BUILDING_TEXT]&#x9752;&#x94DC;&#x5DE8;&#x50CF;[COLOR_REVERT]&#x548C;[COLOR_BUILDING_TEXT]&#x5DE8;&#x77F3;&#x9635;[COLOR_REVERT]&#x5947;&#x89C2;&#x4EE5;&#x53CA;[COLOR_BUILDING_TEXT]&#x7EAA;&#x5FF5;&#x7891;[COLOR_REVERT]&#x5EFA;&#x7B51;&#x8FC7;&#x65F6;&#x3002;</Chinese>
	</TEXT>
	<TEXT>
		<Tag>TXT_KEY_TECH_BIOLOGY_STRATEGY</Tag>
		<English>[COLOR_TECH_TEXT]Biology[COLOR_REVERT] allows your workers to build [COLOR_HIGHLIGHT_TEXT]Farms[COLOR_REVERT] without [COLOR_HIGHLIGHT_TEXT]Irrigation[COLOR_REVERT] as well as the [COLOR_BUILDING_TEXT]National Park[COLOR_REVERT] national wonder. It increases the food production of all [COLOR_HIGHLIGHT_TEXT]Farms[COLOR_REVERT] by 1. </English>
<L1 /><L2 /><L3 /><L4 />
		<Chinese>[COLOR_TECH_TEXT]&#x751F;&#x7269;&#x5B66;[COLOR_REVERT]&#x5141;&#x8BB8;&#x4F60;&#x7684;&#x5DE5;&#x4EBA;&#x4FEE;&#x5EFA;[COLOR_HIGHLIGHT_TEXT]&#x519C;&#x573A;[COLOR_REVERT]&#x800C;&#x65E0;&#x9700;[COLOR_HIGHLIGHT_TEXT]&#x704C;&#x6E89;[COLOR_REVERT]&#x8BBE;&#x65BD;&#xFF0C;&#x4EE5;&#x53CA;[COLOR_BUILDING_TEXT]&#x56FD;&#x5BB6;&#x516C;&#x56ED;[COLOR_REVERT]&#x5C0F;&#x5947;&#x89C2;&#x3002;&#x5E76;&#x4F7F;&#x6240;&#x6709;[COLOR_HIGHLIGHT_TEXT]&#x519C;&#x573A;[COLOR_REVERT]&#x98DF;&#x7269;&#x4EA7;&#x51FA;+1&#x3002; </Chinese>
	</TEXT>
	<TEXT>
		<Tag>TXT_KEY_TECH_COMBUSTION_STRATEGY</Tag>
		<English>[COLOR_TECH_TEXT]Combustion[COLOR_REVERT] allows you to construct the [COLOR_UNIT_TEXT]Transport[COLOR_REVERT], [COLOR_UNIT_TEXT]Destroyer[COLOR_REVERT], and [COLOR_UNIT_TEXT]Attack Submarine[COLOR_REVERT] (with [COLOR_TECH_TEXT]Radio[COLOR_REVERT] and [COLOR_TECH_TEXT]Rocketry[COLOR_REVERT]) naval units. You may construct the [COLOR_BUILDING_TEXT]Public Transportation[COLOR_REVERT] building and the [COLOR_BUILDING_TEXT]Creative Constructions[COLOR_REVERT] Wonder.  It enables your workers to build the [COLOR_HIGHLIGHT_TEXT]Well[COLOR_REVERT] improvement on land-based [COLOR_HIGHLIGHT_TEXT]Oil[COLOR_REVERT] resources and obsoletes the [COLOR_HIGHLIGHT_TEXT]Whale[COLOR_REVERT] resource.</English>
<L1 /><L2 /><L3 /><L4 />
		<Chinese>[COLOR_TECH_TEXT]&#x5185;&#x71C3;&#x673A;[COLOR_REVERT]&#x5141;&#x8BB8;&#x4F60;&#x5EFA;&#x9020;[COLOR_UNIT_TEXT]&#x8FD0;&#x8F93;&#x8230;[COLOR_REVERT]&#x3001;[COLOR_UNIT_TEXT]&#x9A71;&#x9010;&#x8230;[COLOR_REVERT]&#x548C;[COLOR_UNIT_TEXT]&#x653B;&#x51FB;&#x578B;&#x6F5C;&#x8247;[COLOR_REVERT]&#xFF08;&#x9700;&#x8981;[COLOR_TECH_TEXT]&#x65E0;&#x7EBF;&#x7535;[COLOR_REVERT]&#x548C;[COLOR_TECH_TEXT]&#x706B;&#x7BAD;[COLOR_REVERT]&#xFF09;&#x3002;&#x5E76;&#x5141;&#x8BB8;&#x5EFA;&#x9020;[COLOR_BUILDING_TEXT]&#x516C;&#x4EA4;&#x7CFB;&#x7EDF;[COLOR_REVERT]&#x5EFA;&#x7B51;&#x548C;[COLOR_BUILDING_TEXT]&#x521B;&#x65B0;&#x5EFA;&#x7B51;&#x516C;&#x53F8;[COLOR_REVERT]&#x5947;&#x89C2;&#x3002;&#x5141;&#x8BB8;&#x4F60;&#x7684;&#x5DE5;&#x4EBA;&#x4FEE;&#x5EFA;[COLOR_HIGHLIGHT_TEXT]&#x6CB9;&#x4E95;[COLOR_REVERT]&#x8BBE;&#x65BD;&#x4EE5;&#x83B7;&#x53D6;&#x9646;&#x4E0A;[COLOR_HIGHLIGHT_TEXT]&#x77F3;&#x6CB9;[COLOR_REVERT]&#x8D44;&#x6E90;&#x5E76;&#x4F7F;[COLOR_HIGHLIGHT_TEXT]&#x9CB8;&#x9C7C;[COLOR_REVERT]&#x8D44;&#x6E90;&#x8FC7;&#x65F6;&#x3002;</Chinese>
	</TEXT>
	<TEXT>
		<Tag>TXT_KEY_TECH_COMPOSITES_STRATEGY</Tag>
		<English>[COLOR_TECH_TEXT]Composites[COLOR_REVERT] enables construction of [COLOR_UNIT_TEXT]Modern Armor[COLOR_REVERT] (with [COLOR_TECH_TEXT]Computers[COLOR_REVERT]). It lets you build the [COLOR_BUILDING_TEXT]SS Casing[COLOR_REVERT] project.</English>
<L1 /><L2 /><L3 /><L4 />
		<Chinese>[COLOR_TECH_TEXT]&#x590D;&#x5408;&#x6750;&#x6599;[COLOR_REVERT]&#x5141;&#x8BB8;&#x7EC4;&#x5EFA;[COLOR_UNIT_TEXT]&#x4E3B;&#x6218;&#x5766;&#x514B;[COLOR_REVERT]&#xFF08;&#x9700;&#x8981;[COLOR_TECH_TEXT]&#x8BA1;&#x7B97;&#x673A;[COLOR_REVERT]&#xFF09;&#xFF0C;&#x5E76;&#x5141;&#x8BB8;&#x5EFA;&#x9020;[COLOR_BUILDING_TEXT]&#x98DE;&#x8239;&#x5916;&#x58F3;[COLOR_REVERT]&#x5DE5;&#x7A0B;&#x3002;</Chinese>
	</TEXT>
	<TEXT>
		<Tag>TXT_KEY_TECH_CORPORATION_STRATEGY</Tag>
		<English>[COLOR_TECH_TEXT]Corporation[COLOR_REVERT] adds an additional trade route to all cities and enables construction of the [COLOR_BUILDING_TEXT]Wall Street[COLOR_REVERT] national wonder. It is a requirement to build all [COLOR_BUILDING_TEXT]Corporation[COLOR_REVERT] Wonders.</English>
<L1 /><L2 /><L3 /><L4 />
		<Chinese>[COLOR_TECH_TEXT]&#x516C;&#x53F8;&#x5236;[COLOR_REVERT]&#x4F7F;&#x6240;&#x6709;&#x57CE;&#x5E02;&#x83B7;&#x5F97;&#x989D;&#x5916;&#x5546;&#x8DEF;&#x5E76;&#x5141;&#x8BB8;&#x5EFA;&#x9020;[COLOR_BUILDING_TEXT]&#x534E;&#x5C14;&#x8857;[COLOR_REVERT]&#x56FD;&#x5BB6;&#x5947;&#x89C2;&#xFF0C;&#x8FD8;&#x662F;&#x5EFA;&#x9020;&#x6240;&#x6709;[COLOR_BUILDING_TEXT]&#x516C;&#x53F8;[COLOR_REVERT]&#x5947;&#x89C2;&#x7684;&#x524D;&#x63D0;&#x3002;</Chinese>
	</TEXT>
	<TEXT>
		<Tag>TXT_KEY_TECH_DEMOCRACY_STRATEGY</Tag>
		<English>This tech enables the [COLOR_HIGHLIGHT_TEXT]Universal Suffrage[COLOR_REVERT] and [COLOR_HIGHLIGHT_TEXT]Emancipation[COLOR_REVERT] civics. It allows construction of the [COLOR_BUILDING_TEXT]Security Bureau[COLOR_REVERT] building and the [COLOR_BUILDING_TEXT]Statue of Liberty[COLOR_REVERT] wonder.</English>
<L1 /><L2 /><L3 /><L4 />
		<Chinese>&#x8BE5;&#x79D1;&#x6280;&#x542F;&#x7528;[COLOR_HIGHLIGHT_TEXT]&#x666E;&#x9009;&#x5236;&#x5EA6;[COLOR_REVERT]&#x548C;[COLOR_HIGHLIGHT_TEXT]&#x4EBA;&#x8EAB;&#x81EA;&#x7531;[COLOR_REVERT]&#x5185;&#x653F;&#x6CD5;&#x4EE4;&#x3002;&#x5E76;&#x5141;&#x8BB8;&#x5EFA;&#x9020;[COLOR_BUILDING_TEXT]&#x5B89;&#x5168;&#x5C40;[COLOR_REVERT]&#x5EFA;&#x7B51;&#x548C;[COLOR_BUILDING_TEXT]&#x81EA;&#x7531;&#x5973;&#x795E;&#x50CF;[COLOR_REVERT]&#x5947;&#x89C2;&#x3002;</Chinese>
	</TEXT>
	<TEXT>
		<Tag>TXT_KEY_TECH_FASCISM_STRATEGY</Tag>
		<English>Fascism enables the [COLOR_HIGHLIGHT_TEXT]Police State[COLOR_REVERT] civic, the [COLOR_UNIT_TEXT]Paratrooper[COLOR_REVERT] unit (with [COLOR_TECH_TEXT]Rifling[COLOR_REVERT] and [COLOR_TECH_TEXT]Flight[COLOR_REVERT]) and construction of the [COLOR_BUILDING_TEXT]Mount Rushmore[COLOR_REVERT] wonder. It also allows [COLOR_HIGHLIGHT_TEXT]Permanent Alliances[COLOR_REVERT].</English>
<L1 /><L2 /><L3 /><L4 />
		<Chinese>&#x6CD5;&#x897F;&#x65AF;&#x4E3B;&#x4E49;&#x5C06;&#x542F;&#x7528;[COLOR_HIGHLIGHT_TEXT]&#x5F3A;&#x5316;&#x76D1;&#x63A7;[COLOR_REVERT]&#x5185;&#x653F;&#x6CD5;&#x4EE4;&#xFF0C;&#x5141;&#x8BB8;&#x7EC4;&#x5EFA;[COLOR_UNIT_TEXT]&#x4F1E;&#x5175;[COLOR_REVERT]&#x5355;&#x4F4D;&#xFF08;&#x9700;&#x8981;[COLOR_TECH_TEXT]&#x819B;&#x7EBF;[COLOR_REVERT]&#x548C;[COLOR_TECH_TEXT]&#x822A;&#x7A7A;[COLOR_REVERT]&#xFF09;&#xFF0C;&#x5141;&#x8BB8;&#x5EFA;&#x9020;[COLOR_BUILDING_TEXT]&#x603B;&#x7EDF;&#x5C71;[COLOR_REVERT]&#x5947;&#x89C2;&#x3002;&#x5E76;&#x542F;&#x7528;[COLOR_HIGHLIGHT_TEXT]&#x6C38;&#x4E45;&#x540C;&#x76DF;[COLOR_REVERT]&#x5916;&#x4EA4;&#x6761;&#x7EA6;&#x3002;</Chinese>
	</TEXT>
	<TEXT>
		<Tag>TXT_KEY_TECH_ECONOMICS_STRATEGY</Tag>
		<English>The first to discover [COLOR_TECH_TEXT]Economics[COLOR_REVERT] receives a [COLOR_UNIT_TEXT]Great Merchant[COLOR_REVERT]. It also enables the [COLOR_HIGHLIGHT_TEXT]Free Market[COLOR_REVERT] civic and the [COLOR_BUILDING_TEXT]Customs House[COLOR_REVERT] building.</English>
<L1 /><L2 /><L3 /><L4 />
		<Chinese>&#x9996;&#x5148;&#x53D1;&#x73B0;[COLOR_TECH_TEXT]&#x7ECF;&#x6D4E;&#x5B66;[COLOR_REVERT]&#x7684;&#x6587;&#x660E;&#x53EF;&#x83B7;&#x5F97;&#x4E00;&#x4F4D;[COLOR_UNIT_TEXT]&#x5927;&#x5546;&#x4E1A;&#x5BB6;[COLOR_REVERT]&#x3002;&#x542F;&#x7528;[COLOR_HIGHLIGHT_TEXT]&#x81EA;&#x7531;&#x5E02;&#x573A;[COLOR_REVERT]&#x5185;&#x653F;&#x6CD5;&#x4EE4;&#x3002;&#x5141;&#x8BB8;&#x5EFA;&#x9020;[COLOR_BUILDING_TEXT]&#x6D77;&#x5173;[COLOR_REVERT]&#x5EFA;&#x7B51;&#x3002;</Chinese>
	</TEXT>
	<TEXT>
		<Tag>TXT_KEY_TECH_FIBER_OPTICS_STRATEGY</Tag>
		<English>[COLOR_TECH_TEXT]Fiber Optics[COLOR_REVERT] allows you to build the [COLOR_PROJECT_TEXT]SS Cockpit[COLOR_REVERT] spaceship part.</English>
<L1 /><L2 /><L3 /><L4 />
		<Chinese>[COLOR_TECH_TEXT]&#x5149;&#x7EA4;[COLOR_REVERT]&#x5141;&#x8BB8;&#x4F60;&#x5EFA;&#x9020;[COLOR_PROJECT_TEXT]&#x98DE;&#x8239;&#x9A7E;&#x9A76;&#x8231;[COLOR_REVERT]&#x592A;&#x7A7A;&#x8239;&#x7EC4;&#x4EF6;&#x3002;</Chinese>
	</TEXT>
	<TEXT>
		<Tag>TXT_KEY_TECH_GUNPOWDER_STRATEGY</Tag>
		<English>[COLOR_TECH_TEXT]Gunpowder[COLOR_REVERT] allows you to build [COLOR_UNIT_TEXT]Musketman[COLOR_REVERT] units and [COLOR_UNIT_TEXT]Cuirassiers[COLOR_REVERT] (with [COLOR_TECH_TEXT]Military Tradition[COLOR_REVERT]).</English>
<L1 /><L2 /><L3 /><L4 />
		<Chinese>[COLOR_TECH_TEXT]&#x706B;&#x836F;[COLOR_REVERT]&#x5141;&#x8BB8;&#x4F60;&#x5EFA;&#x9020;[COLOR_UNIT_TEXT]&#x706B;&#x67AA;&#x624B;[COLOR_REVERT]&#x548C;[COLOR_UNIT_TEXT]&#x80F8;&#x7532;&#x9A91;&#x5175;[COLOR_REVERT]&#xFF08;&#x9700;&#x8981;[COLOR_TECH_TEXT]&#x519B;&#x4E8B;&#x5236;&#x5EA6;[COLOR_REVERT]&#xFF09;&#x3002;</Chinese>
	</TEXT>
	<TEXT>
		<Tag>TXT_KEY_TECH_MASS_MEDIA_STRATEGY</Tag>
		<English>This technology allows construction of [COLOR_BUILDING_TEXT]Broadcast Towers[COLOR_REVERT], as well as the [COLOR_BUILDING_TEXT]Hollywood[COLOR_REVERT], [COLOR_BUILDING_TEXT]Civilized Jewelers[COLOR_REVERT] and [COLOR_BUILDING_TEXT]United Nations[COLOR_REVERT] wonders.</English>
<L1 /><L2 /><L3 /><L4 />
		<Chinese>&#x83B7;&#x5F97;&#x8BE5;&#x79D1;&#x6280;&#x5C06;&#x53EF;&#x5EFA;&#x9020;[COLOR_BUILDING_TEXT]&#x5E7F;&#x64AD;&#x5854;[COLOR_REVERT]&#xFF0C;&#x4EE5;&#x53CA;[COLOR_BUILDING_TEXT]&#x597D;&#x83B1;&#x575E;[COLOR_REVERT]&#x3001;[COLOR_BUILDING_TEXT]&#x6587;&#x660E;&#x73E0;&#x5B9D;&#x516C;&#x53F8;[COLOR_REVERT]&#x548C;[COLOR_BUILDING_TEXT]&#x8054;&#x5408;&#x56FD;[COLOR_REVERT]&#x5947;&#x89C2;&#x3002;</Chinese>
	</TEXT>
	<TEXT>
		<Tag>TXT_KEY_TECH_MILITARY_TRADITION_STRATEGY</Tag>
		<English>[COLOR_TECH_TEXT]Military Tradition[COLOR_REVERT] allows you to build powerful [COLOR_UNIT_TEXT]Cavalry[COLOR_REVERT] and [COLOR_UNIT_TEXT]Cuirassier[COLOR_REVERT] units (with [COLOR_TECH_TEXT]Horseback Riding[COLOR_REVERT]). It enables [COLOR_HIGHLIGHT_TEXT]Defensive Pacts[COLOR_REVERT] and construction of the [COLOR_BUILDING_TEXT]West Point[COLOR_REVERT] national wonder.</English>
<L1 /><L2 /><L3 /><L4 />
		<Chinese>[COLOR_TECH_TEXT]&#x519B;&#x4E8B;&#x5236;&#x5EA6;[COLOR_REVERT]&#x5141;&#x8BB8;&#x4F60;&#x5EFA;&#x9020;&#x5F3A;&#x5927;&#x7684;[COLOR_UNIT_TEXT]&#x8FD1;&#x4EE3;&#x9A91;&#x5175;[COLOR_REVERT]&#x548C;[COLOR_UNIT_TEXT]&#x80F8;&#x7532;&#x9A91;&#x5175;[COLOR_REVERT]&#x5355;&#x4F4D;&#xFF08;&#x9700;&#x8981;[COLOR_TECH_TEXT]&#x9A91;&#x672F;[COLOR_REVERT]&#xFF09;&#x3002;&#x5E76;&#x542F;&#x7528;[COLOR_HIGHLIGHT_TEXT]&#x5171;&#x540C;&#x9632;&#x5FA1;[COLOR_REVERT]&#x6761;&#x7EA6;&#x548C;&#x5EFA;&#x9020;[COLOR_BUILDING_TEXT]&#x897F;&#x70B9;&#x519B;&#x6821;[COLOR_REVERT]&#x56FD;&#x5BB6;&#x5947;&#x89C2;&#x3002;</Chinese>
	</TEXT>
	<TEXT>
		<Tag>TXT_KEY_TECH_INDUSTRIALISM_STRATEGY</Tag>
		<English>[COLOR_TECH_TEXT]Industrialism[COLOR_REVERT] allows construction of the [COLOR_UNIT_TEXT]Battleship[COLOR_REVERT], [COLOR_UNIT_TEXT]Marine[COLOR_REVERT] (with [COLOR_TECH_TEXT]Rifling[COLOR_REVERT]), and [COLOR_UNIT_TEXT]Tank[COLOR_REVERT] (with [COLOR_TECH_TEXT]Rifling[COLOR_REVERT]) units and the [COLOR_BUILDING_TEXT]Industrial Park[COLOR_REVERT] building. It also reveals the [COLOR_HIGHLIGHT_TEXT]Aluminum[COLOR_REVERT] resource and obsoletes [COLOR_HIGHLIGHT_TEXT]Ivory[COLOR_REVERT].</English>
<L1 /><L2 /><L3 /><L4 />
		<Chinese>[COLOR_TECH_TEXT]&#x4EA7;&#x4E1A;&#x4E3B;&#x4E49;[COLOR_REVERT]&#x5141;&#x8BB8;&#x5EFA;&#x9020;[COLOR_UNIT_TEXT]&#x6218;&#x5217;&#x8230;[COLOR_REVERT]&#x3001;[COLOR_UNIT_TEXT]&#x6D77;&#x519B;&#x9646;&#x6218;&#x961F;[COLOR_REVERT]&#xFF08;&#x9700;&#x8981;[COLOR_TECH_TEXT]&#x819B;&#x7EBF;[COLOR_REVERT]&#xFF09;&#x548C;[COLOR_UNIT_TEXT]&#x5766;&#x514B;[COLOR_REVERT]&#xFF08;&#x9700;&#x8981;[COLOR_TECH_TEXT]&#x819B;&#x7EBF;[COLOR_REVERT]&#xFF09;&#x5355;&#x4F4D;&#xFF0C;&#x4EE5;&#x53CA;[COLOR_BUILDING_TEXT]&#x5DE5;&#x4E1A;&#x56ED;&#x533A;[COLOR_REVERT]&#x5EFA;&#x7B51;&#x3002;&#x5E76;&#x542F;&#x7528;[COLOR_HIGHLIGHT_TEXT]&#x94DD;[COLOR_REVERT]&#x8D44;&#x6E90;&#x53CA;&#x4F7F;[COLOR_HIGHLIGHT_TEXT]&#x8C61;&#x7259;[COLOR_REVERT]&#x8FC7;&#x65F6;&#x3002;</Chinese>
	</TEXT>
	<TEXT>
		<Tag>TXT_KEY_TECH_PLASTICS_STRATEGY</Tag>
		<English>[COLOR_TECH_TEXT]Plastics[COLOR_REVERT] enables [COLOR_UNIT_TEXT]Work Boats[COLOR_REVERT] to construct [COLOR_HIGHLIGHT_TEXT]Offshore Platforms[COLOR_REVERT]. It also lets you build [COLOR_BUILDING_TEXT]Hydro Plants[COLOR_REVERT] and the [COLOR_BUILDING_TEXT]Standard Ethanol[COLOR_REVERT] and [COLOR_BUILDING_TEXT]Three Gorges Dam[COLOR_REVERT] wonders, and obsoletes [COLOR_HIGHLIGHT_TEXT]Fur[COLOR_REVERT].</English>
<L1 /><L2 /><L3 /><L4 />
		<Chinese>[COLOR_TECH_TEXT]&#x5851;&#x6599;[COLOR_REVERT]&#x5141;&#x8BB8;[COLOR_UNIT_TEXT]&#x5DE5;&#x8239;[COLOR_REVERT]&#x4FEE;&#x5EFA;[COLOR_HIGHLIGHT_TEXT]&#x6D77;&#x4E0A;&#x5E73;&#x53F0;[COLOR_REVERT]&#x3002;&#x5E76;&#x5141;&#x8BB8;&#x4F60;&#x5EFA;&#x9020;[COLOR_BUILDING_TEXT]&#x6C34;&#x7535;&#x7AD9;[COLOR_REVERT]&#x3001;[COLOR_BUILDING_TEXT]&#x6807;&#x51C6;&#x4E59;&#x9187;&#x516C;&#x53F8;[COLOR_REVERT]&#x548C;[COLOR_BUILDING_TEXT]&#x4E09;&#x5CE1;&#x5927;&#x575D;[COLOR_REVERT]&#x5947;&#x89C2;&#xFF0C;&#x5E76;&#x4F7F;[COLOR_HIGHLIGHT_TEXT]&#x6BDB;&#x76AE;[COLOR_REVERT]&#x8FC7;&#x65F6;&#x3002;</Chinese>
	</TEXT>
	<TEXT>
		<Tag>TXT_KEY_TECH_RADIO_STRATEGY</Tag>
		<English>[COLOR_TECH_TEXT]Radio[COLOR_REVERT] enables the powerful [COLOR_UNIT_TEXT]Bomber[COLOR_REVERT] (with [COLOR_TECH_TEXT]Flight[COLOR_REVERT]) and [COLOR_UNIT_TEXT]Guided Missile[COLOR_REVERT] (with [COLOR_TECH_TEXT]Rocketry[COLOR_REVERT]) units, plus the [COLOR_UNIT_TEXT]Attack Submarine[COLOR_REVERT] (with [COLOR_TECH_TEXT]Combustion[COLOR_REVERT]) and [COLOR_UNIT_TEXT]Submarine[COLOR_REVERT] units. It also allows you to build the [COLOR_BUILDING_TEXT]Eiffel Tower[COLOR_REVERT], [COLOR_BUILDING_TEXT]Cristo Redentor[COLOR_REVERT] and [COLOR_BUILDING_TEXT]Rock N Roll[COLOR_REVERT] wonders.</English>
<L1 /><L2 /><L3 /><L4 />
		<Chinese>[COLOR_TECH_TEXT]&#x65E0;&#x7EBF;&#x7535;[COLOR_REVERT]&#x542F;&#x7528;&#x5F3A;&#x5927;&#x7684;[COLOR_UNIT_TEXT]&#x8F70;&#x70B8;&#x673A;[COLOR_REVERT]&#xFF08;&#x9700;&#x8981;[COLOR_TECH_TEXT]&#x822A;&#x7A7A;[COLOR_REVERT]&#xFF09;&#x3001;[COLOR_UNIT_TEXT]&#x5DE1;&#x822A;&#x5BFC;&#x5F39;[COLOR_REVERT]&#xFF08;&#x9700;&#x8981;[COLOR_TECH_TEXT]&#x706B;&#x7BAD;[COLOR_REVERT]&#xFF09;&#x3001;[COLOR_UNIT_TEXT]&#x653B;&#x51FB;&#x578B;&#x6F5C;&#x8247;[COLOR_REVERT]&#xFF08;&#x9700;&#x8981;[COLOR_TECH_TEXT]&#x5185;&#x71C3;&#x673A;[COLOR_REVERT]&#xFF09;&#x4EE5;&#x53CA;[COLOR_UNIT_TEXT]&#x6F5C;&#x8247;[COLOR_REVERT]&#x5355;&#x4F4D;&#x3002;&#x5E76;&#x5141;&#x8BB8;&#x4F60;&#x5EFA;&#x9020;[COLOR_BUILDING_TEXT]&#x57C3;&#x83F2;&#x5C14;&#x94C1;&#x5854;[COLOR_REVERT]&#x3001;[COLOR_BUILDING_TEXT]&#x8036;&#x7A23;&#x5DE8;&#x50CF;[COLOR_REVERT]&#x548C;[COLOR_BUILDING_TEXT]&#x6447;&#x6EDA;&#x540D;&#x4EBA;&#x5802;[COLOR_REVERT]&#x5947;&#x89C2;&#x3002;</Chinese>
	</TEXT>
	<TEXT>
		<Tag>TXT_KEY_TECH_REFRIGERATION_STRATEGY</Tag>
		<English>[COLOR_TECH_TEXT]Refrigeration[COLOR_REVERT] allows construction of the [COLOR_BUILDING_TEXT]Supermarket[COLOR_REVERT] building and the [COLOR_BUILDING_TEXT]Cereal Mills[COLOR_REVERT] wonder. It also increases your water units' movement speed.</English>
<L1 /><L2 /><L3 /><L4 />
		<Chinese>[COLOR_TECH_TEXT]&#x81F4;&#x51B7;[COLOR_REVERT]&#x5141;&#x8BB8;&#x5EFA;&#x9020;[COLOR_BUILDING_TEXT]&#x8D85;&#x7EA7;&#x5E02;&#x573A;[COLOR_REVERT]&#x5EFA;&#x7B51;&#x548C;[COLOR_BUILDING_TEXT]&#x8C37;&#x7269;&#x7814;&#x78E8;&#x516C;&#x53F8;[COLOR_REVERT]&#x5947;&#x89C2;&#x3002;&#x5E76;&#x63D0;&#x5347;&#x6D77;&#x4E0A;&#x5355;&#x4F4D;&#x7684;&#x79FB;&#x52A8;&#x80FD;&#x529B;&#x3002;</Chinese>
	</TEXT>
	<TEXT>
		<Tag>TXT_KEY_TECH_SATELLITES_STRATEGY</Tag>
		<English>[COLOR_TECH_TEXT]Satellites[COLOR_REVERT] reveals the world map. It lets you build the [COLOR_PROJECT_TEXT]SS Docking Bay[COLOR_REVERT] spaceship part and enables construction of the [COLOR_PROJECT_TEXT]Space Elevator[COLOR_REVERT] wonder.</English>
<L1 /><L2 /><L3 /><L4 />
		<Chinese>[COLOR_TECH_TEXT]&#x4EBA;&#x9020;&#x536B;&#x661F;[COLOR_REVERT]&#x4F7F;&#x6574;&#x4E2A;&#x4E16;&#x754C;&#x5730;&#x56FE;&#x53EF;&#x89C1;&#x3002;&#x5141;&#x8BB8;&#x4F60;&#x5EFA;&#x9020;[COLOR_PROJECT_TEXT]&#x98DE;&#x8239;&#x5BF9;&#x63A5;&#x8231;[COLOR_REVERT]&#x592A;&#x7A7A;&#x8239;&#x7EC4;&#x4EF6;&#x5E76;&#x5141;&#x8BB8;&#x5EFA;&#x9020;[COLOR_PROJECT_TEXT]&#x5929;&#x68AF;[COLOR_REVERT]&#x5947;&#x89C2;&#x3002;</Chinese>
	</TEXT>
	<TEXT>
		<Tag>TXT_KEY_TECH_STEAM_POWER_STRATEGY</Tag>
		<English>[COLOR_TECH_TEXT]Steam Power[COLOR_REVERT] reveals the [COLOR_HIGHLIGHT_TEXT]Coal[COLOR_REVERT] resource and causes workers to build improvements 50%% faster. It also enables the [COLOR_UNIT_TEXT]Ironclad[COLOR_REVERT] (with [COLOR_TECH_TEXT]Steel[COLOR_REVERT]) and the [COLOR_BUILDING_TEXT]Levee[COLOR_REVERT] building. It obsoletes the  [COLOR_BUILDING_TEXT]Hagia Sophia[COLOR_REVERT].</English>
<L1 /><L2 /><L3 /><L4 />
		<Chinese>[COLOR_TECH_TEXT]&#x84B8;&#x6C7D;&#x673A;[COLOR_REVERT]&#x542F;&#x7528;[COLOR_HIGHLIGHT_TEXT]&#x7164;&#x70AD;[COLOR_REVERT]&#x8D44;&#x6E90;&#x5E76;&#x4F7F;&#x5DE5;&#x4EBA;&#x4FEE;&#x5EFA;&#x8BBE;&#x65BD;&#x901F;&#x5EA6;+50%%&#x3002;&#x5E76;&#x542F;&#x7528;[COLOR_UNIT_TEXT]&#x94C1;&#x7532;&#x8230;[COLOR_REVERT]&#x5355;&#x4F4D;&#xFF08;&#x9700;&#x8981;[COLOR_TECH_TEXT]&#x70BC;&#x94A2;[COLOR_REVERT]&#xFF09;&#x548C;[COLOR_BUILDING_TEXT]&#x9632;&#x6D2A;&#x5824;[COLOR_REVERT]&#x5EFA;&#x7B51;&#xFF0C;&#x5E76;&#x4F7F;[COLOR_BUILDING_TEXT]&#x5723;&#x7D22;&#x83F2;&#x4E9A;[COLOR_REVERT]&#x5947;&#x89C2;&#x8FC7;&#x65F6;&#x3002;</Chinese>
	</TEXT>
	<TEXT>
		<Tag>TXT_KEY_TECH_ROCKETRY_STRATEGY</Tag>
		<English>[COLOR_TECH_TEXT]Rocketry[COLOR_REVERT] allows you to build [COLOR_UNIT_TEXT]SAM Infantry[COLOR_REVERT], [COLOR_UNIT_TEXT]Guided Missiles[COLOR_REVERT] and [COLOR_UNIT_TEXT]Attack Submarines[COLOR_REVERT] (with [COLOR_TECH_TEXT]Radio[COLOR_REVERT]), and [COLOR_UNIT_TEXT]ICBMs[COLOR_REVERT] and [COLOR_UNIT_TEXT]Tactical Nukes[COLOR_REVERT] (with [COLOR_TECH_TEXT]Fission[COLOR_REVERT]). It enables the [COLOR_PROJECT_TEXT]Apollo Program[COLOR_REVERT] and [COLOR_BUILDING_TEXT]Aluminum Co[COLOR_REVERT] wonder.</English>
<L1 /><L2 /><L3 /><L4 />
		<Chinese>[COLOR_TECH_TEXT]&#x706B;&#x7BAD;[COLOR_REVERT]&#x5141;&#x8BB8;&#x4F60;&#x5EFA;&#x9020;[COLOR_UNIT_TEXT]&#x9632;&#x7A7A;&#x6B65;&#x5175;[COLOR_REVERT]&#x3001;[COLOR_UNIT_TEXT]&#x5DE1;&#x822A;&#x5BFC;&#x5F39;[COLOR_REVERT]&#x3001;[COLOR_UNIT_TEXT]&#x653B;&#x51FB;&#x578B;&#x6F5C;&#x8247;[COLOR_REVERT]&#xFF08;&#x9700;&#x8981;[COLOR_TECH_TEXT]&#x65E0;&#x7EBF;&#x7535;[COLOR_REVERT]&#xFF09;&#x3001;[COLOR_UNIT_TEXT]&#x6218;&#x7565;&#x5BFC;&#x5F39;[COLOR_REVERT]&#x548C;[COLOR_UNIT_TEXT]&#x6218;&#x672F;&#x6838;&#x5F39;[COLOR_REVERT]&#xFF08;&#x9700;&#x8981;[COLOR_TECH_TEXT]&#x6838;&#x88C2;&#x53D8;[COLOR_REVERT]&#xFF09;&#x3002;&#x5E76;&#x542F;&#x7528;[COLOR_PROJECT_TEXT]&#x963F;&#x6CE2;&#x7F57;&#x8BA1;&#x5212;[COLOR_REVERT]&#x548C;[COLOR_BUILDING_TEXT]&#x7EFC;&#x5408;&#x5236;&#x94DD;&#x516C;&#x53F8;[COLOR_REVERT]&#x5947;&#x89C2;&#x3002;</Chinese>
	</TEXT>
	<TEXT>
		<Tag>TXT_KEY_TECH_FISSION_STRATEGY</Tag>
		<English>[COLOR_TECH_TEXT]Fission[COLOR_REVERT] enables construction of [COLOR_BUILDING_TEXT]Nuclear Plants[COLOR_REVERT] and the [COLOR_PROJECT_TEXT]Manhattan Project[COLOR_REVERT] wonder. It allows access to the [COLOR_UNIT_TEXT]ICBM[COLOR_REVERT] and [COLOR_UNIT_TEXT]Tactical Nuke[COLOR_REVERT] units.</English>
<L1 /><L2 /><L3 /><L4 />
		<Chinese>[COLOR_TECH_TEXT]&#x6838;&#x88C2;&#x53D8;[COLOR_REVERT]&#x5141;&#x8BB8;&#x5EFA;&#x9020;[COLOR_BUILDING_TEXT]&#x6838;&#x7535;&#x7AD9;[COLOR_REVERT]&#x548C;[COLOR_PROJECT_TEXT]&#x66FC;&#x54C8;&#x987F;&#x5DE5;&#x7A0B;[COLOR_REVERT]&#x5947;&#x89C2;&#xFF0C;&#x5E76;&#x542F;&#x7528;[COLOR_UNIT_TEXT]&#x6218;&#x7565;&#x5BFC;&#x5F39;[COLOR_REVERT]&#x548C;[COLOR_UNIT_TEXT]&#x6218;&#x672F;&#x6838;&#x5F39;[COLOR_REVERT]&#x5355;&#x4F4D;&#x3002;</Chinese>
	</TEXT>
	<TEXT>
		<Tag>TXT_KEY_TECH_POLYTHEISM_STRATEGY</Tag>
		<English>The first to research this tech founds [COLOR_HIGHLIGHT_TEXT]Hinduism[COLOR_REVERT]. It also enables you to build the [COLOR_BUILDING_TEXT]Parthenon[COLOR_REVERT] and [COLOR_BUILDING_TEXT]Temple of Artemis[COLOR_REVERT] wonders.</English>
<L1 /><L2 /><L3 /><L4 />
		<Chinese>&#x9996;&#x5148;&#x53D1;&#x73B0;&#x8BE5;&#x79D1;&#x6280;&#x8005;&#x5C06;&#x521B;&#x7ACB;[COLOR_HIGHLIGHT_TEXT]&#x5370;&#x5EA6;&#x6559;[COLOR_REVERT]&#x3002;&#x5E76;&#x5141;&#x8BB8;&#x4F60;&#x5EFA;&#x9020;[COLOR_BUILDING_TEXT]&#x5E15;&#x7279;&#x519C;&#x795E;&#x5E99;[COLOR_REVERT]&#x548C;[COLOR_BUILDING_TEXT]&#x963F;&#x5C14;&#x5FD2;&#x5F25;&#x65AF;&#x795E;&#x5E99;[COLOR_REVERT]&#x5947;&#x89C2;&#x3002;</Chinese>
	</TEXT>
	<TEXT>
		<Tag>TXT_KEY_TECH_HORSEBACK_RIDING_STRATEGY</Tag>
		<English>[COLOR_TECH_TEXT]Horseback Riding[COLOR_REVERT] enables the powerful [COLOR_UNIT_TEXT]Horse Archer[COLOR_REVERT] (with [COLOR_TECH_TEXT]Archery[COLOR_REVERT]) unit, and later on [COLOR_UNIT_TEXT]Knights[COLOR_REVERT] (with [COLOR_TECH_TEXT]Guilds[COLOR_REVERT]), [COLOR_UNIT_TEXT]Cuirassiers[COLOR_REVERT] (with [COLOR_TECH_TEXT]Military Tradition[COLOR_REVERT]) and [COLOR_UNIT_TEXT]Cavalry[COLOR_REVERT] (with [COLOR_TECH_TEXT]Military Tradition[COLOR_REVERT] and [COLOR_TECH_TEXT]Rifling[COLOR_REVERT]). </English>
<L1 /><L2 /><L3 /><L4 />
		<Chinese>[COLOR_TECH_TEXT]&#x9A91;&#x672F;[COLOR_REVERT]&#x542F;&#x7528;&#x5F3A;&#x5927;&#x7684;[COLOR_UNIT_TEXT]&#x9A91;&#x5C04;&#x624B;[COLOR_REVERT]&#xFF08;&#x9700;&#x8981;[COLOR_TECH_TEXT]&#x5F13;&#x7BAD;[COLOR_REVERT]&#xFF09;&#x5355;&#x4F4D;&#xFF0C;&#x53CA;&#x540E;&#x6765;&#x7684;[COLOR_UNIT_TEXT]&#x9A91;&#x58EB;[COLOR_REVERT]&#xFF08;&#x9700;&#x8981;[COLOR_TECH_TEXT]&#x884C;&#x4F1A;[COLOR_REVERT]&#xFF09;&#x3001; [COLOR_UNIT_TEXT]&#x80F8;&#x7532;&#x9A91;&#x5175;[COLOR_REVERT]&#xFF08;&#x9700;&#x8981;[COLOR_TECH_TEXT]&#x519B;&#x4E8B;&#x5236;&#x5EA6;[COLOR_REVERT]&#xFF09;&#x3001;[COLOR_UNIT_TEXT]&#x8FD1;&#x4EE3;&#x9A91;&#x5175;[COLOR_REVERT]&#xFF08;&#x9700;&#x8981;[COLOR_TECH_TEXT]&#x519B;&#x4E8B;&#x5236;&#x5EA6;[COLOR_REVERT]&#x548C;[COLOR_TECH_TEXT]&#x819B;&#x7EBF;[COLOR_REVERT]&#xFF09;&#x3002;</Chinese>
	</TEXT>
	<TEXT>
		<Tag>TXT_KEY_TECH_PAPER_STRATEGY</Tag>
		<English>[COLOR_TECH_TEXT]Paper[COLOR_REVERT] allows you to trade world maps with other civilizations and construct the [COLOR_BUILDING_TEXT]University of Sankore[COLOR_REVERT] wonder.</English>
<L1 /><L2 /><L3 /><L4 />
		<Chinese>[COLOR_TECH_TEXT]&#x9020;&#x7EB8;[COLOR_REVERT]&#x5141;&#x8BB8;&#x4F60;&#x4E0E;&#x5176;&#x4ED6;&#x6587;&#x660E;&#x4EA4;&#x6362;&#x5730;&#x56FE;&#xFF0C;&#x5E76;&#x542F;&#x7528;[COLOR_BUILDING_TEXT]&#x6851;&#x79D1;&#x96F7;&#x5927;&#x5B66;[COLOR_REVERT]&#x5947;&#x89C2;&#x3002;</Chinese>
	</TEXT>
	<TEXT>
		<Tag>TXT_KEY_TECH_MEDITATION_STRATEGY</Tag>
		<English>The first to research this tech founds [COLOR_HIGHLIGHT_TEXT]Buddhism[COLOR_REVERT]. It also allows you to build the [COLOR_BUILDING_TEXT]Monastery[COLOR_REVERT] city improvement and the [COLOR_BUILDING_TEXT]Shwedagon Paya[COLOR_REVERT] wonder.</English>
<L1 /><L2 /><L3 /><L4 />
		<Chinese>&#x9996;&#x5148;&#x53D1;&#x73B0;&#x8BE5;&#x79D1;&#x6280;&#x8005;&#x5C06;&#x521B;&#x7ACB;[COLOR_HIGHLIGHT_TEXT]&#x4F5B;&#x6559;[COLOR_REVERT]&#x3002;&#x5E76;&#x5141;&#x8BB8;&#x4F60;&#x5EFA;&#x9020;[COLOR_BUILDING_TEXT]&#x4FEE;&#x9053;&#x9662;[COLOR_REVERT]&#x5EFA;&#x7B51;&#x4EE5;&#x53CA;[COLOR_BUILDING_TEXT]&#x745E;&#x5149;&#x5927;&#x91D1;&#x5854;[COLOR_REVERT]&#x5947;&#x89C2;&#x3002;</Chinese>
	</TEXT>
	<TEXT>
		<Tag>TXT_KEY_BUILDING_SISTINE_CHAPEL_STRATEGY</Tag>
		<English>The [COLOR_BUILDING_TEXT]Sistine Chapel[COLOR_REVERT] causes each specialist in every city to generate culture and increases the culture bonus provided by religious buildings. The [COLOR_BUILDING_TEXT]Sistine Chapel[COLOR_REVERT] has a very high cultural value, and it increases its city's odds of generating a [COLOR_UNIT_TEXT]Great Artist[COLOR_REVERT].</English>
<L1 /><L2 /><L3 /><L4 />
		<Chinese>[COLOR_BUILDING_TEXT]&#x897F;&#x65AF;&#x5EAD;&#x6559;&#x5802;[COLOR_REVERT]&#x4F7F;&#x57CE;&#x5E02;&#x4E2D;&#x7684;&#x6BCF;&#x4F4D;&#x4E13;&#x4E1A;&#x4EBA;&#x5458;&#x90FD;&#x80FD;&#x63D0;&#x4F9B;&#x6587;&#x5316;&#x4EA7;&#x51FA;&#xFF0C;&#x5E76;&#x589E;&#x52A0;&#x5B97;&#x6559;&#x5EFA;&#x7B51;&#x7684;&#x6587;&#x5316;&#x4EA7;&#x51FA;&#x3002;[COLOR_BUILDING_TEXT]&#x897F;&#x65AF;&#x5EAD;&#x6559;&#x5802;[COLOR_REVERT]&#x5177;&#x6709;&#x6781;&#x9AD8;&#x7684;&#x6587;&#x5316;&#x503C;&#xFF0C;&#x8FD8;&#x53EF;&#x63D0;&#x5347;&#x57CE;&#x5E02;&#x4EA7;&#x751F;[COLOR_UNIT_TEXT]&#x5927;&#x827A;&#x672F;&#x5BB6;[COLOR_REVERT]&#x7684;&#x51E0;&#x7387;&#x3002;</Chinese>
	</TEXT>
	<TEXT>
		<Tag>TXT_KEY_TECH_ROBOTICS_STRATEGY</Tag>
		<English>[COLOR_TECH_TEXT]Robotics[COLOR_REVERT] enables the extremely powerful [COLOR_UNIT_TEXT]Mechanized Infantry[COLOR_REVERT], [COLOR_UNIT_TEXT]Missile Cruiser[COLOR_REVERT], [COLOR_UNIT_TEXT]Stealth Destroyer[COLOR_REVERT] and [COLOR_UNIT_TEXT]Stealth Bomber[COLOR_REVERT] units. It lets you build the [COLOR_BUILDING_TEXT]Space Elevator[COLOR_REVERT] wonder.</English>
<L1 /><L2 /><L3 /><L4 />
		<Chinese>[COLOR_TECH_TEXT]&#x673A;&#x5668;&#x4EBA;[COLOR_REVERT]&#x542F;&#x7528;&#x6781;&#x5176;&#x5F3A;&#x5927;&#x7684;[COLOR_UNIT_TEXT]&#x673A;&#x68B0;&#x5316;&#x6B65;&#x5175;[COLOR_REVERT]&#x3001;[COLOR_UNIT_TEXT]&#x5BFC;&#x5F39;&#x5DE1;&#x6D0B;&#x8230;[COLOR_REVERT]&#x3001;[COLOR_UNIT_TEXT]&#x9690;&#x5F62;&#x9A71;&#x9010;&#x8230;[COLOR_REVERT]&#x548C;[COLOR_UNIT_TEXT]&#x9690;&#x5F62;&#x8F70;&#x70B8;&#x673A;[COLOR_REVERT]&#x5355;&#x4F4D;&#x3002;&#x5E76;&#x5141;&#x8BB8;&#x4F60;&#x5EFA;&#x7B51;[COLOR_BUILDING_TEXT]&#x5929;&#x68AF;[COLOR_REVERT]&#x5947;&#x89C2;&#x3002;</Chinese>
	</TEXT>
	<TEXT>
		<Tag>TXT_KEY_TECH_ENGINEERING_STRATEGY</Tag>
		<English>[COLOR_TECH_TEXT]Engineering[COLOR_REVERT] allows production of the [COLOR_UNIT_TEXT]Pikeman[COLOR_REVERT], excellent against mounted units and the city-smashing [COLOR_UNIT_TEXT]Trebuchet[COLOR_REVERT] siege unit. It increases road movement and allows construction of [COLOR_BUILDING_TEXT]Castles[COLOR_REVERT] and the [COLOR_BUILDING_TEXT]Notre Dame[COLOR_REVERT] wonder.</English>
<L1 /><L2 /><L3 /><L4 />
		<Chinese>[COLOR_TECH_TEXT]&#x5DE5;&#x7A0B;&#x5B66;[COLOR_REVERT]&#x5141;&#x8BB8;&#x7EC4;&#x5EFA;&#x9002;&#x4E8E;&#x5BF9;&#x6297;&#x9A91;&#x4E58;&#x5355;&#x4F4D;&#x7684;[COLOR_UNIT_TEXT]&#x957F;&#x67AA;&#x5175;[COLOR_REVERT]&#x3001;&#x64C5;&#x957F;&#x653B;&#x51FB;&#x57CE;&#x5E02;&#x7684;[COLOR_UNIT_TEXT]&#x629B;&#x77F3;&#x673A;[COLOR_REVERT]&#x5355;&#x4F4D;&#x3002;&#x5E76;&#x53EF;&#x63D0;&#x5347;&#x9053;&#x8DEF;&#x901A;&#x884C;&#x80FD;&#x529B;&#x5E76;&#x5141;&#x8BB8;&#x5EFA;&#x9020;[COLOR_BUILDING_TEXT]&#x57CE;&#x5821;[COLOR_REVERT]&#x548C;[COLOR_BUILDING_TEXT]&#x5723;&#x6BCD;&#x9662;[COLOR_REVERT]&#x5947;&#x89C2;&#x3002;</Chinese>
	</TEXT>
	<TEXT>
		<Tag>TXT_KEY_TECH_MUSIC_STRATEGY</Tag>
		<English>The first to research [COLOR_TECH_TEXT]Music[COLOR_REVERT] receives a [COLOR_UNIT_TEXT]Great Artist[COLOR_REVERT]. It also allows construction of [COLOR_BUILDING_TEXT]Cathedrals[COLOR_REVERT] and the [COLOR_BUILDING_TEXT]Sistine Chapel[COLOR_REVERT] wonder.</English>
<L1 /><L2 /><L3 /><L4 />
		<Chinese>&#x9996;&#x5148;&#x53D1;&#x73B0;[COLOR_TECH_TEXT]&#x97F3;&#x4E50;[COLOR_REVERT]&#x5C06;&#x83B7;&#x5F97;&#x4E00;&#x4F4D;[COLOR_UNIT_TEXT]&#x5927;&#x827A;&#x672F;&#x5BB6;[COLOR_REVERT]&#x3002;&#x5E76;&#x5141;&#x8BB8;&#x5EFA;&#x9020;[COLOR_BUILDING_TEXT]&#x5927;&#x6559;&#x5802;[COLOR_REVERT]&#x548C;[COLOR_BUILDING_TEXT]&#x897F;&#x65AF;&#x5EF7;&#x6559;&#x5802;[COLOR_REVERT]&#x5947;&#x89C2;&#x3002;</Chinese>
	</TEXT>
	<TEXT>
		<Tag>TXT_KEY_BUILDING_AIRPORT_STRATEGY</Tag>
		<English>[COLOR_BUILDING_TEXT]Airports[COLOR_REVERT] add an additional trade route, provide an experience bonus to all Air Units and increase the number of Air Units you may house in a city. A city with an [COLOR_BUILDING_TEXT]Airport[COLOR_REVERT] can also airlift one unit per turn to any of your other cities and house four extra Air Units for a total of eight. [COLOR_BUILDING_TEXT]Airports[COLOR_REVERT] also add unhealthiness in cities.</English>
<L1 /><L2 /><L3 /><L4 />
		<Chinese>[COLOR_BUILDING_TEXT]&#x673A;&#x573A;[COLOR_REVERT]&#x53EF;&#x4F7F;&#x57CE;&#x5E02;&#x5546;&#x8DEF;&#x589E;&#x52A0;&#xFF0C;&#x4F7F;&#x57CE;&#x5E02;&#x65B0;&#x5EFA;&#x7A7A;&#x519B;&#x5355;&#x4F4D;&#x83B7;&#x5F97;&#x7ECF;&#x9A8C;&#x5956;&#x52B1;&#xFF0C;&#x5E76;&#x63D0;&#x5347;&#x57CE;&#x5E02;&#x53EF;&#x5BB9;&#x7EB3;&#x7A7A;&#x519B;&#x5355;&#x4F4D;&#x6570;&#x91CF;&#x3002;&#x62E5;&#x6709;[COLOR_BUILDING_TEXT]&#x673A;&#x573A;[COLOR_REVERT]&#x7684;&#x57CE;&#x5E02;&#x6BCF;&#x56DE;&#x5408;&#x53EF;&#x7A7A;&#x8FD0;&#x4E00;&#x4E2A;&#x5355;&#x4F4D;&#x5230;&#x5176;&#x4ED6;&#x57CE;&#x5E02;&#xFF0C;&#x7A7A;&#x519B;&#x5355;&#x4F4D;&#x5BB9;&#x7EB3;&#x6570;&#x91CF;+4&#xFF08;&#x603B;&#x8BA1;&#x4E3A;8&#xFF09;&#x3002;[COLOR_BUILDING_TEXT]&#x673A;&#x573A;[COLOR_REVERT]&#x4E5F;&#x4F1A;&#x5F71;&#x54CD;&#x57CE;&#x5E02;&#x5065;&#x5EB7;&#x5EA6;&#x3002;</Chinese>
	</TEXT>
	<TEXT>
		<Tag>TXT_KEY_UNIT_EXPOSE_SPIES</Tag>
		<English>[ICON_BULLET]Helps Thwart Rival Spies</English>
<L1 /><L2 /><L3 /><L4 />
		<Chinese>[ICON_BULLET]&#x6709;&#x52A9;&#x4E8E;&#x6E05;&#x9664;&#x654C;&#x65B9;&#x95F4;&#x8C0D;</Chinese>
	</TEXT>
	<TEXT>
		<Tag>TXT_KEY_PLAYER_OPTION_QUICK_MOVES_HELP</Tag>
		<English>All of the player's moves are accelerated</English>
<L1 /><L2 /><L3 /><L4 />
		<Chinese>&#x52A0;&#x901F;&#x73A9;&#x5BB6;&#x7684;&#x6240;&#x6709;&#x79FB;&#x52A8;</Chinese>
	</TEXT>
	<TEXT>
		<Tag>TXT_KEY_UNIT_COLLATERAL_DAMAGE</Tag>
		<English>[ICON_BULLET]Causes Collateral Damage (max. %d1%%)</English>
<L1 /><L2 /><L3 /><L4 />
		<Chinese>[ICON_BULLET]&#x9020;&#x6210;&#x9644;&#x5E26;&#x4F24;&#x5BB3;(&#x6700;&#x591A;%d1%%)</Chinese>
	</TEXT>
	<TEXT>
		<Tag>TXT_KEY_REPLACED_BY_BUILDING</Tag>
		<English>Replaced by [LINK=literal]%s1_default_building[\LINK]</English>
<L1 /><L2 /><L3 /><L4 />
		<Chinese>&#x88AB;[LINK=literal]%s1_default_building[\LINK]&#x6240;&#x66FF;&#x4EE3;</Chinese>
	</TEXT>
</Civ4GameText>
