<?xml version="1.0" encoding="GB2312"?>
<!-- edited with XMLSPY v2004 rel. 2 U (http://www.xmlspy.com) by lcollins (Firaxis Games) -->
<!-- freesand leo -->
<Civ4GameText xmlns="http://www.firaxis.com">
	<TEXT>
		<Tag>TXT_KEY_MAP_SCRIPT_ARITITY</Tag>
		<English>Aridity Level</English>
<L1 /><L2 /><L3 /><L4 />
		<Chinese>&#x6C34;&#x57DF;&#x6BD4;&#x4F8B;</Chinese>
	</TEXT>
	<TEXT>
		<Tag>TXT_KEY_MAP_SCRIPT_EARTH_70</Tag>
		<English>Earthlike (70%% water)</English>
<L1 /><L2 /><L3 /><L4 />
		<Chinese>&#x7C7B;&#x4F3C;&#x5730;&#x7403; (70%% &#x6C34;&#x57DF;)</Chinese>
	</TEXT>
	<TEXT>
		<Tag>TXT_KEY_MAP_SCRIPT_EARTH_60</Tag>
		<English>60%% water</English>
<L1 /><L2 /><L3 /><L4 />
		<Chinese>60%% &#x6C34;&#x57DF;</Chinese>
	</TEXT>
	<TEXT>
		<Tag>TXT_KEY_MAP_SCRIPT_PANGAEA</Tag>
		<English>Pangaea</English>
<L1 /><L2 /><L3 /><L4 />
		<Chinese>&#x6CDB;&#x53E4;&#x9646;</Chinese>
	</TEXT>
	<TEXT>
		<Tag>TXT_KEY_MAP_SCRIPT_LAKES</Tag>
		<English>Lakes (30%% water)</English>
<L1 /><L2 /><L3 /><L4 />
		<Chinese>&#x5927;&#x6E56; (30%% &#x6C34;&#x57DF;)</Chinese>
	</TEXT>
	<TEXT>
		<Tag>TXT_KEY_MAP_SCRIPT_MEDITERRANEAN</Tag>
		<English>Mediterranean</English>
<L1 /><L2 /><L3 /><L4 />
		<Chinese>&#x5730;&#x4E2D;&#x6D77;</Chinese>
	</TEXT>
	<TEXT>
		<Tag>TXT_KEY_MAP_SCRIPT_NO_ICE</Tag>
		<English>No ice</English>
<L1 /><L2 /><L3 /><L4 />
		<Chinese>&#x65E0;&#x51B0;</Chinese>
	</TEXT>
	<TEXT>
		<Tag>TXT_KEY_MAP_SCRIPT_WET</Tag>
		<English>Wet</English>
<L1 /><L2 /><L3 /><L4 />
		<Chinese>&#x6E7F;&#x6DA6;</Chinese>
	</TEXT>
	<TEXT>
		<Tag>TXT_KEY_ELECTION_CANCELLED</Tag>
		<English>The election has been cancelled</English>
<L1 /><L2 /><L3 /><L4 />
		<Chinese>&#x9009;&#x9879;&#x5DF2;&#x88AB;&#x53D6;&#x6D88;</Chinese>
	</TEXT>
	<TEXT>
		<Tag>TXT_KEY_MAP_SCRIPT_CREATION_METHOD</Tag>
		<English>Creation Method</English>
<L1 /><L2 /><L3 /><L4 />
		<Chinese>&#x751F;&#x6210;&#x65B9;&#x5F0F;</Chinese>
	</TEXT>
	<TEXT>
		<Tag>TXT_KEY_MAP_SCRIPT_AI_START</Tag>
		<English>AI's Start</English>
<L1 /><L2 /><L3 /><L4 />
		<Chinese>&#x7535;&#x8111;&#x73A9;&#x5BB6;&#x521D;&#x59CB;</Chinese>
	</TEXT>
	<TEXT>
		<Tag>TXT_KEY_MAP_SCRIPT_PLAYER_START</Tag>
		<English>Players' Start</English>
<L1 /><L2 /><L3 /><L4 />
		<Chinese>&#x4EBA;&#x7C7B;&#x73A9;&#x5BB6;&#x521D;&#x59CB;</Chinese>
	</TEXT>
	<TEXT>
		<Tag>TXT_KEY_MAP_SCRIPT_EXCLUDE_METHOD</Tag>
		<English>Exclude Method</English>
<L1 /><L2 /><L3 /><L4 />
		<Chinese>&#x6392;&#x9664;&#x65B9;&#x5F0F;</Chinese>
	</TEXT>
	<TEXT>
		<Tag>TXT_KEY_MAP_SCRIPT_NO_CONDITIONS</Tag>
		<English>No Conditions</English>
<L1 /><L2 /><L3 /><L4 />
		<Chinese>&#x65E0;&#x6761;&#x4EF6;</Chinese>
	</TEXT>
	<TEXT>
		<Tag>TXT_KEY_MAP_SCRIPT_DEFAULT</Tag>
		<English>Script Default</English>
<L1 /><L2 /><L3 /><L4 />
		<Chinese>&#x811A;&#x672C;&#x9ED8;&#x8BA4;</Chinese>
	</TEXT>
	<TEXT>
		<Tag>TXT_KEY_MAP_SCRIPT_ALL_IN_OLD_WORLD</Tag>
		<English>All In Old World</English>
<L1 /><L2 /><L3 /><L4 />
		<Chinese>&#x5168;&#x90E8;&#x4F4D;&#x4E8E;&#x65E7;&#x5927;&#x9646;</Chinese>
	</TEXT>
	<TEXT>
		<Tag>TXT_KEY_MAP_SCRIPT_SAME_AS_AI</Tag>
		<English>Same Rules As AI</English>
<L1 /><L2 /><L3 /><L4 />
		<Chinese>&#x4E0E;&#x7535;&#x8111;&#x73A9;&#x5BB6;&#x76F8;&#x540C;&#x89C4;&#x5219;</Chinese>
	</TEXT>
	<TEXT>
		<Tag>TXT_KEY_MAP_SCRIPT_NEAR_COAST</Tag>
		<English>Near Coast</English>
<L1 /><L2 /><L3 /><L4 />
		<Chinese>&#x4E34;&#x8FD1;&#x6D77;&#x5CB8;</Chinese>
	</TEXT>
	<TEXT>
		<Tag>TXT_KEY_MAP_SCRIPT_LARGEST_CONTINENT</Tag>
		<English>Largest Continent</English>
<L1 /><L2 /><L3 /><L4 />
		<Chinese>&#x6700;&#x5927;&#x9646;&#x5730;</Chinese>
	</TEXT>
	<TEXT>
		<Tag>TXT_KEY_MAP_SCRIPT_COASTAL_LARGEST_CONTINENT</Tag>
		<English>Coastal or Largest Continent</English>
<L1 /><L2 /><L3 /><L4 />
		<Chinese>&#x4E34;&#x8FD1;&#x6D77;&#x5CB8;&#x6216;&#x6700;&#x5927;&#x9646;&#x5730;</Chinese>
	</TEXT>
	<TEXT>
		<Tag>TXT_KEY_MAP_SCRIPT_LEFT_VS_RIGHT_BRIDGE</Tag>
		<English>Left vs Right with Desert Bridge</English>
<L1 /><L2 /><L3 /><L4 />
		<Chinese>&#x6C99;&#x6F20;&#x76F8;&#x8FDE;&#x7684;&#x5DE6;&#x53F3;&#x9646;&#x5730;</Chinese>
	</TEXT>
	<TEXT>
		<Tag>TXT_KEY_MAP_SCRIPT_ROUND</Tag>
		<English>Round</English>
<L1 /><L2 /><L3 /><L4 />
		<Chinese>&#x5706;&#x5F62;</Chinese>
	</TEXT>
	<TEXT>
		<Tag>TXT_KEY_MAP_SCRIPT_DONUT</Tag>
		<English>Donut</English>
<L1 /><L2 /><L3 /><L4 />
		<Chinese>&#x73AF;&#x5F62;</Chinese>
	</TEXT>
	<TEXT>
		<Tag>TXT_KEY_MAP_SCRIPT_TERRA</Tag>
		<English>Randomized Actual Earth</English>
<L1 /><L2 /><L3 /><L4 />
		<Chinese>&#x968F;&#x673A;&#x751F;&#x6210;&#x771F;&#x5B9E;&#x5730;&#x7403;</Chinese>
	</TEXT>
	<TEXT>
		<Tag>TXT_KEY_MAP_SCRIPT_TERRA_OLD_WORLD_START</Tag>
		<English>Randomized Actual Earth (Old World Start)</English>
<L1 /><L2 /><L3 /><L4 />
		<Chinese>&#x968F;&#x673A;&#x751F;&#x6210;&#x771F;&#x5B9E;&#x5730;&#x7403;&#xFF08;&#x521D;&#x59CB;&#x4F4D;&#x7F6E;&#x5728;&#x65E7;&#x5927;&#x9646;&#xFF09;</Chinese>
	</TEXT>
	<TEXT>
		<Tag>TXT_KEY_MAP_SCRIPT_EARTH2_DESCR</Tag>
		<English>An Earth randomizer: it provides continents, islands, and most seas, in actual Earth locations. Apart from that, anything goes. The result is a map in which you may recognize your general starting location, but you won't have a clue about anything around you. Because of Earth's innate tactical opportunities (land and sea chokepoints, secluded islands, etc) this map type offers interesting tactical situations. "Rocky" climate and normal sea levels are recommended if you want a more "earthy" map.</English>
<L1 /><L2 /><L3 /><L4 />
		<Chinese>&#x7B2C;&#x4E8C;&#x5730;&#x7403;&#x2014;&#x2014;&#x751F;&#x6210;&#x968F;&#x673A;&#x5730;&#x7403;&#xFF1A;&#x5927;&#x9646;&#x3001;&#x5C9B;&#x5C7F;&#x548C;&#x6D77;&#x6D0B;&#x4F4D;&#x7F6E;&#x76F8;&#x5F53;&#x4E8E;&#x771F;&#x5B9E;&#x5730;&#x7403;&#xFF0C;&#x9664;&#x6B64;&#x4E4B;&#x5916;&#x5219;&#x5B8C;&#x5168;&#x968F;&#x673A;&#x3002;&#x4F60;&#x53EF;&#x4EE5;&#x5BF9;&#x521D;&#x59CB;&#x4F4D;&#x7F6E;&#x6709;&#x6240;&#x4E86;&#x89E3;&#xFF0C;&#x4F46;&#x4E0D;&#x80FD;&#x786E;&#x77E5;&#x5468;&#x906D;&#x5F62;&#x52BF;&#x3002;&#x4F60;&#x53EF;&#x4EE5;&#x4F53;&#x9A8C;&#x771F;&#x5B9E;&#x5730;&#x7403;&#x4E2D;&#x6218;&#x7565;&#x8981;&#x5730;&#x7684;&#x6709;&#x8DA3;&#x5F71;&#x54CD;&#xFF08;&#x5173;&#x9698;&#x3001;&#x6D77;&#x5CE1;&#x3001;&#x5C9B;&#x94FE;&#x7B49;&#x7B49;&#xFF09;&#x3002;&#x4E3A;&#x4E86;&#x66F4;&#x63A5;&#x8FD1;&#x771F;&#x5B9E;&#x5730;&#x7403;&#xFF0C;&#x5EFA;&#x8BAE;&#x9009;&#x62E9;&#x201C;&#x4E25;&#x9177;&#x201D;&#x6C14;&#x5019;&#x548C;&#x201C;&#x6807;&#x51C6;&#x201D;&#x6D77;&#x5E73;&#x9762;&#x3002;</Chinese>
	</TEXT>
	<TEXT>
		<Tag>TXT_KEY_MAP_SCRIPT_TECTONICS_DESCR</Tag>
		<English>Produces mountain ranges, and simulates plate tectonics, giving more realistic/earthlike terrain (mountain ranges, mountains near coasts like the Andes, or between subcontinents like the Himalaia).</English>
<L1 /><L2 /><L3 /><L4 />
		<Chinese>&#x5730;&#x8D28;&#x6784;&#x9020;&#x2014;&#x2014;&#x6A21;&#x62DF;&#x677F;&#x5757;&#x6784;&#x9020;&#x7406;&#x8BBA;&#x4EE5;&#x66F4;&#x63A5;&#x8FD1;&#x771F;&#x5B9E;&#x5730;&#x7403;&#x7684;&#x5730;&#x5F62;&#xFF08;&#x751F;&#x6210;&#x6570;&#x6761;&#x5927;&#x578B;&#x5C71;&#x8109;&#xFF0C;&#x6216;&#x662F;&#x8C61;&#x5B89;&#x7B2C;&#x65AF;&#x5C71;&#x8109;&#x90A3;&#x6837;&#x9760;&#x8FD1;&#x6D77;&#x5CB8;&#xFF0C;&#x6216;&#x662F;&#x8C61;&#x559C;&#x9A6C;&#x62C9;&#x96C5;&#x5C71;&#x8109;&#x90A3;&#x6837;&#x4F4D;&#x4E8E;&#x5185;&#x9646;&#x5E76;&#x5206;&#x9694;&#x51FA;&#x6B21;&#x5927;&#x9646;&#xFF09;&#x3002;</Chinese>
	</TEXT>
	<TEXT>
		<Tag>TXT_KEY_GAME_OPTION_NO_ESPIONAGE</Tag>
		<English>No Espionage</English>
<L1 /><L2 /><L3 /><L4 />
		<Chinese>&#x7981;&#x6B62;&#x95F4;&#x8C0D;</Chinese>
	</TEXT>
	<TEXT>
		<Tag>TXT_KEY_GAME_OPTION_NO_ESPIONAGE_HELP</Tag>
		<English>Spies are not available, and Espionage Points are converted into Culture</English>
<L1 /><L2 /><L3 /><L4 />
		<Chinese>&#x7981;&#x6B62;&#x4F7F;&#x7528;&#x95F4;&#x8C0D;&#xFF0C;&#x8C0D;&#x62A5;&#x70B9;&#x6570;&#x5C06;&#x8F6C;&#x6362;&#x4E3A;&#x6587;&#x5316;&#x70B9;&#x6570;</Chinese>
	</TEXT>
	<TEXT>
		<Tag>TXT_KEY_MISC_HELP_COMMERCE_TO_COMMERCE_FLOAT</Tag>
		<English>[ICON_BULLET]%s1 %F2 from %F3</English>
<L1 /><L2 /><L3 /><L4 />
		<Chinese>[ICON_BULLET]%s1 %F2 &#x6765;&#x81EA; %F3</Chinese>
	</TEXT>
	<TEXT>
		<Tag>TXT_KEY_MISC_HELP_COMMERCE_TO_COMMERCE</Tag>
		<English>[ICON_BULLET]%D1%F2 from %F3</English>
<L1 /><L2 /><L3 /><L4 />
		<Chinese>[ICON_BULLET]%D1%F2 &#x6765;&#x81EA; %F3</Chinese>
	</TEXT>
	<TEXT>
		<Tag>TXT_KEY_LEADER_JOSEF_STALIN_PEDIA</Tag>
		<English>[H1]Stalin [\H1][NEWLINE][BOLD]General Secretary of the Communist Party of the Soviet Union [\BOLD][NEWLINE][BOLD]Lived: [\BOLD] 1878 - 1953[NEWLINE][PARAGRAPH:2][BOLD]Background:[\BOLD][NEWLINE][TAB]His birth name was Joseph Vissarionovich Dzhugashvili, but to the world he will always be known simply as Stalin ("man of steel" in Russian). Stalin was born in 1878 to a poor Georgian family. His father was a cobbler who often beat his wife and young son. At the age of eight, Stalin began his education in the Gori Church School, where instruction was conducted in Russian and he was mocked for his Georgian accent. Stalin graduated first in his class at the age of fourteen and began attending school next at the Tiflis Theological Seminary. Stalin had no interest in becoming a priest, but the seminary was one of the few institutions of higher learning permitted in Georgia by the repressive tsarist government. [PARAGRAPH:2]It was here that Stalin became involved in the revolutionary socialist movement of Russia; in 1899 he was kicked out of the school for his participation in the radical cause. For the next decade Stalin worked in the political underground of the Caucasus region, for which he was arrested and sent to temporary exile in Siberia several times. Over the years Stalin rose through the ranks of the socialist organizations, and in 1912 he gained a position on the central committee of the Bolshevik Party. He later was appointed as an editor of "Pravda," (meaning, "Truth") the main communist newspaper, which was a position with a great deal of influence. [PARAGRAPH:2]Stalin played little role in the events of the 1917 Bolshevik Revolution. He and the other editors of Pravda initially supported Keresnsky's Provisional Government, and even refused to publish Lenin's articles calling for it to be overthrown. (Later, Stalin would falsely claim that he had been part of a "Party Center" which directed the October Revolution.) During the Russian Civil War, Stalin served as a military commissar on various different fronts, but he seems to have been an indifferent military man at best. It was when that conflict ended that his star began to rise. [PARAGRAPH:2]In 1922 Stalin secured the position of General Secretary of the Communist Party, a post that no one else particularly wanted. Stalin recognized the potential power of this job, however, as it gave him control over appointments within the Party. Over time, Stalin built up a group of fiercely loyal followers, eventually becoming one of the most powerful men in the Party.  [PARAGRAPH:2]After the death of Lenin in 1924, Stalin formed a centrist ruling coalition along with Kamenev and Zinoviev. In doing so Stalin successfully outmaneuvered his enemy Trotsky, another strong contender for leadership of the USSR. In 1928 Trotsky went into exile and he was assassinated some time thereafter (it is assumed at Stalin's orders). Then Stalin turned on his former allies Kamenev and Zinoviev, driving them from power as well. By the beginning of the 1930s, Stalin had secured undisputed power over both the Communist Party and all of the Soviet Union. [PARAGRAPH:2]With his enemies out of the way, Stalin could begin a thorough transformation of Russia. Up until the First World War Russia had been primarily an agrarian society, but Stalin was determined to change it into an industrial powerhouse. In 1928 he implemented the Five Year Plans, designed to force rapid industrialization upon the country at any cost. To curb the power of the prosperous independent farmers (known as "kulaks") Stalin also nationalized individual farms, replacing them with larger collective farms. Stalin's collectivization of agriculture proved to be a disaster: output actually fell, and there was a great deal of peasant resistance (which was ruthlessly crushed by the Red Army). Despite the crop shortfalls Stalin sold off the agricultural produce of the USSR to get foreign currency to pay for further industrialization, deliberately engineering a mass famine which may have killed as many as 10 million people. [PARAGRAPH:2]Fearing an army plot against him, in 1936 Stalin embarked on the Great Purge, which quickly degenerated into a terrible witch hunt. Many of the old communist leaders were executed after bizarre show trials during which they confessed to outlandish crimes. At the same time the Red Army was gutted of its officer corps. Millions of innocent people died or were exiled to Siberia for no offense whatsoever. Stalin's paranoia claimed an untold number of lives before it had run its course. [PARAGRAPH:2]Stalin's Soviet Union was ruthlessly authoritarian, but it had achieved its goal of industrialization. Advances were made in science, and the free provision of certain state services - including education and housing - did provide new opportunities for many millions of former peasants (although the standard of living remained extremely low compared to Western countries). Freedom of expression was nonexistent, however, and the practice of any kind of religion was made illegal. [PARAGRAPH:2]During the 1930s, Stalin was convinced that Hitler's Nazi Germany was a terrible threat to the Soviet Union. He sought defensive pacts and alliances with England and France, but was soundly rebuffed by both countries. Hoping to stave off what he saw as the USSR's inevitable conflict with Germany until his country had a chance to arm itself, Stalin signed a Faustian bargain with Hitler to divide Eastern Europe between the two powers. In September of 1939 Nazi Germany invaded Poland and three weeks later the Soviet Union jumped into the conflict to claim the eastern half of the country. [PARAGRAPH:2] By doing so Stalin believed that he had earned Hitler's gratitude (if not friendship), and that a German attack on the USSR did not lay in the imminent future. However, like so many other leaders Stalin totally misread Hitler, and despite increasingly frantic warnings of German soldiers massing on the borders, he was totally caught off guard when in June of 1941 Hitler launched a massive invasion. In fact, for the first days of the invasion Stalin remained convinced that it was some kind of mistake and refused to let his troops counterattack for fear of provoking Hitler! Because of Stalin's blunders the Soviets suffered enormous losses in the first few weeks. [PARAGRAPH:2]With Stalin stunned into bewildered inaction by his miscalculations, it was only the sheer size of Russia that prevented the Germans from winning a quick victory. In December of 1941 winter - Russia's oldest and best ally - saved Moscow from capture. Regaining his composure, Stalin then led the Soviet Union in a bitter and gruesome struggle to the death against Nazi Germany, with countless atrocities on both sides. Stalin's transfer of heavy industry east into the Urals, combined with the unbelievable size and manpower of the Soviet Union - supported by heavy British and American fighting in the West - ultimately led to victory in 1945, when Soviet troops marched triumphantly into Berlin. The cost, however, was staggering: an estimated 10 million Russian soldiers and 20 million civilians died in the conflict. [PARAGRAPH:2]By the end of the war the Red Army had overrun Eastern Europe, and once there Stalin had no intention of leaving. Despite promising to allow free elections during wartime conferences with the Americans and British, Stalin had no intention of doing anything of the sort and he set up puppet communist regimes across the region. While Tito's government in Yugoslavia successfully broke away from Stalin's bloc, the rest of the countries in Eastern Europe would spend the next three decades under the oppressive rule of the Soviet Union. [PARAGRAPH:2]Despite their uneasy alliance during the recent war, the USSR remained on hostile terms with its erstwhile Western Allies. Stalin's support of the Communist Chinese and his blockade of West Berlin in 1948 helped led to the outbreak of the Cold War, a bitter period of proxy warfare and ever-growing nuclear arsenals that would drag on for fifty bleak years. [PARAGRAPH:2]During his reign Stalin encouraged the development of a sycophantic cult of personality where he was worshipped as little less than a god. When he finally died in 1953 there was an enormous outpouring of genuine grief across the Soviet Union. Later, after Khrushchev revealed the extent of Stalin's crimes in his secret speech of 1956, public opinion would become less favorable. Overall, it must be said that Stalin was successful in changing the backwards agricultural state of the tsars into a modern global superpower. No country deserves more credit for defeating Nazi Germany than the Soviet Union. However the truly appalling and barbaric methods used to achieve these successes must always be kept in mind, and Stalin will always remain a controversial character in history. </English>
<L1 /><L2 /><L3 /><L4 />
		<Chinese>[H1]&#x65AF;&#x5927;&#x6797;[\H1][NEWLINE][BOLD]&#x82CF;&#x8054;&#x5171;&#x4EA7;&#x515A;&#x603B;&#x4E66;&#x8BB0;[\BOLD][NEWLINE][BOLD]&#x751F;&#x5352;&#x5E74;&#x4EFD;: [\BOLD]1878-1953[NEWLINE][PARAGRAPH:2][BOLD]&#x80CC;&#x666F;&#xFF1A;[\BOLD][NEWLINE][TAB]&#x539F;&#x540D;&#x7EA6;&#x745F;&#x592B;&#x00B7;&#x7EF4;&#x8428;&#x91CC;&#x5965;&#x8BFA;&#x7EF4;&#x5947;&#x00B7;&#x6731;&#x52A0;&#x65BD;&#x7EF4;&#x91CC;&#xFF0C;&#x4F46;&#x4EE5;&#x65AF;&#x5927;&#x6797;&#x7684;&#x540D;&#x5B57;&#x95FB;&#x540D;&#x4E8E;&#x4E16;&#xFF08;&#x65AF;&#x5927;&#x6797;&#x5728;&#x4FC4;&#x6587;&#x4E2D;&#x662F;&#x201C;&#x94A2;&#x94C1;&#x4E00;&#x6837;&#x7684;&#x4EBA;&#x201D;&#x7684;&#x610F;&#x601D;&#xFF09;&#xFF0C;&#x65AF;&#x5927;&#x6797;&#x5728;1878&#x5E74;&#x8BDE;&#x751F;&#x4E8E;&#x4E00;&#x4E2A;&#x8D2B;&#x5BD2;&#x7684;&#x683C;&#x9C81;&#x5409;&#x4E9A;&#x5BB6;&#x5EAD;&#x3002;&#x4ED6;&#x7684;&#x7236;&#x4EB2;&#x662F;&#x4E2A;&#x7ECF;&#x5E38;&#x8650;&#x5F85;&#x59BB;&#x513F;&#x7684;&#x978B;&#x5320;&#x3002;&#x5728;&#x516B;&#x5C81;&#x90A3;&#x5E74;&#xFF0C;&#x65AF;&#x5927;&#x6797;&#x5F00;&#x59CB;&#x5728;&#x9AD8;&#x91CC;&#x6559;&#x4F1A;&#x5B66;&#x6821;&#x63A5;&#x53D7;&#x6559;&#x80B2;&#x3002;&#x5728;&#x90A3;&#x91CC;&#xFF0C;&#x6559;&#x5B66;&#x4F7F;&#x7528;&#x4FC4;&#x8BED;&#xFF0C;&#x65AF;&#x5927;&#x6797;&#x7684;&#x683C;&#x9C81;&#x5409;&#x4E9A;&#x53E3;&#x97F3;&#x5907;&#x53D7;&#x5632;&#x5F04;&#x3002;&#x65AF;&#x5927;&#x6797;&#x5341;&#x56DB;&#x5C81;&#x7684;&#x65F6;&#x5019;&#x4EE5;&#x5934;&#x540D;&#x6BD5;&#x4E1A;&#xFF0C;&#x7D27;&#x63A5;&#x7740;&#x8FDB;&#x5165;&#x4E86;&#x7B2C;&#x6BD4;&#x5229;&#x65AF;&#x795E;&#x5B66;&#x9662;&#x3002;&#x65AF;&#x5927;&#x6797;&#x65E0;&#x610F;&#x6210;&#x4E3A;&#x7267;&#x5E08;&#xFF0C;&#x4F46;&#x795E;&#x5B66;&#x9662;&#x662F;&#x5728;&#x5E1D;&#x4FC4;&#x7EDF;&#x6CBB;&#x4E0B;&#x7684;&#x5C11;&#x6570;&#x88AB;&#x5141;&#x8BB8;&#x7684;&#x683C;&#x9C81;&#x5409;&#x4E9A;&#x9AD8;&#x7B49;&#x5B66;&#x5E9C;&#x3002;[PARAGRAPH:2]&#x65AF;&#x5927;&#x6797;&#x5728;&#x8FD9;&#x91CC;&#x6295;&#x8EAB;&#x9769;&#x547D;&#x3002;1899&#x5E74;&#xFF0C;&#x65AF;&#x5927;&#x6797;&#x56E0;&#x4E3A;&#x53C2;&#x52A0;&#x6FC0;&#x8FDB;&#x8FD0;&#x52A8;&#x800C;&#x88AB;&#x5F00;&#x9664;&#x3002;&#x4E4B;&#x540E;&#x7684;&#x5341;&#x5E74;&#x65AF;&#x5927;&#x6797;&#x5728;&#x9AD8;&#x52A0;&#x7D22;&#x5730;&#x533A;&#x4ECE;&#x4E8B;&#x5730;&#x4E0B;&#x6D3B;&#x52A8;&#xFF0C;&#x671F;&#x95F4;&#x4ED6;&#x88AB;&#x902E;&#x6355;&#x5E76;&#x6D41;&#x653E;&#x81F3;&#x897F;&#x4F2F;&#x5229;&#x4E9A;&#x5F88;&#x591A;&#x6B21;&#x3002;&#x65AF;&#x5927;&#x6797;&#x5728;&#x7EC4;&#x7EC7;&#x4E2D;&#x7684;&#x5730;&#x4F4D;&#x4E0D;&#x65AD;&#x63D0;&#x5347;&#xFF0C;&#x5230;&#x4E86;1912&#x5E74;&#x4ED6;&#x6210;&#x4E3A;&#x4E86;&#x5E03;&#x5C14;&#x4EC0;&#x7EF4;&#x514B;&#x4E2D;&#x592E;&#x59D4;&#x5458;&#x4F1A;&#x7684;&#x4E00;&#x5458;&#x3002;&#x4E4B;&#x540E;&#x4ED6;&#x6210;&#x4E3A;&#x4E86;&#x771F;&#x7406;&#x62A5;&#x7684;&#x7F16;&#x8F91;&#xFF0C;&#x8FD9;&#x662F;&#x4E00;&#x4E2A;&#x5F88;&#x6709;&#x5F71;&#x54CD;&#x529B;&#x7684;&#x804C;&#x4F4D;&#x3002;[PARAGRAPH:2]&#x65AF;&#x5927;&#x6797;&#x5728;1917&#x5E74;&#x5341;&#x6708;&#x9769;&#x547D;&#x4E2D;&#x5E76;&#x6CA1;&#x6709;&#x8D77;&#x591A;&#x5927;&#x4F5C;&#x7528;&#x3002;&#x4ED6;&#x548C;&#x5176;&#x5B83;&#x7F16;&#x8F91;&#x6700;&#x5F00;&#x59CB;&#x652F;&#x6301;&#x514B;&#x4F26;&#x65AF;&#x57FA;&#x4E34;&#x65F6;&#x653F;&#x5E9C;&#xFF0C;&#x4ED6;&#x4EEC;&#x751A;&#x81F3;&#x62D2;&#x7EDD;&#x520A;&#x8F7D;&#x5217;&#x5B81;&#x53F7;&#x53EC;&#x63A8;&#x7FFB;&#x4E34;&#x65F6;&#x653F;&#x5E9C;&#x7684;&#x6587;&#x7AE0;&#xFF08;&#x540E;&#x6765;&#x65AF;&#x5927;&#x6797;&#x4F2A;&#x79F0;&#x81EA;&#x5DF1;&#x662F;&#x5341;&#x6708;&#x9769;&#x547D;&#x7684;&#x9886;&#x5BFC;&#x6838;&#x5FC3;&#x4E4B;&#x4E00;&#xFF09;&#x3002;&#x5728;&#x4FC4;&#x56FD;&#x5185;&#x6218;&#x671F;&#x95F4;&#x65AF;&#x5927;&#x6797;&#x4F5C;&#x4E3A;&#x653F;&#x59D4;&#x51FA;&#x73B0;&#x5728;&#x5404;&#x4E2A;&#x524D;&#x7EBF;&#xFF0C;&#x4F46;&#x662F;&#x4ED6;&#x7684;&#x4F5C;&#x7528;&#x65E0;&#x5173;&#x7D27;&#x8981;&#x3002;&#x4ECE;&#x90A3;&#x65F6;&#x8D77;&#xFF0C;&#x4ED6;&#x65F6;&#x6765;&#x8FD0;&#x8F6C;&#x4E86;&#x3002;[PARAGRAPH:2]1922&#x5E74;&#xFF0C;&#x65AF;&#x5927;&#x6797;&#x5750;&#x7A33;&#x4E86;&#x4E2D;&#x592E;&#x59D4;&#x5458;&#x4F1A;&#x4E66;&#x8BB0;&#x7684;&#x4F4D;&#x5B50;&#xFF0C;&#x8FD9;&#x4E2A;&#x4F4D;&#x5B50;&#x5E76;&#x6CA1;&#x6709;&#x4EBA;&#x60F3;&#x4E89;&#x3002;&#x65AF;&#x5927;&#x6797;&#x770B;&#x5230;&#x4E86;&#x8FD9;&#x4E2A;&#x804C;&#x4F4D;&#x7684;&#x6F5C;&#x529B;&#xFF0C;&#x4ED6;&#x5229;&#x7528;&#x8FD9;&#x4E2A;&#x804C;&#x4F4D;&#x5728;&#x4E2D;&#x592E;&#x8FC5;&#x901F;&#x53D6;&#x5F97;&#x6743;&#x529B;&#x3002;&#x4ED6;&#x5F00;&#x59CB;&#x57F9;&#x690D;&#x7FBD;&#x7FFC;&#xFF0C;&#x5E76;&#x6210;&#x4E3A;&#x515A;&#x5185;&#x6700;&#x6709;&#x6743;&#x52BF;&#x7684;&#x4EBA;&#x3002;[PARAGRAPH:2]1924&#x5E74;&#x5217;&#x5B81;&#x6B7B;&#x540E;&#xFF0C;&#x65AF;&#x5927;&#x6797;&#x3001;&#x5361;&#x7C73;&#x6D85;&#x592B;&#x4EE5;&#x53CA;&#x5947;&#x8BFA;&#x7EF4;&#x4E5F;&#x592B;&#x7EC4;&#x6210;&#x4E86;&#x9886;&#x5BFC;&#x6838;&#x5FC3;&#x3002;&#x7531;&#x6B64;&#x65AF;&#x5927;&#x6797;&#x6210;&#x529F;&#x6392;&#x6324;&#x4ED6;&#x7684;&#x6B7B;&#x654C;&#x6258;&#x6D1B;&#x65AF;&#x57FA;&#x3002;1928&#x5E74;&#x6258;&#x6D1B;&#x65AF;&#x57FA;&#x906D;&#x5230;&#x6D41;&#x653E;&#xFF0C;&#x5E76;&#x5728;&#x56FD;&#x5916;&#x88AB;&#x6697;&#x6740;&#x3002;&#x5728;&#x4E09;&#x5341;&#x5E74;&#x4EE3;&#x521D;&#xFF0C;&#x65AF;&#x5927;&#x6797;&#x6574;&#x8083;&#x4E86;&#x51E0;&#x4E4E;&#x6240;&#x6709;&#x7684;&#x5BF9;&#x624B;&#xFF0C;&#x5728;&#x515A;&#x5185;&#x53D6;&#x5F97;&#x7A7A;&#x524D;&#x7684;&#x6743;&#x529B;&#x3002;[PARAGRAPH:2]&#x8083;&#x6E05;&#x4E86;&#x653F;&#x654C;&#x4E4B;&#x540E;&#xFF0C;&#x65AF;&#x5927;&#x6797;&#x5F00;&#x59CB;&#x6539;&#x9020;&#x4ED6;&#x7684;&#x56FD;&#x5BB6;&#x3002;&#x76F4;&#x5230;&#x4E00;&#x6218;&#x7684;&#x65F6;&#x5019;&#x4FC4;&#x56FD;&#x4ECD;&#x7136;&#x5904;&#x4E8E;&#x519C;&#x4E1A;&#x793E;&#x4F1A;&#xFF0C;&#x4F46;&#x65AF;&#x5927;&#x6797;&#x51B3;&#x5B9A;&#x5B9E;&#x884C;&#x5168;&#x9762;&#x5DE5;&#x4E1A;&#x5316;&#x3002;&#x5728;1928&#x5E74;&#xFF0C;&#x65AF;&#x5927;&#x6797;&#x5B9E;&#x884C;&#x4E86;&#x7B2C;&#x4E00;&#x4E2A;&#x4E94;&#x5E74;&#x8BA1;&#x5212;&#xFF0C;&#x4E0D;&#x60DC;&#x4E00;&#x5207;&#x4EE3;&#x4EF7;&#x8FDB;&#x884C;&#x5DE5;&#x4E1A;&#x5316;&#x3002;&#x4E3A;&#x4E86;&#x524A;&#x5F31;&#x81EA;&#x8015;&#x519C;&#x7684;&#x52BF;&#x529B;&#xFF0C;&#x65AF;&#x5927;&#x6797;&#x56FD;&#x6709;&#x5316;&#x4E86;&#x79C1;&#x4EBA;&#x519C;&#x573A;&#x3002;&#x65AF;&#x5927;&#x6797;&#x7684;&#x519C;&#x4E1A;&#x653F;&#x7B56;&#x88AB;&#x8BC1;&#x660E;&#x662F;&#x4E00;&#x573A;&#x707E;&#x96BE;&#xFF1A;&#x7CAE;&#x98DF;&#x51CF;&#x4EA7;&#x5F15;&#x8D77;&#x8BB8;&#x591A;&#x519C;&#x6C11;&#x7684;&#x53CD;&#x6297;&#xFF08;&#x90FD;&#x88AB;&#x7EA2;&#x519B;&#x65E0;&#x60C5;&#x9547;&#x538B;&#xFF09;&#xFF0C;&#x5C3D;&#x7BA1;&#x519C;&#x4E1A;&#x4EA7;&#x91CF;&#x964D;&#x4F4E;&#xFF0C;&#x65AF;&#x5927;&#x6797;&#x4ECD;&#x7136;&#x51FA;&#x552E;&#x519C;&#x4EA7;&#x54C1;&#x6362;&#x53D6;&#x5916;&#x6C47;&#x4EE5;&#x652F;&#x6301;&#x5DE5;&#x4E1A;&#x5316;&#x3002;&#x7531;&#x6B64;&#x5F15;&#x8D77;&#x7684;&#x9965;&#x8352;&#x636E;&#x4F30;&#x8BA1;&#x9020;&#x6210;&#x4E86;&#x4E00;&#x5343;&#x4E07;&#x4EBA;&#x6B7B;&#x4EA1;&#x3002;[PARAGRAPH:2]1936&#x5E74;&#x65AF;&#x5927;&#x6797;&#x4E3A;&#x4E86;&#x7C89;&#x788E;&#x519B;&#x961F;&#x5185;&#x53CD;&#x5BF9;&#x4ED6;&#x7684;&#x9634;&#x8C0B;&#x800C;&#x53D1;&#x52A8;&#x201C;&#x5927;&#x6E05;&#x6D17;&#x201D;&#xFF0C;&#x6700;&#x7EC8;&#x5F62;&#x6210;&#x6A2A;&#x626B;&#x5168;&#x56FD;&#x7684;&#x7EA2;&#x8272;&#x6050;&#x6016;&#x3002;&#x8BB8;&#x591A;&#x8D44;&#x6DF1;&#x9886;&#x5BFC;&#x4EBA;&#x5728;&#x4E25;&#x5211;&#x903C;&#x4F9B;&#x540E;&#x627F;&#x8BA4;&#x7F6A;&#x884C;&#x3002;&#x5927;&#x6E05;&#x6D17;&#x4E5F;&#x5BF9;&#x519B;&#x5B98;&#x9636;&#x5C42;&#x9020;&#x5927;&#x5DE8;&#x5927;&#x7834;&#x574F;&#xFF0C;&#x6570;&#x4EE5;&#x767E;&#x4E07;&#x8BA1;&#x7684;&#x4EBA;&#x88AB;&#x5904;&#x51B3;&#x6216;&#x88AB;&#x6D41;&#x653E;&#x3002;[PARAGRAPH:2]&#x65AF;&#x5927;&#x6797;&#x5728;&#x82CF;&#x8054;&#x5B9E;&#x884C;&#x51B7;&#x9177;&#x65E0;&#x60C5;&#x7684;&#x7EDF;&#x6CBB;&#xFF0C;&#x4F46;&#x662F;&#x4ED6;&#x8FBE;&#x5230;&#x4E86;&#x5DE5;&#x4E1A;&#x5316;&#x7684;&#x76EE;&#x6807;&#x3002;&#x79D1;&#x5B66;&#x6280;&#x672F;&#x83B7;&#x5F97;&#x4E0D;&#x65AD;&#x8FDB;&#x6B65;&#xFF0C;&#x6559;&#x80B2;&#x548C;&#x4F4F;&#x623F;&#x6210;&#x4E3A;&#x56FD;&#x5BB6;&#x798F;&#x5229;&#xFF0C;&#x4E0A;&#x767E;&#x4E07;&#x519C;&#x6C11;&#x6210;&#x4E3A;&#x5DE5;&#x4EBA;&#xFF08;&#x5C3D;&#x7BA1;&#x4ED6;&#x4EEC;&#x7684;&#x751F;&#x6D3B;&#x6761;&#x4EF6;&#x8DDF;&#x897F;&#x65B9;&#x76F8;&#x6BD4;&#x4ECD;&#x7136;&#x5341;&#x5206;&#x6076;&#x52A3;&#xFF09;&#x3002;&#x8A00;&#x8BBA;&#x81EA;&#x7531;&#x4E0D;&#x590D;&#x5B58;&#x5728;&#xFF0C;&#x4EFB;&#x4F55;&#x5B97;&#x6559;&#x6D3B;&#x52A8;&#x90FD;&#x88AB;&#x7981;&#x6B62;&#x3002;[PARAGRAPH:2]&#x81EA;30&#x5E74;&#x4EE3;&#x5F00;&#x59CB;&#xFF0C;&#x65AF;&#x5927;&#x6797;&#x76F8;&#x4FE1;&#x7EB3;&#x7CB9;&#x5FB7;&#x56FD;&#x5C06;&#x6210;&#x4E3A;&#x5DE8;&#x5927;&#x5A01;&#x80C1;&#x3002;&#x4E8E;&#x662F;&#x4ED6;&#x60F3;&#x8DDF;&#x82F1;&#x6CD5;&#x7ED3;&#x76DF;&#xFF0C;&#x4F46;&#x906D;&#x5230;&#x51B7;&#x9047;&#x3002;&#x4E3A;&#x4E86;&#x4E89;&#x53D6;&#x65F6;&#x95F4;&#xFF0C;&#x65AF;&#x5927;&#x6797;&#x548C;&#x5E0C;&#x7279;&#x52D2;&#x8FBE;&#x6210;&#x4E86;&#x74DC;&#x5206;&#x4E1C;&#x6B27;&#x7684;&#x534F;&#x8BAE;&#x3002;1939&#x5E74;9&#x6708;&#xFF0C;&#x5FB7;&#x56FD;&#x8FDB;&#x653B;&#x6CE2;&#x5170;&#xFF0C;&#x4E09;&#x4E2A;&#x661F;&#x671F;&#x540E;&#x82CF;&#x8054;&#x4ECB;&#x5165;&#x6218;&#x4E89;&#x5E76;&#x541E;&#x5E76;&#x6CE2;&#x5170;&#x4E1C;&#x90E8;&#x9886;&#x571F;&#x3002;[PARAGRAPH:2]&#x65AF;&#x5927;&#x6797;&#x76F8;&#x4FE1;&#x901A;&#x8FC7;&#x8FD9;&#x4E9B;&#x4E3E;&#x52A8;&#x80FD;&#x6362;&#x6765;&#x5E0C;&#x7279;&#x52D2;&#x7684;&#x5584;&#x610F;&#x800C;&#x4F7F;&#x5FB7;&#x56FD;&#x7684;&#x8FDB;&#x653B;&#x4E0D;&#x4F1A;&#x5F88;&#x5FEB;&#x53D1;&#x751F;&#x3002;&#x7136;&#x800C;&#xFF0C;&#x8DDF;&#x8BB8;&#x591A;&#x5176;&#x4ED6;&#x9886;&#x8896;&#x4E00;&#x6837;&#xFF0C;&#x65AF;&#x5927;&#x6797;&#x6CA1;&#x80FD;&#x8BFB;&#x61C2;&#x5E0C;&#x7279;&#x52D2;&#x3002;&#x5C3D;&#x7BA1;&#x4E8B;&#x5148;&#x5728;&#x8FB9;&#x754C;&#x5730;&#x533A;&#x6536;&#x5230;&#x5927;&#x91CF;&#x8B66;&#x62A5;&#xFF0C;&#x65AF;&#x5927;&#x6797;&#x6CA1;&#x6709;&#x91C7;&#x53D6;&#x9632;&#x5FA1;&#x63AA;&#x65BD;&#x3002;&#x5B9E;&#x9645;&#x4E0A;&#xFF0C;&#x5728;&#x8FDB;&#x653B;&#x7684;&#x7B2C;&#x4E00;&#x5929;&#xFF0C;&#x65AF;&#x5927;&#x6797;&#x8FD8;&#x76F8;&#x4FE1;&#x8FD9;&#x53EA;&#x4E0D;&#x8FC7;&#x662F;&#x8BEF;&#x4F1A;&#xFF0C;&#x800C;&#x4E0D;&#x8BA9;&#x4ED6;&#x7684;&#x90E8;&#x961F;&#x8FDB;&#x884C;&#x53CD;&#x51FB;&#x800C;&#x89E6;&#x6012;&#x5E0C;&#x7279;&#x52D2;&#x3002;&#x7531;&#x4E8E;&#x65AF;&#x5927;&#x6797;&#x7684;&#x5931;&#x8BEF;&#xFF0C;&#x82CF;&#x8054;&#x7EA2;&#x519B;&#x8499;&#x53D7;&#x4E86;&#x5DE8;&#x5927;&#x635F;&#x5931;&#x3002;[PARAGRAPH:2]&#x5728;&#x65AF;&#x5927;&#x6797;&#x88AB;&#x5F04;&#x61F5;&#x4E86;&#x7684;&#x65F6;&#x5019;&#xFF0C;&#x82CF;&#x8054;&#x8FBD;&#x9614;&#x7684;&#x7248;&#x56FE;&#x963B;&#x6B62;&#x4E86;&#x5FB7;&#x56FD;&#x4EBA;&#x8D62;&#x5F97;&#x901F;&#x80DC;&#x3002;1941&#x5E74;12&#x6708;&#xFF0C;&#x4FC4;&#x56FD;&#x53E4;&#x8001;&#x7684;&#x76DF;&#x53CB;&#x201C;&#x5BD2;&#x51AC;&#x201D;&#x4FDD;&#x536B;&#x4E86;&#x83AB;&#x65AF;&#x79D1;&#x3002;&#x6062;&#x590D;&#x5E38;&#x6001;&#x540E;&#xFF0C;&#x65AF;&#x5927;&#x6797;&#x5E26;&#x9886;&#x82CF;&#x8054;&#x4EBA;&#x6C11;&#x540C;&#x7EB3;&#x7CB9;&#x5FB7;&#x56FD;&#x5C55;&#x5F00;&#x6B8A;&#x6B7B;&#x6297;&#x4E89;&#x3002;&#x65AF;&#x5927;&#x6797;&#x628A;&#x91CD;&#x5DE5;&#x4E1A;&#x4E1C;&#x79FB;&#x4E4C;&#x62C9;&#x5C14;&#x5C71;&#x533A;&#xFF0C;&#x7ED3;&#x5408;&#x82CF;&#x8054;&#x5DE8;&#x5927;&#x7684;&#x5E45;&#x5458;&#x548C;&#x4EBA;&#x529B;&#x8D44;&#x6E90;&#xFF0C;&#x52A0;&#x4E0A;&#x897F;&#x65B9;&#x76DF;&#x56FD;&#x7684;&#x652F;&#x63F4;&#xFF0C;&#x82CF;&#x8054;&#x7EA2;&#x519B;&#x6700;&#x7EC8;&#x653B;&#x9677;&#x67CF;&#x6797;&#x8D62;&#x5F97;&#x4E86;&#x6218;&#x4E89;&#x7684;&#x80DC;&#x5229;&#x3002;&#x7136;&#x800C;&#xFF0C;&#x82CF;&#x8054;&#x4E5F;&#x4ED8;&#x51FA;&#x4E86;&#x4E00;&#x5343;&#x4E07;&#x519B;&#x4EBA;&#x548C;&#x4E24;&#x5343;&#x4E07;&#x5E73;&#x6C11;&#x751F;&#x547D;&#x7684;&#x5DE8;&#x5927;&#x4EE3;&#x4EF7;&#x3002;[PARAGRAPH:2]&#x6218;&#x4E89;&#x7ED3;&#x675F;&#x65F6;&#xFF0C;&#x7EA2;&#x519B;&#x5DF2;&#x7ECF;&#x5360;&#x636E;&#x6574;&#x4E2A;&#x4E86;&#x4E1C;&#x6B27;&#xFF0C;&#x65AF;&#x5927;&#x6797;&#x4E5F;&#x65E0;&#x610F;&#x64A4;&#x56DE;&#x4ED6;&#x4EEC;&#x3002;&#x5C3D;&#x7BA1;&#x5728;&#x6218;&#x65F6;&#x65AF;&#x5927;&#x6797;&#x5BF9;&#x82F1;&#x7F8E;&#x8BB8;&#x8BFA;&#x8FC7;&#x81EA;&#x7531;&#x9009;&#x4E3E;&#xFF0C;&#x4F46;&#x4ED6;&#x65E0;&#x610F;&#x5B9E;&#x884C;&#xFF0C;&#x5E76;&#x5728;&#x90A3;&#x91CC;&#x5E7F;&#x6CDB;&#x5730;&#x6276;&#x690D;&#x5080;&#x5121;&#x653F;&#x6743;&#x3002;&#x5C3D;&#x7BA1;&#x94C1;&#x6258;&#x7684;&#x5357;&#x65AF;&#x62C9;&#x592B;&#x6446;&#x8131;&#x4E86;&#x82CF;&#x8054;&#x7684;&#x63A7;&#x5236;&#xFF0C;&#x5176;&#x4ED6;&#x7684;&#x4E1C;&#x6B27;&#x56FD;&#x5BB6;&#x5374;&#x5728;&#x672A;&#x6765;&#x7684;&#x4E09;&#x5341;&#x5E74;&#x91CC;&#x9971;&#x53D7;&#x82CF;&#x8054;&#x7684;&#x538B;&#x8FEB;&#x3002;[PARAGRAPH:2]&#x6218;&#x65F6;&#x7684;&#x677E;&#x6563;&#x8054;&#x76DF;&#x5E76;&#x672A;&#x7F13;&#x89E3;&#x82CF;&#x8054;&#x5BF9;&#x897F;&#x65B9;&#x7684;&#x654C;&#x610F;&#x3002;&#x65AF;&#x5927;&#x6797;&#x5BF9;&#x4E2D;&#x56FD;&#x5171;&#x4EA7;&#x515A;&#x7684;&#x652F;&#x6301;&#x4EE5;&#x53CA;1948&#x5E74;&#x5BF9;&#x897F;&#x67CF;&#x6797;&#x7684;&#x5C01;&#x9501;&#x9010;&#x6E10;&#x5F15;&#x53D1;&#x4E86;&#x51B7;&#x6218;&#x3002;&#x4E16;&#x754C;&#x5728;&#x4EE3;&#x7406;&#x4EBA;&#x6218;&#x4E89;&#x4E0E;&#x6838;&#x519B;&#x5907;&#x7ADE;&#x8D5B;&#x4E2D;&#x5EA6;&#x8FC7;&#x4E86;&#x4E94;&#x5341;&#x5E74;&#x3002;[PARAGRAPH:2]&#x65AF;&#x5927;&#x6797;&#x5728;&#x7EDF;&#x6CBB;&#x671F;&#x95F4;&#x5927;&#x641E;&#x4E2A;&#x4EBA;&#x5D07;&#x62DC;&#xFF0C;&#x5F53;&#x4ED6;&#x4E8E;1953&#x5E74;&#x53BB;&#x4E16;&#x7684;&#x65F6;&#x5019;&#xFF0C;&#x82CF;&#x8054;&#x4E0A;&#x4E0B;&#x6D41;&#x9732;&#x51FA;&#x771F;&#x631A;&#x800C;&#x5DE8;&#x5927;&#x7684;&#x60B2;&#x75DB;&#x3002;&#x4F46;&#x5230;1956&#x5E74;&#xFF0C;&#x8D6B;&#x9C81;&#x6653;&#x592B;&#x901A;&#x8FC7;&#x79D8;&#x5BC6;&#x62A5;&#x544A;&#x62AB;&#x9732;&#x4E86;&#x65AF;&#x5927;&#x6797;&#x7684;&#x7F6A;&#x884C;&#xFF0C;&#x516C;&#x4F17;&#x5BF9;&#x4ED6;&#x7684;&#x6001;&#x5EA6;&#x4E5F;&#x5F00;&#x59CB;&#x8F6C;&#x53D8;&#x3002;&#x603B;&#x7684;&#x6765;&#x8BF4;&#xFF0C;&#x65AF;&#x5927;&#x6797;&#x6210;&#x529F;&#x5730;&#x628A;&#x4E00;&#x4E2A;&#x6C99;&#x7687;&#x65F6;&#x4EE3;&#x7684;&#x519C;&#x4E1A;&#x56FD;&#x5BB6;&#x53D8;&#x6210;&#x4E00;&#x4E2A;&#x4E16;&#x754C;&#x7EA7;&#x7684;&#x5DE5;&#x4E1A;&#x5F3A;&#x6743;&#x3002;&#x5BF9;&#x4E8E;&#x6218;&#x80DC;&#x5FB7;&#x56FD;&#x7EB3;&#x7CB9;&#xFF0C;&#x4E5F;&#x6CA1;&#x6709;&#x4EFB;&#x4F55;&#x5176;&#x4ED6;&#x56FD;&#x5BB6;&#x6BD4;&#x82CF;&#x8054;&#x66F4;&#x6709;&#x529F;&#x52B3;&#x3002;&#x7136;&#x800C;&#x5B9E;&#x73B0;&#x8FD9;&#x4E9B;&#x6210;&#x5C31;&#x7684;&#x91CE;&#x86EE;&#x505A;&#x6CD5;&#x5E94;&#x8BE5;&#x88AB;&#x94ED;&#x8BB0;&#x4E8E;&#x5FC3;&#xFF0C;&#x65AF;&#x5927;&#x6797;&#x4E5F;&#x5C06;&#x6C38;&#x8FDC;&#x4F5C;&#x4E3A;&#x4E00;&#x4E2A;&#x4E89;&#x8BAE;&#x4EBA;&#x7269;&#x540D;&#x7559;&#x53F2;&#x518C;&#x3002;</Chinese>
	</TEXT>
	<TEXT>
		<Tag>TXT_KEY_CONCEPT_NUKES_PEDIA</Tag>
		<English>[H1]Nukes[\H1][PARAGRAPH:2]"Nukes," also known as "[LINK=UNIT_ICBM]ICBMs[\LINK]" (intercontinental ballistic missiles), can ruin a leader's whole day. These are the ultimate weapons available in Civilization IV, and they are extremely potent.[PARAGRAPH:2] [H2]Acquiring Nukes[\H2][PARAGRAPH:2]To build nuclear weapons, you need the following: [PARAGRAPH:2][BOLD]The Manhattan Project Wonder[\BOLD][PARAGRAPH:2]Someone in the game must have built the [LINK=PROJECT_MANHATTAN_PROJECT]Manhattan Project[\LINK] wonder. It needn't be you; once anybody has built the Manhattan Project, everyone can build nukes (if they meet the other requirements).[PARAGRAPH:2][BOLD]Rocketry and Fission[\BOLD][PARAGRAPH:2]You need to know the [LINK=TECH_ROCKETRY]Rocketry[\LINK] and [LINK=TECH_FISSION]Fission[\LINK] technologies before you can construct nukes.[PARAGRAPH:2][BOLD]Uranium[\BOLD][PARAGRAPH:2]You need access to the [LINK=BONUS_URANIUM]Uranium[\LINK] resource to build nukes. Uranium is uncovered by the [LINK=TECH_PHYSICS]Physics[\LINK] tech.[PARAGRAPH:2][H2]Constructing Nukes[\H2][PARAGRAPH:2]You build nukes in a city, just like any other unit.[PARAGRAPH:2][H2]Launching a Nuke[\H2][PARAGRAPH:2]Nukes have unlimited range: they can reach any [LINK=CONCEPT_EXPLORATION]Explored[\LINK] space on the map. Once launched, nukes reach their target space and detonate immediately.[PARAGRAPH:2][H2]Area of Effect[\H2][PARAGRAPH:2]Nukes are "area of effect" weapons; when detonated they cause damage in their target square, but they also cause damage to the eight squares that are adjacent to the target square. In fact, the eight adjacent squares get hit just as hard as the target square.[PARAGRAPH:2][H2]Damage Effects[\H2][PARAGRAPH:2][BOLD]Buildings[\BOLD][PARAGRAPH:2]If a nuke detonates in or adjacent to a city, the computer makes a "kill check" against each building; if the building passes the check, it emerges unharmed. If the target building fails, it is destroyed (but see "bomb shelters," below). Wonders cannot be destroyed by nukes![PARAGRAPH:2][BOLD]Units[\BOLD][PARAGRAPH:2]The computer makes a "kill check" against each unit; if the unit fails, the check it is destroyed. If the unit passes the check, it may emerge damaged or unscathed. [PARAGRAPH:2][BOLD]Improvements[\BOLD][PARAGRAPH:2]If a nuke detonates on top of or adjacent to an improvement, that improvement too must go through a "kill check." (Exception: nukes never damage roads or rails.)[PARAGRAPH:2][BOLD]Fallout[\BOLD][PARAGRAPH:2]A nuclear detonation may produce "fallout" - radioactive debris - in any of the target squares. Fallout makes the space totally unworkable; in other words, a nearby city cannot draw food, commerce, production, or resources from a square damaged by fallout.[PARAGRAPH:2][H2]Scrubbing Fallout[\H2][PARAGRAPH:2]Once you have discovered the [LINK=TECH_ECOLOGY]Ecology[\LINK] technology, your workers can "scrub" (or clean) fallout. Scrubbing fallout is like any other worker action; multiple workers can scrub a space simultaneously to speed the job up; certain [LINK=CONCEPT_CIVICS]Civics[\LINK] and [LINK=CONCEPT_WONDERS]Wonders[\LINK] may cause workers to scrub fallout faster, and so forth. [PARAGRAPH:2][H2]SDI and Nukes[\H2][PARAGRAPH:2]The [LINK=PROJECT_SDI]SDI[\LINK] project has an excellent chance of intercepting any nukes targeted at your territory.[PARAGRAPH:2][H2]Bomb Shelters and Nukes[\H2][PARAGRAPH:2] A bomb shelter in a city reduces damage by 75%%.[PARAGRAPH:2][H2]Diplomatic Penalties[\H2][PARAGRAPH:2]There are serious diplomatic penalties attached to using nukes. Relations with other civilizations are almost certain to drop precipitously, and you may find yourself at the recieving end of someone else's nuclear arsenal. You have been warned![PARAGRAPH:2][H2]Global Warming[\H2][PARAGRAPH:2]Use of nuclear weapons will cause Global Warming to begin, turning previously fertile tiles into useless desert. Prolonged nuclear exchanges will transform the world into an uninhabitable wasteland.[PARAGRAPH:2]</English>
<L1 /><L2 /><L3 /><L4 />
		<Chinese>[H1]&#x6838;&#x5F39;[\H1][PARAGRAPH:2]&#x201C;&#x6838;&#x5F39;&#x201D;&#xFF0C;&#x5373;&#x201C;[LINK=UNIT_ICBM]&#x6218;&#x7565;&#x5BFC;&#x5F39;[\LINK]&#x201D;&#xFF08;&#x6D32;&#x9645;&#x5F39;&#x9053;&#x5BFC;&#x5F39;&#xFF09;&#xFF0C;&#x5177;&#x6709;&#x6BC1;&#x706D;&#x6027;&#x7684;&#x7834;&#x574F;&#x529B;&#x3002;&#x8FD9;&#x662F;&#x6587;&#x660E;IV&#x4E2D;&#x7684;&#x7EC8;&#x6781;&#x6B66;&#x5668;&#xFF0C;&#x6740;&#x4F24;&#x6548;&#x679C;&#x76F8;&#x5F53;&#x4E4B;&#x5F3A;&#x3002;[PARAGRAPH:2][H2]&#x5236;&#x9020;&#x6838;&#x5F39;[\H2][PARAGRAPH:2]&#x8981;&#x5236;&#x9020;&#x6838;&#x6B66;&#x5668;&#xFF0C;&#x4F60;&#x9700;&#x8981;&#x4EE5;&#x4E0B;&#x6761;&#x4EF6;:[PARAGRAPH:2][BOLD]&#x66FC;&#x54C8;&#x987F;&#x5DE5;&#x7A0B;[\BOLD][PARAGRAPH:2]&#x6E38;&#x620F;&#x4E2D;&#x7684;&#x6587;&#x660E;&#x5B8C;&#x6210;[LINK=PROJECT_MANHATTAN_PROJECT]&#x66FC;&#x54C8;&#x987F;&#x5DE5;&#x7A0B;[\LINK]&#x5C06;&#x542F;&#x7528;&#x6838;&#x5F39;&#xFF0C;&#x800C;&#x4E0D;&#x5FC5;&#x7531;&#x4F60;&#x4EB2;&#x81EA;&#x5B8C;&#x6210;&#xFF1B;&#x4E00;&#x65E6;&#x67D0;&#x4E2A;&#x6587;&#x660E;&#x5B8C;&#x6210;&#x66FC;&#x54C8;&#x987F;&#x5DE5;&#x7A0B;&#xFF0C;&#x6240;&#x6709;&#x6587;&#x660E;&#x5373;&#x53EF;&#x5236;&#x9020;&#x6838;&#x5F39;&#xFF08;&#x5728;&#x6EE1;&#x8DB3;&#x5176;&#x4ED6;&#x524D;&#x63D0;&#x7684;&#x60C5;&#x51B5;&#x4E0B;&#xFF09;&#x3002;[PARAGRAPH:2][BOLD]&#x706B;&#x7BAD;&#x4E0E;&#x6838;&#x88C2;&#x53D8;&#x79D1;&#x6280;[\BOLD][PARAGRAPH:2]&#x4F60;&#x9700;&#x8981;&#x638C;&#x63E1;[LINK=TECH_ROCKETRY]&#x706B;&#x7BAD;[\LINK]&#x4E0E;[LINK=TECH_FISSION]&#x6838;&#x88C2;&#x53D8;[\LINK]&#x79D1;&#x6280;&#x624D;&#x80FD;&#x5236;&#x9020;&#x6838;&#x5F39;&#x3002;[PARAGRAPH:2][BOLD]&#x94C0;[\BOLD][PARAGRAPH:2]&#x4F60;&#x9700;&#x8981;&#x62E5;&#x6709;[LINK=BONUS_URANIUM]&#x94C0;[\LINK]&#x8D44;&#x6E90;&#x624D;&#x80FD;&#x5236;&#x9020;&#x6838;&#x5F39;&#x3002;&#x94C0;&#x8D44;&#x6E90;&#x5728;&#x53D1;&#x73B0;[LINK=TECH_PHYSICS]&#x7269;&#x7406;&#x5B66;[\LINK]&#x79D1;&#x6280;&#x4E4B;&#x540E;&#x542F;&#x7528;&#x3002;[PARAGRAPH:2][H2]&#x5236;&#x9020;&#x6838;&#x5F39;[\H2][PARAGRAPH:2]&#x6838;&#x5F39;&#x50CF;&#x5176;&#x4ED6;&#x5355;&#x4F4D;&#x4E00;&#x6837;&#x5728;&#x57CE;&#x5E02;&#x4E2D;&#x5236;&#x9020;&#x3002;[PARAGRAPH:2][H2]&#x53D1;&#x5C04;&#x6838;&#x5F39;[\H2][PARAGRAPH:2]&#x6838;&#x5F39;&#x5177;&#x6709;&#x65E0;&#x9650;&#x7684;&#x5C04;&#x7A0B;&#xFF1A;&#x80FD;&#x591F;&#x6253;&#x51FB;&#x4EFB;&#x4F55;[LINK=CONCEPT_EXPLORATION]&#x5DF2;&#x63A2;&#x660E;[\LINK]&#x7684;&#x533A;&#x57DF;&#x3002;&#x53D1;&#x5C04;&#x4E4B;&#x540E;&#xFF0C;&#x6838;&#x5F39;&#x5373;&#x547D;&#x4E2D;&#x76EE;&#x6807;&#x5E76;&#x7ACB;&#x5373;&#x5F15;&#x7206;&#x3002;[PARAGRAPH:2][H2]&#x5F71;&#x54CD;&#x8303;&#x56F4;[\H2][PARAGRAPH:2]&#x6838;&#x5F39;&#x662F;&#x5177;&#x6709;&#x201C;&#x5F71;&#x54CD;&#x8303;&#x56F4;&#x201D;&#x7684;&#x6B66;&#x5668;&#xFF1B;&#x6838;&#x7206;&#x70B8;&#x9664;&#x4E86;&#x5BF9;&#x76EE;&#x6807;&#x65B9;&#x683C;&#x9020;&#x6210;&#x7834;&#x574F;&#xFF0C;&#x4E5F;&#x4F1A;&#x5BF9;&#x76F8;&#x90BB;&#x7684;&#x516B;&#x4E2A;&#x65B9;&#x683C;&#x9020;&#x6210;&#x7834;&#x574F;&#x3002;&#x5B9E;&#x9645;&#x4E0A;&#xFF0C;&#x76F8;&#x90BB;&#x65B9;&#x683C;&#x4E0E;&#x76EE;&#x6807;&#x65B9;&#x683C;&#x906D;&#x53D7;&#x7684;&#x6253;&#x51FB;&#x5C06;&#x540C;&#x6837;&#x5DE8;&#x5927;&#x3002;[PARAGRAPH:2][H2]&#x7834;&#x574F;&#x6548;&#x679C;[\H2][PARAGRAPH:2][BOLD]&#x5EFA;&#x7B51;[\BOLD][PARAGRAPH:2]&#x6838;&#x7206;&#x70B8;&#x7684;&#x5F71;&#x54CD;&#x8303;&#x56F4;&#x5982;&#x679C;&#x5305;&#x62EC;&#x57CE;&#x5E02;&#x6240;&#x5728;&#x65B9;&#x683C;&#xFF0C;&#x7535;&#x8111;&#x5C06;&#x5BF9;&#x6BCF;&#x5EA7;&#x5EFA;&#x7B51;&#x8FDB;&#x884C;&#x201C;&#x6B7B;&#x4EA1;&#x7B5B;&#x9009;&#x201D;&#xFF1B;&#x5982;&#x679C;&#x67D0;&#x79CD;&#x5EFA;&#x7B51;&#x80FD;&#x7ECF;&#x53D7;&#x7B5B;&#x9009;&#x5219;&#x5C06;&#x5E78;&#x5B58;&#x3002;&#x5982;&#x679C;&#x4E0D;&#x80FD;&#x7ECF;&#x53D7;&#x5219;&#x5C06;&#x88AB;&#x6467;&#x6BC1;&#xFF08;&#x4F8B;&#x5916;&#x60C5;&#x51B5;&#x89C1;&#x4E0B;&#x6587;&#x201C;&#x9632;&#x7A7A;&#x6D1E;&#x201D;&#xFF09;&#x3002;&#x4F46;&#x5947;&#x89C2;&#x4E0D;&#x80FD;&#x88AB;&#x6838;&#x5F39;&#x6467;&#x6BC1;![PARAGRAPH:2][BOLD]&#x5355;&#x4F4D;[\BOLD][PARAGRAPH:2]&#x7535;&#x8111;&#x5C06;&#x5BF9;&#x6BCF;&#x4E2A;&#x5355;&#x4F4D;&#x8FDB;&#x884C;&#x201C;&#x6B7B;&#x4EA1;&#x7B5B;&#x9009;&#x201D;&#xFF1B;&#x5982;&#x679C;&#x4E0D;&#x80FD;&#x7ECF;&#x53D7;&#x7B5B;&#x9009;&#x5C06;&#x88AB;&#x6467;&#x6BC1;&#x3002;&#x5982;&#x679C;&#x80FD;&#x7ECF;&#x53D7;&#x5219;&#x5C06;&#x5E78;&#x5B58;&#x3002;[PARAGRAPH:2][BOLD]&#x533A;&#x57DF;&#x8BBE;&#x65BD;[\BOLD][PARAGRAPH:2]&#x6838;&#x7206;&#x70B8;&#x7684;&#x5F71;&#x54CD;&#x8303;&#x56F4;&#x5982;&#x679C;&#x5305;&#x62EC;&#x533A;&#x57DF;&#x8BBE;&#x65BD;&#x6240;&#x5728;&#x65B9;&#x683C;&#xFF0C;&#x8BE5;&#x8BBE;&#x65BD;&#x4E5F;&#x5C06;&#x7ECF;&#x53D7;&#x201C;&#x6B7B;&#x4EA1;&#x7B5B;&#x9009;&#x201D;&#x3002;&#xFF08;&#x4F8B;&#x5916;&#xFF1A;&#x6838;&#x5F39;&#x4E0D;&#x80FD;&#x6467;&#x6BC1;&#x9053;&#x8DEF;&#x6216;&#x94C1;&#x8DEF;.&#xFF09;[PARAGRAPH:2][BOLD]&#x8F90;&#x5C04;[\BOLD][PARAGRAPH:2]&#x6838;&#x7206;&#x70B8;&#x5C06;&#x5728;&#x5F71;&#x54CD;&#x8303;&#x56F4;&#x5185;&#x9020;&#x6210;&#x201C;&#x8F90;&#x5C04;&#x201D;&#x2014;&#x2014;&#x653E;&#x5C04;&#x6027;&#x5C18;&#x57C3;&#x3002;&#x8F90;&#x5C04;&#x533A;&#x57DF;&#x5B8C;&#x5168;&#x4E0D;&#x80FD;&#x5229;&#x7528;&#xFF1B;&#x4E5F;&#x5C31;&#x662F;&#x8BF4;&#xFF0C;&#x57CE;&#x5E02;&#x65E0;&#x6CD5;&#x4ECE;&#x8F90;&#x5C04;&#x533A;&#x83B7;&#x5F97;&#x98DF;&#x7269;&#x3001;&#x5546;&#x4E1A;&#x548C;&#x5DE5;&#x4E1A;&#x4EA7;&#x51FA;&#xFF0C;&#x4E5F;&#x4E0D;&#x80FD;&#x5229;&#x7528;&#x5F53;&#x5730;&#x7684;&#x8D44;&#x6E90;&#x3002;[PARAGRAPH:2][H2]&#x6E05;&#x9664;&#x8F90;&#x5C04;[\H2][PARAGRAPH:2]&#x4E00;&#x65E6;&#x4F60;&#x83B7;&#x5F97;[LINK=TECH_ECOLOGY]&#x751F;&#x6001;&#x5B66;[\LINK]&#x79D1;&#x6280;&#xFF0C;&#x4F60;&#x7684;&#x5DE5;&#x4EBA;&#x5C06;&#x53EF;&#x4EE5;&#x201C;&#x6E05;&#x9664;&#x201D;&#xFF08;&#x51C0;&#x5316;&#xFF09;&#x8F90;&#x5C04;&#x533A;&#x57DF;&#x3002;&#x6E05;&#x9664;&#x8F90;&#x5C04;&#x7C7B;&#x4F3C;&#x5DE5;&#x4EBA;&#x7684;&#x5176;&#x4ED6;&#x884C;&#x52A8;&#xFF1B;&#x591A;&#x4E2A;&#x5DE5;&#x4EBA;&#x53EF;&#x540C;&#x65F6;&#x6E05;&#x9664;&#x540C;&#x4E00;&#x533A;&#x57DF;&#x4EE5;&#x52A0;&#x5FEB;&#x8FDB;&#x5EA6;&#xFF1B;&#x67D0;&#x4E9B;[LINK=CONCEPT_CIVICS]&#x5185;&#x653F;&#x6CD5;&#x4EE4;[\LINK]&#x548C;[LINK=CONCEPT_WONDERS]&#x5947;&#x89C2;[\LINK]&#x4E5F;&#x53EF;&#x4EE5;&#x52A0;&#x901F;&#x5DE5;&#x4EBA;&#x6E05;&#x9664;&#x8F90;&#x5C04;&#x7684;&#x901F;&#x5EA6;&#x3002;[PARAGRAPH:2][H2]&#x6218;&#x7565;&#x5BFC;&#x5F39;&#x9632;&#x5FA1;&#x7CFB;&#x7EDF;&#x4E0E;&#x6838;&#x5F39;[\H2][PARAGRAPH:2][LINK=PROJECT_SDI]&#x6218;&#x7565;&#x5BFC;&#x5F39;&#x9632;&#x5FA1;&#x7CFB;&#x7EDF;[\LINK]&#x5DE5;&#x7A0B;&#x6709;&#x5F88;&#x5927;&#x51E0;&#x7387;&#x62E6;&#x622A;&#x6765;&#x88AD;&#x7684;&#x6838;&#x5F39;&#x3002;[PARAGRAPH:2][H2]&#x9632;&#x7A7A;&#x6D1E;&#x4E0E;&#x6838;&#x5F39;[\H2][PARAGRAPH:2]&#x57CE;&#x5E02;&#x4E2D;&#x7684;&#x9632;&#x7A7A;&#x6D1E;&#x80FD;&#x51CF;&#x5C11;&#x6838;&#x7206;&#x70B8;&#x9020;&#x6210;&#x7684;&#x7834;&#x574F;&#x3002;[PARAGRAPH:2][H2]&#x5916;&#x4EA4;&#x60E9;&#x7F5A;[\H2][PARAGRAPH:2]&#x4F7F;&#x7528;&#x6838;&#x5F39;&#x6709;&#x6781;&#x5927;&#x7684;&#x5916;&#x4EA4;&#x60E9;&#x7F5A;&#x3002;&#x5C06;&#x9020;&#x6210;&#x4E0E;&#x6240;&#x6709;&#x6587;&#x660E;&#x7684;&#x5173;&#x7CFB;&#x6025;&#x5267;&#x6076;&#x5316;&#xFF0C;&#x4F60;&#x4E5F;&#x5C06;&#x6210;&#x4E3A;&#x5176;&#x4ED6;&#x6587;&#x660E;&#x7684;&#x6838;&#x5F39;&#x6240;&#x7784;&#x51C6;&#x7684;&#x76EE;&#x6807;&#x3002;&#x8B66;&#x60D5;&#x8FD9;&#x4E00;&#x70B9;![PARAGRAPH:2][H2]&#x5168;&#x7403;&#x53D8;&#x6696;[\H2][PARAGRAPH:2]&#x4F7F;&#x7528;&#x6838;&#x6B66;&#x5668;&#x5C06;&#x5F15;&#x53D1;&#x5168;&#x7403;&#x53D8;&#x6696;&#x8FDB;&#x7A0B;&#xFF0C;&#x4F7F;&#x539F;&#x5148;&#x4E30;&#x9976;&#x7684;&#x571F;&#x5730;&#x53D8;&#x4E3A;&#x8352;&#x6F20;&#x3002;&#x957F;&#x671F;&#x7684;&#x6838;&#x6218;&#x4E89;&#x5C06;&#x4F7F;&#x6574;&#x4E2A;&#x4E16;&#x754C;&#x6210;&#x4E3A;&#x4E0D;&#x9002;&#x5B9C;&#x4EBA;&#x7C7B;&#x5C45;&#x4F4F;&#x7684;&#x8352;&#x51C9;&#x661F;&#x7403;&#x3002;[PARAGRAPH:2]</Chinese>
	</TEXT>
	<TEXT>
		<Tag>TXT_KEY_BUILDING_PER_LEVEL</Tag>
		<English>[ICON_BULLET]+1%F1_HappyOrUn per %d2_Percent%% %F3_CommIcon Rate</English>
<L1 /><L2 /><L3 /><L4 />
		<Chinese>[ICON_BULLET]+1%F1_HappyOrUn&#x6BCF;&#x589E;&#x52A0;%d2_Percent%%&#x7684;%F3_CommIcon&#x6BD4;&#x7387;</Chinese>
	</TEXT>
	<TEXT>
		<Tag>TXT_KEY_BUILDING_DEFENSE_MOD</Tag>
		<English>[ICON_BULLET]%d1_Mod%% Defense (Except vs. Gunpowder-based Units)</English>
<L1 /><L2 /><L3 /><L4 />
		<Chinese>[ICON_BULLET]&#x9632;&#x5FA1;&#x80FD;&#x529B;&#x589E;&#x52A0;%d1_Mod%% (&#x4EC5;&#x5BF9;&#x51B7;&#x5175;&#x5668;&#x7C7B;&#x5355;&#x4F4D;&#x6709;&#x6548;)</Chinese>
	</TEXT>
	<TEXT>
		<Tag>TXT_KEY_HINT_23</Tag>
		<English>Never bring a sword to a gunfight.</English>
<L1 /><L2 /><L3 /><L4 />
		<Chinese>&#x7EDD;&#x4E0D;&#x8981;&#x5728;&#x62FF;&#x706B;&#x67AA;&#x7684;&#x5BF9;&#x624B;&#x9762;&#x524D;&#x800D;&#x5200;&#x3002;</Chinese>
	</TEXT>
</Civ4GameText>
