<?xml version="1.0" encoding="GB2312"?>
<!-- edited with XMLSPY v2004 rel. 2 U (http://www.xmlspy.com) by Ed Piper (Firaxis Games) -->
<!-- freesand leo -->
<Civ4GameText xmlns="http://www.firaxis.com">
	<TEXT>
		<Tag>TXT_KEY_CROSSROADS_WB_DESC</Tag>
		<English>The year is 1300. European traders have caught the sweet waft of spices from the East, and the craving for the goods of the Orient has become an epidemic. China, for the first time in their history, has sent out trading vessels to establish contact with the West. Indian storehouses spill over with finery. It is a trader's age and you stand at the Crossroads of the World.[NEWLINE][NEWLINE]Features:[NEWLINE]Commerce Victory[NEWLINE]This new victory requires players to accumulate wealth through any means necessary. Taxes, pillaging, conquest or trade - the means matter not, only that in the end, you have the deepest coffers. Ten new Corporations are among the many features that will let players engage in unprecedented economic warfare.[NEWLINE][NEWLINE]Raiders[NEWLINE]These lightning-quick cavalry bear no markings of nationality, allowing players to pillage the lands of friends and foes alike. </English>
<L1 /><L2 /><L3 /><L4 />
		<Chinese>[NEWLINE]&#x56DB;&#x6D77;&#x901A;&#x8862;[NEWLINE][NEWLINE]&#x516C;&#x5143;1300&#x5E74;&#xFF0C;&#x6B27;&#x6D32;&#x5546;&#x4EBA;&#x55C5;&#x5230;&#x4E86;&#x4E1C;&#x65B9;&#x9999;&#x6599;&#x7684;&#x82AC;&#x82B3;&#x6C14;&#x606F;&#xFF0C;&#x5BF9;&#x4E1C;&#x65B9;&#x8BF8;&#x56FD;&#x5546;&#x54C1;&#x7684;&#x6E34;&#x671B;&#x4E5F;&#x6210;&#x4E3A;&#x4E00;&#x79CD;&#x6D41;&#x884C;&#x8D8B;&#x52BF;&#x3002;&#x4E2D;&#x534E;&#x6587;&#x660E;&#x6709;&#x53F2;&#x4EE5;&#x6765;&#x7B2C;&#x4E00;&#x6B21;&#x6D3E;&#x51FA;&#x8D38;&#x6613;&#x8239;&#x961F;&#x4E0E;&#x897F;&#x65B9;&#x5EFA;&#x7ACB;&#x4E86;&#x8054;&#x7CFB;&#x3002;&#x5370;&#x5EA6;&#x7684;&#x4ED3;&#x5E93;&#x6EA2;&#x6EE1;&#x4E86;&#x534E;&#x4E3D;&#x7684;&#x670D;&#x9970;&#x3002;&#x8FD9;&#x662F;&#x5546;&#x8D3E;&#x7684;&#x65F6;&#x4EE3;&#xFF0C;&#x800C;&#x4F60;&#x6B63;&#x4F4D;&#x4E8E;&#x4E16;&#x754C;&#x7684;&#x4EA4;&#x901A;&#x8981;&#x51B2;&#x3002;[NEWLINE][NEWLINE]&#x7279;&#x8272;&#xFF1A;[NEWLINE]&#x5546;&#x4E1A;&#x80DC;&#x5229;[NEWLINE]&#x8FD9;&#x79CD;&#x65B0;&#x7684;&#x80DC;&#x5229;&#x65B9;&#x5F0F;&#x8981;&#x6C42;&#x73A9;&#x5BB6;&#x7528;&#x4E00;&#x5207;&#x53EF;&#x80FD;&#x7684;&#x624B;&#x6BB5;&#x79EF;&#x7D2F;&#x8D22;&#x5BCC;&#x3002;&#x7A0E;&#x8D4B;&#x3001;&#x52AB;&#x63A0;&#x3001;&#x7F34;&#x83B7;&#x6216;&#x662F;&#x8D38;&#x6613;&#x2014;&#x2014;&#x65E0;&#x6240;&#x4E0D;&#x7528;&#x5176;&#x6781;&#xFF0C;&#x6700;&#x7EC8;&#x76F4;&#x81F3;&#x4F60;&#x80DC;&#x5238;&#x5728;&#x63E1;&#x3002;&#x5341;&#x4E2A;&#x6709;&#x8BB8;&#x591A;&#x65B0;&#x7279;&#x8272;&#x7684;&#x5546;&#x4E1A;&#x516C;&#x53F8;&#x5C06;&#x4F7F;&#x73A9;&#x5BB6;&#x7F6E;&#x8EAB;&#x4E8E;&#x7A7A;&#x524D;&#x7684;&#x5546;&#x6218;&#x4E4B;&#x4E2D;&#x3002;[NEWLINE][NEWLINE]&#x63A0;&#x593A;&#x8005;[NEWLINE]&#x8FD9;&#x4E9B;&#x75BE;&#x5982;&#x95EA;&#x7535;&#x7684;&#x9A91;&#x624B;&#x6CA1;&#x6709;&#x4EFB;&#x4F55;&#x56FD;&#x5BB6;&#x5370;&#x8BB0;&#xFF0C;&#x4F7F;&#x73A9;&#x5BB6;&#x53EF;&#x4EE5;&#x4E0D;&#x5206;&#x5F7C;&#x6B64;&#x7684;&#x63A0;&#x593A;&#x53CB;&#x65B9;&#x548C;&#x654C;&#x65B9;&#x7684;&#x571F;&#x5730;&#x3002;</Chinese>
	</TEXT>
	<TEXT>
		<Tag>TXT_KEY_FINAL_FRONTIER_WB_DESC</Tag>
		<English>Communications with Earth have gone silent. Scheduled cargo ships have not arrived as expected, nor have any sent in the last two months returned. At this point we have no answers. We can only assume that something serious has occurred on Earth. It is up to you, commander, to determine how we should proceed.[NEWLINE]- Colonial Congress Briefing Report, January 8th, 2302 AD[NEWLINE][NEWLINE]Features:[NEWLINE][NEWLINE]Civilization: Intergalactic[NEWLINE]A dozen new units, thirty new buildings and a completely unique tech tree make this more than a mod. It's a whole new game of Civ![NEWLINE][NEWLINE]Bold New Setting[NEWLINE]Battle your enemies across star fields, black holes, nebulae and asteroids fields. Settle your colonies across entire star systems. Envelop yourself in the history of a future Earth through an engrossing backstory penned by designer Jon Shafer.</English>
<L1 /><L2 /><L3 /><L4 />
		<Chinese>[NEWLINE]&#x7EC8;&#x6781;&#x8FB9;&#x7586;[NEWLINE][NEWLINE]&#x540C;&#x5730;&#x7403;&#x7684;&#x8054;&#x7CFB;&#x5B8C;&#x5168;&#x4E2D;&#x65AD;&#x4E86;&#xFF0C;&#x9884;&#x5B9A;&#x7684;&#x8D27;&#x8FD0;&#x98DE;&#x8239;&#x672A;&#x80FD;&#x5982;&#x671F;&#x5230;&#x8FBE;&#xFF0C;&#x53D1;&#x51FA;&#x7684;&#x4FE1;&#x606F;&#x4E5F;&#x5DF2;&#x6709;&#x4E24;&#x4E2A;&#x6708;&#x672A;&#x6536;&#x5230;&#x4EFB;&#x4F55;&#x7B54;&#x590D;&#x3002;&#x6211;&#x4EEC;&#x53EA;&#x80FD;&#x5047;&#x5B9A;&#x5730;&#x7403;&#x4E0A;&#x53D1;&#x751F;&#x4E86;&#x67D0;&#x4E9B;&#x975E;&#x5E38;&#x4E25;&#x91CD;&#x7684;&#x4E8B;&#x4EF6;&#x3002;&#x6307;&#x6325;&#x5B98;&#xFF0C;&#x4E0B;&#x4E00;&#x6B65;&#x8BE5;&#x5982;&#x4F55;&#x884C;&#x52A8;&#x5C06;&#x7531;&#x4F60;&#x51B3;&#x5B9A;&#x3002;[NEWLINE]&#x2014;&#x2014;&#x6B96;&#x6C11;&#x5730;&#x8BAE;&#x4F1A;&#x7B80;&#x62A5;&#xFF0C;&#x516C;&#x5143;2302&#x5E74;1&#x6708;8&#x65E5;[NEWLINE][NEWLINE]&#x7279;&#x8272;&#xFF1A;[NEWLINE][NEWLINE]&#x6587;&#x660E;&#xFF1A;&#x94F6;&#x6CB3;&#x89C4;&#x6A21;[NEWLINE]&#x5341;&#x4E8C;&#x79CD;&#x65B0;&#x5355;&#x4F4D;&#xFF0C;&#x4E09;&#x5341;&#x79CD;&#x65B0;&#x5EFA;&#x7B51;&#x548C;&#x5B8C;&#x5168;&#x72EC;&#x7ACB;&#x7684;&#x79D1;&#x6280;&#x6811;&#x4F7F;&#x5B83;&#x4E0D;&#x4EC5;&#x4EC5;&#x662F;&#x4E2A;&#x6A21;&#x7EC4;&#xFF0C;&#x66F4;&#x662F;&#x4E00;&#x4E2A;&#x5168;&#x65B0;&#x7684;&#x6587;&#x660E;&#x6E38;&#x620F;&#xFF01;[NEWLINE][NEWLINE]&#x663E;&#x8457;&#x7684;&#x65B0;&#x8BBE;&#x5B9A;[NEWLINE]&#x6A2A;&#x4E98;&#x6574;&#x4E2A;&#x661F;&#x57DF;&#x3001;&#x9ED1;&#x6D1E;&#x3001;&#x661F;&#x4E91;&#x548C;&#x5C0F;&#x884C;&#x661F;&#x5E26;&#x4E0E;&#x654C;&#x51B3;&#x6218;&#xFF0C;&#x8BA9;&#x81EA;&#x5DF1;&#x6C89;&#x6D78;&#x5728;&#x7531;&#x8BBE;&#x8BA1;&#x5E08;&#x4E54;&#x6069;&#x00B7;&#x590F;&#x5F17;&#x6240;&#x64B0;&#x5199;&#x7684;&#xFF0C;&#x6709;&#x7740;&#x6CE2;&#x6F9C;&#x58EE;&#x9614;&#x6545;&#x4E8B;&#x80CC;&#x666F;&#x7684;&#x5730;&#x7403;&#x672A;&#x6765;&#x53F2;&#x5F53;&#x4E2D;&#x3002;</Chinese>
	</TEXT>
	<TEXT>
		<Tag>TXT_KEY_CHARLEMAGNE_WB_DESC</Tag>
		<English>The mighty power that was the Roman Empire is no more. The West has shattered into a series of warring kingdoms, each claiming that it alone should rule all of Europe. Take the throne of one of these great medieval powers as you maneuver and battle across the European continent in the hopes of defeating your foes, procuring the Pope's favor and being named Holy Roman Emperor![NEWLINE][NEWLINE]Features:[NEWLINE]New Medieval Units[NEWLINE]Fight your way to victory with new medieval units, including Mounted Infantry, Supply Trains and Heavy Cavalry.[NEWLINE][NEWLINE]Papal Favor[NEWLINE]Vie for the Favor of Rome by spreading Christianity, building churches, acquiring Relics and battling the infidels. His Holiness's favorite ruler may receive bonuses like the powerful Papal Pikeman unit.</English>
<L1 /><L2 /><L3 /><L4 />
		<Chinese>[NEWLINE]&#x67E5;&#x7406;&#x66FC;&#x5F81;&#x670D;[NEWLINE][NEWLINE]&#x7F57;&#x9A6C;&#x5E1D;&#x56FD;&#x7684;&#x5F3A;&#x76DB;&#x5DF2;&#x4E00;&#x53BB;&#x4E0D;&#x8FD4;&#xFF0C;&#x897F;&#x7F57;&#x9A6C;&#x5E1D;&#x56FD;&#x5206;&#x88C2;&#x6210;&#x4E00;&#x7CFB;&#x5217;&#x654C;&#x5BF9;&#x7684;&#x516C;&#x56FD;&#xFF0C;&#x8C01;&#x90FD;&#x5BA3;&#x79F0;&#x81EA;&#x5DF1;&#x5C06;&#x4F1A;&#x72EC;&#x9738;&#x6B27;&#x6D32;&#x3002;&#x4F60;&#x7684;&#x8BA1;&#x5212;&#x662F;&#x5728;&#x8FD9;&#x4E9B;&#x4E2D;&#x4E16;&#x7EAA;&#x8BF8;&#x5F3A;&#x56FD;&#x4E4B;&#x4E00;&#x767B;&#x57FA;&#x5373;&#x4F4D;&#xFF0C;&#x4E3A;&#x6253;&#x8D25;&#x654C;&#x4EBA;&#x5F81;&#x6218;&#x6574;&#x4E2A;&#x6B27;&#x6D32;&#x5927;&#x9646;&#xFF0C;&#x53D6;&#x60A6;&#x7F57;&#x9A6C;&#x6559;&#x7687;&#x5E76;&#x52A0;&#x5195;&#x4E3A;&#x795E;&#x5723;&#x7F57;&#x9A6C;&#x5E1D;&#x56FD;&#x7687;&#x5E1D;&#xFF01;[NEWLINE][NEWLINE]&#x7279;&#x8272;&#xFF1A;[NEWLINE]&#x65B0;&#x7684;&#x4E2D;&#x4E16;&#x7EAA;&#x5355;&#x4F4D;[NEWLINE]&#x5E26;&#x7740;&#x65B0;&#x7684;&#x4E2D;&#x4E16;&#x7EAA;&#x5355;&#x4F4D;&#x52AA;&#x529B;&#x4E89;&#x80DC;&#xFF0C;&#x5305;&#x62EC;&#x6B65;&#x6218;&#x9A91;&#x5175;&#x3001;&#x8865;&#x7ED9;&#x8F66;&#x548C;&#x91CD;&#x9A91;&#x5175;&#x3002;[NEWLINE][NEWLINE]&#x6559;&#x7687;&#x7684;&#x652F;&#x6301;[NEWLINE]&#x901A;&#x8FC7;&#x4F20;&#x64AD;&#x57FA;&#x7763;&#x6559;&#x3001;&#x5EFA;&#x9020;&#x6559;&#x5802;&#x3001;&#x53D6;&#x5F97;&#x5723;&#x7269;&#x548C;&#x5F81;&#x8BA8;&#x5F02;&#x6559;&#x5F92;&#x6765;&#x8D62;&#x5F97;&#x7F57;&#x9A6C;&#x6559;&#x7687;&#x7684;&#x652F;&#x6301;&#xFF0C;&#x6559;&#x7687;&#x965B;&#x4E0B;&#x6240;&#x5782;&#x9752;&#x7684;&#x7EDF;&#x6CBB;&#x8005;&#x80FD;&#x5F97;&#x5230;&#x8BF8;&#x5982;&#x5F3A;&#x529B;&#x6559;&#x5EAD;&#x957F;&#x67AA;&#x5175;&#x5355;&#x4F4D;&#x8FD9;&#x6837;&#x7684;&#x5956;&#x52B1;&#x3002;</Chinese>
	</TEXT>
	<TEXT>
		<Tag>TXT_KEY_GODS_OF_OLD_WB_DESC</Tag>
		<English>Seems the Sumerians were right all along. The Gods of Ancient Sumeria have made their presence known and are ready to grant their gifts to those that will serve them. Rain down plagues, meteors and tsunamis upon those who would oppose you, all while trying to wipe the faiths of enemy Gods from the planet. Ah, give me that old time religion...[NEWLINE][NEWLINE]Features:[NEWLINE][NEWLINE]Divine Gameplay[NEWLINE]The Gods provide for their followers. Extra food, great wealth, unbelievable power, they're all yours. Use Great Prophets to rain massive natural disasters down upon your enemies. The Gods ask only one thing in return - that they be the last God standing. Use the all new Inquisitor Unit to obliterate heathen religions from cities and ensure that yours is the one true god.</English>
<L1 /><L2 /><L3 /><L4 />
		<Chinese>[NEWLINE]&#x8FDC;&#x53E4;&#x4F17;&#x795E;[NEWLINE][NEWLINE]&#x770B;&#x8D77;&#x6765;&#x82CF;&#x7F8E;&#x5C14;&#x4EBA;&#x59CB;&#x7EC8;&#x662F;&#x5BF9;&#x7684;&#xFF0C;&#x8FDC;&#x53E4;&#x82CF;&#x7F8E;&#x5C14;&#x8BF8;&#x795E;&#x663E;&#x7075;&#x4E8E;&#x4F17;&#xFF0C;&#x5E76;&#x51C6;&#x5907;&#x7ED9;&#x90A3;&#x4E9B;&#x8FFD;&#x968F;&#x8005;&#x9988;&#x8D60;&#x793C;&#x7269;&#x3002;&#x53CD;&#x5BF9;&#x4F60;&#x7684;&#x90A3;&#x4E9B;&#x4EBA;&#x627F;&#x53D7;&#x7740;&#x94FA;&#x5929;&#x76D6;&#x5730;&#x7684;&#x761F;&#x75AB;&#x3001;&#x6D41;&#x661F;&#x96E8;&#x548C;&#x6D77;&#x5578;&#xFF0C;&#x8FDC;&#x53E4;&#x8BF8;&#x795E;&#x751A;&#x81F3;&#x8BD5;&#x56FE;&#x62B9;&#x53BB;&#x8FD9;&#x661F;&#x7403;&#x4E0A;&#x654C;&#x5BF9;&#x795E;&#x7957;&#x7684;&#x4FE1;&#x4EF0;&#x3002;&#x554A;&#xFF0C;&#x8D50;&#x6211;&#x90A3;&#x4E0A;&#x53E4;&#x5B97;&#x6559;&#x5427;...[NEWLINE][NEWLINE]&#x7279;&#x8272;&#xFF1A;[NEWLINE][NEWLINE]&#x795E;&#x7684;&#x795D;&#x798F;[NEWLINE]&#x8BF8;&#x795E;&#x4F9B;&#x7ED9;&#x4ED6;&#x4EEC;&#x7684;&#x4FE1;&#x5F92;&#xFF0C;&#x989D;&#x5916;&#x7684;&#x98DF;&#x7269;&#x3001;&#x5DE8;&#x989D;&#x7684;&#x8D22;&#x5BCC;&#x3001;&#x60CA;&#x4EBA;&#x7684;&#x529B;&#x91CF;&#xFF0C;&#x5168;&#x90FD;&#x5F52;&#x4F60;&#x6240;&#x6709;&#x3002;&#x7528;&#x5927;&#x9884;&#x8A00;&#x5BB6;&#x7ED9;&#x4F60;&#x7684;&#x654C;&#x4EBA;&#x964D;&#x4E0B;&#x4E0D;&#x8BA1;&#x5176;&#x6570;&#x7684;&#x81EA;&#x7136;&#x707E;&#x5BB3;&#x3002;&#x8FDC;&#x53E4;&#x8BF8;&#x795E;&#x4EC5;&#x9700;&#x4E00;&#x6837;&#x56DE;&#x62A5;&#x2014;&#x2014;&#x4ED6;&#x4EEC;&#x5FC5;&#x987B;&#x662F;&#x552F;&#x4E00;&#x5B58;&#x5728;&#x7684;&#x795E;&#x3002;&#x7528;&#x5B97;&#x6559;&#x88C1;&#x5224;&#x5B98;&#x5355;&#x4F4D;&#x6839;&#x9664;&#x57CE;&#x5E02;&#x4E2D;&#x7684;&#x5F02;&#x7AEF;&#x4FE1;&#x4EF0;&#xFF0C;&#x786E;&#x4FDD;&#x4F60;&#x7684;&#x795E;&#x662F;&#x552F;&#x4E00;&#x771F;&#x795E;&#x3002;</Chinese>
	</TEXT>
	<TEXT>
		<Tag>TXT_KEY_DEFENSE_WB_DESC</Tag>
		<English>Build your city. Brace your troops. And be prepared for an unending onslaught of opponents.[NEWLINE][NEWLINE]A Civ mod with a beat 'em up mentality, Defense plants you in the middle of 20 levels of endless enemies. Slaughter your foes and earn gold to buy more troops to fortify your position. Only by using your wits can you hope to succeed. Because numbers just aren't on your side.[NEWLINE][NEWLINE]Features:[NEWLINE]Your Own Personal Battlefield[NEWLINE]Using the Advanced Start system, players may customize their defenses in order to stop their foes dead in their tracks. Use ranged units to obliterate enemies from afar or get up close and personal using specialized melee warriors. Earn  gold for cities left at the end of each wave to further insulate yourself from their ever more deadly attacks.</English>
<L1 /><L2 /><L3 /><L4 />
		<Chinese>[NEWLINE]&#x634D;&#x536B;&#x6587;&#x660E;[NEWLINE][NEWLINE]&#x4FEE;&#x5EFA;&#x57CE;&#x5E02;&#x3001;&#x5145;&#x5B9E;&#x90E8;&#x961F;&#xFF0C;&#x4E3A;&#x5BF9;&#x624B;&#x6E90;&#x6E90;&#x4E0D;&#x65AD;&#x7684;&#x51B2;&#x51FB;&#x505A;&#x597D;&#x51C6;&#x5907;&#x3002;[NEWLINE][NEWLINE]&#x4E00;&#x4E2A;&#x8BA9;&#x4EBA;&#x98A0;&#x72C2;&#x7684;&#x6587;&#x660E;&#x6A21;&#x7EC4;&#xFF0C;&#x628A;&#x81EA;&#x5DF1;&#x7F6E;&#x8EAB;&#x4E8E;&#x65E0;&#x7A77;&#x65E0;&#x5C3D;&#x3001;&#x591A;&#x8FBE;20&#x7EA7;&#x7684;&#x654C;&#x4EBA;&#x4E2D;&#x8270;&#x82E6;&#x9632;&#x5FA1;&#x3002;&#x5C60;&#x622E;&#x654C;&#x624B;&#x5E76;&#x6323;&#x94B1;&#x8D2D;&#x4E70;&#x66F4;&#x591A;&#x7684;&#x90E8;&#x961F;&#x4FDD;&#x5BB6;&#x536B;&#x56FD;&#x3002;&#x53EA;&#x6709;&#x53D1;&#x6325;&#x81EA;&#x5DF1;&#x7684;&#x806A;&#x660E;&#x624D;&#x667A;&#x624D;&#x6709;&#x671B;&#x83B7;&#x80DC;&#xFF0C;&#x56E0;&#x4E3A;&#x4F60;&#x6CA1;&#x6709;&#x6570;&#x91CF;&#x4E0A;&#x7684;&#x4F18;&#x52BF;&#x3002;[NEWLINE][NEWLINE]&#x7279;&#x8272;&#xFF1A;[NEWLINE]&#x4F60;&#x72EC;&#x6709;&#x7684;&#x4E2A;&#x6027;&#x5316;&#x6218;&#x573A;[NEWLINE]&#x4F7F;&#x7528;&#x9AD8;&#x7EA7;&#x5F00;&#x5C40;&#x7CFB;&#x7EDF;&#xFF0C;&#x73A9;&#x5BB6;&#x53EF;&#x4EE5;&#x5B9A;&#x5236;&#x4ED6;&#x4EEC;&#x7684;&#x9632;&#x5FA1;&#x8BA1;&#x5212;&#x4EE5;&#x963B;&#x6B62;&#x654C;&#x4EBA;&#x5E76;&#x7528;&#x81EA;&#x5DF1;&#x7684;&#x65B9;&#x5F0F;&#x6D88;&#x706D;&#x4ED6;&#x4EEC;&#x3002;&#x7528;&#x6709;&#x9650;&#x7684;&#x5355;&#x4F4D;&#x8FDC;&#x8FDC;&#x7684;&#x541E;&#x6CA1;&#x654C;&#x4EBA;&#xFF0C;&#x6216;&#x662F;&#x62B5;&#x8FD1;&#x5E76;&#x4EB2;&#x81EA;&#x6307;&#x6325;&#x4E13;&#x95E8;&#x7684;&#x8089;&#x640F;&#x52C7;&#x58EB;&#x3002;&#x901A;&#x8FC7;&#x4FDD;&#x536B;&#x57CE;&#x5E02;&#x8D62;&#x5F97;&#x91D1;&#x94B1;&#x5956;&#x52B1;&#xFF0C;&#x8BA9;&#x81EA;&#x5DF1;&#x5728;&#x654C;&#x4EBA;&#x65E5;&#x751A;&#x4E00;&#x65E5;&#x7684;&#x81F4;&#x547D;&#x653B;&#x51FB;&#x4E2D;&#x5DCD;&#x7136;&#x4E0D;&#x52A8;&#x3002;</Chinese>
	</TEXT>
	<TEXT>
		<Tag>TXT_KEY_NEXT_WAR_WB_DESC</Tag>
		<English>Engage in a near-future battle for world dominance. Massive war machines, clone armies, domed cities and a vast nuclear arsenal are your tools of negotiation. Battle on land, sea and air, and should the world crumble in the resulting chaos, make sure you own the largest crumb![NEWLINE][NEWLINE]Features:[NEWLINE][NEWLINE]Futuristic Setting[NEWLINE]March Mech Units across the field of battle, construct massive Dreadnought Tanks and research a variety of new technologies from Cloning to Cold Fusion.[NEWLINE][NEWLINE]Dynamic Environment[NEWLINE]Race against a dwindling environment as resources slowly disappear from the face of the Earth. Fire off one too many nuclear missiles and you may bring the game to a shocking conclusion!</English>
<L1 /><L2 /><L3 /><L4 />
		<Chinese>[NEWLINE]&#x4E0B;&#x4E00;&#x573A;&#x6218;&#x4E89;[NEWLINE][NEWLINE]&#x53C2;&#x52A0;&#x5728;&#x4E0D;&#x4E45;&#x7684;&#x5C06;&#x6765;&#x4E89;&#x593A;&#x5730;&#x7403;&#x7EDF;&#x6CBB;&#x6743;&#x7684;&#x4E00;&#x573A;&#x6218;&#x4E89;&#x3002;&#x5927;&#x5428;&#x4F4D;&#x7684;&#x6218;&#x4E89;&#x673A;&#x5668;&#x3001;&#x514B;&#x9686;&#x4EBA;&#x90E8;&#x961F;&#x3001;&#x7A79;&#x9876;&#x4FDD;&#x62A4;&#x57CE;&#x5E02;&#x548C;&#x6D69;&#x5982;&#x70DF;&#x6D77;&#x7684;&#x6838;&#x6B66;&#x5E93;&#x5C31;&#x662F;&#x4F60;&#x8C08;&#x5224;&#x7684;&#x5DE5;&#x5177;&#x3002;&#x5728;&#x9646;&#x3001;&#x6D77;&#x3001;&#x7A7A;&#x9886;&#x57DF;&#x5185;&#x6FC0;&#x6218;&#xFF0C;&#x54EA;&#x6015;&#x8FD9;&#x4E16;&#x754C;&#x5D29;&#x6E83;&#xFF0C;&#x91CD;&#x56DE;&#x6DF7;&#x6C8C;&#xFF0C;&#x4E5F;&#x8981;&#x786E;&#x4FDD;&#x4F60;&#x81EA;&#x5DF1;&#x662F;&#x90A3;&#x6700;&#x5927;&#x7684;&#x4E00;&#x5757;&#x788E;&#x7247;&#xFF01;[NEWLINE][NEWLINE]&#x7279;&#x8272;&#xFF1A;[NEWLINE][NEWLINE]&#x672A;&#x6765;&#x9009;&#x9879;[NEWLINE]&#x6218;&#x6597;&#x673A;&#x7532;&#x5355;&#x4F4D;&#x8086;&#x8650;&#x6574;&#x4E2A;&#x6218;&#x573A;&#xFF0C;&#x5EFA;&#x9020;&#x91CD;&#x578B;&#x65E0;&#x754F;&#x7EA7;&#x5766;&#x514B;&#xFF0C;&#x7814;&#x7A76;&#x4ECE;&#x514B;&#x9686;&#x6280;&#x672F;&#x5230;&#x4F4E;&#x6E29;&#x6838;&#x805A;&#x53D8;&#x7684;&#x591A;&#x79CD;&#x79D1;&#x6280;&#x3002;[NEWLINE][NEWLINE]&#x52A8;&#x6001;&#x73AF;&#x5883;[NEWLINE]&#x5730;&#x7403;&#x4E0A;&#x7684;&#x8D44;&#x6E90;&#x5728;&#x6162;&#x6162;&#x6D88;&#x5931;&#xFF0C;&#x4EBA;&#x7C7B;&#x9762;&#x4E34;&#x7740;&#x4E00;&#x4E2A;&#x65E5;&#x6E10;&#x840E;&#x7F29;&#x7684;&#x751F;&#x5B58;&#x73AF;&#x5883;&#x3002;&#x5982;&#x679C;&#x5411;&#x67D0;&#x4E2A;&#x5BF9;&#x624B;&#x53D1;&#x5C04;&#x592A;&#x591A;&#x7684;&#x6838;&#x5F39;&#xFF0C;&#x6E38;&#x620F;&#x4E5F;&#x5C06;&#x6765;&#x4E2A;&#x60CA;&#x5929;&#x52A8;&#x5730;&#x7684;&#x7ED3;&#x675F;&#xFF01;</Chinese>
	</TEXT>
	<TEXT>
		<Tag>TXT_KEY_NEXT_WAR_EPIC_WB_DESC</Tag>
		<English>For those looking to add some science-fictional flare to Civilization, the Next War Epic mod takes all the features of Next War and integrates them into the Epic Game, making Civ's Future Era a whole new experience. Players can select any Civilization, choose any map, start in any era, just as they would in a regular game of Civ. But the Next War Epic Game lets players experience the unique thrill of watching Gandhi flee in the face of your Mech Armada or overwhelming Montezuma with your Army of Clones. Reach the late game and let the havoc begin![NEWLINE][NEWLINE]Features:[NEWLINE]Epic Expansion![NEWLINE]Extend your game of Civ with a whole new Future Era that lets players build Mechs, Domed Cities, Bio Weapons and much more!</English>
<L1 /><L2 /><L3 /><L4 />
		<Chinese>[NEWLINE]&#x4E0B;&#x4E00;&#x573A;&#x6218;&#x4E89;&#xFF08;&#x53F2;&#x8BD7;&#x7248;&#xFF09;[NEWLINE][NEWLINE]&#x5BF9;&#x90A3;&#x4E9B;&#x5BFB;&#x6C42;&#x4E3A;&#x6587;&#x660E;&#x6E38;&#x620F;&#x589E;&#x52A0;&#x4E9B;&#x865A;&#x6784;&#x79D1;&#x6280;&#x4EAE;&#x70B9;&#x7684;&#x4EBA;&#x6765;&#x8BF4;&#xFF0C;&#x4E0B;&#x4E00;&#x573A;&#x6218;&#x4E89;&#xFF08;&#x53F2;&#x8BD7;&#x7248;&#xFF09;&#x6A21;&#x7EC4;&#x6709;&#x7740;&#x5341;&#x8DB3;&#x7684;&#x672A;&#x6765;&#x4E4B;&#x6218;&#x7279;&#x8272;&#xFF0C;&#x5E76;&#x5C06;&#x5176;&#x6574;&#x5408;&#x5230;&#x53F2;&#x8BD7;&#x6E38;&#x620F;&#x5F53;&#x4E2D;&#xFF0C;&#x4F7F;&#x5F97;&#x6587;&#x660E;&#x7684;&#x672A;&#x6765;&#x65F6;&#x4EE3;&#x6210;&#x4E3A;&#x4E00;&#x79CD;&#x5168;&#x65B0;&#x4F53;&#x9A8C;&#x3002;&#x73A9;&#x5BB6;&#x53EF;&#x4EE5;&#x9009;&#x62E9;&#x4EFB;&#x610F;&#x6587;&#x660E;&#x3001;&#x6311;&#x9009;&#x4EFB;&#x610F;&#x5730;&#x56FE;&#x3001;&#x4ECE;&#x4EFB;&#x610F;&#x5730;&#x5F62;&#x5F00;&#x59CB;&#xFF0C;&#x5C31;&#x8C61;&#x4E00;&#x4E2A;&#x6B63;&#x89C4;&#x7684;&#x6587;&#x660E;&#x6E38;&#x620F;&#x90A3;&#x6837;&#x3002;&#x53EA;&#x4E0D;&#x8FC7;&#x4E0B;&#x4E00;&#x573A;&#x6218;&#x4E89;&#xFF08;&#x53F2;&#x8BD7;&#x7248;&#xFF09;&#x5C06;&#x8BA9;&#x73A9;&#x5BB6;&#x4F53;&#x9A8C;&#x770B;&#x7740;&#x7518;&#x5730;&#x5728;&#x4F60;&#x7684;&#x673A;&#x7532;&#x673A;&#x7FA4;&#x9762;&#x524D;&#x4ED3;&#x7687;&#x9003;&#x79BB;&#x6216;&#x662F;&#x7528;&#x4F60;&#x7684;&#x514B;&#x9686;&#x4EBA;&#x5927;&#x519B;&#x4E00;&#x4E3E;&#x51FB;&#x6E83;&#x8499;&#x7279;&#x7956;&#x739B;&#x8FD9;&#x7C7B;&#x7279;&#x522B;&#x7684;&#x5FEB;&#x611F;&#x3002;&#x5230;&#x6E38;&#x620F;&#x540E;&#x671F;&#x8BA9;&#x8FD9;&#x79CD;&#x6D69;&#x52AB;&#x964D;&#x4E34;&#x5427;&#xFF01;[NEWLINE][NEWLINE]&#x7279;&#x8272;&#xFF1A;[NEWLINE]&#x53F2;&#x8BD7;&#x822C;&#x7684;&#x6269;&#x5F20;&#xFF01;[NEWLINE]&#x5C06;&#x6587;&#x660E;&#x6E38;&#x620F;&#x6269;&#x5C55;&#x5230;&#x6574;&#x4E2A;&#x5168;&#x65B0;&#x7684;&#x672A;&#x6765;&#x65F6;&#x4EE3;&#xFF0C;&#x73A9;&#x5BB6;&#x53EF;&#x4EE5;&#x5EFA;&#x9020;&#x673A;&#x7532;&#x90E8;&#x961F;&#x3001;&#x7A79;&#x9876;&#x4FDD;&#x62A4;&#x57CE;&#x5E02;&#x3001;&#x751F;&#x5316;&#x6B66;&#x5668;&#xFF0C;&#x8BF8;&#x5982;&#x6B64;&#x7C7B;&#x2026;&#x2026;</Chinese>
	</TEXT>
	<TEXT>
		<Tag>TXT_KEY_BROKEN_STAR_WB_DESC</Tag>
		<English>Russia is in chaos. The President has fled the country. With a military district at your command and a deep purse to fund your war, you must create a new order. Raise an empire or buy yourself an army. Just know that your foes won't be going down without a fight.[NEWLINE][NEWLINE]Features:[NEWLINE]Buyable Promotions and Units[NEWLINE]A big treasury has a whole new value in Broken Star. Use your hard-fought dollars to purchase new units or upgrade the units you have, to create an army that no force in Russia could hope to defeat.[NEWLINE][NEWLINE]Race to Arms![NEWLINE]As if you needed another reason to want Nukes. In Broken Star, players can deploy ultra-powered nuclear weapons to obliterate entire metropolises or acquire an arsenal large enough to declare themselves ruler of all Russia!</English>
<L1 /><L2 /><L3 /><L4 />
		<Chinese>[NEWLINE]&#x7834;&#x788E;&#x7684;&#x7EA2;&#x661F;[NEWLINE][NEWLINE]&#x4FC4;&#x7F57;&#x65AF;&#x9677;&#x5165;&#x6DF7;&#x4E71;&#xFF0C;&#x603B;&#x7EDF;&#x5DF2;&#x9003;&#x79BB;&#x56FD;&#x5BB6;&#x3002;&#x6709;&#x4E86;&#x4EFB;&#x4F60;&#x81EA;&#x7531;&#x652F;&#x914D;&#x7684;&#x519B;&#x533A;&#x548C;&#x652F;&#x6491;&#x6218;&#x4E89;&#x7684;&#x96C4;&#x539A;&#x8D44;&#x672C;&#xFF0C;&#x4F60;&#x5FC5;&#x5C06;&#x5EFA;&#x7ACB;&#x4E00;&#x4E2A;&#x65B0;&#x79E9;&#x5E8F;&#x3002;&#x81EA;&#x7ACB;&#x4E3A;&#x738B;&#x8FD8;&#x662F;&#x62E5;&#x5175;&#x81EA;&#x91CD;&#xFF0C;&#x53EA;&#x8981;&#x660E;&#x767D;&#x4F60;&#x7684;&#x5BF9;&#x624B;&#x53EF;&#x4E0D;&#x4F1A;&#x4E0D;&#x6218;&#x800C;&#x80DC;&#x5C31;&#x591F;&#x4E86;&#x3002;[NEWLINE][NEWLINE]&#x7279;&#x8272;&#xFF1A;[NEWLINE]&#x8D2D;&#x4E70;&#x664B;&#x5347;&#x548C;&#x5355;&#x4F4D;[NEWLINE]&#x5728;&#x7834;&#x788E;&#x7684;&#x7EA2;&#x661F;&#x4E2D;&#x5DE8;&#x989D;&#x8D22;&#x5BCC;&#x6709;&#x4E86;&#x5168;&#x65B0;&#x4EF7;&#x503C;&#x3002;&#x7528;&#x65E0;&#x575A;&#x4E0D;&#x6467;&#x7684;&#x7F8E;&#x5143;&#x8D2D;&#x4E70;&#x65B0;&#x5355;&#x4F4D;&#x6216;&#x8005;&#x664B;&#x5347;&#x5DF2;&#x6709;&#x5355;&#x4F4D;&#xFF0C;&#x5EFA;&#x7ACB;&#x4E00;&#x652F;&#x6CA1;&#x6709;&#x4EFB;&#x4F55;&#x4FC4;&#x7F57;&#x65AF;&#x6B66;&#x88C5;&#x80FD;&#x671B;&#x5176;&#x9879;&#x80CC;&#x7684;&#x5F3A;&#x5927;&#x90E8;&#x961F;&#x3002;[NEWLINE][NEWLINE]&#x519B;&#x5907;&#x7ADE;&#x8D5B;&#xFF01;[NEWLINE]&#x4F3C;&#x4E4E;&#x4F60;&#x6709;&#x53E6;&#x4E00;&#x4E2A;&#x7406;&#x7531;&#x9700;&#x8981;&#x83B7;&#x5F97;&#x6838;&#x6B66;&#x5668;&#x3002;&#x5728;&#x7834;&#x788E;&#x7684;&#x7EA2;&#x661F;&#x4E2D;&#xFF0C;&#x73A9;&#x5BB6;&#x53EF;&#x4EE5;&#x90E8;&#x7F72;&#x5A01;&#x529B;&#x65E0;&#x7A77;&#x7684;&#x6838;&#x6B66;&#x5668;&#xFF0C;&#x901A;&#x8FC7;&#x62B9;&#x53BB;&#x6574;&#x4E2A;&#x5927;&#x57CE;&#x5E02;&#x6216;&#x662F;&#x53D6;&#x5F97;&#x7EDD;&#x5BF9;&#x6B66;&#x5668;&#x6570;&#x91CF;&#x4F18;&#x52BF;&#x6765;&#x5411;&#x6574;&#x4E2A;&#x4FC4;&#x7F57;&#x65AF;&#x5BA3;&#x544A;&#x81EA;&#x5DF1;&#x7684;&#x7EDF;&#x6CBB;&#xFF01;</Chinese>
	</TEXT>
	<TEXT>
		<Tag>TXT_KEY_FFH_ICE_WB_DESC</Tag>
		<English>[NEWLINE]FAN SCENARIO[NEWLINE]The land of Erebus is in peril. Mulcarn, the God of Winter, has covered all in ice and chill, stifling any who refuse to serve him. All, that is, save you. Only you can pry back the icy fingers of the God of Winter by amassing your army, rallying your heroes, and reassembling the famed Godslayer blade to end Mulcarn's reign once and for all. [NEWLINE][NEWLINE]Features:[NEWLINE]Fantastic Worlds[NEWLINE]Part RPG, part strategy game, Age of Ice transports players to the world of Erebus in the latest addition to the popular Fall from Heaven mod series. Battle ogres, undead and the God of Winter himself in a world of rich fantasy. Perform quests to better the plight of your nation. Earn experience for your unique hero units. The world is yours to change.[NEWLINE][NEWLINE]Weather Effects[NEWLINE]Blizzards will often scour the face of Erebus, damaging units and turning fertile land into barren tundra. Only by observing your environment and building wisely can you hope to avoid their icy effects.</English>
<L1 /><L2 /><L3 /><L4 />
		<Chinese>[NEWLINE]&#x5760;&#x843D;&#x51E1;&#x95F4;&#x4E4B;&#x51B0;&#x6CB3;&#x65F6;&#x4EE3;&#xFF08;&#x73A9;&#x5BB6;&#x6A21;&#x7EC4;&#xFF09;[NEWLINE][NEWLINE]&#x751F;&#x4E0E;&#x6B7B;&#x4E4B;&#x95F4;&#x7684;&#x9ED1;&#x6697;&#x754C;&#x5927;&#x9646;&#x5371;&#x673A;&#x56DB;&#x5E03;&#xFF0C;&#x51AC;&#x795E;&#x7A46;&#x5C14;&#x5361;&#x6069;&#x7528;&#x51B0;&#x971C;&#x548C;&#x9177;&#x5BD2;&#x5C06;&#x5176;&#x8986;&#x76D6;&#xFF0C;&#x627C;&#x6740;&#x4E0D;&#x670D;&#x4ECE;&#x4ED6;&#x7684;&#x4E00;&#x5207;&#x751F;&#x7075;&#x3002;&#x786E;&#x5207;&#x7684;&#x8BF4;&#xFF0C;&#x662F;&#x9664;&#x4F60;&#x4E4B;&#x5916;&#x7684;&#x4E00;&#x5207;&#x3002;&#x901A;&#x8FC7;&#x79EF;&#x805A;&#x90E8;&#x961F;&#x3001;&#x96C6;&#x7ED3;&#x82F1;&#x96C4;&#xFF0C;&#x552F;&#x6709;&#x4F60;&#x624D;&#x80FD;&#x5728;&#x51AC;&#x795E;&#x51B0;&#x51B7;&#x7684;&#x624B;&#x6307;&#x4E0B;&#x4E00;&#x63A2;&#x7A76;&#x7ADF;&#xFF0C;&#x5E76;&#x91CD;&#x65B0;&#x6253;&#x9020;&#x8457;&#x540D;&#x7684;&#x5C60;&#x795E;&#x5251;&#x65AD;&#x7136;&#x7EC8;&#x7ED3;&#x7A46;&#x5C14;&#x5361;&#x6069;&#x7684;&#x7EDF;&#x6CBB;&#x3002;[NEWLINE][NEWLINE]&#x7279;&#x8272;&#xFF1A;[NEWLINE]&#x5947;&#x5E7B;&#x4E16;&#x754C;[NEWLINE]&#x90E8;&#x5206;&#x89D2;&#x8272;&#x626E;&#x6F14;&#x3001;&#x90E8;&#x5206;&#x7B56;&#x7565;&#x7C7B;&#x7684;&#x6E38;&#x620F;&#x3002;&#x57FA;&#x4E8E;&#x6700;&#x8FD1;&#x5E7F;&#x53D7;&#x6B22;&#x8FCE;&#x7684;&#x5760;&#x843D;&#x51E1;&#x95F4;&#x7CFB;&#x5217;&#x6A21;&#x7EC4;&#xFF0C;&#x51B0;&#x6CB3;&#x65F6;&#x4EE3;&#x4E5F;&#x5C06;&#x73A9;&#x5BB6;&#x4F20;&#x9001;&#x5230;&#x4E86;&#x9634;&#x9633;&#x4EA4;&#x754C;&#x7684;&#x9ED1;&#x6697;&#x5927;&#x9646;&#x3002;&#x5728;&#x4E00;&#x4E2A;&#x5145;&#x6EE1;&#x5947;&#x5E7B;&#x7684;&#x4E16;&#x754C;&#x4E0E;&#x9B54;&#x9B3C;&#x3001;&#x4EA1;&#x7075;&#x548C;&#x51AC;&#x795E;&#x672C;&#x5C0A;&#x4F5C;&#x6218;&#xFF0C;&#x5B8C;&#x6210;&#x63D0;&#x5347;&#x79CD;&#x65CF;&#x5883;&#x51B5;&#x7684;&#x4EFB;&#x52A1;&#xFF0C;&#x4E3A;&#x4F60;&#x72EC;&#x7279;&#x7684;&#x82F1;&#x96C4;&#x5355;&#x4F4D;&#x6323;&#x5F97;&#x7ECF;&#x9A8C;&#x3002;&#x4E16;&#x754C;&#x56E0;&#x4F60;&#x800C;&#x6539;&#x53D8;&#x3002;[NEWLINE][NEWLINE]&#x6C14;&#x5019;&#x5F71;&#x54CD;[NEWLINE]&#x66B4;&#x98CE;&#x96EA;&#x5C06;&#x5E38;&#x5E38;&#x5728;&#x9ED1;&#x6697;&#x5927;&#x9646;&#x4E0A;&#x8086;&#x8650;&#xFF0C;&#x635F;&#x574F;&#x5355;&#x4F4D;&#x5E76;&#x5C06;&#x80A5;&#x6C83;&#x7684;&#x571F;&#x5730;&#x53D8;&#x6210;&#x8352;&#x829C;&#x7684;&#x51BB;&#x571F;&#x3002;&#x53EA;&#x6709;&#x901A;&#x8FC7;&#x7559;&#x795E;&#x73AF;&#x5883;&#x7684;&#x53D8;&#x5316;&#x548C;&#x8C28;&#x614E;&#x5DE7;&#x5999;&#x7684;&#x4FEE;&#x5EFA;&#x5EFA;&#x7B51;&#x624D;&#x6709;&#x671B;&#x62B5;&#x6D88;&#x90A3;&#x4E9B;&#x51B0;&#x5929;&#x96EA;&#x5730;&#x7684;&#x4E0D;&#x5229;&#x5F71;&#x54CD;&#x3002;</Chinese>
	</TEXT>
	<TEXT>
		<Tag>TXT_KEY_RHYES_WB_DESC</Tag>
		<English>[NEWLINE]FAN SCENARIO[NEWLINE]The ultimate in historical gameplay, Rhye's and Fall of Civilization does what no other game of Civ has - takes its Civilizations and places them in their actual history time period. As time passes, these empires grow and shrink according to their real world timelines, letting the player experience a whole new level of historical gameplay.[NEWLINE][NEWLINE]Features:[NEWLINE]Historical Victory Conditions[NEWLINE]Every Civilization in Rhye's and Fall has their own historical victory conditions. Conquer the seas as the Vikings, defend the American continent as the Aztecs or fight back the barbarians as the Roman Empire. These are your new keys to victory.[NEWLINE][NEWLINE]Uprisings[NEWLINE]Every empire in Rhye's and Fall has a stability rating. By keeping your nation stable, you can keep your nation running like a finely tuned machine, but let your empire get too out of control and watch as new Civilizations rise from your own lands!</English>
<L1 /><L2 /><L3 /><L4 />
		<Chinese>[NEWLINE]&#x6587;&#x660E;&#x7684;&#x5174;&#x8870;&#xFF08;&#x73A9;&#x5BB6;&#x6A21;&#x7EC4;&#xFF09;[NEWLINE][NEWLINE]&#x4EE5;&#x53F2;&#x5B9E;&#x6E38;&#x620F;&#x4F53;&#x9A8C;&#x4E3A;&#x57FA;&#x672C;&#x539F;&#x5219;&#xFF0C;&#x6587;&#x660E;&#x7684;&#x5174;&#x8870;&#x505A;&#x5230;&#x4E86;&#x5176;&#x4ED6;&#x6587;&#x660E;&#x6E38;&#x620F;&#x6A21;&#x7EC4;&#x6240;&#x4E0D;&#x5177;&#x6709;&#x7684;&#x2014;&#x2014;&#x751F;&#x6210;&#x6587;&#x660E;&#x5E76;&#x628A;&#x5176;&#x7F6E;&#x4E8E;&#x4ED6;&#x4EEC;&#x6240;&#x5904;&#x7684;&#x771F;&#x5B9E;&#x5386;&#x53F2;&#x65F6;&#x671F;&#x3002;&#x5F53;&#x65F6;&#x95F4;&#x6D41;&#x901D;&#x65F6;&#xFF0C;&#x8FD9;&#x4E9B;&#x5E1D;&#x56FD;&#x6210;&#x957F;&#x53CA;&#x840E;&#x7F29;&#x4F9D;&#x7167;&#x4ED6;&#x4EEC;&#x771F;&#x6B63;&#x7684;&#x4E16;&#x754C;&#x53D1;&#x5C55;&#x65F6;&#x95F4;&#x7EBF;&#xFF0C;&#x4F7F;&#x5F97;&#x73A9;&#x5BB6;&#x7ECF;&#x5386;&#x4E00;&#x4E2A;&#x5168;&#x65B0;&#x7EA7;&#x522B;&#x7684;&#x53F2;&#x5B9E;&#x6E38;&#x620F;&#x4F53;&#x9A8C;&#x3002;[NEWLINE][NEWLINE]&#x7279;&#x8272;&#xFF1A;[NEWLINE]&#x7B26;&#x5408;&#x53F2;&#x5B9E;&#x7684;&#x80DC;&#x5229;&#x6761;&#x4EF6;[NEWLINE]&#x6587;&#x660E;&#x7684;&#x5174;&#x8870;&#x4E2D;&#x7684;&#x6BCF;&#x79CD;&#x6587;&#x660E;&#x90FD;&#x6709;&#x81EA;&#x5DF1;&#x7684;&#x53F2;&#x5B9E;&#x80DC;&#x5229;&#x6761;&#x4EF6;&#xFF0C;&#x8C61;&#x7EF4;&#x4EAC;&#x4EBA;&#x90A3;&#x6837;&#x5F81;&#x670D;&#x5927;&#x6D77;&#x3001;&#x8C61;&#x963F;&#x5179;&#x7279;&#x514B;&#x4EBA;&#x90A3;&#x6837;&#x5B88;&#x536B;&#x7F8E;&#x6D32;&#x5927;&#x9646;&#x6216;&#x662F;&#x8C61;&#x7F57;&#x9A6C;&#x4EBA;&#x90A3;&#x6837;&#x51FB;&#x9000;&#x86EE;&#x65CF;&#xFF0C;&#x8FD9;&#x4E9B;&#x662F;&#x4F60;&#x53D6;&#x5F97;&#x80DC;&#x5229;&#x7684;&#x5173;&#x952E;&#x3002;[NEWLINE][NEWLINE]&#x65B0;&#x6587;&#x660E;&#x7684;&#x5174;&#x8D77;[NEWLINE]&#x6587;&#x660E;&#x7684;&#x5174;&#x8870;&#x4E2D;&#x7684;&#x6BCF;&#x4E2A;&#x5E1D;&#x56FD;&#x90FD;&#x6709;&#x4E00;&#x4E2A;&#x7A33;&#x5B9A;&#x5EA6;&#x3002;&#x901A;&#x8FC7;&#x7EF4;&#x6301;&#x56FD;&#x5BB6;&#x7684;&#x7A33;&#x5B9A;&#xFF0C;&#x4F60;&#x53EF;&#x4EE5;&#x786E;&#x4FDD;&#x5B83;&#x8C61;&#x4E00;&#x90E8;&#x7CBE;&#x5999;&#x8C03;&#x8C10;&#x7684;&#x673A;&#x5668;&#x90A3;&#x6837;&#x8FD0;&#x4F5C;&#xFF1B;&#x4F46;&#x5982;&#x679C;&#x653E;&#x4EFB;&#x5E1D;&#x56FD;&#x8131;&#x79BB;&#x63A7;&#x5236;&#xFF0C;&#x90A3;&#x5C31;&#x773C;&#x7741;&#x7741;&#x770B;&#x7740;&#x65B0;&#x7684;&#x6587;&#x660E;&#x4ECE;&#x5C5E;&#x4E8E;&#x4F60;&#x7684;&#x9886;&#x571F;&#x4E0A;&#x5D1B;&#x8D77;&#x5427;&#xFF01;</Chinese>
	</TEXT>
	<TEXT>
		<Tag>TXT_KEY_ROAD_TO_WAR_WB_DESC</Tag>
		<English>[NEWLINE]FAN SCENARIO[NEWLINE]Road to War sets you on the brink of World War II and lets players decide how they would like to play. Players may choose to let the major events of World War II play out historically or command the War themselves, deciding how each battle should be fought.[NEWLINE][NEWLINE]Features:[NEWLINE]Multiple Ways to Play[NEWLINE]Players may choose to let the events of World War II take place historically, give the events a few years leeway or take complete command of history.[NEWLINE][NEWLINE]Historical Combat[NEWLINE]An armada of new combat options lets the player engage in strategic combat. Bombard enemy cities from afar with ranged artillery. Run Air Raid missions to target specific enemy installations within a city. Or send your Paratroopers in for a surprise attack.</English>
<L1 /><L2 /><L3 /><L4 />
		<Chinese>[NEWLINE]&#x6218;&#x4E89;&#x4E4B;&#x8DEF;&#xFF08;&#x73A9;&#x5BB6;&#x6A21;&#x7EC4;&#xFF09;[NEWLINE][NEWLINE]&#x6218;&#x4E89;&#x4E4B;&#x8DEF;&#x8BA9;&#x4F60;&#x7F6E;&#x8EAB;&#x7B2C;&#x4E8C;&#x6B21;&#x4E16;&#x754C;&#x5927;&#x6218;&#x7684;&#x524D;&#x591C;&#xFF0C;&#x5E76;&#x8BA9;&#x73A9;&#x5BB6;&#x51B3;&#x5B9A;&#x4ED6;&#x4EEC;&#x60F3;&#x8981;&#x5982;&#x4F55;&#x8FDB;&#x884C;&#x6E38;&#x620F;&#x3002;&#x73A9;&#x5BB6;&#x53EF;&#x4EE5;&#x9009;&#x62E9;&#x8BA9;&#x4E8C;&#x6218;&#x65F6;&#x671F;&#x7684;&#x91CD;&#x8981;&#x4E8B;&#x4EF6;&#x7684;&#x53D1;&#x751F;&#x7B26;&#x5408;&#x771F;&#x5B9E;&#x5386;&#x53F2;&#xFF0C;&#x6216;&#x662F;&#x5B8C;&#x5168;&#x7531;&#x81EA;&#x5DF1;&#x63A7;&#x5236;&#x5386;&#x53F2;&#xFF0C;&#x51B3;&#x5B9A;&#x6574;&#x4E2A;&#x6218;&#x5C40;&#x7684;&#x8D70;&#x5411;&#x3002;[NEWLINE][NEWLINE]&#x7279;&#x8272;&#xFF1A;[NEWLINE]&#x6E38;&#x620F;&#x591A;&#x6837;&#x6027;[NEWLINE]&#x73A9;&#x5BB6;&#x53EF;&#x4EE5;&#x9009;&#x62E9;&#x4E8C;&#x6218;&#x4E2D;&#x7684;&#x4E8B;&#x4EF6;&#x5982;&#x53F2;&#x5B9E;&#x822C;&#x53D1;&#x751F;&#x3001;&#x6709;&#x90A3;&#x4E48;&#x4E00;&#x70B9;&#x5E74;&#x5934;&#x4E0A;&#x7684;&#x8BEF;&#x5DEE;&#x3001;&#x6216;&#x662F;&#x5E72;&#x8106;&#x5C06;&#x5386;&#x53F2;&#x73A9;&#x5F04;&#x4E8E;&#x80A1;&#x638C;&#x4E4B;&#x4E0A;&#x3002;[NEWLINE][NEWLINE]&#x5386;&#x53F2;&#x6218;&#x5F79;[NEWLINE]&#x4E00;&#x5927;&#x6279;&#x65B0;&#x7684;&#x6218;&#x6597;&#x9009;&#x9879;&#x8BA9;&#x73A9;&#x5BB6;&#x53C2;&#x4E0E;&#x5230;&#x6218;&#x7565;&#x6027;&#x6218;&#x5F79;&#x4E2D;&#x3002;&#x7528;&#x957F;&#x7A0B;&#x706B;&#x70AE;&#x8FDC;&#x8DDD;&#x79BB;&#x8F70;&#x51FB;&#x654C;&#x4EBA;&#x7684;&#x57CE;&#x5E02;&#xFF0C;&#x6267;&#x884C;&#x9488;&#x5BF9;&#x654C;&#x4EBA;&#x57CE;&#x5E02;&#x5185;&#x7279;&#x6B8A;&#x76EE;&#x6807;&#x7684;&#x7A7A;&#x4E2D;&#x6253;&#x51FB;&#x3001;&#x6216;&#x662F;&#x6D3E;&#x9063;&#x4F1E;&#x5175;&#x53D1;&#x52A8;&#x5947;&#x88AD;&#x3002;</Chinese>
	</TEXT>
	<TEXT>
		<Tag>TXT_KEY_AFTERWORLD_WB_DESC</Tag>
		<English>In the distant future humanity commands nature, shifting from the clay into its sculptor.  Superluminal travel through wave gates, manufactured stars, and artificial solar systems solidifies this reality.  A thorough map of the universe, however, illustrates our solitary claim to sentience.  We drift alone.[NEWLINE][NEWLINE]Consciousness is isolated and temporarily replaced allowing volunteers to store their persona and commit their bodies to manual labor; trading identity for dream.[NEWLINE][NEWLINE]A mysterious radiation has twisted some of these workers into misshapen nightmares - Aberrants.  When a science team fails to return from their investigation an elite military unit is sent to retrieve their research.[NEWLINE][NEWLINE]Features:[NEWLINE]Tactical, Upgradeable Combat[NEWLINE]Command your squadron of Gravebringers in the first ever tactical strategy game built on the Civilization IV engine. Upgrade your elite warriors with new equipment including mines, teleportation, invisibility and the deadly MAULer.</English>
<L1 /><L2 /><L3 /><L4 />
		<Chinese>[NEWLINE]&#x518D;&#x751F;&#x4E16;&#x754C;[NEWLINE][NEWLINE]&#x5728;&#x9065;&#x8FDC;&#x7684;&#x5C06;&#x6765;&#xFF0C;&#x4EBA;&#x7C7B;&#x5DF2;&#x80FD;&#x591F;&#x652F;&#x914D;&#x81EA;&#x7136;&#xFF0C;&#x4ECE;&#x9020;&#x7269;&#x4E3B;&#x624B;&#x4E2D;&#x7684;&#x9676;&#x571F;&#x8F6C;&#x53D8;&#x4E3A;&#x4E16;&#x754C;&#x7684;&#x5851;&#x9020;&#x8005;&#x3002;&#x7A7F;&#x8D8A;&#x6CE2;&#x52A8;&#x95E8;&#x7684;&#x8D85;&#x5149;&#x901F;&#x65C5;&#x884C;&#x3001;&#x4EBA;&#x9020;&#x6052;&#x661F;&#x548C;&#x4EBA;&#x9020;&#x6052;&#x661F;&#x7CFB;&#x90FD;&#x6210;&#x4E3A;&#x73B0;&#x5B9E;&#x3002;&#x5B87;&#x5B99;&#x5168;&#x666F;&#x56FE;&#x7684;&#x5B8C;&#x6210;&#x66F4;&#x4F7F;&#x4EBA;&#x7C7B;&#x610F;&#x8BC6;&#x5230;&#x81EA;&#x8EAB;&#x7684;&#x5B64;&#x72EC;&#x2014;&#x2014;&#x6211;&#x4EEC;&#x5C31;&#x662F;&#x5B87;&#x5B99;&#x95F4;&#x552F;&#x4E00;&#x7684;&#x6F02;&#x6CCA;&#x8005;&#x3002;[NEWLINE][NEWLINE]&#x5F53;&#x65F6;&#x4EBA;&#x7C7B;&#x5DF2;&#x7ECF;&#x53EF;&#x4EE5;&#x5355;&#x72EC;&#x5206;&#x79BB;&#x5927;&#x8111;&#x4E2D;&#x4E2A;&#x4EBA;&#x610F;&#x8BC6;&#x6240;&#x5728;&#x7684;&#x533A;&#x57DF;&#xFF0C;&#x5E76;&#x52A0;&#x4EE5;&#x5B89;&#x5168;&#x5730;&#x8F6C;&#x79FB;&#x548C;&#x5B58;&#x50A8;&#x3002;&#x8BB8;&#x591A;&#x5FD7;&#x613F;&#x8005;&#x7684;&#x4E2A;&#x4EBA;&#x610F;&#x8BC6;&#x88AB;&#x6682;&#x65F6;&#x51BB;&#x7ED3;&#xFF0C;&#x4ED6;&#x4EEC;&#x7684;&#x8EAF;&#x4F53;&#x5728;&#x8FDB;&#x884C;&#x52B3;&#x5F79;&#xFF0C;&#x800C;&#x539F;&#x672C;&#x610F;&#x8BC6;&#x5219;&#x5728;&#x4F11;&#x7720;&#x548C;&#x68A6;&#x60F3;&#x3002;[NEWLINE][NEWLINE]&#x7136;&#x800C;&#xFF0C;&#x4E00;&#x79CD;&#x672A;&#x77E5;&#x8F90;&#x5C04;&#x7684;&#x5F71;&#x54CD;&#x5C06;&#x8FD9;&#x4E9B;&#x52B3;&#x5DE5;&#x626D;&#x66F2;&#x6210;&#x72C2;&#x66B4;&#x800C;&#x7578;&#x5F62;&#x7684;&#x68A6;&#x9B47;&#x2014;&#x2014;&#x201C;&#x7A81;&#x53D8;&#x4F53;&#x201D;&#x3002;&#x5728;&#x524D;&#x5F80;&#x8C03;&#x67E5;&#x7684;&#x79D1;&#x5B66;&#x5BB6;&#x5C0F;&#x7EC4;&#x6773;&#x65E0;&#x97F3;&#x8BAF;&#x7684;&#x60C5;&#x51B5;&#x4E0B;&#xFF0C;&#x4E00;&#x652F;&#x7CBE;&#x9510;&#x7279;&#x5DE5;&#x5355;&#x4F4D;&#x53D7;&#x547D;&#x524D;&#x5F80;&#xFF0C;&#x7EE7;&#x7EED;&#x4ED6;&#x4EEC;&#x672A;&#x5B8C;&#x6210;&#x7684;&#x4EFB;&#x52A1;&#x3002;[NEWLINE][NEWLINE]&#x7279;&#x8272;&#xFF1A;[NEWLINE]&#x6218;&#x672F;&#x5C42;&#x9762;&#x7684;&#x6218;&#x6597;[NEWLINE]&#x5728;&#x9996;&#x6B21;&#x51FA;&#x73B0;&#x7684;&#xFF0C;&#x57FA;&#x4E8E;&#x6587;&#x660E;IV&#x5F15;&#x64CE;&#x5EFA;&#x7ACB;&#x7684;&#x6218;&#x672F;&#x7B56;&#x7565;&#x6E38;&#x620F;&#x4E2D;&#x6307;&#x6325;&#x4F60;&#x7684;&#x201C;&#x6398;&#x5893;&#x4EBA;&#x201D;&#x5C0F;&#x961F;&#xFF0C;&#x7528;&#x5305;&#x62EC;&#x5730;&#x96F7;&#x3001;&#x77AC;&#x65F6;&#x4F20;&#x9001;&#x3001;&#x9690;&#x5F62;&#x548C;&#x81F4;&#x547D;&#x7684;&#x53CD;&#x7269;&#x8D28;&#x6CE2;&#x7B49;&#x65B0;&#x5F0F;&#x88C5;&#x5907;&#x5347;&#x7EA7;&#x4F60;&#x7684;&#x7CBE;&#x82F1;&#x6218;&#x58EB;&#x3002;</Chinese>
	</TEXT>
	<TEXT>
		<Tag>TXT_KEY_MAP_SCRIPT_NO_JUNGLES</Tag>
		<English>No Jungle</English>
<L1 /><L2 /><L3 /><L4 />
		<Chinese>&#x65E0;&#x4E1B;&#x6797;</Chinese>
	</TEXT>
	<TEXT>
		<Tag>TXT_KEY_MISC_CITY_LIBERATED</Tag>
		<English>In a gracious act of generosity, %s2_player has liberated %s1_city, which passed under %s3_civ_adjective control.</English>
<L1 /><L2 /><L3 /><L4 />
		<Chinese>%s2_player&#x6177;&#x6168;&#x5730;&#x653E;&#x5F03;&#x4E86;&#x5BF9;%s1_city&#x57CE;&#x7684;&#x7EDF;&#x6CBB;&#x6743;&#xFF0C;&#x5C06;&#x5176;&#x79FB;&#x4EA4;&#x7ED9;%s3_civ_adjective&#x7BA1;&#x7406;&#x3002;</Chinese>
	</TEXT>
	<TEXT>
		<Tag>TXT_KEY_MAP_SCRIPT_RAINFOREST_DESCR</Tag>
		<English>Regional map depicting a tropical rainforest. The thick jungle is rich in rice, pigs and bananas to feed your hungry people.</English>
<L1 /><L2 /><L3 /><L4 />
		<Chinese>&#x70ED;&#x5E26;&#x96E8;&#x6797;&#x533A;&#x57DF;&#x5730;&#x56FE;&#x3002;&#x5B58;&#x5728;&#x5927;&#x7247;&#x4E1B;&#x6797;&#xFF0C;&#x76DB;&#x4EA7;&#x7A3B;&#x7C73;&#x3001;&#x5BB6;&#x732A;&#x548C;&#x9999;&#x8549;&#xFF0C;&#x4F7F;&#x4F60;&#x7684;&#x81E3;&#x6C11;&#x4E0D;&#x5FC5;&#x62C5;&#x5FE7;&#x98DF;&#x7269;&#x4F9B;&#x7ED9;&#x3002;</Chinese>
	</TEXT>
	<TEXT>
		<Tag>TXT_KEY_MAP_SCRIPT_ARBORIA_DESCR</Tag>
		<English>A massive single continent contains a grassland-forest paradise, rich in wildlife.</English>
<L1 /><L2 /><L3 /><L4 />
		<Chinese>&#x5DE8;&#x578B;&#x5355;&#x72EC;&#x5927;&#x9646;&#x3002;&#x5B58;&#x5728;&#x5927;&#x7247;&#x8349;&#x539F;&#x3001;&#x68EE;&#x6797;&#xFF0C;&#x76DB;&#x4EA7;&#x91CE;&#x751F;&#x52A8;&#x7269;&#xFF0C;&#x4EFF;&#x4F5B;&#x4F20;&#x8BF4;&#x4E2D;&#x7684;&#x4EBA;&#x95F4;&#x4E50;&#x56ED;&#x3002;</Chinese>
	</TEXT>
	<TEXT>
		<Tag>TXT_KEY_MAP_SCRIPT_BOREAL_DESCR</Tag>
		<English>Regional map depicting an endless boreal forest covering harsh tundra. Look for herds of sheep, elk and caribou, and for the fertile river valleys and hardy patches of wheat to feed your hungry people in this difficult landscape.</English>
<L1 /><L2 /><L3 /><L4 />
		<Chinese>&#x5BD2;&#x5E26;&#x68EE;&#x6797;&#x533A;&#x57DF;&#x5730;&#x56FE;&#x3002;&#x5B58;&#x5728;&#x5927;&#x7247;&#x8D2B;&#x7620;&#x7684;&#x51BB;&#x571F;&#xFF0C;&#x53EA;&#x5728;&#x6CB3;&#x8C37;&#x5730;&#x5E26;&#x5206;&#x5E03;&#x6709;&#x7EF5;&#x7F8A;&#x3001;&#x91CE;&#x9E7F;&#x3001;&#x5C0F;&#x9EA6;&#xFF0C;&#x4E3A;&#x4F60;&#x7684;&#x81E3;&#x6C11;&#x63D0;&#x4F9B;&#x98DF;&#x7269;&#x3002;</Chinese>
	</TEXT>
	<TEXT>
		<Tag>TXT_KEY_MAP_SCRIPT_DONUT_DESCR</Tag>
		<English>Circular continent on a square map. You control the type of terrain that will appear in the hole of the donut.</English>
<L1 /><L2 /><L3 /><L4 />
		<Chinese>&#x8F66;&#x8F6E;&#x72B6;&#x5927;&#x9646;&#x5730;&#x56FE;&#x3002;&#x4F60;&#x53EF;&#x4EE5;&#x81EA;&#x884C;&#x9009;&#x62E9;&#x4E2D;&#x5FC3;&#x533A;&#x57DF;&#x7684;&#x5730;&#x5F62;&#x79CD;&#x7C7B;&#x3002;</Chinese>
	</TEXT>
	<TEXT>
		<Tag>TXT_KEY_MAP_SCRIPT_LEFT_AND_RIGHT_DESCR</Tag>
		<English>2-4 Continents arranged in East and West hemispheres, separated by ocean. Smaller islands may also be present.</English>
<L1 /><L2 /><L3 /><L4 />
		<Chinese>&#x4E1C;&#x897F;&#x534A;&#x7403;&#x2014;&#x2014;2&#x81F3;4&#x5757;&#x5927;&#x9646;&#x5206;&#x5E03;&#x4E8E;&#x4E1C;&#x897F;&#x534A;&#x7403;&#xFF0C;&#x4E2D;&#x95F4;&#x6709;&#x5927;&#x6D0B;&#x76F8;&#x9694;&#x3002;&#x8FD8;&#x53EF;&#x80FD;&#x5B58;&#x5728;&#x4E00;&#x4E9B;&#x8F83;&#x5C0F;&#x7684;&#x5C9B;&#x5C7F;&#x3002;</Chinese>
	</TEXT>
	<TEXT>
		<Tag>TXT_KEY_BUILDING_KHMER_BARAY_STRATEGY</Tag>
		<English>The [COLOR_BUILDING_TEXT]Baray[COLOR_REVERT], the Khmer replacement for the [COLOR_BUILDING_TEXT]Aqueduct[COLOR_REVERT], provides a food bonus, in addition to the usual health bonus. A [COLOR_BUILDING_TEXT]Baray[COLOR_REVERT] is needed to construct [COLOR_BUILDING_TEXT]The Hanging Gardens[COLOR_REVERT].</English>
<L1 /><L2 /><L3 /><L4 />
		<Chinese>[COLOR_BUILDING_TEXT]&#x4EBA;&#x5DE5;&#x6E56;[COLOR_REVERT]&#x4E3A;&#x9AD8;&#x68C9;&#x7279;&#x8272;&#x5EFA;&#x7B51;&#xFF0C;&#x66FF;&#x4EE3;[COLOR_BUILDING_TEXT]&#x5F15;&#x6C34;&#x6E20;[COLOR_REVERT]&#xFF0C;&#x9664;&#x63D0;&#x4F9B;&#x5065;&#x5EB7;&#x52A0;&#x6210;&#x5916;&#x8FD8;&#x989D;&#x5916;&#x63D0;&#x4F9B;&#x98DF;&#x7269;&#x5956;&#x52B1;&#x3002;[COLOR_BUILDING_TEXT]&#x4EBA;&#x5DE5;&#x6E56;[COLOR_REVERT]&#x662F;&#x5EFA;&#x9020;[COLOR_BUILDING_TEXT]&#x7A7A;&#x4E2D;&#x82B1;&#x56ED;[COLOR_REVERT]&#x7684;&#x524D;&#x63D0;&#x3002;</Chinese>
	</TEXT>
	<TEXT>
		<Tag>TXT_KEY_ESPIONAGE_HELP_DESTROY_IMPROVEMENT</Tag>
		<English>Sabotage %s1_improvement</English>
<L1 /><L2 /><L3 /><L4 />
		<Chinese>&#x7834;&#x574F;%s1_improvement</Chinese>
	</TEXT>
	<TEXT>
		<Tag>TXT_KEY_ESPIONAGE_HELP_DESTROY_PRODUCTION</Tag>
		<English>Sabotage current production (%d1[ICON_PRODUCTION])</English>
<L1 /><L2 /><L3 /><L4 />
		<Chinese>&#x7834;&#x574F;&#x5EFA;&#x8BBE;&#x9879;&#x76EE;(%d1[ICON_PRODUCTION])</Chinese>
	</TEXT>
	<TEXT>
		<Tag>TXT_KEY_ESPIONAGE_HELP_DESTROY_UNIT</Tag>
		<English>Assassinate %s1_unit_name</English>
<L1 /><L2 /><L3 /><L4 />
		<Chinese>&#x6697;&#x6740;%s1_unit_name</Chinese>
	</TEXT>
	<TEXT>
		<Tag>TXT_KEY_ESPIONAGE_HELP_BRIBE</Tag>
		<English>Bribe the loyalty of %s1_name</English>
<L1 /><L2 /><L3 /><L4 />
		<Chinese>&#x7B56;&#x53CD;%s1_name</Chinese>
	</TEXT>
	<TEXT>
		<Tag>TXT_KEY_ESPIONAGE_HELP_POISON</Tag>
		<English>Cause %d1%F2 in %s3_city (fully recovers after %d4 [NUM4:turn:turns])</English>
<L1 /><L2 /><L3 /><L4 />
		<Chinese>&#x9020;&#x6210;%d1%F2, &#x6240;&#x5728;&#x57CE;&#x5E02;: %s3_city (%d4&#x56DE;&#x5408;&#x540E;&#x6062;&#x590D;)</Chinese>
	</TEXT>
	<TEXT>
		<Tag>TXT_KEY_ESPIONAGE_HELP_REVOLT</Tag>
		<English>Cause %s1_city to revolt for %d2 [NUM2:turn:turns]</English>
<L1 /><L2 /><L3 /><L4 />
		<Chinese>&#x7B56;&#x52A8;%s1_city&#x66B4;&#x4E71;, &#x6301;&#x7EED;%d2&#x56DE;&#x5408;</Chinese>
	</TEXT>
	<TEXT>
		<Tag>TXT_KEY_ESPIONAGE_HELP_STEAL_TREASURY</Tag>
		<English>Steal %d1[ICON_GOLD] from the %s2_civ_adjective treasury</English>
<L1 /><L2 /><L3 /><L4 />
		<Chinese>&#x7A83;&#x53D6;%d1[ICON_GOLD], &#x76EE;&#x6807;&#x56FD;&#x5BB6;: %s2_civ_adjective</Chinese>
	</TEXT>
	<TEXT>
		<Tag>TXT_KEY_ESPIONAGE_HELP_STEAL_TECH</Tag>
		<English>Gain knowledge of %s1_tech</English>
<L1 /><L2 /><L3 /><L4 />
		<Chinese>&#x7A83;&#x53D6;%s1_tech</Chinese>
	</TEXT>
	<TEXT>
		<Tag>TXT_KEY_ESPIONAGE_HELP_SWITCH_CIVIC</Tag>
		<English>Induce %s1_player to switch to %s2_civic</English>
<L1 /><L2 /><L3 /><L4 />
		<Chinese>&#x8BF1;&#x4F7F;%s1_player&#x63A8;&#x884C;%s2_civic</Chinese>
	</TEXT>
	<TEXT>
		<Tag>TXT_KEY_ESPIONAGE_HELP_ANARCHY</Tag>
		<English>Cause %s1_player to enter Anarchy for %d2 [NUM2:turn:turns]</English>
<L1 /><L2 /><L3 /><L4 />
		<Chinese>%s1_player&#x8FDB;&#x5165;&#x65E0;&#x653F;&#x5E9C;&#x72B6;&#x6001;, &#x6301;&#x7EED;%d2&#x56DE;&#x5408;</Chinese>
	</TEXT>
	<TEXT>
		<Tag>TXT_KEY_ESPIONAGE_HELP_COUNTERESPIONAGE</Tag>
		<English>Add %d1%% to the cost of %s2_civ_adjective espionage missions against you (lasts for %d3 [NUM3:turn:turns])</English>
<L1 /><L2 /><L3 /><L4 />
		<Chinese>&#x4F7F;&#x654C;&#x65B9;&#x9488;&#x5BF9;&#x4F60;&#x7684;&#x8C0D;&#x62A5;&#x884C;&#x52A8;&#x82B1;&#x8D39;%d1%%(&#x76EE;&#x6807;&#x56FD;&#x5BB6;: %s2_civ_adjective, &#x6301;&#x7EED;%d3&#x56DE;&#x5408;)</Chinese>
	</TEXT>
	<TEXT>
		<Tag>TXT_KEY_CORPORATION_2_PEDIA</Tag>
		<English>[TAB]Sushi is an ancient form of food preservation that originated in Southeast Asia in the fourth century BC. This technique of wrapping fish in vinegar-soaked rice spread through out Asia, making its way to China in the thirteenth century and later to Japan.[PARAGRAPH:1]In Japan, the dish became extremely popular in the early nineteenth century, when a sushi stall owner in Edo began placing bits of extremely fresh and even raw fish within or atop the classic bed of vinegar rice. It was here that modern sushi was born. Sushi has since become Japan's signature dish, and from the 1980s onward has become a popular delicacy throughout the world.</English>
<L1 /><L2 /><L3 /><L4 />
		<Chinese>&#x5BFF;&#x53F8;&#x5728;&#x516C;&#x5143;&#x524D;4&#x4E16;&#x7EAA;&#x8D77;&#x6E90;&#x4E8E;&#x4E1C;&#x5357;&#x4E9A;&#xFF0C;&#x662F;&#x4E00;&#x79CD;&#x65B9;&#x4FBF;&#x4FDD;&#x5B58;&#x4E0E;&#x643A;&#x5E26;&#x7684;&#x5E72;&#x7CAE;&#x98DF;&#x54C1;&#x3002;&#x8FD9;&#x79CD;&#x7528;&#x6D78;&#x918B;&#x7C73;&#x996D;&#x5305;&#x88F9;&#x9C7C;&#x8089;&#x7684;&#x65B9;&#x6CD5;&#x6E10;&#x6E10;&#x6D41;&#x884C;&#x81F3;&#x4E1C;&#x4E9A;&#x5730;&#x533A;&#xFF0C;&#x5728;13&#x4E16;&#x7EAA;&#x4F20;&#x5230;&#x4E2D;&#x56FD;&#xFF0C;&#x7A0D;&#x540E;&#x53C8;&#x4F20;&#x5230;&#x65E5;&#x672C;&#x3002;[PARAGRAPH:1]&#x5230;19&#x4E16;&#x7EAA;&#x521D;&#xFF0C;&#x5BFF;&#x53F8;&#x5728;&#x65E5;&#x672C;&#x5DF2;&#x662F;&#x975E;&#x5E38;&#x53D7;&#x6B22;&#x8FCE;&#x7684;&#x98DF;&#x54C1;&#xFF0C;&#x5F53;&#x65F6;&#x6C5F;&#x6237;&#xFF08;&#x4ECA;&#x4E1C;&#x4EAC;&#xFF09;&#x7684;&#x4E00;&#x5BB6;&#x5BFF;&#x53F8;&#x5E97;&#x5728;&#x4F20;&#x7EDF;&#x6D78;&#x918B;&#x7C73;&#x996D;&#x56E2;&#x4E2D;&#x52A0;&#x5165;&#x5207;&#x788E;&#x7684;&#x9C9C;&#x9C7C;&#x8089;&#xFF08;&#x751A;&#x81F3;&#x751F;&#x9C7C;&#x8089;&#xFF09;&#xFF0C;&#x201C;&#x73B0;&#x4EE3;&#x5BFF;&#x53F8;&#x201D;&#x5C31;&#x6B64;&#x8BDE;&#x751F;&#x3002;&#x4ECE;&#x90A3;&#x65F6;&#x8D77;&#x5BFF;&#x53F8;&#x4E00;&#x76F4;&#x662F;&#x65E5;&#x672C;&#x7684;&#x6807;&#x5FD7;&#x6027;&#x98DF;&#x54C1;&#xFF0C;&#x800C;&#x5230;20&#x4E16;&#x7EAA;80&#x5E74;&#x4EE3;&#x540E;&#x53C8;&#x8FDB;&#x4E00;&#x6B65;&#x6210;&#x4E3A;&#x6D41;&#x884C;&#x5168;&#x4E16;&#x754C;&#x7684;&#x7F8E;&#x98DF;&#x3002;</Chinese>
	</TEXT>
	<TEXT>
		<Tag>TXT_KEY_TECH_THEOLOGY_STRATEGY</Tag>
		<English>The first to research this tech founds [COLOR_HIGHLIGHT_TEXT]Christianity[COLOR_REVERT]. It enables the [COLOR_HIGHLIGHT_TEXT]Theocracy[COLOR_REVERT] civic and allows construction of the [COLOR_BUILDING_TEXT]Hagia Sophia[COLOR_REVERT] and [COLOR_BUILDING_TEXT]Apostolic Palace[COLOR_REVERT] wonders.</English>
<L1 /><L2 /><L3 /><L4 />
		<Chinese>&#x9996;&#x5148;&#x53D1;&#x73B0;&#x8BE5;&#x79D1;&#x6280;&#x8005;&#x5C06;&#x521B;&#x7ACB;[COLOR_HIGHLIGHT_TEXT]&#x57FA;&#x7763;&#x6559;[COLOR_REVERT]&#x3002;&#x542F;&#x7528;[COLOR_HIGHLIGHT_TEXT]&#x795E;&#x6743;&#x653F;&#x6CBB;[COLOR_REVERT]&#x5185;&#x653F;&#x6CD5;&#x4EE4;&#x5E76;&#x5141;&#x8BB8;&#x5EFA;&#x9020;[COLOR_BUILDING_TEXT]&#x5723;&#x7D22;&#x83F2;&#x4E9A;[COLOR_REVERT]&#x548C;[COLOR_BUILDING_TEXT]&#x6559;&#x7687;&#x5BAB;[COLOR_REVERT]&#x5947;&#x89C2;&#x3002;</Chinese>
	</TEXT>
	<TEXT>
		<Tag>TXT_KEY_TECH_CONSTRUCTION_STRATEGY</Tag>
		<English>This tech allows you to build the [COLOR_UNIT_TEXT]Catapult[COLOR_REVERT] unit and the [COLOR_UNIT_TEXT]War Elephant[COLOR_REVERT] (with [COLOR_HIGHLIGHT_TEXT]Ivory[COLOR_REVERT]). It also enables [COLOR_BUILDING_TEXT]Colosseums[COLOR_REVERT] and your units no longer lose movement when crossing rivers on roads.  </English>
<L1 /><L2 /><L3 /><L4 />
		<Chinese>&#x8BE5;&#x79D1;&#x6280;&#x5141;&#x8BB8;&#x4F60;&#x5EFA;&#x9020;[COLOR_UNIT_TEXT]&#x6295;&#x77F3;&#x8F66;[COLOR_REVERT]&#x5355;&#x4F4D;&#x548C;[COLOR_UNIT_TEXT]&#x6218;&#x8C61;[COLOR_REVERT]&#xFF08;&#x9700;&#x8981;[COLOR_HIGHLIGHT_TEXT]&#x8C61;&#x7259;[COLOR_REVERT]&#xFF09;&#x3002;&#x5E76;&#x5141;&#x8BB8;&#x5EFA;&#x9020;[COLOR_BUILDING_TEXT]&#x7ADE;&#x6280;&#x573A;[COLOR_REVERT]&#xFF0C;&#xFF0C;&#x5E76;&#x4F7F;&#x4F60;&#x7684;&#x5355;&#x4F4D;&#x5728;&#x6CBF;&#x9053;&#x8DEF;&#x6E21;&#x6CB3;&#x65F6;&#x4E0D;&#x6D88;&#x8017;&#x79FB;&#x52A8;&#x529B;&#x3002;</Chinese>
	</TEXT>
	<TEXT>
		<Tag>TXT_KEY_TECH_MONOTHEISM_STRATEGY</Tag>
		<English>The first to research this tech founds [COLOR_HIGHLIGHT_TEXT]Judaism[COLOR_REVERT]. It also enables the [COLOR_HIGHLIGHT_TEXT]Organized Religion[COLOR_REVERT] civic. </English>
<L1 /><L2 /><L3 /><L4 />
		<Chinese>&#x9996;&#x5148;&#x53D1;&#x73B0;&#x8BE5;&#x79D1;&#x6280;&#x8005;&#x5C06;&#x521B;&#x7ACB;[COLOR_HIGHLIGHT_TEXT]&#x72B9;&#x592A;&#x6559;[COLOR_REVERT]&#x3002;&#x5E76;&#x542F;&#x7528;[COLOR_HIGHLIGHT_TEXT]&#x4FE1;&#x4EF0;&#x63A7;&#x5236;[COLOR_REVERT]&#x5185;&#x653F;&#x6CD5;&#x4EE4;&#x3002;</Chinese>
	</TEXT>
	<TEXT>
		<Tag>TXT_KEY_HINT_66</Tag>
		<English>To build a Corporation Headquarters building, you need a specific type of Great Person. Check the Civilopedia for the type required by each Corporation so you can assign your specialists accordingly.</English>
<L1 /><L2 /><L3 /><L4 />
		<Chinese>&#x8981;&#x5EFA;&#x9020;&#x516C;&#x53F8;&#x603B;&#x90E8;&#xFF0C;&#x4F60;&#x9700;&#x8981;&#x4E00;&#x4F4D;&#x7279;&#x5B9A;&#x7C7B;&#x578B;&#x7684;&#x5386;&#x53F2;&#x4F1F;&#x4EBA;&#x3002;&#x8BF7;&#x67E5;&#x770B;&#x6587;&#x660E;&#x767E;&#x79D1;&#x4E86;&#x89E3;&#x5404;&#x4E2A;&#x516C;&#x53F8;&#x76F8;&#x5E94;&#x7684;&#x5386;&#x53F2;&#x4F1F;&#x4EBA;&#xFF0C;&#x505A;&#x597D;&#x76F8;&#x5E94;&#x51C6;&#x5907;&#x3002;</Chinese>
	</TEXT>
	<TEXT>
		<Tag>TXT_KEY_HINT_67</Tag>
		<English>If you choose to found a Corporation, remember that even though the Headquarters will enjoy extra income, each city hosting the corporation will suffer increased maintenance costs. Build Courthouses in all of your Corporation cities and Banks in your Headquarters, otherwise the Corporation may actually run at a net loss.</English>
<L1 /><L2 /><L3 /><L4 />
		<Chinese>&#x5982;&#x679C;&#x4F60;&#x51C6;&#x5907;&#x521B;&#x529E;&#x4E00;&#x5BB6;&#x516C;&#x53F8;&#xFF0C;&#x5C31;&#x8981;&#x8BB0;&#x4F4F;&#x867D;&#x7136;&#x516C;&#x53F8;&#x53EF;&#x4EE5;&#x5E26;&#x6765;&#x91D1;&#x94B1;&#x6536;&#x76CA;&#xFF0C;&#x4F46;&#x516C;&#x53F8;&#x603B;&#x90E8;&#x6240;&#x5728;&#x57CE;&#x5E02;&#x7684;&#x7EF4;&#x62A4;&#x8D39;&#x5374;&#x4F1A;&#x4E0A;&#x5347;&#x3002;&#x6CE8;&#x610F;&#x5728;&#x6240;&#x6709;&#x57CE;&#x5E02;&#x5EFA;&#x9020;&#x6CD5;&#x9662;&#xFF0C;&#x516C;&#x53F8;&#x603B;&#x90E8;&#x6240;&#x5728;&#x57CE;&#x5E02;&#x5EFA;&#x9020;&#x94F6;&#x884C;&#xFF0C;&#x5426;&#x5219;&#x4F60;&#x521B;&#x529E;&#x7684;&#x516C;&#x53F8;&#x53EF;&#x80FD;&#x53CD;&#x800C;&#x9762;&#x4E34;&#x4E8F;&#x635F;&#x3002;</Chinese>
	</TEXT>
	<TEXT>
		<Tag>TXT_KEY_HINT_68</Tag>
		<English>Random events are tied to what is happening within your civilization. If you want to experience all of the events that are possible, you will have to play numerous games using different approaches and strategies: war and peace, different religious approaches, different technological paths, different civics and more!</English>
<L1 /><L2 /><L3 /><L4 />
		<Chinese>&#x968F;&#x673A;&#x4E8B;&#x4EF6;&#x662F;&#x540C;&#x4F60;&#x7BA1;&#x7406;&#x6587;&#x660E;&#x7684;&#x65B9;&#x5F0F;&#x76F8;&#x5173;&#x8054;&#x7684;&#x3002;&#x5982;&#x679C;&#x4F60;&#x60F3;&#x8981;&#x7ECF;&#x5386;&#x6240;&#x6709;&#x53EF;&#x80FD;&#x53D1;&#x751F;&#x7684;&#x968F;&#x673A;&#x4E8B;&#x4EF6;&#xFF0C;&#x5C31;&#x9700;&#x8981;&#x5728;&#x6BCF;&#x5C40;&#x6E38;&#x620F;&#x4E2D;&#x91C7;&#x7528;&#x4E0D;&#x540C;&#x7684;&#x53D1;&#x5C55;&#x8DEF;&#x7EBF;&#x548C;&#x7B56;&#x7565;&#xFF1A;&#x6218;&#x4E89;&#x8DEF;&#x7EBF;&#x3001;&#x548C;&#x5E73;&#x8DEF;&#x7EBF;&#x3001;&#x4E0D;&#x540C;&#x7684;&#x5B97;&#x6559;&#x8DEF;&#x7EBF;&#x3001;&#x4E0D;&#x540C;&#x7684;&#x79D1;&#x6280;&#x8DEF;&#x7EBF;&#x3001;&#x4E0D;&#x540C;&#x7684;&#x5185;&#x653F;&#x6CD5;&#x4EE4;&#x7B49;&#x7B49;&#xFF01;</Chinese>
	</TEXT>
	<TEXT>
		<Tag>TXT_KEY_HINT_69</Tag>
		<English>You may be wise to keep some reserve gold in your treasury. You never know when your savings may help mitigate the effects of a disastrous event or grant you access to additional opportunities when a positive event rolls around.</English>
<L1 /><L2 /><L3 /><L4 />
		<Chinese>&#x4FDD;&#x6301;&#x4E00;&#x5B9A;&#x6570;&#x91CF;&#x7684;&#x56FD;&#x5E93;&#x50A8;&#x5907;&#x662F;&#x975E;&#x5E38;&#x660E;&#x667A;&#x7684;&#x505A;&#x6CD5;&#x3002;&#x91D1;&#x94B1;&#x53EF;&#x4EE5;&#x51CF;&#x4F4E;&#x707E;&#x96BE;&#x6027;&#x4E8B;&#x4EF6;&#x9020;&#x6210;&#x7684;&#x8D1F;&#x9762;&#x5F71;&#x54CD;&#xFF0C;&#x5728;&#x673A;&#x9047;&#x6027;&#x4E8B;&#x4EF6;&#x53D1;&#x751F;&#x65F6;&#x4E5F;&#x80FD;&#x83B7;&#x5F97;&#x66F4;&#x6709;&#x5229;&#x7684;&#x4F5C;&#x7528;&#x6548;&#x679C;&#x3002;</Chinese>
	</TEXT>
	<TEXT>
		<Tag>TXT_KEY_HINT_70</Tag>
		<English>A negative event that afflicts one of your rivals is, in effect, like a positive event for you! Keep an eye on the world news reports in case an event happening to other nations opens new opportunities for you.</English>
<L1 /><L2 /><L3 /><L4 />
		<Chinese>&#x522B;&#x56FD;&#x53D1;&#x751F;&#x8D1F;&#x9762;&#x4E8B;&#x4EF6;&#x5728;&#x67D0;&#x79CD;&#x610F;&#x4E49;&#x4E0A;&#x5C31;&#x76F8;&#x5F53;&#x4E8E;&#x672C;&#x56FD;&#x53D1;&#x751F;&#x6B63;&#x9762;&#x4E8B;&#x4EF6;&#xFF01;&#x8BF7;&#x65F6;&#x65F6;&#x5173;&#x6CE8;&#x4E16;&#x754C;&#x5927;&#x4E8B;&#xFF0C;&#x53CA;&#x65F6;&#x6293;&#x4F4F;&#x6709;&#x5229;&#x673A;&#x4F1A;&#x3002;</Chinese>
	</TEXT>
	<TEXT>
		<Tag>TXT_KEY_HINT_71</Tag>
		<English>Rival civilizations led by computer opponents now pose a more significant threat from the sea. Stronger fleets, amphibious invasions... Don't be caught unprepared! The more warlike leaders can be very sneaky with their attack plans, as they have learned to think beyond the sword.</English>
<L1 /><L2 /><L3 /><L4 />
		<Chinese>&#x7535;&#x8111;&#x6587;&#x660E;&#x73B0;&#x5728;&#x66F4;&#x5584;&#x4E8E;&#x53D1;&#x52A8;&#x8DE8;&#x6D77;&#x8FDB;&#x653B;&#x3002;&#x4ED6;&#x4EEC;&#x4F1A;&#x4F7F;&#x7528;&#x5F3A;&#x5927;&#x7684;&#x8230;&#x961F;&#x914D;&#x5408;&#x4E24;&#x6816;&#x767B;&#x9646;&#x2026;&#x2026;&#x5343;&#x4E07;&#x8981;&#x4E8B;&#x5148;&#x6709;&#x6240;&#x9632;&#x5907;&#xFF01;&#x8D8A;&#x662F;&#x597D;&#x6218;&#x7684;&#x9886;&#x8896;&#xFF0C;&#x5236;&#x8BA2;&#x519B;&#x4E8B;&#x7B56;&#x7565;&#x65F6;&#x8D8A;&#x662F;&#x5468;&#x5BC6;&#xFF0C;&#x61C2;&#x5F97;&#x5145;&#x5206;&#x8FD0;&#x7528;&#x201C;&#x5200;&#x5251;&#x4E4B;&#x4E0A;&#x201D;&#x7684;&#x5404;&#x79CD;&#x624B;&#x6BB5;&#x3002;</Chinese>
	</TEXT>
	<TEXT>
		<Tag>TXT_KEY_HINT_72</Tag>
		<English>Only Great People can found new Corporations. Corporations also require specific resources for their product lines to thrive. If you aim to create a specific Corporation to aid your nation's interests, try to plan ahead, choosing a Corporation for which you can supply the needed resources and produce the needed Great Person.</English>
<L1 /><L2 /><L3 /><L4 />
		<Chinese>&#x53EA;&#x6709;&#x5386;&#x53F2;&#x4F1F;&#x4EBA;&#x624D;&#x80FD;&#x521B;&#x529E;&#x65B0;&#x7684;&#x516C;&#x53F8;&#x3002;&#x516C;&#x53F8;&#x4E1A;&#x52A1;&#x7684;&#x8FD0;&#x4F5C;&#x8FD8;&#x9700;&#x8981;&#x76F8;&#x5E94;&#x7684;&#x8D44;&#x6E90;&#x3002;&#x5982;&#x679C;&#x4F60;&#x60F3;&#x8981;&#x521B;&#x529E;&#x7279;&#x5B9A;&#x7684;&#x516C;&#x53F8;&#x589E;&#x52A0;&#x56FD;&#x5E93;&#x6536;&#x76CA;&#xFF0C;&#x5C31;&#x8981;&#x9884;&#x5148;&#x5145;&#x5206;&#x505A;&#x597D;&#x8BA1;&#x5212;&#xFF0C;&#x9009;&#x62E9;&#x4F60;&#x6240;&#x62E5;&#x6709;&#x7684;&#x8D44;&#x6E90;&#x6240;&#x5BF9;&#x5E94;&#x7684;&#x516C;&#x53F8;&#xFF0C;&#x50AC;&#x751F;&#x5BF9;&#x5E94;&#x7684;&#x5386;&#x53F2;&#x4F1F;&#x4EBA;&#x3002;</Chinese>
	</TEXT>
	<TEXT>
		<Tag>TXT_KEY_FEAT_CORPORATION_ENABLED</Tag>
		<English>Congratulations! You now possess the knowledge required to found [COLOR_HIGHLIGHT_TEXT]%s1_corporation[COLOR_REVERT]. You may use a [COLOR_UNIT_TEXT]%s2_unit[COLOR_REVERT] to build the Headquarters in any city with access to [COLOR_HIGHLIGHT_TEXT]%s3_bonus_list[COLOR_REVERT].</English>
<L1 /><L2 /><L3 /><L4 />
		<Chinese>&#x795D;&#x8D3A;&#x4F60;&#xFF01;&#x4F60;&#x5DF2;&#x638C;&#x63E1;&#x521B;&#x529E;[COLOR_HIGHLIGHT_TEXT]%s1_corporation[COLOR_REVERT]&#x6240;&#x9700;&#x7684;&#x6280;&#x672F;&#x3002;&#x4F60;&#x53EF;&#x4EE5;&#x8BA9;&#x4E00;&#x4F4D;[COLOR_UNIT_TEXT]%s2_unit[COLOR_REVERT]&#x5728;&#x67D0;&#x5EA7;&#x53EF;&#x83B7;&#x53D6;&#x5230;[COLOR_HIGHLIGHT_TEXT]%s3_bonus_list[COLOR_REVERT]&#x8D44;&#x6E90;&#x7684;&#x57CE;&#x5E02;&#x5EFA;&#x9020;&#x516C;&#x53F8;&#x7684;&#x603B;&#x90E8;&#x3002;</Chinese>
	</TEXT>
	<TEXT>
		<Tag>TXT_KEY_FEAT_UNIT_PRIVATEER</Tag>
		<English>Congratulations, you have trained your first [COLOR_UNIT_TEXT]%s1Unit_Name[COLOR_REVERT] in %s2City_Name! The nationality of this unit is invisible to your rivals, so you may use it to attack their ships without having to declare war. You may also blockade and plunder rival trade routes without having to be at war.</English>
<L1 /><L2 /><L3 /><L4 />
		<Chinese>&#x795D;&#x8D3A;&#x4F60;&#xFF0C;&#x4F60;&#x5DF2;&#x7EC4;&#x5EFA;&#x4E86;&#x9996;&#x4E2A;[COLOR_UNIT_TEXT]%s1Unit_Name[COLOR_REVERT]&#x5355;&#x4F4D;&#xFF0C;&#x5730;&#x70B9;&#xFF1A;%s2City_Name&#xFF01;&#x5176;&#x4ED6;&#x6587;&#x660E;&#x4E0D;&#x80FD;&#x786E;&#x5B9A;&#x6B64;&#x79CD;&#x5355;&#x4F4D;&#x7684;&#x56FD;&#x7C4D;&#xFF0C;&#x4F60;&#x53EF;&#x4EE5;&#x4E0D;&#x5FC5;&#x5BA3;&#x6218;&#x88AD;&#x51FB;&#x5BF9;&#x624B;&#x7684;&#x8230;&#x8239;&#xFF0C;&#x6216;&#x662F;&#x5C01;&#x9501;&#x548C;&#x52AB;&#x63A0;&#x5BF9;&#x624B;&#x7684;&#x6D77;&#x4E0A;&#x5546;&#x8DEF;&#x3002;</Chinese>
	</TEXT>
	<TEXT>
		<Tag>TXT_KEY_FEAT_UNIT_SPY</Tag>
		<English>Congratulations, you have trained your first [COLOR_UNIT_TEXT]%s1Unit_Name[COLOR_REVERT] in %s2City_Name! This unit is invisible to other players, which allows you to enter into their territory to gather intelligence and to perform Espionage Missions. Be aware, however, that even though it cannot be seen, this unit still has a chance to get caught when operating in rival territory, possibly revealing its identity and causing tension in your international relations.</English>
<L1 /><L2 /><L3 /><L4 />
		<Chinese>&#x795D;&#x8D3A;&#x4F60;&#xFF0C;&#x4F60;&#x5DF2;&#x7EC4;&#x5EFA;&#x4E86;&#x9996;&#x4E2A;[COLOR_UNIT_TEXT]%s1Unit_Name[COLOR_REVERT]&#x5355;&#x4F4D;&#xFF0C;&#x5730;&#x70B9;&#xFF1A;%s2City_Name&#xFF01;&#x5176;&#x4ED6;&#x6587;&#x660E;&#x4E0D;&#x80FD;&#x53D1;&#x73B0;&#x6B64;&#x79CD;&#x5355;&#x4F4D;&#xFF0C;&#x4F60;&#x53EF;&#x4EE5;&#x6D3E;&#x9063;&#x4ED6;&#x4EEC;&#x8FDB;&#x5165;&#x5BF9;&#x624B;&#x9886;&#x571F;&#x641C;&#x96C6;&#x60C5;&#x62A5;&#xFF0C;&#x6216;&#x662F;&#x5B9E;&#x65BD;&#x8C0D;&#x62A5;&#x884C;&#x52A8;&#x3002;&#x4F46;&#x662F;&#x8981;&#x6CE8;&#x610F;&#x867D;&#x7136;&#x6B64;&#x79CD;&#x5355;&#x4F4D;&#x662F;&#x9690;&#x5F62;&#x7684;&#xFF0C;&#x4F46;&#x5728;&#x6267;&#x884C;&#x4EFB;&#x52A1;&#x65F6;&#x4ECD;&#x6709;&#x53EF;&#x80FD;&#x88AB;&#x53D1;&#x89C9;&#xFF0C;&#x5E76;&#x5BFC;&#x81F4;&#x5916;&#x4EA4;&#x5173;&#x7CFB;&#x6076;&#x5316;&#x3002;</Chinese>
	</TEXT>
	<TEXT>
		<Tag>TXT_KEY_MISC_HELP_GREATPEOPLE_GOLDEN_AGE</Tag>
		<English>[ICON_BULLET]%D1%%[ICON_GREATPEOPLE] from Golden Age</English>
<L1 /><L2 /><L3 /><L4 />
		<Chinese>[ICON_BULLET]%D1%%[ICON_GREATPEOPLE] &#x6765;&#x81EA;&#x9EC4;&#x91D1;&#x65F6;&#x4EE3;</Chinese>
	</TEXT>
	<TEXT>
		<Tag>TXT_KEY_MAP_SCRIPT_HILLS</Tag>
		<English>Hills</English>
<L1 /><L2 /><L3 /><L4 />
		<Chinese>&#x4E18;&#x9675;</Chinese>
	</TEXT>
	<TEXT>
		<Tag>TXT_KEY_OPENING_MENU</Tag>
		<English>Opening Menu</English>
<L1 /><L2 /><L3 /><L4 />
		<Chinese>&#x5F00;&#x59CB;&#x83DC;&#x5355;</Chinese>
	</TEXT>
	<TEXT>
		<Tag>TXT_KEY_MAP_SCRIPT_MEDIUM_AND_SMALL_DESCR</Tag>
		<English>Realistic world with highly random landmasses medium and small. East and west hemispheres are divided by ocean, although rarely an island chain may connect them.</English>
<L1 /><L2 /><L3 /><L4 />
		<Chinese>&#x4E2D;&#x5C0F;&#x9646;&#x5730;&#x2014;&#x2014;&#x7531;&#x4E2D;&#x5C0F;&#x578B;&#x9646;&#x5730;&#x6784;&#x6210;&#x7684;&#x4E16;&#x754C;&#x3002;&#x4E1C;&#x897F;&#x534A;&#x7403;&#x95F4;&#x7531;&#x5927;&#x6D0B;&#x5206;&#x9694;&#xFF0C;&#x4F46;&#x5076;&#x800C;&#x4F1A;&#x6709;&#x5C9B;&#x94FE;&#x76F8;&#x8FDE;&#x3002;</Chinese>
	</TEXT>
	<TEXT>
		<Tag>TXT_KEY_BUILDING_PORTUGAL_FEITORIA_STRATEGY</Tag>
		<English>The [COLOR_BUILDING_TEXT]Feitoria[COLOR_REVERT], the Portuguese replacement for the [COLOR_BUILDING_TEXT]Customs House[COLOR_REVERT], provides a commerce bonus from all water tiles worked by a city in addition to the usual foreign trade route bonus.</English>
<L1 /><L2 /><L3 /><L4 />
		<Chinese>[COLOR_BUILDING_TEXT]&#x5546;&#x7AD9;[COLOR_REVERT]&#x662F;&#x8461;&#x8404;&#x7259;&#x7684;&#x7279;&#x8272;&#x5EFA;&#x7B51;&#xFF0C;&#x66FF;&#x4EE3;[COLOR_BUILDING_TEXT]&#x6D77;&#x5173;[COLOR_REVERT]&#xFF0C;&#x9664;&#x6B63;&#x5E38;&#x7684;&#x56FD;&#x9645;&#x5546;&#x8DEF;&#x6536;&#x76CA;&#x52A0;&#x6210;&#x5916;&#xFF0C;&#x8FD8;&#x53EF;&#x4ECE;&#x6BCF;&#x7247;&#x57CE;&#x5E02;&#x6C34;&#x57DF;&#x989D;&#x5916;&#x83B7;&#x5F97;&#x4E00;&#x5355;&#x4F4D;&#x5546;&#x4E1A;&#x6536;&#x5165;&#x3002;</Chinese>
	</TEXT>
	<TEXT>
		<Tag>TXT_KEY_MAP_SCRIPT_GLOBAL_HIGHLANDS_DESCR</Tag>
		<English>A global version of the Highlands map, this map brings a wide variety of mountainous options to a standard oceanic world. This is an extra large map type!</English>
<L1 /><L2 /><L3 /><L4 />
		<Chinese>&#x9AD8;&#x539F;&#x5730;&#x56FE;&#x7684;&#x5168;&#x7403;&#x7248;&#xFF0C;&#x4E0E;&#x901A;&#x5E38;&#x7531;&#x6C34;&#x9762;&#x5360;&#x591A;&#x6570;&#x7684;&#x5168;&#x7403;&#x5730;&#x56FE;&#x6709;&#x5F88;&#x5927;&#x4E0D;&#x540C;&#x3002;&#x8FD9;&#x79CD;&#x7C7B;&#x578B;&#x7684;&#x5730;&#x56FE;&#x975E;&#x5E38;&#x5DE8;&#x5927;&#xFF01;</Chinese>
	</TEXT>
	<TEXT>
		<Tag>TXT_KEY_VOTE_RESULTS</Tag>
		<English>%s1_institution voting members have announced their decision: %s2_resolution</English>
<L1 /><L2 /><L3 /><L4 />
		<Chinese>%s1_institution&#x7684;&#x6295;&#x7968;&#x6210;&#x5458;&#x5BA3;&#x5E03;&#x4E86;&#x4ED6;&#x4EEC;&#x7684;&#x51B3;&#x5B9A;&#xFF1A;%s2_resolution</Chinese>
	</TEXT>
	<TEXT>
		<Tag>TXT_KEY_MAP_SCRIPT_UNPREDICTABLE</Tag>
		<English>Unpredictable</English>
<L1 /><L2 /><L3 /><L4 />
		<Chinese>&#x4E0D;&#x53EF;&#x9884;&#x6D4B;</Chinese>
	</TEXT>
	<TEXT>
		<Tag>TXT_KEY_BUILDING_CIVIC_HEALTH_HAPPINESS_CHANGE</Tag>
		<English>[ICON_BULLET]%D1_Change%F2_HappyOrHealth with[SPACE]</English>
<L1 /><L2 /><L3 /><L4 />
		<Chinese>[ICON_BULLET]%D1_Change%F2_HappyOrHealth, &#x5982;&#x679C;&#x62E5;&#x6709;[SPACE]</Chinese>
	</TEXT>
	<TEXT>
		<Tag>TXT_KEY_PROJECT_REQUIRED_FOR_VICTORY</Tag>
		<English>[ICON_BULLET]%s1 Required for %s2_victory Victory</English>
<L1 /><L2 /><L3 /><L4 />
		<Chinese>[ICON_BULLET]&#x9700;&#x8981;%s1&#x4EE5;&#x8D62;&#x5F97;%s2_victory&#x80DC;&#x5229;</Chinese>
	</TEXT>
	<TEXT>
		<Tag>TXT_KEY_AT_WAR_WITH</Tag>
		<English>[ICON_BULLET][COLOR_WARNING_TEXT]War with %s1_player[COLOR_REVERT]</English>
<L1 /><L2 /><L3 /><L4 />
		<Chinese>[ICON_BULLET][COLOR_WARNING_TEXT]&#x4E0E; %s1_player &#x5904;&#x4E8E;&#x6218;&#x4E89;&#x72B6;&#x6001;[COLOR_REVERT]</Chinese>
	</TEXT>
	<TEXT>
		<Tag>TXT_KEY_WORST_ENEMY_OF</Tag>
		<English>[ICON_BULLET][COLOR_WARNING_TEXT]Worst Enemy of %s1_player[COLOR_REVERT]</English>
<L1 /><L2 /><L3 /><L4 />
		<Chinese>[ICON_BULLET][COLOR_WARNING_TEXT]%s1_player &#x7684;&#x6700;&#x574F;&#x7684;&#x654C;&#x4EBA;[COLOR_REVERT]</Chinese>
	</TEXT>
</Civ4GameText>
