<?xml version="1.0" encoding="GB2312"?>
<!-- edited with XMLSPY v2004 rel. 2 U (http://www.xmlspy.com) by lcollins (Firaxis Games) -->
<!-- Sid Meier's Civilization 4 -->
<!-- Copyright Firaxis Games 2005 -->
<!-- freesand leo -->
<!-- Game Text - New -->
<Civ4GameText xmlns="http://www.firaxis.com">
	<TEXT>
		<Tag>AI_DIPLO_FIRST_CONTACT_LEADER_LINCOLN_1</Tag>
		<English>Greetings, [CT_NAME]. I am [OUR_NAME]. It is indeed an honor to meet you.</English>
<L1 /><L2 /><L3 /><L4 />
		<Chinese>&#x6B22;&#x8FCE;&#xFF0C;[CT_NAME]&#x3002;&#x6211;&#x662F;[OUR_NAME]&#x3002;&#x89C1;&#x5230;&#x4F60;&#x662F;&#x6211;&#x7684;&#x8363;&#x5E78;&#x3002;</Chinese>
	</TEXT>
	<TEXT>
		<Tag>AI_DIPLO_REFUSE_TO_TALK_LEADER_LINCOLN_1</Tag>
		<English>Drop dead.</English>
<L1 /><L2 /><L3 /><L4 />
		<Chinese>&#x53BB;&#x6B7B;&#x5427;&#x3002;</Chinese>
	</TEXT>
	<TEXT>
		<Tag>AI_DIPLO_NO_PEACE_LEADER_LINCOLN_1</Tag>
		<English>As a friend of mine once said, 'No terms except unconditional and immediate surrender can be accepted.' Pithy, don't you agree?</English>
<L1 /><L2 /><L3 /><L4 />
		<Chinese>&#x6211;&#x7684;&#x4E00;&#x4F4D;&#x670B;&#x53CB;&#x66FE;&#x7ECF;&#x8BF4;&#x8FC7;&#xFF1A;&#x201C;&#x7ACB;&#x5373;&#x65E0;&#x6761;&#x4EF6;&#x6295;&#x964D;&#x662F;&#x6211;&#x552F;&#x4E00;&#x53EF;&#x63A5;&#x53D7;&#x7684;&#x6761;&#x4EF6;&#x3002;&#x201D;&#x5F88;&#x7CBE;&#x8F9F;&#xFF0C;&#x4F60;&#x540C;&#x610F;&#x5417;&#xFF1F;</Chinese>
	</TEXT>
	<TEXT>
		<Tag>AI_DIPLO_GREETINGS_ATT_FR_LEADER_LINCOLN_1</Tag>
		<English>Greetings, [CT_NAME]. Sit down and let's chat for a spell.</English>
<L1 /><L2 /><L3 /><L4 />
		<Chinese>&#x6B22;&#x8FCE;&#xFF0C;[CT_NAME]&#xFF0C;&#x8BF7;&#x5750;&#xFF0C;&#x8BA9;&#x6211;&#x4EEC;&#x597D;&#x597D;&#x8C08;&#x4E00;&#x4F1A;&#x3002;</Chinese>
	</TEXT>
	<TEXT>
		<Tag>AI_DIPLO_GREETINGS_ATT_FUR_LEADER_LINCOLN_1</Tag>
		<English>And to what do I owe the dubious honor of your presence?</English>
<L1 /><L2 /><L3 /><L4 />
		<Chinese>&#x4F60;&#x8FD9;&#x4EBA;&#x54C1;&#x53EF;&#x7591;&#x7684;&#x5BB6;&#x4F19;&#x5230;&#x6211;&#x8FD9;&#x91CC;&#x6765;&#x60F3;&#x8981;&#x5E72;&#x4EC0;&#x4E48;&#xFF1F;</Chinese>
	</TEXT>
	<TEXT>
		<Tag>AI_DIPLO_DEMAND_TRIBUTE_POWER_WEAKER_LINCOLN_1</Tag>
		<English>Can you spare this for a good friend, [CT_NAME]?</English>
<L1 /><L2 /><L3 /><L4 />
		<Chinese>&#x60A8;&#x80FD;&#x628A;&#x8FD9;&#x4E2A;&#x4E0E;&#x4E00;&#x4F4D;&#x597D;&#x670B;&#x53CB;&#x5171;&#x4EAB;&#x5417;&#xFF0C;[CT_NAME]?</Chinese>
	</TEXT>
	<TEXT>
		<Tag>AI_DIPLO_DEMAND_TRIBUTE_POWER_EQUAL_LINCOLN_1</Tag>
		<English>Sharing is caring, [CT_NAME].</English>
<L1 /><L2 /><L3 /><L4 />
		<Chinese>&#x5206;&#x4EAB;&#x5373;&#x662F;&#x5173;&#x7231;&#xFF0C;[CT_NAME]&#x3002;</Chinese>
	</TEXT>
	<TEXT>
		<Tag>AI_DIPLO_DEMAND_TRIBUTE_POWER_STRONGER_LINCOLN_1</Tag>
		<English>Hand this over or feel the wrath of our 'terrible swift sword.' </English>
<L1 /><L2 /><L3 /><L4 />
		<Chinese>&#x4EA4;&#x51FA;&#x8FD9;&#x4E2A;&#xFF0C;&#x5426;&#x5219;&#x5C31;&#x5C1D;&#x5C1D;&#x6211;&#x4EEC;&#x53EF;&#x6015;&#x7684;&#x5229;&#x5251;&#x7684;&#x5473;&#x9053;&#x3002;</Chinese>
	</TEXT>
	<TEXT>
		<Tag>AI_DIPLO_FIRST_CONTACT_LEADER_HAMMURABI_1</Tag>
		<English>Greetings, stranger! Gaze in awe on the majesty that is [OUR_CIV_SHORT]!</English>
<L1 /><L2 /><L3 /><L4 />
		<Chinese>&#x6B22;&#x8FCE;&#xFF0C;&#x964C;&#x751F;&#x4EBA;&#xFF01;&#x6765;&#x5FC3;&#x6000;&#x656C;&#x754F;&#x4EF0;&#x89C6;[OUR_CIV_SHORT]&#x7684;&#x5C0A;&#x8363;&#x5427;&#xFF01;</Chinese>
	</TEXT>
	<TEXT>
		<Tag>AI_DIPLO_REFUSE_TO_TALK_LEADER_HAMMURABI_1</Tag>
		<English>I do not speak to liars and cheats.</English>
<L1 /><L2 /><L3 /><L4 />
		<Chinese>&#x6211;&#x53EF;&#x4E0D;&#x5C51;&#x4E8E;&#x540C;&#x9A97;&#x5B50;&#x4EA4;&#x8C08;&#x3002;</Chinese>
	</TEXT>
	<TEXT>
		<Tag>AI_DIPLO_NO_PEACE_LEADER_HAMMURABI_1</Tag>
		<English>There will be no peace until the last [CT_CIV_ADJ] soldier's head is atop a [OUR_CIV_ADJ] spear!</English>
<L1 /><L2 /><L3 /><L4 />
		<Chinese>&#x5728;&#x6700;&#x540E;&#x4E00;&#x4E2A;[CT_CIV_ADJ]&#x58EB;&#x5175;&#x7684;&#x5934;&#x9885;&#x88AB;&#x63D2;&#x5728;[OUR_CIV_ADJ]&#x7684;&#x957F;&#x77DB;&#x4E0A;&#x4E4B;&#x524D;&#xFF0C;&#x6218;&#x4E89;&#x6C38;&#x8FDC;&#x4E0D;&#x4F1A;&#x7ED3;&#x675F;&#xFF01;</Chinese>
	</TEXT>
	<TEXT>
		<Tag>AI_DIPLO_GREETINGS_ATT_FR_LEADER_HAMMURABI_1</Tag>
		<English>Welcome, friend [CT_NAME]! What can mighty [OUR_CIV_SHORT] do to assist your humble empire?</English>
<L1 /><L2 /><L3 /><L4 />
		<Chinese>&#x6B22;&#x8FCE;&#xFF0C;&#x6211;&#x7684;[CT_NAME]&#x670B;&#x53CB;&#xFF01;&#x6709;&#x4EC0;&#x4E48;&#x4E8B;&#x60C5;&#x9700;&#x8981;&#x4F1F;&#x5927;&#x7684;[OUR_CIV_SHORT]&#x7684;&#x63F4;&#x624B;&#x624D;&#x80FD;&#x6551;&#x52A9;&#x4F60;&#x90A3;&#x6E3A;&#x5C0F;&#x7684;&#x56FD;&#x5BB6;&#xFF1F;</Chinese>
	</TEXT>
	<TEXT>
		<Tag>AI_DIPLO_GREETINGS_ATT_FUR_LEADER_HAMMURABI_1</Tag>
		<English>Well? Get on with it! I have laws to write!</English>
<L1 /><L2 /><L3 /><L4 />
		<Chinese>&#x55EF;&#xFF1F;&#x6709;&#x8BDD;&#x5FEB;&#x8BF4;&#xFF01;&#x6211;&#x5FD9;&#x7740;&#x7F16;&#x64B0;&#x6CD5;&#x5178;&#x5462;&#xFF01;</Chinese>
	</TEXT>
	<TEXT>
		<Tag>AI_DIPLO_DEMAND_TRIBUTE_POWER_WEAKER_HAMMURABI_1</Tag>
		<English>We could use your assistance, friend [CT_NAME].</English>
<L1 /><L2 /><L3 /><L4 />
		<Chinese>&#x6211;&#x60F3;&#x6211;&#x4EEC;&#x53EF;&#x4EE5;&#x6073;&#x6C42;&#x60A8;&#x7684;&#x5E2E;&#x52A9;&#xFF0C; [CT_NAME]&#x670B;&#x53CB;&#x3002;</Chinese>
	</TEXT>
	<TEXT>
		<Tag>AI_DIPLO_DEMAND_TRIBUTE_POWER_EQUAL_HAMMURABI_1</Tag>
		<English>Can you spare this for a good friend?</English>
<L1 /><L2 /><L3 /><L4 />
		<Chinese>&#x60A8;&#x80FD;&#x628A;&#x8FD9;&#x4E2A;&#x4E0E;&#x4E00;&#x4F4D;&#x597D;&#x670B;&#x53CB;&#x5171;&#x4EAB;&#x5417;&#xFF1F;</Chinese>
	</TEXT>
	<TEXT>
		<Tag>AI_DIPLO_DEMAND_TRIBUTE_POWER_STRONGER_HAMMURABI_1</Tag>
		<English>Give us this or we shall surely come and take it.</English>
<L1 /><L2 /><L3 /><L4 />
		<Chinese>&#x628A;&#x8FD9;&#x4E2A;&#x9001;&#x8FC7;&#x6765;&#xFF0C;&#x5426;&#x5219;&#x6211;&#x4EEC;&#x4E00;&#x5B9A;&#x4EB2;&#x81EA;&#x6765;&#x53D6;&#xFF0C;&#x4E00;&#x5B9A;&#x3002;</Chinese>
	</TEXT>
	<TEXT>
		<Tag>AI_DIPLO_FIRST_CONTACT_LEADER_JUSTINIAN_1</Tag>
		<English>Welcome, [CT_NAME]! May the heavens bless you as you deserve to be blessed!</English>
<L1 /><L2 /><L3 /><L4 />
		<Chinese>&#x6B22;&#x8FCE;&#xFF0C;[CT_NAME]&#xFF01;&#x613F;&#x5723;&#x7075;&#x4FDD;&#x4F51;&#x4F60;&#xFF0C;&#x56E0;&#x4E3A;&#x4F60;&#x503C;&#x5F97;&#x4FDD;&#x4F51;&#x3002;</Chinese>
	</TEXT>
	<TEXT>
		<Tag>AI_DIPLO_REFUSE_TO_TALK_LEADER_JUSTINIAN_1</Tag>
		<English>No!</English>
<L1 /><L2 /><L3 /><L4 />
		<Chinese>&#x4E0D;&#xFF01;</Chinese>
	</TEXT>
	<TEXT>
		<Tag>AI_DIPLO_NO_PEACE_LEADER_JUSTINIAN_1</Tag>
		<English>Thank you for your kind offer, [CT_NAME], but I believe that I would prefer to wipe your civilization off of the face of the world.</English>
<L1 /><L2 /><L3 /><L4 />
		<Chinese>&#x611F;&#x8C22;&#x60A8;&#x5584;&#x610F;&#x7684;&#x9080;&#x8BF7;&#xFF0C;[CT_NAME]&#xFF0C;&#x4F46;&#x662F;&#x6211;&#x76F8;&#x4FE1;&#xFF0C;&#x6211;&#x66F4;&#x613F;&#x610F;&#x628A;&#x4F60;&#x548C;&#x4F60;&#x7684;&#x6587;&#x660E;&#x4ECE;&#x5730;&#x9762;&#x4E0A;&#x62B9;&#x53BB;&#x3002;</Chinese>
	</TEXT>
	<TEXT>
		<Tag>AI_DIPLO_GREETINGS_ATT_FR_LEADER_JUSTINIAN_1</Tag>
		<English>You honor [OUR_CIV_SHORT] with your presence, [CT_NAME]. How can we assist you?</English>
<L1 /><L2 /><L3 /><L4 />
		<Chinese>&#x60A8;&#x7684;&#x5149;&#x4E34;&#x4EE4;[OUR_CIV_SHORT]&#x500D;&#x611F;&#x8363;&#x8000;&#xFF0C;[CT_NAME]&#x3002;&#x6211;&#x4EEC;&#x9700;&#x8981;&#x600E;&#x6837;&#x505A;&#x624D;&#x80FD;&#x5E2E;&#x52A9;&#x60A8;&#xFF1F;</Chinese>
	</TEXT>
	<TEXT>
		<Tag>AI_DIPLO_GREETINGS_ATT_FUR_LEADER_JUSTINIAN_1</Tag>
		<English>You may skip the pleasantries, [CT_NAME]. Why have you come to mighty [OUR_CIV_SHORT]?</English>
<L1 /><L2 /><L3 /><L4 />
		<Chinese>&#x4E0D;&#x5FC5;&#x8BF4;&#x865A;&#x4F2A;&#x7684;&#x5BA2;&#x5957;&#x8BDD;&#x4E86;&#xFF0C;[CT_NAME]&#xFF0C;&#x4F60;&#x4E3A;&#x4EC0;&#x4E48;&#x6765;&#x62DC;&#x8BBF;&#x5F3A;&#x5927;&#x7684;[OUR_CIV_SHORT]?</Chinese>
	</TEXT>
	<TEXT>
		<Tag>AI_DIPLO_DEMAND_TRIBUTE_POWER_WEAKER_JUSTINIAN_1</Tag>
		<English>Could you spare this for us, [CT_NAME]?</English>
<L1 /><L2 /><L3 /><L4 />
		<Chinese>&#x60A8;&#x80FD;&#x628A;&#x8FD9;&#x4E2A;&#x7ED9;&#x4E00;&#x4F4D;&#x597D;&#x670B;&#x53CB;&#x4EAB;&#x7528;&#x5417;&#xFF0C;[CT_NAME]?</Chinese>
	</TEXT>
	<TEXT>
		<Tag>AI_DIPLO_DEMAND_TRIBUTE_POWER_EQUAL_JUSTINIAN_1</Tag>
		<English>Please give us this, [CT_NAME]. It will help to ensure continued friendship between our two great empires.</English>
<L1 /><L2 /><L3 /><L4 />
		<Chinese>&#x8BF7;&#x628A;&#x8FD9;&#x4E2A;&#x7ED9;&#x6211;&#x4EEC;&#xFF0C;[CT_NAME]&#x3002;&#x8FD9;&#x5C06;&#x6709;&#x76CA;&#x4E8E;&#x7EF4;&#x6301;&#x6211;&#x4EEC;&#x4E24;&#x4E2A;&#x4F1F;&#x5927;&#x5E1D;&#x56FD;&#x7684;&#x957F;&#x4E45;&#x53CB;&#x8C0A;&#x3002;</Chinese>
	</TEXT>
	<TEXT>
		<Tag>AI_DIPLO_DEMAND_TRIBUTE_POWER_STRONGER_JUSTINIAN_1</Tag>
		<English>Give us what we want, [CT_NAME]. Your armies are no match for ours, and you know it.</English>
<L1 /><L2 /><L3 /><L4 />
		<Chinese>&#x4EA4;&#x51FA;&#x4E00;&#x5207;&#x6211;&#x4EEC;&#x9700;&#x8981;&#x7684;&#xFF0C;[CT_NAME]&#x3002;&#x4F60;&#x7684;&#x90E8;&#x961F;&#x6839;&#x672C;&#x4E0D;&#x662F;&#x6211;&#x4EEC;&#x7684;&#x5BF9;&#x624B;&#xFF0C;&#x76F8;&#x4FE1;&#x4F60;&#x6E05;&#x695A;&#x5F97;&#x5F88;&#x3002;</Chinese>
	</TEXT>
	<TEXT>
		<Tag>AI_DIPLO_FIRST_CONTACT_LEADER_ZARA_YAQOB_1</Tag>
		<English>Hail to you, [CT_NAME]. I am [OUR_NAME], ruler of the god-fearing [OUR_CIV_ADJ] people! May the friendship between our two great civilizations last until we are much, much larger than you! </English>
<L1 /><L2 /><L3 /><L4 />
		<Chinese>&#x6B22;&#x8FCE;&#xFF0C;[CT_NAME]&#x3002;&#x6211;&#x662F;[OUR_NAME]&#xFF0C; &#x795E;&#x7075;&#x4E5F;&#x4E3A;&#x4E4B;&#x754F;&#x60E7;&#x7684;[OUR_CIV_ADJ]&#x4EBA;&#x6C11;&#x7684;&#x7EDF;&#x6CBB;&#x8005;&#xFF01;&#x613F;&#x6211;&#x4EEC;&#x4E24;&#x4E2A;&#x6587;&#x660E;&#x4E4B;&#x95F4;&#x7684;&#x548C;&#x5E73;&#x6301;&#x7EED;&#x5230;&#x6211;&#x4EEC;&#x7684;&#x6587;&#x660E;&#x8FDC;&#x8FDC;&#x8D85;&#x8FC7;&#x4F60;&#x4EEC;&#xFF01;</Chinese>
	</TEXT>
	<TEXT>
		<Tag>AI_DIPLO_REFUSE_TO_TALK_LEADER_ZARA_YAQOB_1</Tag>
		<English>Be gone, you heathen fool!</English>
<L1 /><L2 /><L3 /><L4 />
		<Chinese>&#x6EDA;&#x5F00;&#xFF0C;&#x611A;&#x8822;&#x7684;&#x5F02;&#x6559;&#x5F92;&#x3002;</Chinese>
	</TEXT>
	<TEXT>
		<Tag>AI_DIPLO_NO_PEACE_LEADER_ZARA_YAQOB_1</Tag>
		<English>There shall be no peace until your tortured soul is burning in the fiery pits of the netherworld!</English>
<L1 /><L2 /><L3 /><L4 />
		<Chinese>&#x9664;&#x975E;&#x4F60;&#x90A3;&#x9971;&#x53D7;&#x6298;&#x78E8;&#x7684;&#x7075;&#x9B42;&#x5728;&#x51A5;&#x5E9C;&#x7684;&#x7194;&#x5751;&#x91CC;&#x718A;&#x718A;&#x71C3;&#x70E7;&#xFF0C;&#x548C;&#x5E73;&#x6C38;&#x8FDC;&#x4E0D;&#x4F1A;&#x964D;&#x4E34;&#xFF01;</Chinese>
	</TEXT>
	<TEXT>
		<Tag>AI_DIPLO_GREETINGS_ATT_FR_LEADER_ZARA_YAQOB_1</Tag>
		<English>May the blessings of Heaven be upon you, [CT_NAME]!</English>
<L1 /><L2 /><L3 /><L4 />
		<Chinese>&#x613F;&#x60A8;&#x6D78;&#x6C90;&#x5728;&#x5929;&#x5802;&#x7684;&#x5723;&#x5149;&#x4E2D;&#xFF0C;[CT_NAME]&#xFF01;</Chinese>
	</TEXT>
	<TEXT>
		<Tag>AI_DIPLO_GREETINGS_ATT_FUR_LEADER_ZARA_YAQOB_1</Tag>
		<English>Say what you have come to say, sinful one. I am listening.</English>
<L1 /><L2 /><L3 /><L4 />
		<Chinese>&#x76F4;&#x622A;&#x4E86;&#x5F53;&#x5730;&#x8BF4;&#x51FA;&#x4F60;&#x7684;&#x610F;&#x56FE;&#x5427;&#xFF0C;&#x4E07;&#x6076;&#x4E4B;&#x5F92;&#xFF0C;&#x6211;&#x5728;&#x542C;&#x3002;</Chinese>
	</TEXT>
	<TEXT>
		<Tag>AI_DIPLO_DEMAND_TRIBUTE_POWER_WEAKER_ZARA_YAQOB_1</Tag>
		<English>Pay it forward, [CT_NAME]. </English>
<L1 /><L2 /><L3 /><L4 />
		<Chinese>&#x4ECE;&#x957F;&#x8FDC;&#x7740;&#x60F3;&#xFF0C;&#x8BF7;&#x5E2E;&#x52A9;&#x6211;&#x4EEC;&#xFF0C;[CT_NAME]&#x3002;</Chinese>
	</TEXT>
	<TEXT>
		<Tag>AI_DIPLO_DEMAND_TRIBUTE_POWER_EQUAL_ZARA_YAQOB_1</Tag>
		<English>The heavens command that you give us the following, [CT_NAME]. Unless you particularly like thunderbolts I urge you to comply.</English>
<L1 /><L2 /><L3 /><L4 />
		<Chinese>&#x795E;&#x7075;&#x8981;&#x6C42;&#x4F60;&#x5411;&#x6211;&#x4EEC;&#x5949;&#x732E;&#x4EE5;&#x4E0B;&#x8D21;&#x54C1;&#xFF0C;[CT_NAME]&#x3002;&#x6211;&#x5EFA;&#x8BAE;&#x4F60;&#x8FD8;&#x662F;&#x987A;&#x4ECE;&#x5929;&#x547D;&#x7684;&#x597D;&#xFF0C;&#x9664;&#x975E;&#xFF0C;&#x4F60;&#x5C06;&#x4EAB;&#x53D7;&#x5929;&#x6253;&#x96F7;&#x5288;&#x7684;&#x611F;&#x89C9;&#x3002;</Chinese>
	</TEXT>
	<TEXT>
		<Tag>AI_DIPLO_DEMAND_TRIBUTE_POWER_STRONGER_ZARA_YAQOB_1</Tag>
		<English>Everyone has needs, [CT_NAME]. For example, we need the following, and you need to give it to us. </English>
<L1 /><L2 /><L3 /><L4 />
		<Chinese>&#x6BCF;&#x4E2A;&#x4EBA;&#x90FD;&#x6709;&#x4ED6;&#x7684;&#x9700;&#x6C42;&#xFF0C;[CT_NAME]&#x3002;&#x6BD4;&#x65B9;&#x8BF4;&#xFF0C;&#x6211;&#x4EEC;&#x9700;&#x8981;&#x4EE5;&#x4E0B;&#x5217;&#x51FA;&#x7684;&#x8D21;&#x54C1;&#xFF0C;&#x800C;&#x4F60;&#x53EA;&#x987B;&#x628A;&#x5B83;&#x4EA4;&#x7ED9;&#x6211;&#x5C31;&#x884C;&#x4E86;&#x3002;</Chinese>
	</TEXT>
	<TEXT>
		<Tag>AI_DIPLO_FIRST_CONTACT_LEADER_DE_GAULLE_1</Tag>
		<English>I, [OUR_NAME], possessor of one of the largest and finest noses in human history, welcome you to glorious [OUR_CIV_SHORT]!</English>
<L1 /><L2 /><L3 /><L4 />
		<Chinese>&#x6211;&#xFF0C;[OUR_NAME]&#xFF0C;&#x4EBA;&#x7C7B;&#x5386;&#x53F2;&#x4E0A;&#x6700;&#x5DE8;&#x5927;&#x6700;&#x7075;&#x654F;&#x7684;&#x9F3B;&#x5B50;&#x7684;&#x4E3B;&#x4EBA;&#xFF0C;&#x6B22;&#x8FCE;&#x4F60;&#x6765;&#x5230;&#x5149;&#x8363;&#x7684;[OUR_CIV_SHORT]&#xFF01;</Chinese>
	</TEXT>
	<TEXT>
		<Tag>AI_DIPLO_REFUSE_TO_TALK_LEADER_DE_GAULLE_1</Tag>
		<English>There is nothing to discuss. Go away now.</English>
<L1 /><L2 /><L3 /><L4 />
		<Chinese>&#x6CA1;&#x6709;&#x4EC0;&#x4E48;&#x503C;&#x5F97;&#x7EE7;&#x7EED;&#x8BA8;&#x8BBA;&#x4E0B;&#x53BB;&#xFF0C;&#x9A6C;&#x4E0A;&#x4ECE;&#x6211;&#x7684;&#x773C;&#x524D;&#x6D88;&#x5931;&#x3002;</Chinese>
	</TEXT>
	<TEXT>
		<Tag>AI_DIPLO_NO_PEACE_LEADER_DE_GAULLE_1</Tag>
		<English>Certainly not! The honor of [OUR_CIV_SHORT] demands that this war continue until you are ground into very small bits.</English>
<L1 /><L2 /><L3 /><L4 />
		<Chinese>&#x7EDD;&#x65E0;&#x53EF;&#x80FD;&#xFF01;[OUR_CIV_SHORT]&#x7684;&#x5C0A;&#x4E25;&#x8981;&#x6C42;&#x5C06;&#x6218;&#x4E89;&#x5EF6;&#x7EED;&#x5230;&#x8BA9;&#x4F60;&#x7070;&#x98DE;&#x70DF;&#x706D;&#x7684;&#x90A3;&#x5929;&#x3002;</Chinese>
	</TEXT>
	<TEXT>
		<Tag>AI_DIPLO_GREETINGS_ATT_FR_LEADER_DE_GAULLE_1</Tag>
		<English>Welcome, [CT_NAME]. Have you come yet again to admire my heroic profile?</English>
<L1 /><L2 /><L3 /><L4 />
		<Chinese>&#x6B22;&#x8FCE;&#xFF0C;[CT_NAME]&#x3002;&#x8FD9;&#x6B21;&#x60A8;&#x8FD8;&#x662F;&#x6765;&#x9882;&#x626C;&#x6211;&#x7684;&#x82F1;&#x96C4;&#x4E8B;&#x8FF9;&#x7684;&#x5417;&#xFF1F;</Chinese>
	</TEXT>
	<TEXT>
		<Tag>AI_DIPLO_GREETINGS_ATT_FUR_LEADER_DE_GAULLE_1</Tag>
		<English>Say what you have to say, [CT_NAME]. I have no desire to spend any more time with you than absolutely necessary.</English>
<L1 /><L2 /><L3 /><L4 />
		<Chinese>&#x5F00;&#x95E8;&#x89C1;&#x5C71;&#x5730;&#x8BF4;&#x51FA;&#x4F60;&#x6240;&#x6709;&#x60F3;&#x8BF4;&#x7684;&#x8BDD;&#xFF0C;[CT_NAME]&#x3002;&#x6211;&#x5F88;&#x4E0D;&#x60C5;&#x613F;&#x5728;&#x82B1;&#x8D39;&#x591A;&#x4E8E;&#x5FC5;&#x8981;&#x7684;&#x65F6;&#x95F4;&#x548C;&#x4F60;&#x4EA4;&#x6D89;&#x3002;</Chinese>
	</TEXT>
	<TEXT>
		<Tag>AI_DIPLO_DEMAND_TRIBUTE_POWER_WEAKER_DE_GAULLE_1</Tag>
		<English>The honor of [OUR_CIV_SHORT] demands that you provide us with the following. If it isn't too much trouble, that is.</English>
<L1 /><L2 /><L3 /><L4 />
		<Chinese>[OUR_CIV_SHORT]&#x7684;&#x8363;&#x8A89;&#x8981;&#x6C42;&#x60A8;&#x63D0;&#x4F9B;&#x4EE5;&#x4E0B;&#x5217;&#x51FA;&#x7684;&#x8D60;&#x793C;&#xFF0C;&#x5982;&#x679C;&#x90A3;&#x5BF9;&#x60A8;&#x800C;&#x8A00;&#x53EA;&#x662F;&#x4E3E;&#x624B;&#x4E4B;&#x52B3;&#x7684;&#x8BDD;&#x3002;</Chinese>
	</TEXT>
	<TEXT>
		<Tag>AI_DIPLO_DEMAND_TRIBUTE_POWER_EQUAL_DE_GAULLE_1</Tag>
		<English>The honor of [OUR_CIV_SHORT] demands that you provide us with the following. We really mean it this time.</English>
<L1 /><L2 /><L3 /><L4 />
		<Chinese>[OUR_CIV_SHORT]&#x7684;&#x8363;&#x8A89;&#x8981;&#x6C42;&#x4F60;&#x5949;&#x732E;&#x4EE5;&#x4E0B;&#x5217;&#x51FA;&#x7684;&#x8D21;&#x54C1;&#xFF0C;&#x8FD9;&#x6B21;&#x6211;&#x4EEC;&#x662F;&#x8BA4;&#x771F;&#x7684;&#x3002;</Chinese>
	</TEXT>
	<TEXT>
		<Tag>AI_DIPLO_DEMAND_TRIBUTE_POWER_STRONGER_DE_GAULLE_1</Tag>
		<English>The honor of [OUR_CIV_SHORT] demands that you provide us with the following. Or we'll destroy you.</English>
<L1 /><L2 /><L3 /><L4 />
		<Chinese>[OUR_CIV_SHORT]&#x7684;&#x8363;&#x8A89;&#x8981;&#x6C42;&#x4F60;&#x63D0;&#x4F9B;&#x4EE5;&#x4E0B;&#x5217;&#x51FA;&#x7684;&#x8D21;&#x54C1;&#xFF0C;&#x5426;&#x5219;&#x6211;&#x4EEC;&#x5C06;&#x4EB2;&#x624B;&#x6BC1;&#x706D;&#x4F60;&#x3002;</Chinese>
	</TEXT>
	<TEXT>
		<Tag>AI_DIPLO_FIRST_CONTACT_LEADER_PERICLES_1</Tag>
		<English>As the leader of ancient [OUR_CIV_SHORT], father and mother of all that is civilized, I, [OUR_NAME], welcome the leader of the upstart [CT_CIV_ADJ] people into my august presence.</English>
<L1 /><L2 /><L3 /><L4 />
		<Chinese>&#x4F5C;&#x4E3A;&#x6240;&#x6709;&#x6587;&#x660E;&#x4EBA;&#x7684;&#x7236;&#x6BCD;&#x4E4B;&#x90A6;&#x2014;&#x2014;[OUR_CIV_SHORT]&#x7684;&#x9886;&#x8896;&#x2014;&#x2014;&#x6211;[OUR_NAME]&#x6B22;&#x8FCE;&#x521D;&#x6B65;&#x8131;&#x79BB;&#x91CE;&#x86EE;&#x7684;[CT_CIV_ADJ]&#x4EBA;&#x7684;&#x9886;&#x8896;&#x524D;&#x6765;&#x9020;&#x8BBF;&#x3002;</Chinese>
	</TEXT>
	<TEXT>
		<Tag>AI_DIPLO_REFUSE_TO_TALK_LEADER_PERICLES_1</Tag>
		<English>No!</English>
<L1 /><L2 /><L3 /><L4 />
		<Chinese>&#x4E0D;&#xFF01;</Chinese>
	</TEXT>
	<TEXT>
		<Tag>AI_DIPLO_NO_PEACE_LEADER_PERICLES_1</Tag>
		<English>Peace? Don't be foolish. There can be no peace between Civilization and Barbarian. </English>
<L1 /><L2 /><L3 /><L4 />
		<Chinese>&#x548C;&#x5E73;&#xFF1F;&#x522B;&#x50BB;&#x4E86;&#x3002;&#x6587;&#x660E;&#x4E0E;&#x91CE;&#x86EE;&#x4E4B;&#x95F4;&#x4E0D;&#x53EF;&#x80FD;&#x6709;&#x548C;&#x5E73;&#x3002; </Chinese>
	</TEXT>
	<TEXT>
		<Tag>AI_DIPLO_GREETINGS_ATT_FR_LEADER_PERICLES_1</Tag>
		<English>Have you come again, [CT_NAME]? Wonderful! Let us sit on a log and debate Aristotelian Metaphysics until bedtime, shall we?</English>
<L1 /><L2 /><L3 /><L4 />
		<Chinese>&#x4F60;&#x53C8;&#x6765;&#x4E86;&#xFF0C;[CT_NAME]&#xFF1F;&#x518D;&#x597D;&#x4E0D;&#x8FC7;&#xFF01;&#x8BA9;&#x6211;&#x4EEC;&#x5E76;&#x80A9;&#x5750;&#x5728;&#x540C;&#x4E00;&#x6839;&#x5706;&#x6728;&#x4E0A;&#xFF0C;&#x7528;&#x4E00;&#x6574;&#x5929;&#x65F6;&#x95F4;&#x6765;&#x63A2;&#x8BA8;&#x4E9A;&#x91CC;&#x58EB;&#x591A;&#x5FB7;&#x7684;&#x5F62;&#x800C;&#x4E0A;&#x5B66;&#xFF0C;&#x600E;&#x4E48;&#x6837;&#xFF1F;</Chinese>
	</TEXT>
	<TEXT>
		<Tag>AI_DIPLO_GREETINGS_ATT_FUR_LEADER_PERICLES_1</Tag>
		<English>Well? Out with it!</English>
<L1 /><L2 /><L3 /><L4 />
		<Chinese>&#x55EF;&#xFF1F;&#x6709;&#x8BDD;&#x5FEB;&#x8BF4;&#xFF01;</Chinese>
	</TEXT>
	<TEXT>
		<Tag>AI_DIPLO_DEMAND_TRIBUTE_POWER_WEAKER_PERICLES_1</Tag>
		<English>Mighty [OUR_CIV_SHORT] requests a small token of friendship from its faithful ally, [CT_CIV_SHORT]. </English>
<L1 /><L2 /><L3 /><L4 />
		<Chinese>&#x5F3A;&#x5927;&#x7684;[OUR_CIV_SHORT]&#x5E0C;&#x671B;&#x5FE0;&#x5B9E;&#x7684;&#x76DF;&#x53CB;&#x2014;&#x2014;[CT_CIV_SHORT]&#x5411;&#x6211;&#x4EEC;&#x8D60;&#x9001;&#x4E00;&#x4EFD;&#x53CB;&#x8C0A;&#x7684;&#x4FE1;&#x7269;&#x3002; </Chinese>
	</TEXT>
	<TEXT>
		<Tag>AI_DIPLO_DEMAND_TRIBUTE_POWER_EQUAL_PERICLES_1</Tag>
		<English>A truly civilized leader would give us what we want, [CT_NAME]? </English>
<L1 /><L2 /><L3 /><L4 />
		<Chinese>&#x4E00;&#x4F4D;&#x771F;&#x6B63;&#x6587;&#x660E;&#x7684;&#x9886;&#x8896;&#x4E00;&#x5B9A;&#x4F1A;&#x7ED9;&#x4E88;&#x6211;&#x4EEC;&#x6240;&#x8981;&#x6C42;&#x7684;&#x4E1C;&#x897F;&#xFF0C;&#x5BF9;&#x5417;[CT_NAME]&#xFF1F;</Chinese>
	</TEXT>
	<TEXT>
		<Tag>AI_DIPLO_DEMAND_TRIBUTE_POWER_STRONGER_PERICLES_1</Tag>
		<English>Beware of Greeks demanding gifts, [CT_NAME]. </English>
<L1 /><L2 /><L3 /><L4 />
		<Chinese>&#x8BF7;&#x6CE8;&#x610F;&#xFF0C;&#x5E0C;&#x814A;&#x8981;&#x6C42;&#x4F60;&#x4EEC;&#x5949;&#x4E0A;&#x8D21;&#x793C;&#xFF0C;[CT_NAME]&#x3002; </Chinese>
	</TEXT>
	<TEXT>
		<Tag>AI_DIPLO_FIRST_CONTACT_LEADER_CHARLEMAGNE_1</Tag>
		<English>May the blessings of Heaven be upon you, [CT_NAME]. I, [OUR_NAME], leader of the puissant [OUR_CIV_ADJ] people, welcome you to our mighty empire.</English>
<L1 /><L2 /><L3 /><L4 />
		<Chinese>&#x613F;&#x4E0A;&#x5929;&#x8D50;&#x798F;&#x4E8E;&#x4F60;&#xFF0C;[CT_NAME]&#x3002;&#x6211;&#xFF0C;[OUR_NAME]&#xFF0C;&#x5F3A;&#x76DB;&#x7684;[OUR_CIV_ADJ]&#x7684;&#x9886;&#x8896;&#xFF0C;&#x6B22;&#x8FCE;&#x4F60;&#x9020;&#x8BBF;&#x6211;&#x7684;&#x5E1D;&#x56FD;&#x3002;</Chinese>
	</TEXT>
	<TEXT>
		<Tag>AI_DIPLO_REFUSE_TO_TALK_LEADER_CHARLEMAGNE_1</Tag>
		<English>Get out of my sight before I do something extremely undiplomatic.</English>
<L1 /><L2 /><L3 /><L4 />
		<Chinese>&#x7ACB;&#x523B;&#x5728;&#x6211;&#x773C;&#x524D;&#x6D88;&#x5931;&#xFF0C;&#x5426;&#x5219;&#x6211;&#x5C06;&#x88AB;&#x8FEB;&#x52A8;&#x7528;&#x67D0;&#x4E9B;&#x4E0D;&#x5408;&#x5916;&#x4EA4;&#x793C;&#x4EEA;&#x7684;&#x624B;&#x6BB5;&#x3002;</Chinese>
	</TEXT>
	<TEXT>
		<Tag>AI_DIPLO_NO_PEACE_LEADER_CHARLEMAGNE_1</Tag>
		<English>Peace? Not by the hair on my chinny-chin-chin!</English>
<L1 /><L2 /><L3 /><L4 />
		<Chinese>&#x548C;&#x5E73;&#xFF1F;&#x51ED;&#x6211;&#x4E0B;&#x5DF4;&#x4E0A;&#x7684;&#x7F8E;&#x9AEF;&#x53D1;&#x8A93;&#xFF0C;&#x8FD9;&#x662F;&#x4E0D;&#x53EF;&#x80FD;&#x7684;&#x4E8B;&#xFF01;</Chinese>
	</TEXT>
	<TEXT>
		<Tag>AI_DIPLO_GREETINGS_ATT_FR_LEADER_CHARLEMAGNE_1</Tag>
		<English>We graciously welcome the mighty leader of [OUR_CIV_SHORT] to our presence.</English>
<L1 /><L2 /><L3 /><L4 />
		<Chinese>&#x6211;&#x4EEC;&#x8363;&#x5E78;&#x5730;&#x606D;&#x8FCE;&#x5F3A;&#x5927;&#x7684;[OUR_CIV_SHORT]&#x9886;&#x8896;&#x5230;&#x8BBF;&#x3002;</Chinese>
	</TEXT>
	<TEXT>
		<Tag>AI_DIPLO_GREETINGS_ATT_FUR_LEADER_CHARLEMAGNE_1</Tag>
		<English>What do YOU want, knave?</English>
<L1 /><L2 /><L3 /><L4 />
		<Chinese>&#x4F60;&#x60F3;&#x8981;&#x4EC0;&#x4E48;&#xFF0C;&#x5C0F;&#x5B50;&#xFF1F;</Chinese>
	</TEXT>
	<TEXT>
		<Tag>AI_DIPLO_DEMAND_TRIBUTE_POWER_WEAKER_CHARLEMAGNE_1</Tag>
		<English>Share the wealth a little, willya?</English>
<L1 /><L2 /><L3 /><L4 />
		<Chinese>&#x8BA9;&#x6211;&#x4EEC;&#x5206;&#x4EAB;&#x4E00;&#x70B9;&#x8D22;&#x5BCC;&#xFF0C;&#x597D;&#x5417;&#xFF1F;</Chinese>
	</TEXT>
	<TEXT>
		<Tag>AI_DIPLO_DEMAND_TRIBUTE_POWER_EQUAL_CHARLEMAGNE_1</Tag>
		<English>I believe that you'll find it in [CT_CIV_SHORT]'s best interest to supply us with the following.</English>
<L1 /><L2 /><L3 /><L4 />
		<Chinese>&#x6211;&#x76F8;&#x4FE1;&#x4F60;&#x4F1A;&#x4E86;&#x89E3;&#x7ED9;&#x4E88;&#x6211;&#x4EEC;&#x4E0B;&#x5217;&#x5404;&#x9879;&#x4F5C;&#x4E3A;&#x8D21;&#x793C;&#x7B26;&#x5408;[CT_CIV_SHORT]&#x7684;&#x6700;&#x5927;&#x5229;&#x76CA;&#x3002;</Chinese>
	</TEXT>
	<TEXT>
		<Tag>AI_DIPLO_DEMAND_TRIBUTE_POWER_STRONGER_CHARLEMAGNE_1</Tag>
		<English>Give us what we want and perhaps your heathenish empire will survive another day. Perhaps...</English>
<L1 /><L2 /><L3 /><L4 />
		<Chinese>&#x4EA4;&#x51FA;&#x6211;&#x4EEC;&#x6240;&#x8981;&#x6C42;&#x7684;&#x4E1C;&#x897F;&#xFF0C;&#x4E5F;&#x8BB8;&#x4F60;&#x4EEC;&#x8FD9;&#x4E2A;&#x5F02;&#x7AEF;&#x56FD;&#x5BB6;&#x80FD;&#x518D;&#x5B58;&#x6D3B;&#x51E0;&#x5929;&#x3002;&#x6211;&#x662F;&#x8BF4;&#x4E5F;&#x8BB8;&#x2026;&#x2026;</Chinese>
	</TEXT>
	<TEXT>
		<Tag>AI_DIPLO_FIRST_CONTACT_LEADER_SURYAVARMAN_1</Tag>
		<English>I am pleased to meet you, [CT_NAME], and I look forward to many years of peace and friendship between our two great nations.</English>
<L1 /><L2 /><L3 /><L4 />
		<Chinese>&#x5F88;&#x9AD8;&#x5174;&#x9047;&#x89C1;&#x4F60;&#xFF0C;[CT_NAME]&#xFF0C;&#x6211;&#x671F;&#x5F85;&#x5728;&#x4ECA;&#x540E;&#x7684;&#x65E5;&#x5B50;&#x91CC;&#xFF0C;&#x6211;&#x4EEC;&#x4E24;&#x4E2A;&#x4F1F;&#x5927;&#x56FD;&#x5BB6;&#x4E4B;&#x95F4;&#x7684;&#x548C;&#x5E73;&#x4E0E;&#x53CB;&#x8C0A;&#x80FD;&#x591F;&#x4FDD;&#x6301;&#x957F;&#x4E45;&#x3002;</Chinese>
	</TEXT>
	<TEXT>
		<Tag>AI_DIPLO_REFUSE_TO_TALK_LEADER_SURYAVARMAN_1</Tag>
		<English>Leave me alone, you barbarian cur!</English>
<L1 /><L2 /><L3 /><L4 />
		<Chinese>&#x79BB;&#x6211;&#x8FDC;&#x4E00;&#x70B9;&#xFF0C;&#x4F60;&#x8FD9;&#x4E2A;&#x91CE;&#x86EE;&#x7684;&#x6742;&#x79CD;&#xFF01;</Chinese>
	</TEXT>
	<TEXT>
		<Tag>AI_DIPLO_NO_PEACE_LEADER_SURYAVARMAN_1</Tag>
		<English>We do not make peace with barbarians.</English>
<L1 /><L2 /><L3 /><L4 />
		<Chinese>&#x6211;&#x4EEC;&#x4E0D;&#x540C;&#x91CE;&#x86EE;&#x4EBA;&#x548C;&#x8C08;&#x3002;</Chinese>
	</TEXT>
	<TEXT>
		<Tag>AI_DIPLO_GREETINGS_ATT_FR_LEADER_SURYAVARMAN_1</Tag>
		<English>Welcome, my friend! Let us discuss many things. Here: have a mango.</English>
<L1 /><L2 /><L3 /><L4 />
		<Chinese>&#x6B22;&#x8FCE;&#xFF0C;&#x6211;&#x7684;&#x670B;&#x53CB;&#xFF01;&#x8BA9;&#x6211;&#x4EEC;&#x6765;&#x8BA8;&#x8BBA;&#x5171;&#x540C;&#x5173;&#x5FC3;&#x7684;&#x6240;&#x6709;&#x95EE;&#x9898;&#x3002;&#x558F;&#xFF0C;&#x5148;&#x5403;&#x4E2A;&#x8292;&#x679C;&#x5427;&#x3002;</Chinese>
	</TEXT>
	<TEXT>
		<Tag>AI_DIPLO_GREETINGS_ATT_FUR_LEADER_SURYAVARMAN_1</Tag>
		<English>Well?</English>
<L1 /><L2 /><L3 /><L4 />
		<Chinese>&#x55EF;&#xFF1F;</Chinese>
	</TEXT>
	<TEXT>
		<Tag>AI_DIPLO_DEMAND_TRIBUTE_POWER_WEAKER_SURYAVARMAN_1</Tag>
		<English>The [OUR_CIV_ADJ] people could use your assistance, [CT_NAME]. I trust that you won't disappoint them.</English>
<L1 /><L2 /><L3 /><L4 />
		<Chinese>[OUR_CIV_ADJ]&#x4EBA;&#x6C11;&#x9700;&#x8981;&#x4F60;&#x7684;&#x5E2E;&#x52A9;&#xFF0C;[CT_NAME]&#x3002;&#x6211;&#x76F8;&#x4FE1;&#x4F60;&#x4E0D;&#x4F1A;&#x8BA9;&#x4ED6;&#x4EEC;&#x5931;&#x671B;&#x7684;&#x3002;</Chinese>
	</TEXT>
	<TEXT>
		<Tag>AI_DIPLO_DEMAND_TRIBUTE_POWER_EQUAL_SURYAVARMAN_1</Tag>
		<English>Share the wealth, Baby?</English>
<L1 /><L2 /><L3 /><L4 />
		<Chinese>&#x8BA9;&#x6211;&#x4EEC;&#x5206;&#x4EAB;&#x8D22;&#x5BCC;&#x597D;&#x5417;&#xFF0C;&#x5B9D;&#x8D1D;&#xFF1F;</Chinese>
	</TEXT>
	<TEXT>
		<Tag>AI_DIPLO_DEMAND_TRIBUTE_POWER_STRONGER_SURYAVARMAN_1</Tag>
		<English>You may pay us in treasure today or in blood tomorrow. I strongly recommend the former.</English>
<L1 /><L2 /><L3 /><L4 />
		<Chinese>&#x4F60;&#x53EF;&#x4EE5;&#x5728;&#x4ECA;&#x5929;&#x4ED8;&#x51FA;&#x8D22;&#x5B9D;&#xFF0C;&#x6216;&#x662F;&#x5728;&#x660E;&#x5929;&#x4ED8;&#x51FA;&#x9C9C;&#x8840;&#x3002;&#x6211;&#x5F3A;&#x70C8;&#x63A8;&#x8350;&#x4F60;&#x9009;&#x62E9;&#x524D;&#x8005;&#x3002;</Chinese>
	</TEXT>
	<TEXT>
		<Tag>AI_DIPLO_FIRST_CONTACT_LEADER_PACAL_1</Tag>
		<English>I greet you, [CT_NAME]. [OUR_CIV_SHORT] is mighty - deal with us fairly and you will prosper. Attack us and our temples will run red with the blood of your warriors!</English>
<L1 /><L2 /><L3 /><L4 />
		<Chinese>&#x5411;&#x4F60;&#x81F4;&#x610F;&#xFF0C;[CT_NAME]&#x3002;[OUR_CIV_SHORT]&#x662F;&#x5982;&#x6B64;&#x5F3A;&#x5927;&#x2014;&#x2014;&#x5982;&#x679C;&#x4E0E;&#x6211;&#x4EEC;&#x53CB;&#x597D;&#x76F8;&#x5904;&#xFF0C;&#x4F60;&#x4EEC;&#x7684;&#x56FD;&#x5BB6;&#x4E5F;&#x5C06;&#x7E41;&#x8363;&#x660C;&#x76DB;&#x3002;&#x5982;&#x679C;&#x5411;&#x6211;&#x4EEC;&#x53D1;&#x52A8;&#x653B;&#x51FB;&#xFF0C;&#x4F60;&#x4EEC;&#x58EB;&#x5175;&#x7684;&#x9C9C;&#x8840;&#x5C06;&#x67D3;&#x7EA2;&#x6211;&#x4EEC;&#x7684;&#x795E;&#x5E99;&#xFF01;</Chinese>
	</TEXT>
	<TEXT>
		<Tag>AI_DIPLO_REFUSE_TO_TALK_LEADER_PACAL_1</Tag>
		<English>No! I am far too important to speak with you!</English>
<L1 /><L2 /><L3 /><L4 />
		<Chinese>&#x4E0D;&#xFF01;&#x6211;&#x8FD8;&#x5F97;&#x5904;&#x7406;&#x66F4;&#x91CD;&#x8981;&#x7684;&#x4E8B;&#x52A1;&#xFF0C;&#x6CA1;&#x7A7A;&#x4E0E;&#x4F60;&#x4EA4;&#x8C08;&#xFF01;</Chinese>
	</TEXT>
	<TEXT>
		<Tag>AI_DIPLO_NO_PEACE_LEADER_PACAL_1</Tag>
		<English>Peace now? You've got to be kidding me!</English>
<L1 /><L2 /><L3 /><L4 />
		<Chinese>&#x73B0;&#x5728;&#x60F3;&#x8981;&#x548C;&#x5E73;&#x4E86;&#xFF1F;&#x4F60;&#x4E00;&#x5B9A;&#x662F;&#x5728;&#x5F00;&#x73A9;&#x7B11;&#xFF01;</Chinese>
	</TEXT>
	<TEXT>
		<Tag>AI_DIPLO_GREETINGS_ATT_FR_LEADER_PACAL_1</Tag>
		<English>I greet my friend and almost equal, [CT_NAME]. And what present shall you give us today?</English>
<L1 /><L2 /><L3 /><L4 />
		<Chinese>&#x6B22;&#x8FCE;&#x6211;&#x7684;&#x670B;&#x53CB;&#xFF0C;[CT_NAME]&#x3002;&#x4ECA;&#x5929;&#x4F60;&#x7ED9;&#x6211;&#x4EEC;&#x5E26;&#x6765;&#x4E86;&#x4EC0;&#x4E48;&#x793C;&#x7269;&#xFF1F;</Chinese>
	</TEXT>
	<TEXT>
		<Tag>AI_DIPLO_GREETINGS_ATT_FUR_LEADER_PACAL_1</Tag>
		<English>Come to grovel at our feet, eh? Well, go ahead.</English>
<L1 /><L2 /><L3 /><L4 />
		<Chinese>&#x6765;&#x5411;&#x6211;&#x4EEC;&#x6447;&#x5C3E;&#x4E5E;&#x601C;&#x5417;&#xFF1F;&#x597D;&#x554A;&#xFF0C;&#x8BF7;&#x8BF4;&#x5427;&#x3002;</Chinese>
	</TEXT>
	<TEXT>
		<Tag>AI_DIPLO_DEMAND_TRIBUTE_POWER_WEAKER_PACAL_1</Tag>
		<English>[CT_NAME], a war between our two great people is to be avoided at all costs, wouldn't you agree? So pay up.</English>
<L1 /><L2 /><L3 /><L4 />
		<Chinese>[CT_NAME]&#xFF0C;&#x6211;&#x4EEC;&#x5E94;&#x8BE5;&#x4E0D;&#x60DC;&#x4ED8;&#x51FA;&#x4E00;&#x5207;&#x4EE5;&#x907F;&#x514D;&#x6211;&#x4EEC;&#x4E24;&#x4E2A;&#x4F1F;&#x5927;&#x6C11;&#x65CF;&#x4E4B;&#x95F4;&#x53D1;&#x751F;&#x6218;&#x4E89;&#xFF0C;&#x4F60;&#x540C;&#x610F;&#x5417;&#xFF1F;&#x90A3;&#x5C31;&#x8BF7;&#x4ED8;&#x51FA;&#x5427;&#x3002;</Chinese>
	</TEXT>
	<TEXT>
		<Tag>AI_DIPLO_DEMAND_TRIBUTE_POWER_EQUAL_PACAL_1</Tag>
		<English>Giving us what we want is the only way to avoid immediate destruction. Pay up.</English>
<L1 /><L2 /><L3 /><L4 />
		<Chinese>&#x4EA4;&#x51FA;&#x6211;&#x4EEC;&#x60F3;&#x8981;&#x7684;&#x4E1C;&#x897F;&#x662F;&#x907F;&#x514D;&#x5373;&#x523B;&#x6BC1;&#x706D;&#x7684;&#x552F;&#x4E00;&#x65B9;&#x6CD5;&#x3002;&#x5FEB;&#x4EA4;&#x51FA;&#x6765;&#x3002;</Chinese>
	</TEXT>
	<TEXT>
		<Tag>AI_DIPLO_DEMAND_TRIBUTE_POWER_STRONGER_PACAL_1</Tag>
		<English>Give us what we want or die.</English>
<L1 /><L2 /><L3 /><L4 />
		<Chinese>&#x6216;&#x8005;&#x4EA4;&#x51FA;&#x6211;&#x4EEC;&#x60F3;&#x8981;&#x7684;&#x4E1C;&#x897F;&#xFF0C;&#x6216;&#x8005;&#x53BB;&#x6B7B;&#x3002;</Chinese>
	</TEXT>
	<TEXT>
		<Tag>AI_DIPLO_FIRST_CONTACT_LEADER_SITTING_BULL_1</Tag>
		<English>The great [OUR_CIV_ADJ] people welcome you, [CT_NAME]. Would it be politically correct to offer you a peace-pipe?</English>
<L1 /><L2 /><L3 /><L4 />
		<Chinese>&#x4F1F;&#x5927;&#x7684;[OUR_CIV_ADJ]&#x4EBA;&#x6C11;&#x6B22;&#x8FCE;&#x4F60;&#xFF0C;[CT_NAME]&#x3002;&#x9001;&#x4F60;&#x4E00;&#x652F;&#x201C;&#x548C;&#x5E73;&#x70DF;&#x6597;&#x201D;&#x5E94;&#x8BE5;&#x4E0D;&#x4F1A;&#x5E26;&#x7ED9;&#x4F60;&#x653F;&#x6CBB;&#x9EBB;&#x70E6;&#x5427;&#xFF1F;</Chinese>
	</TEXT>
	<TEXT>
		<Tag>AI_DIPLO_REFUSE_TO_TALK_LEADER_SITTING_BULL_1</Tag>
		<English>I don't speak with liars. Now scram.</English>
<L1 /><L2 /><L3 /><L4 />
		<Chinese>&#x6211;&#x4E0D;&#x540C;&#x6492;&#x8C0E;&#x8005;&#x4EA4;&#x8C08;&#x3002;&#x5FEB;&#x6EDA;&#x3002;</Chinese>
	</TEXT>
	<TEXT>
		<Tag>AI_DIPLO_NO_PEACE_LEADER_SITTING_BULL_1</Tag>
		<English>This war will end when I decide it will end, and not a moment before.</English>
<L1 /><L2 /><L3 /><L4 />
		<Chinese>&#x8FD9;&#x573A;&#x6218;&#x4E89;&#x5C06;&#x5728;&#x6211;&#x51B3;&#x5B9A;&#x7ED3;&#x675F;&#x5B83;&#x7684;&#x65F6;&#x5019;&#x7ED3;&#x675F;&#xFF0C;&#x7EDD;&#x4E0D;&#x4F1A;&#x63D0;&#x524D;&#x7247;&#x523B;&#x3002;</Chinese>
	</TEXT>
	<TEXT>
		<Tag>AI_DIPLO_GREETINGS_ATT_FR_LEADER_SITTING_BULL_1</Tag>
		<English>Welcome, my friend! You are indeed wise to seek the council of your betters.</English>
<L1 /><L2 /><L3 /><L4 />
		<Chinese>&#x6B22;&#x8FCE;&#xFF0C;&#x6211;&#x7684;&#x670B;&#x53CB;&#xFF01;&#x4E0E;&#x5F3A;&#x8005;&#x4EA4;&#x5F80;&#x786E;&#x5B9E;&#x662F;&#x4F60;&#x660E;&#x667A;&#x7684;&#x9009;&#x62E9;&#x3002;</Chinese>
	</TEXT>
	<TEXT>
		<Tag>AI_DIPLO_GREETINGS_ATT_FUR_LEADER_SITTING_BULL_1</Tag>
		<English>What could you possibly say that would be of even the slightest interest to me?</English>
<L1 /><L2 /><L3 /><L4 />
		<Chinese>&#x4F60;&#x53EF;&#x5426;&#x62FF;&#x51FA;&#x4E00;&#x4E2A;&#x80FD;&#x4EE4;&#x6211;&#x7A0D;&#x5FAE;&#x611F;&#x5174;&#x8DA3;&#x4E00;&#x70B9;&#x7684;&#x8BDD;&#x9898;&#x6765;&#x5546;&#x8C08;&#x5462;&#xFF1F;</Chinese>
	</TEXT>
	<TEXT>
		<Tag>AI_DIPLO_DEMAND_TRIBUTE_POWER_WEAKER_SITTING_BULL_1</Tag>
		<English>Would you care to share some of your wealth with your good friends and allies, [CT_NAME]?</English>
<L1 /><L2 /><L3 /><L4 />
		<Chinese>&#x4F60;&#x53EF;&#x5426;&#x8BA9;&#x4F60;&#x7684;&#x597D;&#x670B;&#x53CB;&#x53CA;&#x540C;&#x76DF;&#x8005;&#x4E0E;&#x4F60;&#x5171;&#x4EAB;&#x90E8;&#x5206;&#x8D22;&#x5BCC;&#x5462;&#xFF0C;[CT_NAME]&#xFF1F;</Chinese>
	</TEXT>
	<TEXT>
		<Tag>AI_DIPLO_DEMAND_TRIBUTE_POWER_EQUAL_SITTING_BULL_1</Tag>
		<English>For the sake of the continued friendship between our two great peoples, I request the following token of appreciation.</English>
<L1 /><L2 /><L3 /><L4 />
		<Chinese>&#x4E3A;&#x4E86;&#x6211;&#x4EEC;&#x4E24;&#x4E2A;&#x4F1F;&#x5927;&#x6C11;&#x65CF;&#x4E4B;&#x95F4;&#x957F;&#x671F;&#x7684;&#x53CB;&#x8C0A;&#xFF0C;&#x6211;&#x8981;&#x6C42;&#x4EE5;&#x4E0B;&#x5404;&#x9879;&#x4F5C;&#x4E3A;&#x916C;&#x8C22;&#x3002;</Chinese>
	</TEXT>
	<TEXT>
		<Tag>AI_DIPLO_DEMAND_TRIBUTE_POWER_STRONGER_SITTING_BULL_1</Tag>
		<English>It is unwise to deny a hungry bear its food, [CT_NAME]. You're liable to get mauled.</English>
<L1 /><L2 /><L3 /><L4 />
		<Chinese>&#x62D2;&#x7EDD;&#x5411;&#x9965;&#x997F;&#x7684;&#x718A;&#x63D0;&#x4F9B;&#x98DF;&#x7269;&#x662F;&#x4E0D;&#x660E;&#x667A;&#x7684;&#x884C;&#x4E3A;&#xFF0C;[CT_NAME]&#x3002;&#x4F60;&#x4E00;&#x5B9A;&#x4F1A;&#x5F04;&#x5230;&#x5934;&#x7834;&#x8840;&#x6D41;&#x3002;</Chinese>
	</TEXT>
	<TEXT>
		<Tag>AI_DIPLO_FIRST_CONTACT_LEADER_WILLEM_VAN_ORANJE_1</Tag>
		<English>I am honored to meet you, [CT_NAME]. I hope that our two nations will be able to live in peace and friendship.</English>
<L1 /><L2 /><L3 /><L4 />
		<Chinese> &#x5F88;&#x8363;&#x5E78;&#x8BA4;&#x8BC6;&#x4F60;&#xFF0C;[CT_NAME]&#x3002;&#x6211;&#x5E0C;&#x671B;&#x6211;&#x4EEC;&#x4E24;&#x56FD;&#x80FD;&#x591F;&#x957F;&#x4E45;&#x53CB;&#x597D;&#x548C;&#x5E73;&#x5730;&#x76F8;&#x5904;&#x3002;</Chinese>
	</TEXT>
	<TEXT>
		<Tag>AI_DIPLO_REFUSE_TO_TALK_LEADER_WILLEM_VAN_ORANJE_1</Tag>
		<English>No!</English>
<L1 /><L2 /><L3 /><L4 />
		<Chinese>&#x4E0D;&#xFF01;</Chinese>
	</TEXT>
	<TEXT>
		<Tag>AI_DIPLO_NO_PEACE_LEADER_WILLEM_VAN_ORANJE_1</Tag>
		<English>Certainly not. The war will continue until we have achieved total victory.</English>
<L1 /><L2 /><L3 /><L4 />
		<Chinese>&#x7EDD;&#x65E0;&#x53EF;&#x80FD;&#x3002;&#x4E00;&#x65E6;&#x6211;&#x4EEC;&#x53D6;&#x5F97;&#x5B8C;&#x5168;&#x80DC;&#x5229;&#xFF0C;&#x6218;&#x4E89;&#x81EA;&#x7136;&#x4F1A;&#x7ED3;&#x675F;&#x3002;</Chinese>
	</TEXT>
	<TEXT>
		<Tag>AI_DIPLO_GREETINGS_ATT_FR_LEADER_WILLEM_VAN_ORANJE_1</Tag>
		<English>Welcome, [CT_NAME]. I can always spare a few moments to converse with friends and allies.</English>
<L1 /><L2 /><L3 /><L4 />
		<Chinese>&#x6B22;&#x8FCE;&#xFF0C;[CT_NAME]&#x3002;&#x6211;&#x59CB;&#x7EC8;&#x613F;&#x610F;&#x817E;&#x51FA;&#x4E9B;&#x65F6;&#x95F4;&#x548C;&#x670B;&#x53CB;&#x6216;&#x76DF;&#x53CB;&#x4EA4;&#x8C08;&#x3002;</Chinese>
	</TEXT>
	<TEXT>
		<Tag>AI_DIPLO_GREETINGS_ATT_FUR_LEADER_WILLEM_VAN_ORANJE_1</Tag>
		<English>I'm listening.</English>
<L1 /><L2 /><L3 /><L4 />
		<Chinese>&#x6211;&#x5728;&#x542C;&#x3002;</Chinese>
	</TEXT>
	<TEXT>
		<Tag>AI_DIPLO_DEMAND_TRIBUTE_POWER_WEAKER_WILLEM_VAN_ORANJE_1</Tag>
		<English>Can you spare us this, [CT_NAME]? I would be extremely grateful for your assistance.</English>
<L1 /><L2 /><L3 /><L4 />
		<Chinese>&#x80FD;&#x628A;&#x8FD9;&#x4E2A;&#x9001;&#x7ED9;&#x6211;&#x4EEC;&#x5417;&#xFF0C;[CT_NAME]&#xFF1F;&#x6211;&#x5C06;&#x5BF9;&#x60A8;&#x7684;&#x5E2E;&#x52A9;&#x611F;&#x6FC0;&#x6D95;&#x96F6;&#x3002;</Chinese>
	</TEXT>
	<TEXT>
		<Tag>AI_DIPLO_DEMAND_TRIBUTE_POWER_EQUAL_WILLEM_VAN_ORANJE_1</Tag>
		<English>It would be diplomatically expedient to give us what we want, [CT_NAME]?</English>
<L1 /><L2 /><L3 /><L4 />
		<Chinese>&#x7B97;&#x662F;&#x5916;&#x4EA4;&#x4E0A;&#x7684;&#x6743;&#x5B9C;&#x4E4B;&#x8BA1;&#xFF0C;&#x4EA4;&#x51FA;&#x6211;&#x4EEC;&#x6240;&#x9700;&#x8981;&#x7684;&#x4E00;&#x5207;&#xFF0C;&#x600E;&#x4E48;&#x6837;[CT_NAME]&#xFF1F;</Chinese>
	</TEXT>
	<TEXT>
		<Tag>AI_DIPLO_DEMAND_TRIBUTE_POWER_STRONGER_WILLEM_VAN_ORANJE_1</Tag>
		<English>Time to pay the piper, [CT_NAME].</English>
<L1 /><L2 /><L3 /><L4 />
		<Chinese>&#x662F;&#x65F6;&#x5019;&#x7ED3;&#x7B97;&#x4E86;&#xFF0C;[CT_NAME]&#x3002;</Chinese>
	</TEXT>
	<TEXT>
		<Tag>AI_DIPLO_FIRST_CONTACT_LEADER_SULEIMAN_1</Tag>
		<English>Well met, [CT_NAME]! I am [OUR_NAME] the Magnificent. Come - sit and bathe in my glory while we discuss many things.</English>
<L1 /><L2 /><L3 /><L4 />
		<Chinese>&#x4F60;&#x597D;&#xFF0C;[CT_NAME]&#xFF01;&#x6211;&#x662F;&#x4F1F;&#x5927;&#x7684;[OUR_NAME]&#x3002;&#x6765;&#xFF0C;&#x8BF7;&#x5750;&#xFF0C;&#x5728;&#x6211;&#x4EEC;&#x8BA8;&#x8BBA;&#x4E8B;&#x52A1;&#x65F6;&#x597D;&#x597D;&#x4EAB;&#x53D7;&#x6211;&#x7684;&#x8363;&#x8000;&#x7684;&#x6C90;&#x6D74;&#x5427;&#x3002;</Chinese>
	</TEXT>
	<TEXT>
		<Tag>AI_DIPLO_REFUSE_TO_TALK_LEADER_SULEIMAN_1</Tag>
		<English>Not a chance.</English>
<L1 /><L2 /><L3 /><L4 />
		<Chinese>&#x6CA1;&#x6709;&#x4EFB;&#x4F55;&#x53EF;&#x80FD;&#x3002;</Chinese>
	</TEXT>
	<TEXT>
		<Tag>AI_DIPLO_NO_PEACE_LEADER_SULEIMAN_1</Tag>
		<English>That would be unwise at the moment. The war shall continue.</English>
<L1 /><L2 /><L3 /><L4 />
		<Chinese>&#x5C31;&#x76EE;&#x524D;&#x800C;&#x8A00;&#xFF0C;&#x8FD9;&#x662F;&#x4E00;&#x4E2A;&#x4E0D;&#x660E;&#x667A;&#x7684;&#x51B3;&#x7B56;&#x3002;&#x6218;&#x4E89;&#x5FC5;&#x5C06;&#x5EF6;&#x7EED;&#x3002;</Chinese>
	</TEXT>
	<TEXT>
		<Tag>AI_DIPLO_GREETINGS_ATT_FR_LEADER_SULEIMAN_1</Tag>
		<English>My palace is always open to you, [CT_NAME], oh wise and generous leader of [CT_CIV_SHORT].</English>
<L1 /><L2 /><L3 /><L4 />
		<Chinese>&#x6211;&#x7684;&#x5BAB;&#x6BBF;&#x59CB;&#x7EC8;&#x5BF9;&#x60A8;&#x5F00;&#x653E;&#xFF0C;[CT_NAME]&#xFF0C;&#x777F;&#x667A;&#x800C;&#x6177;&#x6168;&#x7684;[CT_CIV_SHORT]&#x9886;&#x8896;.</Chinese>
	</TEXT>
	<TEXT>
		<Tag>AI_DIPLO_GREETINGS_ATT_FUR_LEADER_SULEIMAN_1</Tag>
		<English>Well? Get on with it! Every moment that I spend gazing upon your wizened visage is painful to me.</English>
<L1 /><L2 /><L3 /><L4 />
		<Chinese>&#x55EF;&#xFF1F;&#x6709;&#x8BDD;&#x5FEB;&#x8BF4;&#xFF01;&#x6BCF;&#x6B21;&#x770B;&#x5230;&#x4F60;&#x90A3;&#x5E72;&#x762A;&#x7684;&#x8138;&#x90FD;&#x8BA9;&#x6211;&#x96BE;&#x53D7;&#x3002;</Chinese>
	</TEXT>
	<TEXT>
		<Tag>AI_DIPLO_DEMAND_TRIBUTE_POWER_WEAKER_SULEIMAN_1</Tag>
		<English>Would you care to give [OUR_CIV_SHORT] a small token of your affection, [CT_NAME]?</English>
<L1 /><L2 /><L3 /><L4 />
		<Chinese>&#x60A8;&#x4E0D;&#x4ECB;&#x610F;&#x8D60;&#x4E88;[OUR_CIV_SHORT]&#x4E00;&#x4EFD;&#x60A8;&#x5F71;&#x54CD;&#x529B;&#x7684;&#x8C61;&#x5F81;&#x5427;&#xFF0C;[CT_NAME]&#xFF1F;</Chinese>
	</TEXT>
	<TEXT>
		<Tag>AI_DIPLO_DEMAND_TRIBUTE_POWER_EQUAL_SULEIMAN_1</Tag>
		<English>It is wise for inferior cultures to shower their betters with gifts, don't you think?</English>
<L1 /><L2 /><L3 /><L4 />
		<Chinese>&#x5BF9;&#x4E8E;&#x52A3;&#x7B49;&#x7684;&#x6587;&#x660E;&#xFF0C;&#x6CA1;&#x6709;&#x4EC0;&#x4E48;&#x80FD;&#x6BD4;&#x5411;&#x4F18;&#x8D8A;&#x6587;&#x660E;&#x8FDB;&#x8D21;&#x793C;&#x54C1;&#x66F4;&#x660E;&#x667A;&#x7684;&#x4E8B;&#x4E86;&#xFF0C;&#x96BE;&#x9053;&#x4F60;&#x4E0D;&#x662F;&#x8FD9;&#x6837;&#x8BA4;&#x4E3A;&#x7684;&#x5417;&#xFF1F;</Chinese>
	</TEXT>
	<TEXT>
		<Tag>AI_DIPLO_DEMAND_TRIBUTE_POWER_STRONGER_SULEIMAN_1</Tag>
		<English>Our protection comes at a price, [CT_NAME]. Pay up or suffer the consequences.</English>
<L1 /><L2 /><L3 /><L4 />
		<Chinese>&#x6211;&#x4EEC;&#x7684;&#x4FDD;&#x62A4;&#x662F;&#x6709;&#x507F;&#x7684;&#xFF0C;[CT_NAME]&#x3002;&#x5FEB;&#x4ED8;&#x4FDD;&#x62A4;&#x8D39;&#xFF0C;&#x5426;&#x5219;&#x7B49;&#x7740;&#x77A7;&#x3002;</Chinese>
	</TEXT>
	<TEXT>
		<Tag>AI_DIPLO_FIRST_CONTACT_LEADER_DARIUS_1</Tag>
		<English>I, [OUR_NAME], welcome [CT_NAME], ruler of the upstart nation of [CT_CIV_SHORT].</English>
<L1 /><L2 /><L3 /><L4 />
		<Chinese>&#x6211;&#xFF0C;[OUR_NAME]&#xFF0C;&#x5FEB;&#x901F;&#x5D1B;&#x8D77;&#x7684;[CT_CIV_SHORT]&#x7684;&#x7EDF;&#x6CBB;&#x8005;&#xFF0C;&#x6B22;&#x8FCE;&#x4F60;&#xFF0C;[CT_NAME]&#x3002;</Chinese>
	</TEXT>
	<TEXT>
		<Tag>AI_DIPLO_REFUSE_TO_TALK_LEADER_DARIUS_1</Tag>
		<English>I will not speak with you!</English>
<L1 /><L2 /><L3 /><L4 />
		<Chinese>&#x6211;&#x61D2;&#x5F97;&#x548C;&#x4F60;&#x8BF4;&#x8BDD;&#x3002;</Chinese>
	</TEXT>
	<TEXT>
		<Tag>AI_DIPLO_NO_PEACE_LEADER_DARIUS_1</Tag>
		<English>Grovel all you want, [CT_NAME]. It will not save your pitiful people from their destruction!</English>
<L1 /><L2 /><L3 /><L4 />
		<Chinese>&#x4F60;&#x53EF;&#x4EE5;&#x5230;&#x5904;&#x53BB;&#x8BA4;&#x4E3B;&#x4EBA;&#xFF0C;[CT_NAME]&#x3002;&#x4F46;&#x5373;&#x4F7F;&#x90A3;&#x6837;&#x4E5F;&#x6CA1;&#x6CD5;&#x5E2E;&#x52A9;&#x4F60;&#x53EF;&#x601C;&#x7684;&#x6C11;&#x65CF;&#x9003;&#x79BB;&#x6BC1;&#x706D;&#x7684;&#x547D;&#x8FD0;&#xFF01;</Chinese>
	</TEXT>
	<TEXT>
		<Tag>AI_DIPLO_GREETINGS_ATT_FR_LEADER_DARIUS_1</Tag>
		<English>Back again, eh? What is it this time?</English>
<L1 /><L2 /><L3 /><L4 />
		<Chinese>&#x60A8;&#x53C8;&#x56DE;&#x6765;&#x4E86;&#x5417;&#xFF1F;&#x8FD9;&#x6B21;&#x60A8;&#x5E26;&#x6765;&#x4E86;&#x4EC0;&#x4E48;&#xFF1F;</Chinese>
	</TEXT>
	<TEXT>
		<Tag>AI_DIPLO_GREETINGS_ATT_FUR_LEADER_DARIUS_1</Tag>
		<English>Well look what the goat dragged in.</English>
<L1 /><L2 /><L3 /><L4 />
		<Chinese>&#x8BA9;&#x6211;&#x4EEC;&#x770B;&#x770B;&#x8FD9;&#x5934;&#x5C71;&#x7F8A;&#x62D6;&#x6765;&#x4E86;&#x4EC0;&#x4E48;&#xFF1F;</Chinese>
	</TEXT>
	<TEXT>
		<Tag>AI_DIPLO_DEMAND_TRIBUTE_POWER_WEAKER_DARIUS_1</Tag>
		<English>We need this. Now. Thank you for your cooperation.</English>
<L1 /><L2 /><L3 /><L4 />
		<Chinese>&#x73B0;&#x5728;&#x6211;&#x4EEC;&#x9700;&#x8981;&#x8FD9;&#x4E2A;&#xFF0C;&#x6211;&#x4EEC;&#x4F1A;&#x611F;&#x8C22;&#x60A8;&#x7684;&#x5408;&#x4F5C;&#x7684;&#x3002;</Chinese>
	</TEXT>
	<TEXT>
		<Tag>AI_DIPLO_DEMAND_TRIBUTE_POWER_EQUAL_DARIUS_1</Tag>
		<English>You should give us what we want, [CT_NAME] - your people's future depends upon it.</English>
<L1 /><L2 /><L3 /><L4 />
		<Chinese>&#x4F60;&#x5E94;&#x8BE5;&#x7ED9;&#x6211;&#x4EEC;&#x8FD9;&#x4E2A;&#xFF0C;[CT_NAME]&#xFF0C;&#x8FD9;&#x51B3;&#x5B9A;&#x4E86;&#x4F60;&#x7684;&#x4EBA;&#x6C11;&#x7684;&#x672A;&#x6765;&#x3002;</Chinese>
	</TEXT>
	<TEXT>
		<Tag>AI_DIPLO_DEMAND_TRIBUTE_POWER_STRONGER_DARIUS_1</Tag>
		<English>I'm all about the bling, [CT_NAME]. Hand it over or suffer the consequences.</English>
<L1 /><L2 /><L3 /><L4 />
		<Chinese>&#x6211;&#x6709;&#x610F;&#x70AB;&#x8000;&#x6211;&#x7684;&#x529B;&#x91CF;&#xFF0C;[CT_NAME]&#x3002;&#x4EA4;&#x51FA;&#x6765;&#xFF0C;&#x5426;&#x5219;&#x540E;&#x679C;&#x81EA;&#x8D1F;&#x3002;</Chinese>
	</TEXT>
	<TEXT>
		<Tag>AI_DIPLO_FIRST_CONTACT_LEADER_JOAO_1</Tag>
		<English>Congratulations, [CT_NAME]! At last your explorations have led you to me!</English>
<L1 /><L2 /><L3 /><L4 />
		<Chinese>&#x606D;&#x559C;&#xFF0C;[CT_NAME]&#xFF01;&#x4E0D;&#x61C8;&#x7684;&#x63A2;&#x7D22;&#x7EC8;&#x4E8E;&#x8BA9;&#x6211;&#x4EEC;&#x8D70;&#x5230;&#x4E86;&#x4E00;&#x8D77;&#x3002;</Chinese>
	</TEXT>
	<TEXT>
		<Tag>AI_DIPLO_REFUSE_TO_TALK_LEADER_JOAO_1</Tag>
		<English>Go away, you vile person!</English>
<L1 /><L2 /><L3 /><L4 />
		<Chinese>&#x79BB;&#x6211;&#x8FDC;&#x70B9;&#xFF0C;&#x4F60;&#x8FD9;&#x4E2A;&#x90AA;&#x6076;&#x7684;&#x5BB6;&#x4F19;&#xFF01;</Chinese>
	</TEXT>
	<TEXT>
		<Tag>AI_DIPLO_NO_PEACE_LEADER_JOAO_1</Tag>
		<English>Not while there are still so many [CT_CIV_ADJ] warriors to slaughter!</English>
<L1 /><L2 /><L3 /><L4 />
		<Chinese>&#x5F53;&#x8FD8;&#x6709;&#x5982;&#x6B64;&#x591A;&#x7684;[CT_CIV_ADJ]&#x6218;&#x58EB;&#x53EF;&#x4EE5;&#x5C60;&#x6740;&#x65F6;&#xFF0C;&#x6211;&#x5F53;&#x7136;&#x4F1A;&#x8BF4;&#x4E0D;&#xFF01;</Chinese>
	</TEXT>
	<TEXT>
		<Tag>AI_DIPLO_GREETINGS_ATT_FR_LEADER_JOAO_1</Tag>
		<English>I greet you with effusive ebullience, my good friend.</English>
<L1 /><L2 /><L3 /><L4 />
		<Chinese>&#x89C1;&#x5230;&#x4F60;&#x771F;&#x8BA9;&#x6211;&#x9AD8;&#x5174;&#xFF0C;&#x8BF7;&#x63A5;&#x53D7;&#x6700;&#x9686;&#x91CD;&#x7684;&#x6B22;&#x8FCE;&#xFF0C;&#x6211;&#x7684;&#x597D;&#x670B;&#x53CB;&#x3002;</Chinese>
	</TEXT>
	<TEXT>
		<Tag>AI_DIPLO_GREETINGS_ATT_FUR_LEADER_JOAO_1</Tag>
		<English>What now?</English>
<L1 /><L2 /><L3 /><L4 />
		<Chinese>&#x73B0;&#x5728;&#x4F60;&#x60F3;&#x8BF4;&#x4EC0;&#x4E48;&#xFF1F;</Chinese>
	</TEXT>
	<TEXT>
		<Tag>AI_DIPLO_DEMAND_TRIBUTE_POWER_WEAKER_JOAO_1</Tag>
		<English>If it pleases you, [CT_NAME], [OUR_CIV_SHORT] could use a little assistance.</English>
<L1 /><L2 /><L3 /><L4 />
		<Chinese>&#x5982;&#x679C;&#x4E0D;&#x626B;&#x5174;&#x7684;&#x8BDD;&#xFF0C;[CT_NAME]&#xFF0C;[OUR_CIV_SHORT]&#x5E0C;&#x671B;&#x83B7;&#x5F97;&#x60A8;&#x7684;&#x5E2E;&#x52A9;&#x3002;</Chinese>
	</TEXT>
	<TEXT>
		<Tag>AI_DIPLO_DEMAND_TRIBUTE_POWER_EQUAL_JOAO_1</Tag>
		<English>We could use your aid, [CT_NAME]. Can you spare us this?</English>
<L1 /><L2 /><L3 /><L4 />
		<Chinese>&#x6211;&#x60F3;&#x6211;&#x4EEC;&#x53EF;&#x4EE5;&#x8BF7;&#x6C42;&#x4F60;&#x7684;&#x5E2E;&#x52A9;&#xFF0C;[CT_NAME]&#x3002;&#x80FD;&#x628A;&#x8FD9;&#x4E2A;&#x8BA9;&#x7ED9;&#x6211;&#x4EEC;&#x5417;&#xFF1F;</Chinese>
	</TEXT>
	<TEXT>
		<Tag>AI_DIPLO_DEMAND_TRIBUTE_POWER_STRONGER_JOAO_1</Tag>
		<English>[CT_NAME], I'm making you an offer you can't refuse.</English>
<L1 /><L2 /><L3 /><L4 />
		<Chinese>[CT_NAME]&#xFF0C;&#x6211;&#x63D0;&#x51FA;&#x7684;&#x53EF;&#x662F;&#x4E00;&#x4EFD;&#x4F60;&#x6CA1;&#x6709;&#x4EFB;&#x4F55;&#x7406;&#x7531;&#x62D2;&#x7EDD;&#x7684;&#x5EFA;&#x8BAE;&#x3002;</Chinese>
	</TEXT>
	<TEXT>
		<Tag>AI_DIPLO_FIRST_CONTACT_LEADER_GILGAMESH_1</Tag>
		<English>Welcome, puny mortal. I am [OUR_NAME], divine leader of [OUR_CIV_SHORT]. How can you assist me?</English>
<L1 /><L2 /><L3 /><L4 />
		<Chinese>&#x6B22;&#x8FCE;&#xFF0C;&#x7626;&#x5F31;&#x7684;&#x51E1;&#x4EBA;&#x3002;&#x6211;&#x662F;[OUR_NAME]&#xFF0C;[OUR_CIV_SHORT]&#x795E;&#x5723;&#x7684;&#x9886;&#x8896;&#x3002; &#x4F60;&#x613F;&#x610F;&#x5982;&#x4F55;&#x534F;&#x52A9;&#x6211;&#xFF1F;</Chinese>
	</TEXT>
	<TEXT>
		<Tag>AI_DIPLO_REFUSE_TO_TALK_LEADER_GILGAMESH_1</Tag>
		<English>No! Your prayers will remain unanswered!</English>
<L1 /><L2 /><L3 /><L4 />
		<Chinese>&#x4E0D;&#x884C;&#xFF01;&#x4F60;&#x7684;&#x7948;&#x7977;&#x8FD8;&#x6CA1;&#x6709;&#x5F97;&#x5230;&#x795E;&#x7684;&#x56DE;&#x5E94;&#xFF01;</Chinese>
	</TEXT>
	<TEXT>
		<Tag>AI_DIPLO_NO_PEACE_LEADER_GILGAMESH_1</Tag>
		<English>This war will continue until my divine bloodlust is completely sated.</English>
<L1 /><L2 /><L3 /><L4 />
		<Chinese>&#x8FD9;&#x573A;&#x6218;&#x4E89;&#x6CA1;&#x6709;&#x7ED3;&#x675F;&#x7684;&#x53EF;&#x80FD;&#xFF0C;&#x76F4;&#x5230;&#x795E;&#x6388;&#x4E8E;&#x6211;&#x7684;&#x55DC;&#x6740;&#x5929;&#x6027;&#x4E5F;&#x4E3A;&#x4E4B;&#x53CD;&#x80C3;&#x4E4B;&#x65F6;&#x3002;</Chinese>
	</TEXT>
	<TEXT>
		<Tag>AI_DIPLO_GREETINGS_ATT_FR_LEADER_GILGAMESH_1</Tag>
		<English>You are truly blessed to come once more into my divine presence, [CT_NAME]. I assume that you've brought gifts?</English>
<L1 /><L2 /><L3 /><L4 />
		<Chinese>&#x4F60;&#x4E00;&#x5B9A;&#x662F;&#x88AB;&#x795E;&#x660E;&#x6240;&#x6307;&#x5F15;&#xFF0C;&#x518D;&#x6B21;&#x524D;&#x6765;&#x4EF0;&#x671B;&#x6211;&#x5929;&#x795E;&#x822C;&#x7684;&#x4EEA;&#x6001;&#x7684;&#xFF0C;[CT_NAME]&#x3002;&#x6211;&#x60F3;&#xFF0C;&#x4F60;&#x4E00;&#x5B9A;&#x6CA1;&#x6709;&#x5FD8;&#x8BB0;&#x5E26;&#x793C;&#x7269;&#x6765;&#x5427;&#xFF1F;</Chinese>
	</TEXT>
	<TEXT>
		<Tag>AI_DIPLO_GREETINGS_ATT_FUR_LEADER_GILGAMESH_1</Tag>
		<English>Speak quickly before I open a big old can of divine wrath on you, false one!</English>
<L1 /><L2 /><L3 /><L4 />
		<Chinese>&#x5FEB;&#x70B9;&#x628A;&#x8BDD;&#x8BB2;&#x5B8C;&#xFF0C;&#x53E3;&#x871C;&#x8179;&#x5251;&#x7684;&#x5BB6;&#x4F19;&#xFF01;&#x514D;&#x5F97;&#x6211;&#x53EC;&#x5524;&#x53E4;&#x8001;&#x5F3A;&#x5927;&#x7684;&#x5929;&#x60E9;&#x964D;&#x5230;&#x4F60;&#x5934;&#x4E0A;&#x3002;</Chinese>
	</TEXT>
	<TEXT>
		<Tag>AI_DIPLO_DEMAND_TRIBUTE_POWER_WEAKER_GILGAMESH_1</Tag>
		<English>Even the most inferior culture may have something to contribute to [OUR_CIV_SHORT]'s greatness, [CT_NAME]. For example:</English>
<L1 /><L2 /><L3 /><L4 />
		<Chinese>&#x5373;&#x4F7F;&#x662F;&#x6700;&#x4F4E;&#x52A3;&#x7684;&#x6587;&#x660E;&#x4E5F;&#x80FD;&#x5949;&#x732E;&#x6709;&#x4EF7;&#x503C;&#x7684;&#x4E1C;&#x897F;&#x6765;&#x5F70;&#x663E;[OUR_CIV_SHORT]&#x7684;&#x4F1F;&#x5927;&#xFF0C;[CT_NAME]&#xFF0C;&#x6BD4;&#x5982;&#x8BF4;&#x8FD9;&#x4E9B;&#xFF1A;</Chinese>
	</TEXT>
	<TEXT>
		<Tag>AI_DIPLO_DEMAND_TRIBUTE_POWER_EQUAL_GILGAMESH_1</Tag>
		<English>Decide now, [CT_NAME]: deal, or no deal.</English>
<L1 /><L2 /><L3 /><L4 />
		<Chinese>&#x5FEB;&#x505A;&#x51B3;&#x5B9A;&#xFF0C;[CT_NAME]&#xFF1A;&#x540C;&#x610F;&#xFF0C;&#x8FD8;&#x662F;&#x4E0D;&#x540C;&#x610F;&#x3002;</Chinese>
	</TEXT>
	<TEXT>
		<Tag>AI_DIPLO_DEMAND_TRIBUTE_POWER_STRONGER_GILGAMESH_1</Tag>
		<English>If you wish for your puny civilization to survive, I urge you to make a small donation to us. Immediately.</English>
<L1 /><L2 /><L3 /><L4 />
		<Chinese>&#x5982;&#x679C;&#x4F60;&#x4F01;&#x671B;&#x8BA9;&#x4F60;&#x5B71;&#x5F31;&#x7684;&#x6587;&#x660E;&#x82DF;&#x5EF6;&#x6B8B;&#x5598;&#xFF0C;&#x6211;&#x5EFA;&#x8BAE;&#x4F60;&#x8FD8;&#x662F;&#x5411;&#x6211;&#x4EEC;&#x8FDB;&#x732E;&#x4E9B;&#x5C0F;&#x5C0F;&#x7684;&#x8D21;&#x54C1;&#xFF0C;&#x5FEB;&#x4F5C;&#x51B3;&#x5B9A;&#x3002;</Chinese>
	</TEXT>
	<TEXT>
		<Tag>AI_DIPLO_FIRST_CONTACT_LEADER_BOUDICA_1</Tag>
		<English>Welcome, [CT_NAME]! Mighty [OUR_CIV_SHORT] seeks peace with your weak little civilization. For the moment, that is.</English>
<L1 /><L2 /><L3 /><L4 />
		<Chinese>&#x6B22;&#x8FCE;&#xFF0C;[CT_NAME]&#xFF01;&#x5F3A;&#x5927;&#x7684;[OUR_CIV_SHORT]&#x4F9D;&#x7136;&#x5BFB;&#x6C42;&#x548C;&#x4F60;&#x90A3;&#x5F31;&#x5C0F;&#x7684;&#x6587;&#x660E;&#x7EF4;&#x6301;&#x548C;&#x5E73;&#xFF0C;&#x5F53;&#x7136;&#xFF0C;&#x4EC5;&#x4EC5;&#x662F;&#x6682;&#x65F6;&#x7684;&#x3002;</Chinese>
	</TEXT>
	<TEXT>
		<Tag>AI_DIPLO_REFUSE_TO_TALK_LEADER_BOUDICA_1</Tag>
		<English>Go away before I throw you to the badgers!</English>
<L1 /><L2 /><L3 /><L4 />
		<Chinese>&#x5728;&#x6211;&#x52A8;&#x5FF5;&#x628A;&#x4F60;&#x6254;&#x5230;&#x737E;&#x7FA4;&#x4E2D;&#x524D;&#xFF0C;&#x8D76;&#x7D27;&#x6EDA;&#xFF01;</Chinese>
	</TEXT>
	<TEXT>
		<Tag>AI_DIPLO_NO_PEACE_LEADER_BOUDICA_1</Tag>
		<English>Don't make me laugh!</English>
<L1 /><L2 /><L3 /><L4 />
		<Chinese>&#x522B;&#x5F15;&#x6211;&#x53D1;&#x7B11;&#xFF01;</Chinese>
	</TEXT>
	<TEXT>
		<Tag>AI_DIPLO_GREETINGS_ATT_FR_LEADER_BOUDICA_1</Tag>
		<English>Greetings, [CT_NAME]! Let us mount my mighty chariot and hunt down some barbarians! You can ride "shotgun!"</English>
<L1 /><L2 /><L3 /><L4 />
		<Chinese>&#x6B22;&#x8FCE;&#xFF0C;[CT_NAME]&#xFF01;&#x8BA9;&#x6211;&#x4EEC;&#x9A7E;&#x7740;&#x6211;&#x7CBE;&#x826F;&#x7684;&#x6218;&#x8F66;&#x730E;&#x6740;&#x91CE;&#x86EE;&#x4EBA;&#x5427;&#xFF01;&#x55EF;&#xFF0C;&#x6211;&#x5141;&#x8BB8;&#x4F60;&#x4F7F;&#x7528;&#x201C;&#x730E;&#x67AA;&#x201D;! </Chinese>
	</TEXT>
	<TEXT>
		<Tag>AI_DIPLO_GREETINGS_ATT_FUR_LEADER_BOUDICA_1</Tag>
		<English>Go ahead: Make my day. </English>
<L1 /><L2 /><L3 /><L4 />
		<Chinese>&#x5FEB;&#x8BF4;&#xFF0C;&#x522B;&#x8BA9;&#x6211;&#x8017;&#x4E0A;&#x4E00;&#x5929;&#x3002;</Chinese>
	</TEXT>
	<TEXT>
		<Tag>AI_DIPLO_DEMAND_TRIBUTE_POWER_WEAKER_BOUDICA_1</Tag>
		<English>Could you spare your good friends a small gift?</English>
<L1 /><L2 /><L3 /><L4 />
		<Chinese>&#x60A8;&#x80FD;&#x7ED9;&#x597D;&#x670B;&#x53CB;&#x4E00;&#x4EFD;&#x5C0F;&#x793C;&#x7269;&#x5417;&#xFF1F;</Chinese>
	</TEXT>
	<TEXT>
		<Tag>AI_DIPLO_DEMAND_TRIBUTE_POWER_EQUAL_BOUDICA_1</Tag>
		<English>Give us this, [CT_NAME]. Frankly you need all of the friends you can get.</English>
<L1 /><L2 /><L3 /><L4 />
		<Chinese>&#x7ED9;&#x6211;&#x4EEC;&#x8FD9;&#x4E2A;&#xFF0C;[CT_NAME]&#x3002;&#x5766;&#x7387;&#x5730;&#x8BF4;&#xFF0C;&#x4F60;&#x9700;&#x8981;&#x62C9;&#x62E2;&#x6240;&#x6709;&#x53EF;&#x80FD;&#x7684;&#x76DF;&#x53CB;&#x3002;</Chinese>
	</TEXT>
	<TEXT>
		<Tag>AI_DIPLO_DEMAND_TRIBUTE_POWER_STRONGER_BOUDICA_1</Tag>
		<English>Give until it hurts, [CT_NAME].</English>
<L1 /><L2 /><L3 /><L4 />
		<Chinese>&#x4EA4;&#x51FA;&#x4E00;&#x5207;&#xFF0C;&#x5373;&#x4F7F;&#x4F60;&#x5FC3;&#x75DB;&#x8089;&#x75DB;&#xFF0C;[CT_NAME]&#x3002;</Chinese>
	</TEXT>
</Civ4GameText>
