<?xml version="1.0" encoding="GB2312"?>
<!-- edited with XMLSPY v2004 rel. 2 U (http://www.xmlspy.com) by lcollins (Firaxis Games) -->
<!-- freesand leo -->
<Civ4GameText xmlns="http://www.firaxis.com">
	<TEXT>
		<Tag>TXT_KEY_CONCEPT_SEA_TRADE_PEDIA_TR</Tag>
		<English>[H1]Naval Trade Routes[\H1][PARAGRAPH:2]In Beyond the Sword, trade routes across water tiles can now be blockaded by enemy ships. The "Blockade Mission" can only be performed by Naval Units and is most effective when performed in close proximity to an enemy city. In general, this means that the "Blockade" mission works best between players at war. The lone exception to this rule is when players use the [LINK=UNIT_PRIVATEER]Privateer[\LINK] unit, which can effectively blockade at any time.[PARAGRAPH:1]By choosing the "Blockade Mission," a Naval Unit may prevent enemy trade routes from passing through the area which they are blockading, effectively preventing enemies from gaining any gold from that route. Blockaded regions appear as large striped zones stretching outward from the unit performing the mission. If an enemy city falls within this zone, players can ensure that no overseas trade will reach this city! If a city is blockaded by a Privateer while two nations are at peace, the blockading player will receive a portion of the gold from the blockaded routes.</English>
<L1 /><L2 /><L3 /><L4 />
		<Chinese>[H1]&#x6D77;&#x4E0A;&#x5546;&#x8DEF;[\H1][PARAGRAPH:2]&#x5728;&#x201C;&#x5200;&#x5251;&#x4E4B;&#x4E0A;&#x201D;&#x4E2D;&#xFF0C;&#x5546;&#x8DEF;&#x901A;&#x8FC7;&#x7684;&#x6C34;&#x533A;&#x53EF;&#x80FD;&#x88AB;&#x654C;&#x65B9;&#x8230;&#x8239;&#x5C01;&#x9501;&#x3002;&#x5C01;&#x9501;&#x4EFB;&#x52A1;&#x53EA;&#x80FD;&#x7531;&#x6D77;&#x519B;&#x5355;&#x4F4D;&#x6765;&#x6267;&#x884C;&#xFF0C;&#x5728;&#x4E34;&#x8FD1;&#x654C;&#x65B9;&#x57CE;&#x5E02;&#x7684;&#x6C34;&#x57DF;&#x6267;&#x884C;&#x5C01;&#x9501;&#x4EFB;&#x52A1;&#x6548;&#x679C;&#x6700;&#x597D;&#x3002;&#x5C01;&#x9501;&#x522B;&#x56FD;&#x5546;&#x8DEF;&#x7684;&#x60C5;&#x51B5;&#x901A;&#x5E38;&#x662F;&#x5728;&#x6218;&#x4E89;&#x72B6;&#x6001;&#x4E0B;&#x53D1;&#x751F;&#x7684;&#xFF0C;&#x552F;&#x4E00;&#x7684;&#x4F8B;&#x5916;&#x662F;[LINK=UNIT_PRIVATEER]&#x79C1;&#x63A0;&#x8230;[\LINK]&#x7684;&#x4F7F;&#x7528;&#xFF0C;&#x8FD9;&#x79CD;&#x5355;&#x4F4D;&#x53EF;&#x4EE5;&#x5728;&#x4EFB;&#x4F55;&#x65F6;&#x5019;&#x5C01;&#x9501;&#x522B;&#x56FD;&#x5546;&#x8DEF;&#x3002;[PARAGRAPH:1]&#x5F53;&#x67D0;&#x4E2A;&#x6D77;&#x519B;&#x5355;&#x4F4D;&#x6267;&#x884C;&#x201C;&#x5C01;&#x9501;&#x201D;&#x4EFB;&#x52A1;&#x65F6;&#xFF0C;&#x5C06;&#x53EF;&#x963B;&#x6B62;&#x654C;&#x65B9;&#x7ECF;&#x8FC7;&#x8BE5;&#x5904;&#x8FDB;&#x884C;&#x8D38;&#x6613;&#xFF0C;&#x4F7F;&#x5176;&#x65E0;&#x6CD5;&#x83B7;&#x5F97;&#x5546;&#x8DEF;&#x7684;&#x6536;&#x76CA;&#x3002;&#x5C01;&#x9501;&#x5F71;&#x54CD;&#x8303;&#x56F4;&#x5C06;&#x663E;&#x793A;&#x4E3A;&#x4EE5;&#x8BE5;&#x6D77;&#x519B;&#x5355;&#x4F4D;&#x4E3A;&#x4E2D;&#x5FC3;&#x753B;&#x6709;&#x659C;&#x6761;&#x7EB9;&#x7684;&#x533A;&#x57DF;&#x3002;&#x5982;&#x679C;&#x654C;&#x65B9;&#x57CE;&#x5E02;&#x5728;&#x5C01;&#x9501;&#x8303;&#x56F4;&#x4E4B;&#x5185;&#xFF0C;&#x5219;&#x8BE5;&#x57CE;&#x5E02;&#x7684;&#x5168;&#x90E8;&#x6D77;&#x5916;&#x5546;&#x8DEF;&#x5747;&#x5C06;&#x88AB;&#x5207;&#x65AD;&#xFF01;&#x5982;&#x679C;&#x67D0;&#x56FD;&#x672A;&#x7ECF;&#x5BA3;&#x6218;&#x800C;&#x4F7F;&#x7528;&#x79C1;&#x63A0;&#x8230;&#x5C01;&#x9501;&#x522B;&#x56FD;&#x57CE;&#x5E02;&#xFF0C;&#x8FD8;&#x53EF;&#x83B7;&#x53D6;&#x88AB;&#x5C01;&#x9501;&#x5546;&#x8DEF;&#x7684;&#x90E8;&#x5206;&#x6536;&#x76CA;&#x3002;</Chinese>
	</TEXT>
	<TEXT>
		<Tag>TXT_KEY_BTS_RULES_CHANGES_PEDIA_SR</Tag>
		<English>[H1]Beyond the Sword Rules Changes[\H1][NEWLINE][NEWLINE][BOLD]Tech Changes[\BOLD][NEWLINE]Selecting the "No Tech Brokering" Option makes it impossible for players to trade Technologies that they have not researched themselves[NEWLINE][LINK=TECH_FIBER_OPTICS]Fiber Optics[\LINK] requires [LINK=TECH_LASER]Laser[\LINK] or [LINK=TECH_COMPUTERS]Computers[\LINK][NEWLINE][LINK=TECH_ROBOTICS]Robotics[\LINK] no longer directly requires [LINK=TECH_PLASTICS]Plastics[\LINK][NEWLINE][LINK=TECH_COMPUTERS]Computers[\LINK] requires [LINK=TECH_PLASTICS]Plastics[\LINK][NEWLINE][NEWLINE][BOLD]Building Changes[\BOLD][NEWLINE][LINK=BUILDING_AIRPORT]Airports[\LINK] provide +3 XP to all Air Units and allows four extra air units to be housed in a city (for a total of eight)[NEWLINE]The [LINK=BUILDING_PALACE]Palace[\LINK] provides +4 Espionage Points per turn[NEWLINE]The [LINK=BUILDING_COURTHOUSE]Courthouse[\LINK] provides +2 espionage points and 1 spy specialist[NEWLINE]The [LINK=BUILDING_CASTLE]Castle[\LINK] provides +25%% espionage points[NEWLINE]The [LINK=BUILDING_JAIL]Jail[\LINK] provides +4 espionage points, +50%% espionage points and 2 spy specialists[NEWLINE]The [LINK=BUILDING_LABORATORY]Laboratory[\LINK] requires [LINK=TECH_SUPERCONDUCTORS]Superconductor[\LINK][NEWLINE]The [LINK=BUILDING_FACTORY]Factory[\LINK] now causes Unhealthiness with access to Coal or Oil[NEWLINE]The [LINK=BUILDING_STABLE]Stable[\LINK] is made obsolete by [LINK=TECH_ADVANCED_FLIGHT]Advanced Flight[\LINK][NEWLINE][LINK=BUILDING_OBELISK]Monuments[\LINK] are made obsolete by [LINK=TECH_ASTRONOMY]Astronomy[\LINK][NEWLINE]The [LINK=BUILDING_MILITARY_ACADEMY]Military Academy[\LINK] can only be built after researching [LINK=TECH_MILITARY_SCIENCE]Military Science[\LINK][NEWLINE][NEWLINE][BOLD]Unit Changes[\BOLD][NEWLINE]Spies have been changed greatly. Visit [LINK=CONCEPT_ESPIONAGE]Espionage[\LINK] for more information[NEWLINE]Mounted and Helicopter Units now receive [LINK=CONCEPT_FLANK_ATTACK]Flank Attacks[\LINK] against Siege Weapons. See individual entries for further details[NEWLINE]The Japanese [LINK=UNIT_JAPAN_SAMURAI]Samurai[\LINK] now starts with the Drill I promotion[NEWLINE]The Greek [LINK=UNIT_GREEK_PHALANX]Phalanx[\LINK] replaces the [LINK=UNIT_AXEMAN]Axeman[\LINK][NEWLINE][LINK=UNIT_GRENADIER]Grenadier[\LINK] requires [LINK=TECH_MILITARY_SCIENCE]Military Science[\LINK], not [LINK=TECH_CHEMISTRY]Chemistry[\LINK][NEWLINE][LINK=UNIT_CAVALRY]Cavalry[\LINK] requires [LINK=TECH_RIFLING]Rifling[\LINK] in addition to [LINK=TECH_MILITARY_TRADITION]Military Tradition[\LINK][NEWLINE][LINK=UNIT_SAM_INFANTRY]SAM Infantry[\LINK] receive a 75%% bonus against Helicopter Units[NEWLINE]SAM units may receive the [LINK=CONCEPT_AIR_PROMOTIONS]Interception[\LINK] promotions[NEWLINE][LINK=UNIT_TRIREME]Trireme[\LINK] requires [LINK=TECH_METAL_CASTING]Metal Casting[\LINK][NEWLINE][LINK=UNIT_GUNSHIP]Gunships[\LINK] and [LINK=UNIT_JET_FIGHTER]Jet Fighters[\LINK]  require only [LINK=TECH_ADVANCED_FLIGHT]Advanced Flight[\LINK][NEWLINE][LINK=CIVILIZATION_SPAIN]Spain[\LINK] can build [LINK=UNIT_KNIGHT]Knights[\LINK], as the [LINK=UNIT_SPANISH_CONQUISTADOR]Conquistador[\LINK] replaces the [LINK=UNIT_CUIRASSIER]Cuirassier[\LINK][NEWLINE]You may only house four air units in a city at a time. With an [LINK=BUILDING_AIRPORT]Airport[\LINK] building, you may house eight[NEWLINE]The amount of experience needed to produce successive [LINK=UNIT_GREAT_GENERAL]Great Generals[\LINK] has been increased[NEWLINE]Bombarding now reduces city defenses by a fixed amount, rather than a percentage[NEWLINE][NEWLINE][BOLD]Wonder Changes[\BOLD][NEWLINE][LINK=BUILDING_SCOTLAND_YARD]Scotland Yard[\LINK] may only be built by a [LINK=UNIT_GREAT_SPY]Great Spy[\LINK] and provides +100%% espionage and +2 Great Spy points[NEWLINE]The [LINK=BUILDING_PENTAGON]Pentagon[\LINK] provides +2 Great Spy points[NEWLINE]The [LINK=BUILDING_GREAT_PALACE]Forbidden Palace[\LINK] provides +1 Great Spy points[NEWLINE]The [LINK=BUILDING_KREMLIN]Kremlin[\LINK] allows the creations of 2 spy specialists and provides +2 Great Spy points[NEWLINE][LINK=BUILDING_WEST_POINT]West Point[\LINK] provides +2 Great Spy points[NEWLINE][LINK=BUILDING_GREAT_WALL]The Great Wall[\LINK] gives two Great People points (Great Spy)[NEWLINE]The [LINK=BUILDING_SISTINE_CHAPEL]Sistine Chapel[\LINK] provides +5 culture for every state religion building in a city and can be built after researching [LINK=TECH_MUSIC]Music[\LINK][NEWLINE][LINK=BUILDING_NOTRE_DAME]Notre Dame[\LINK] provides + 2 happiness to every city on its continent and can be built after researching [LINK=TECH_ENGINEERING]Engineering[\LINK][NEWLINE][LINK=BUILDING_PARTHENON]The Parthenon[\LINK] requires [LINK=TECH_AESTHETICS]Aesthetics[\LINK][NEWLINE]The [LINK=BUILDING_HAGIA_SOPHIA]Hagia Sophia[\LINK] requires [LINK=TECH_THEOLOGY]Theology[\LINK][NEWLINE][LINK=BUILDING_STONEHENGE]Stonehenge[\LINK] obsoletes with [LINK=TECH_ASTRONOMY]Astronomy[\LINK][NEWLINE]All National Wonders now provide +1 Great Person points instead of +2[NEWLINE][NEWLINE][BOLD]Civics Changes[\BOLD][NEWLINE][LINK=CIVIC_SLAVERY]Slavery's[\LINK] upkeep has been changed to Medium[NEWLINE][LINK=CIVIC_MERCANTILISM]Mercantilism[\LINK] causes Foreign Corporations to have no effect in your cities[NEWLINE][LINK=CIVIC_FREE_MARKET]Free Market[\LINK] reduces Corporation Maintenance by 25%%[NEWLINE][LINK=CIVIC_STATE_PROPERTY]State Property[\LINK] causes all Corporations to have no effect in your cities and provides a +10%% production bonus in all cities[NEWLINE][LINK=CIVIC_NATIONHOOD]Nationhood[\LINK] provides a +25%% bonus to Espionage Points[NEWLINE][LINK=CIVIC_CASTE_SYSTEM]Caste System[\LINK] provides a production bonus from Workshops[NEWLINE][LINK=CIVIC_ENVIRONMENTALISM]Environmentalism[\LINK] provides a commerce bonus from [LINK=CONCEPT_BTS_FOREST_PRESERVE]Forest Preserves[\LINK] and Windmills, but at the cost of  a 25%% increase in Corporation Maintenance[NEWLINE][NEWLINE][BOLD]Project Changes[\BOLD][NEWLINE]You may view your Spaceship and its completed pieces on the Victory Screen[NEWLINE]A Spaceship can now be launched without all its casing complete, but each missing piece greatly increases the risk of failure[NEWLINE][LINK=PROJECT_SS_CASING]SS Casing[\LINK] requires [LINK=TECH_COMPOSITES]Composites[\LINK] in place of [LINK=TECH_ROCKETRY]Rocketry[\LINK][NEWLINE][LINK=PROJECT_SS_DOCKING_BAY]SS Docking Bay[\LINK] requires [LINK=TECH_SATELLITES]Satellites[\LINK] instead of [LINK=TECH_ROBOTICS]Robotics[\LINK][NEWLINE][LINK=PROJECT_SDI]SDI[\LINK] requires [LINK=TECH_LASER]Laser[\LINK][NEWLINE][LINK=PROJECT_THE_INTERNET]The Internet[\LINK] requires [LINK=TECH_COMPUTERS]Computers[\LINK][NEWLINE][LINK=PROJECT_SS_THRUSTERS]SS Thrusters[\LINK] require [LINK=TECH_SUPERCONDUCTORS]Superconductor[\LINK][NEWLINE]Spaceships now have a delayed arrival and may be launched with redundant systems for an increased chance of success or faster arrival time. They may also be launched with certain systems missing, but this increases the risk of failure[NEWLINE][NEWLINE][BOLD]Improvement Changes[\BOLD][NEWLINE]Forts have changed significantly. Visit the [LINK=CONCEPT_FORT]Forts[\LINK] section for an in-depth explanation[NEWLINE]Railroads can be built with Oil or Coal[NEWLINE][NEWLINE][BOLD]Interface Changes[\BOLD][NEWLINE]You may view your active Quests on the Log Screen [CTRL + TAB][NEWLINE]Foreign Advisor screen has been improved[NEWLINE]The Dawn of Man Screen has been expanded[NEWLINE]Elapsed Turns, Research per Turn and Espionage Points per Turn are displayed on the main interface[NEWLINE]Units in the Civilopedia display any Unique Units that replace them[NEWLINE]The Demographics Screen now shows the correct economic ranking[NEWLINE]Enemies entering your territory are marked with a red indicator[NEWLINE]Clicking your own score minimizes the list of leaders[NEWLINE]Pressing [CTRL + H] will select all wounded units in a specific tile[NEWLINE][NEWLINE][BOLD]Gameplay Changes[\BOLD][NEWLINE]Games on normal speed now last 500 turns, but the passage of time has been adjusted so the game still ends in 2050 AD[NEWLINE]The [LINK=BUILDING_UNITED_NATIONS]United Nations[\LINK] has been greatly expanded. Visit the [LINK=CONCEPT_APOSTOLIC_PALACE]Apostolic Palace[\LINK] Section for more details[NEWLINE]Golden Ages increase the Great People rate in your cities by +100%%[NEWLINE]Your first Golden Age requires only one Great Person, rather than two[NEWLINE]There is no anarchy from civics and religion changes during a Golden Age[NEWLINE]When starting a Custom Single or Multiplayer Game, you may select the "Unrestricted Leaders" option to play any leader with any Civilization[NEWLINE]Selecting the "Choose Religions" option allows you to select which religion you will receive when you discover a religion-founding technology[NEWLINE]Intercontinental Trade Routes, both foreign and domestic, yield one-hundred percent more profit[NEWLINE]You must research the Sailing Technology before you can trade along rivers or coast outside your borders[NEWLINE]Religions no longer grant visibility within a city[NEWLINE]Super Specialists (Great People added to cities as Specialists) now remain in a city even if that city is captured[NEWLINE]You may build up to 5 National Wonders in a One-City Challenge Match[NEWLINE]You may trade for resources you already have[NEWLINE][NEWLINE][BOLD]Trait Changes[\BOLD][NEWLINE]The Expansive Trait offers only +25%% faster production of Workers (previously 50%%)[NEWLINE][LINK=LEADER_AUGUSTUS]Augustus Caesar[\LINK] is an Imperialistic/Industrious leader rather than Organized/Creative[NEWLINE][NEWLINE][BOLD]Promotion Changes[NEWLINE][\BOLD]Air Units now have their own [LINK=CONCEPT_AIR_PROMOTIONS]Promotions[\LINK][NEWLINE]New Promotion - Woodsman III - Heals Units in the Same Tile an Extra 15%%/Turn, +50%% Attack in Jungle, +50%% Attack in Forest[NEWLINE][LINK=PROMOTION_GUERILLA3]Guerilla III[\LINK] now receives a +50%% chance of withdrawal[NEWLINE][LINK=TECH_MILITARY_SCIENCE]Military Science[\LINK] permits access to the Blitz and Commando Promotions[NEWLINE]Gunpowder Units can access the Drill Promotion[NEWLINE][NEWLINE][BOLD]Multiplayer Changes[NEWLINE][\BOLD]Simultaneous Team Turns - Players in multiplayer team games on the same team take their turns simultaneously[NEWLINE][NEWLINE][BOLD]Modding Changes[NEWLINE][\BOLD]You may place cultural borders without the presence of a city on the Worldbuilder screen[NEWLINE]Mods may now have their own GFC themes[NEWLINE]A Modular XML system has been added[NEWLINE][NEWLINE][BOLD]Graphics Changes[\BOLD][NEWLINE]Individual art styles (Middle East, Greco-Roman, etc.) each have their own uniquely styled units. This means that Scouts created by Charlemagne and Scouts created by Suryavarman II will look different, while performing equally[NEWLINE]New styles of roads have been implemented - Roman Roads and Modern Roads</English>
<L1 /><L2 /><L3 /><L4 />
		<Chinese>[H1]&#x5200;&#x5251;&#x4E4B;&#x4E0A;&#x5BF9;&#x6E38;&#x620F;&#x89C4;&#x5219;&#x7684;&#x6539;&#x53D8;[\H1][NEWLINE][NEWLINE][BOLD]&#x79D1;&#x6280;&#x7684;&#x6539;&#x53D8;[\BOLD][NEWLINE]&#x5982;&#x9009;&#x62E9;&#x201C;&#x7981;&#x6B62;&#x5012;&#x5356;&#x79D1;&#x6280;&#x201D;&#xFF0C;&#x5219;&#x5404;&#x4E2A;&#x73A9;&#x5BB6;&#x53EA;&#x80FD;&#x8F6C;&#x8BA9;&#x901A;&#x8FC7;&#x81EA;&#x884C;&#x7814;&#x7A76;&#x800C;&#x83B7;&#x5F97;&#x7684;&#x79D1;&#x6280;&#x3002;[NEWLINE]&#x7814;&#x7A76;[LINK=TECH_FIBER_OPTICS]&#x5149;&#x7EA4;[\LINK]&#x7684;&#x524D;&#x63D0;&#x662F;[LINK=TECH_LASER]&#x6FC0;&#x5149;[\LINK]&#x6216;[LINK=TECH_COMPUTERS]&#x7535;&#x5B50;&#x8BA1;&#x7B97;&#x673A;[\LINK][NEWLINE]&#x7814;&#x7A76;[LINK=TECH_ROBOTICS]&#x673A;&#x5668;&#x4EBA;[\LINK]&#x7684;&#x76F4;&#x63A5;&#x524D;&#x63D0;&#x4E0D;&#x518D;&#x5305;&#x62EC;[LINK=TECH_PLASTICS]&#x5851;&#x6599;[\LINK][NEWLINE]&#x7814;&#x7A76;[LINK=TECH_COMPUTERS]&#x7535;&#x5B50;&#x8BA1;&#x7B97;&#x673A;[\LINK]&#x7684;&#x524D;&#x63D0;&#x662F;[LINK=TECH_PLASTICS]&#x5851;&#x6599;[\LINK][NEWLINE][NEWLINE][BOLD]&#x5EFA;&#x7B51;&#x7684;&#x6539;&#x53D8;[\BOLD][NEWLINE][LINK=BUILDING_AIRPORT]&#x673A;&#x573A;[\LINK]&#x53EF;&#x4F7F;&#x65B0;&#x5EFA;&#x7A7A;&#x519B;&#x5355;&#x4F4D;&#x7ECF;&#x9A8C;&#x70B9;&#x6570;+3&#xFF0C;&#x5E76;&#x4F7F;&#x57CE;&#x5E02;&#x53EF;&#x5BB9;&#x7EB3;&#x7A7A;&#x519B;&#x5355;&#x4F4D;&#x6570;&#x91CF;+4&#xFF08;&#x5373;&#x603B;&#x5BB9;&#x91CF;&#x8FBE;&#x5230;8&#xFF09;[NEWLINE][LINK=BUILDING_PALACE]&#x5BAB;&#x6BBF;[\LINK]&#x6BCF;&#x56DE;&#x5408;&#x53EF;+4&#x8C0D;&#x62A5;&#x70B9;&#x6570;[NEWLINE][LINK=BUILDING_COURTHOUSE]&#x6CD5;&#x5EAD;[\LINK]&#x6BCF;&#x53EF;+2&#x8C0D;&#x62A5;&#x70B9;&#x6570;&#xFF0C;&#x4F9B;&#x517B;1&#x4F4D;&#x95F4;&#x8C0D;&#x578B;&#x4E13;&#x4E1A;&#x4EBA;&#x5458;[NEWLINE][LINK=BUILDING_CASTLE]&#x57CE;&#x5821;[\LINK]&#x53EF;+25%%&#x8C0D;&#x62A5;&#x70B9;&#x6570;[NEWLINE][LINK=BUILDING_JAIL]&#x76D1;&#x72F1;[\LINK]&#x53EF;+4&#x8C0D;&#x62A5;&#x70B9;&#x6570;&#xFF0C;&#x4F9B;&#x517B;2&#x4F4D;&#x95F4;&#x8C0D;&#x578B;&#x4E13;&#x4E1A;&#x4EBA;&#x5458;[NEWLINE][LINK=BUILDING_LABORATORY]&#x5B9E;&#x9A8C;&#x5BA4;[\LINK]&#x9700;&#x8981;[LINK=TECH_SUPERCONDUCTORS]&#x8D85;&#x5BFC;[\LINK][NEWLINE][LINK=BUILDING_FACTORY]&#x5DE5;&#x5382;[\LINK]&#x5982;&#x6709;&#x7164;&#x70AD;&#x6216;&#x77F3;&#x6CB9;&#x5C06;&#x589E;&#x52A0;&#x75BE;&#x75C5;&#x70B9;&#x6570;[NEWLINE][LINK=BUILDING_STABLE]&#x9A6C;&#x53A9;[\LINK]&#x5728;&#x83B7;&#x5F97;[LINK=TECH_ADVANCED_FLIGHT]&#x5148;&#x8FDB;&#x822A;&#x7A7A;[\LINK]&#x540E;&#x8FC7;&#x65F6;[NEWLINE][LINK=BUILDING_OBELISK]&#x7EAA;&#x5FF5;&#x7891;[\LINK]&#x5728;&#x83B7;&#x5F97;[LINK=TECH_ASTRONOMY]&#x5929;&#x6587;&#x5B66;[\LINK]&#x540E;&#x8FC7;&#x65F6;[NEWLINE][LINK=BUILDING_MILITARY_ACADEMY]&#x519B;&#x4E8B;&#x5B66;&#x9662;[\LINK]&#x53EA;&#x80FD;&#x5728;&#x83B7;&#x5F97;[LINK=TECH_MILITARY_SCIENCE]&#x519B;&#x4E8B;&#x79D1;&#x5B66;[\LINK]&#x540E;&#x5EFA;&#x9020;[NEWLINE][NEWLINE][BOLD]&#x5355;&#x4F4D;&#x7684;&#x6539;&#x53D8;[\BOLD][NEWLINE]&#x95F4;&#x8C0D;&#x5355;&#x4F4D;&#x6709;&#x6781;&#x5927;&#x53D8;&#x5316;&#xFF0C;&#x8BF7;&#x67E5;&#x770B;[LINK=CONCEPT_ESPIONAGE]&#x8C0D;&#x62A5;[\LINK]&#x6761;&#x76EE;&#x4E86;&#x89E3;&#x8BE6;&#x60C5;[NEWLINE]&#x9A91;&#x4E58;&#x5355;&#x4F4D;&#x548C;&#x65CB;&#x7FFC;&#x5355;&#x4F4D;&#x53EF;&#x5BF9;&#x538B;&#x5236;&#x6B66;&#x5668;&#x8FDB;&#x884C;[LINK=CONCEPT_FLANK_ATTACK]&#x8FC2;&#x56DE;&#x6253;&#x51FB;[\LINK]&#xFF0C;&#x8BF7;&#x67E5;&#x770B;&#x76F8;&#x5E94;&#x6761;&#x76EE;&#x4E86;&#x89E3;&#x8BE6;&#x60C5;[NEWLINE][LINK=UNIT_JAPAN_SAMURAI]&#x65E5;&#x672C;&#x6B66;&#x58EB;[\LINK]&#x5929;&#x7136;&#x62E5;&#x6709;&#x64CD;&#x7EC3;&#x4E00;&#x7EA7;&#x664B;&#x5347;[NEWLINE][LINK=UNIT_GREEK_PHALANX]&#x5E0C;&#x814A;&#x65B9;&#x9635;&#x5175;[\LINK]&#x6240;&#x66FF;&#x4EE3;&#x7684;&#x666E;&#x901A;&#x5355;&#x4F4D;&#x662F;[LINK=UNIT_AXEMAN]&#x65A7;&#x5175;[\LINK][NEWLINE][LINK=UNIT_GRENADIER]&#x63B7;&#x5F39;&#x5175;[\LINK]&#x9700;&#x8981;[LINK=TECH_MILITARY_SCIENCE]&#x519B;&#x4E8B;&#x79D1;&#x5B66;[\LINK]&#x800C;&#x4E0D;&#x662F;[LINK=TECH_CHEMISTRY]&#x5316;&#x5B66;[\LINK][NEWLINE][LINK=UNIT_CAVALRY]&#x8FD1;&#x4EE3;&#x9A91;&#x5175;[\LINK]&#x9700;&#x8981;[LINK=TECH_RIFLING]&#x819B;&#x7EBF;[\LINK]&#x4EE5;&#x53CA;[LINK=TECH_MILITARY_TRADITION]&#x519B;&#x4E8B;&#x5236;&#x5EA6;[\LINK][NEWLINE][LINK=UNIT_SAM_INFANTRY]&#x9632;&#x7A7A;&#x6B65;&#x5175;[\LINK]&#x5BF9;&#x65CB;&#x7FFC;&#x98DE;&#x673A;&#x7684;&#x6218;&#x6597;&#x529B;75%%[NEWLINE]&#x9632;&#x7A7A;&#x5355;&#x4F4D;&#x53EF;&#x83B7;&#x5F97;[LINK=CONCEPT_AIR_PROMOTIONS]&#x62E6;&#x622A;&#x80FD;&#x529B;[\LINK]&#x664B;&#x5347;[NEWLINE][LINK=UNIT_TRIREME]&#x4E09;&#x5C42;&#x6868;&#x6218;&#x8239;[\LINK]&#x9700;&#x8981;[LINK=TECH_METAL_CASTING]&#x91D1;&#x5C5E;&#x94F8;&#x9020;[\LINK][NEWLINE][LINK=UNIT_GUNSHIP]&#x6B66;&#x88C5;&#x76F4;&#x5347;&#x673A;[\LINK]&#x548C;[LINK=UNIT_JET_FIGHTER]&#x55B7;&#x6C14;&#x5F0F;&#x6218;&#x6597;&#x673A;[\LINK]&#x4EC5;&#x9700;&#x8981;[LINK=TECH_ADVANCED_FLIGHT]&#x5148;&#x8FDB;&#x822A;&#x7A7A;[\LINK][NEWLINE][LINK=CIVILIZATION_SPAIN]&#x897F;&#x73ED;&#x7259;[\LINK]&#x53EF;&#x4EE5;&#x8BAD;&#x7EC3;[LINK=UNIT_KNIGHT]&#x9A91;&#x58EB;[\LINK]&#xFF0C;&#x56E0;&#x4E3A;[LINK=UNIT_SPANISH_CONQUISTADOR]&#x897F;&#x73ED;&#x7259;&#x5F81;&#x670D;&#x8005;[\LINK]&#x6240;&#x66FF;&#x4EE3;&#x7684;&#x666E;&#x901A;&#x5355;&#x4F4D;&#x662F;[LINK=UNIT_CUIRASSIER]&#x80F8;&#x7532;&#x9A91;&#x5175;[\LINK][NEWLINE]&#x4E00;&#x5EA7;&#x57CE;&#x5E02;&#x540C;&#x65F6;&#x53EA;&#x80FD;&#x5BB9;&#x7EB3;4&#x4E2A;&#x7A7A;&#x519B;&#x5355;&#x4F4D;&#x3002;&#x5EFA;&#x9020;[LINK=BUILDING_AIRPORT]&#x673A;&#x573A;[\LINK]&#x540E;&#x53EF;&#x4EE5;&#x5BB9;&#x7EB3;8&#x4E2A;[NEWLINE]&#x50AC;&#x751F;[LINK=UNIT_GREAT_GENERAL]&#x5927;&#x519B;&#x4E8B;&#x5BB6;[\LINK]&#x6240;&#x9700;&#x7684;&#x7D2F;&#x8BA1;&#x7ECF;&#x9A8C;&#x70B9;&#x6570;&#x589E;&#x52A0;[NEWLINE]&#x8F70;&#x70B8;&#x5BF9;&#x57CE;&#x5E02;&#x9632;&#x5FA1;&#x7684;&#x7834;&#x574F;&#x4EE5;&#x6570;&#x503C;&#x4EE3;&#x8868;&#x800C;&#x4E0D;&#x662F;&#x767E;&#x5206;&#x6BD4;[NEWLINE][NEWLINE][BOLD]&#x5947;&#x89C2;&#x7684;&#x6539;&#x53D8;[\BOLD][NEWLINE][LINK=BUILDING_SCOTLAND_YARD]&#x82CF;&#x683C;&#x5170;&#x573A;[\LINK]&#x53EA;&#x80FD;&#x7531;[LINK=UNIT_GREAT_SPY]&#x5927;&#x95F4;&#x8C0D;[\LINK]&#x5EFA;&#x9020;&#xFF0C;&#x53EF;+100%%&#x8C0D;&#x62A5;[NEWLINE][LINK=BUILDING_PENTAGON]&#x4E94;&#x89D2;&#x5927;&#x697C;[\LINK]&#x53EF;+2&#x4F1F;&#x4EBA;&#x70B9;&#x6570;&#xFF08;&#x5927;&#x95F4;&#x8C0D;&#xFF09;[NEWLINE][LINK=BUILDING_GREAT_PALACE]&#x7D2B;&#x7981;&#x57CE;[\LINK]&#x53EF;+1&#x4F1F;&#x4EBA;&#x70B9;&#x6570;&#xFF08;&#x5927;&#x95F4;&#x8C0D;&#xFF09;[NEWLINE][LINK=BUILDING_KREMLIN]&#x514B;&#x91CC;&#x59C6;&#x6797;&#x5BAB;[\LINK]&#x53EF;&#x4F9B;&#x517B;2&#x4F4D;&#x95F4;&#x8C0D;&#x578B;&#x4E13;&#x4E1A;&#x4EBA;&#x5458;&#x5E76;+2&#x4F1F;&#x4EBA;&#x70B9;&#x6570;&#xFF08;&#x5927;&#x95F4;&#x8C0D;&#xFF09;[NEWLINE][LINK=BUILDING_WEST_POINT]&#x897F;&#x70B9;&#x519B;&#x6821;[\LINK]&#x53EF;+1&#x4F1F;&#x4EBA;&#x70B9;&#x6570;&#xFF08;&#x5927;&#x95F4;&#x8C0D;&#xFF09;[NEWLINE][LINK=BUILDING_GREAT_WALL]&#x957F;&#x57CE;[\LINK]&#x53EF;+2&#x4F1F;&#x4EBA;&#x70B9;&#x6570;&#xFF08;&#x5927;&#x95F4;&#x8C0D;&#xFF09;[NEWLINE][LINK=BUILDING_SISTINE_CHAPEL]&#x897F;&#x65AF;&#x5EF7;&#x6559;&#x5802;[\LINK]&#x53EF;&#x4F7F;&#x6240;&#x6709;&#x5B98;&#x65B9;&#x4FE1;&#x4EF0;&#x7684;&#x5B97;&#x6559;&#x5EFA;&#x7B51;+5&#x6587;&#x5316;&#xFF0C;&#x524D;&#x63D0;&#x79D1;&#x6280;&#x6539;&#x4E3A;[LINK=TECH_MUSIC]&#x97F3;&#x4E50;[\LINK][NEWLINE][LINK=BUILDING_NOTRE_DAME]&#x5723;&#x6BCD;&#x9662;[\LINK]&#x53EF;&#x4F7F;&#x6240;&#x5728;&#x5927;&#x9646;&#x7684;&#x6BCF;&#x5EA7;&#x57CE;&#x5E02;+2&#x5FEB;&#x4E50;&#xFF0C;&#x524D;&#x63D0;&#x79D1;&#x6280;&#x6539;&#x4E3A;[LINK=TECH_ENGINEERING]&#x5DE5;&#x7A0B;&#x5B66;[\LINK][NEWLINE][LINK=BUILDING_PARTHENON]&#x5E15;&#x7279;&#x519C;&#x795E;&#x5E99;[\LINK]&#x9700;&#x8981;[LINK=TECH_AESTHETICS]&#x7F8E;&#x5B66;[\LINK][NEWLINE][LINK=BUILDING_HAGIA_SOPHIA]&#x5723;&#x7D22;&#x83F2;&#x4E9A;[\LINK]&#x9700;&#x8981;[LINK=TECH_THEOLOGY]&#x795E;&#x5B66;[\LINK][NEWLINE][LINK=BUILDING_STONEHENGE]&#x5DE8;&#x77F3;&#x9635;[\LINK]&#x5728;&#x83B7;&#x5F97;[LINK=TECH_ASTRONOMY]&#x5929;&#x6587;&#x5B66;[\LINK]&#x540E;&#x5931;&#x6548;[NEWLINE]&#x56FD;&#x5BB6;&#x7EA7;&#x5947;&#x89C2;+1&#x4F1F;&#x4EBA;&#x70B9;&#x6570;&#x800C;&#x4E0D;&#x662F;+2[NEWLINE][NEWLINE][BOLD]&#x5185;&#x653F;&#x6CD5;&#x4EE4;&#x7684;&#x6539;&#x53D8;[\BOLD][NEWLINE][LINK=CIVIC_SLAVERY]&#x5974;&#x96B6;&#x5236;&#x5EA6;[\LINK]&#x6240;&#x9700;&#x7ECF;&#x8D39;&#x6539;&#x4E3A;&#x4E2D;&#x7B49;[NEWLINE][LINK=CIVIC_MERCANTILISM]&#x91CD;&#x5546;&#x4E3B;&#x4E49;[\LINK]&#x7981;&#x6B62;&#x5916;&#x56FD;&#x516C;&#x53F8;&#x7684;&#x8FD0;&#x4F5C;[NEWLINE][LINK=CIVIC_FREE_MARKET]&#x81EA;&#x7531;&#x5E02;&#x573A;[\LINK]&#x53EF;&#x4F7F;&#x516C;&#x53F8;&#x7EF4;&#x62A4;&#x8D39;-25%%[NEWLINE][LINK=CIVIC_STATE_PROPERTY]&#x56FD;&#x8425;&#x7ECF;&#x6D4E;[\LINK]&#x7981;&#x6B62;&#x6240;&#x6709;&#x516C;&#x53F8;&#x7684;&#x8FD0;&#x4F5C;&#xFF0C;&#x5E76;&#x4F7F;&#x6240;&#x6709;&#x57CE;&#x5E02;&#x4EA7;&#x80FD;+10%%[NEWLINE][LINK=CIVIC_NATIONHOOD]&#x6C11;&#x65CF;&#x56FD;&#x5BB6;[\LINK]&#x53EF;&#x4F7F;&#x8C0D;&#x62A5;&#x70B9;&#x6570;&#x4EA7;&#x51FA;+25%%[NEWLINE][LINK=CIVIC_CASTE_SYSTEM]&#x7B49;&#x7EA7;&#x793E;&#x4F1A;[\LINK]&#x53EF;&#x4F7F;&#x5DE5;&#x573A;+1&#x4EA7;&#x80FD;[NEWLINE][LINK=CIVIC_ENVIRONMENTALISM]&#x7EFF;&#x8272;&#x7ECF;&#x6D4E;[\LINK]&#x53EF;&#x4F7F;[LINK=CONCEPT_BTS_FOREST_PRESERVE]&#x68EE;&#x6797;&#x4FDD;&#x62A4;&#x533A;[\LINK]&#x548C;&#x98CE;&#x529B;&#x78E8;&#x574A;+1&#x5546;&#x4E1A;&#xFF0C;&#x4F46;&#x4F7F;&#x516C;&#x53F8;&#x7EF4;&#x62A4;&#x8D39;+25%%[NEWLINE][NEWLINE][BOLD]&#x5927;&#x578B;&#x5DE5;&#x7A0B;&#x7684;&#x6539;&#x53D8;[\BOLD][NEWLINE]&#x4F60;&#x53EF;&#x4EE5;&#x5728;&#x80DC;&#x5229;&#x6761;&#x4EF6;&#x754C;&#x9762;&#x67E5;&#x770B;&#x5EFA;&#x9020;&#x4E2D;&#x7684;&#x592A;&#x7A7A;&#x98DE;&#x8239;&#x53CA;&#x5DF2;&#x5B8C;&#x6210;&#x7684;&#x7EC4;&#x4EF6;[NEWLINE]&#x65E0;&#x987B;&#x5B8C;&#x6210;&#x5168;&#x90E8;&#x5916;&#x58F3;&#x7EC4;&#x4EF6;&#x5373;&#x53EF;&#x53D1;&#x5C04;&#x592A;&#x7A7A;&#x98DE;&#x8239;&#xFF0C;&#x4F46;&#x8FD9;&#x4F1A;&#x589E;&#x52A0;&#x4EFB;&#x52A1;&#x5931;&#x8D25;&#x51E0;&#x7387;[NEWLINE][LINK=PROJECT_SS_CASING]&#x98DE;&#x8239;&#x5916;&#x58F3;[\LINK]&#x7684;&#x524D;&#x63D0;&#x79D1;&#x6280;&#x662F;[LINK=TECH_COMPOSITES]&#x590D;&#x5408;&#x6750;&#x6599;[\LINK]&#x800C;&#x4E0D;&#x662F;[LINK=TECH_ROCKETRY]&#x706B;&#x7BAD;[\LINK][NEWLINE][LINK=PROJECT_SS_DOCKING_BAY]&#x98DE;&#x8239;&#x5BF9;&#x63A5;&#x8231;[\LINK]&#x7684;&#x524D;&#x63D0;&#x79D1;&#x6280;&#x662F;[LINK=TECH_SATELLITES]&#x4EBA;&#x9020;&#x536B;&#x661F;[\LINK]&#x800C;&#x4E0D;&#x662F;[LINK=TECH_ROBOTICS]&#x673A;&#x5668;&#x4EBA;[\LINK][NEWLINE][LINK=PROJECT_SDI]&#x6218;&#x7565;&#x5BFC;&#x5F39;&#x9632;&#x5FA1;&#x7CFB;&#x7EDF;[\LINK]&#x7684;&#x524D;&#x63D0;&#x79D1;&#x6280;&#x662F;[LINK=TECH_LASER]&#x6FC0;&#x5149;[\LINK][NEWLINE][LINK=PROJECT_THE_INTERNET]&#x56E0;&#x7279;&#x7F51;[\LINK]&#x7684;&#x524D;&#x63D0;&#x79D1;&#x6280;&#x662F;[LINK=TECH_COMPUTERS]&#x7535;&#x5B50;&#x8BA1;&#x7B97;&#x673A;[\LINK][NEWLINE][LINK=PROJECT_SS_THRUSTERS]&#x98DE;&#x8239;&#x63A8;&#x8FDB;&#x5668;[\LINK]&#x7684;&#x524D;&#x63D0;&#x79D1;&#x6280;&#x662F;[LINK=TECH_SUPERCONDUCTORS]&#x8D85;&#x5BFC;[\LINK][NEWLINE]&#x592A;&#x7A7A;&#x98DE;&#x8239;&#x62B5;&#x8FBE;&#x76EE;&#x7684;&#x5730;&#x540E;&#x624D;&#x80FD;&#x8D62;&#x5F97;&#x592A;&#x7A7A;&#x80DC;&#x5229;&#xFF0C;&#x66F4;&#x591A;&#x7684;&#x5197;&#x4F59;&#x7EC4;&#x4EF6;&#x53EF;&#x4EE5;&#x63D0;&#x5347;&#x4EFB;&#x52A1;&#x6210;&#x529F;&#x51E0;&#x7387;&#xFF0C;&#x52A0;&#x5FEB;&#x822A;&#x884C;&#x901F;&#x5EA6;&#x3002;&#x67D0;&#x4E9B;&#x7EC4;&#x4EF6;&#x672A;&#x5B8C;&#x6210;&#x4ECD;&#x53EF;&#x53D1;&#x5C04;&#x592A;&#x7A7A;&#x98DE;&#x8239;&#xFF0C;&#x4F46;&#x8FD9;&#x4F1A;&#x589E;&#x52A0;&#x4EFB;&#x52A1;&#x5931;&#x8D25;&#x51E0;&#x7387;[NEWLINE][NEWLINE][BOLD]&#x533A;&#x57DF;&#x8BBE;&#x65BD;&#x7684;&#x6539;&#x53D8;[\BOLD][NEWLINE]&#x8981;&#x585E;&#x7684;&#x529F;&#x80FD;&#x6709;&#x6781;&#x5927;&#x53D8;&#x5316;&#xFF0C;&#x8BF7;&#x67E5;&#x770B;[LINK=CONCEPT_FORT]&#x8981;&#x585E;[\LINK]&#x6761;&#x76EE;&#x4E86;&#x89E3;&#x8BE6;&#x60C5;[NEWLINE]&#x4FEE;&#x5EFA;&#x94C1;&#x8DEF;&#x6240;&#x9700;&#x8D44;&#x6E90;&#x4E3A;&#x77F3;&#x6CB9;&#x6216;&#x7164;&#x70AD;[NEWLINE][NEWLINE][BOLD]&#x64CD;&#x4F5C;&#x754C;&#x9762;&#x7684;&#x6539;&#x53D8;[\BOLD][NEWLINE]&#x4F60;&#x53EF;&#x4EE5;&#x5728;&#x65E5;&#x5FD7;&#x8BB0;&#x5F55;&#x7A97;&#x53E3;&#xFF08;[CTRL+TAB]&#xFF09;&#x67E5;&#x770B;&#x5F53;&#x524D;&#x4EFB;&#x52A1;[NEWLINE]&#x5916;&#x4EA4;&#x987E;&#x95EE;&#x754C;&#x9762;&#x5F97;&#x5230;&#x4E86;&#x6539;&#x8FDB;[NEWLINE]&#x201C;&#x6587;&#x660E;&#x7684;&#x66D9;&#x5149;&#x201D;&#x754C;&#x9762;&#x8FDB;&#x884C;&#x4E86;&#x6269;&#x5C55;[NEWLINE]&#x5DF2;&#x8FDB;&#x884C;&#x56DE;&#x5408;&#x6570;&#x3001;&#x6BCF;&#x56DE;&#x5408;&#x79D1;&#x7814;&#x548C;&#x8C0D;&#x62A5;&#x70B9;&#x6570;&#x5747;&#x5728;&#x4E3B;&#x754C;&#x9762;&#x4E0A;&#x663E;&#x793A;[NEWLINE]&#x6587;&#x660E;&#x767E;&#x79D1;&#x4E2D;&#x5404;&#x4E2A;&#x5355;&#x4F4D;&#x7684;&#x6761;&#x76EE;&#x5C06;&#x663E;&#x793A;&#x66FF;&#x4EE3;&#x8BE5;&#x5355;&#x4F4D;&#x7684;&#x7279;&#x8272;&#x5355;&#x4F4D;[NEWLINE]&#x7EDF;&#x8BA1;&#x56FE;&#x8868;&#x754C;&#x9762;&#x5C06;&#x663E;&#x793A;&#x51C6;&#x786E;&#x7684;&#x7ECF;&#x6D4E;&#x6392;&#x540D;[NEWLINE]&#x5728;&#x4F60;&#x7684;&#x8FB9;&#x5883;&#x4E4B;&#x5185;&#x7684;&#x654C;&#x65B9;&#x5355;&#x4F4D;&#x5C06;&#x663E;&#x793A;&#x7EA2;&#x8272;&#x6807;&#x8BB0;[NEWLINE]&#x70B9;&#x51FB;&#x53F3;&#x4E0B;&#x89D2;&#x4F60;&#x7684;&#x79EF;&#x5206;&#x5C06;&#x5173;&#x95ED;&#x9886;&#x8896;&#x5217;&#x8868;&#x663E;&#x793A;[NEWLINE]&#x6309;&#x4E0B;[CTRL+H]&#x5C06;&#x9009;&#x5B9A;&#x67D0;&#x4E2A;&#x533A;&#x5757;&#x7684;&#x6240;&#x6709;&#x53D7;&#x635F;&#x5355;&#x4F4D;[NEWLINE][NEWLINE][BOLD]&#x6E38;&#x620F;&#x6A21;&#x5F0F;&#x7684;&#x6539;&#x53D8;[\BOLD][NEWLINE]&#x6807;&#x51C6;&#x901F;&#x5EA6;&#x6E38;&#x620F;&#x7684;&#x957F;&#x5EA6;&#x6539;&#x4E3A;500&#x56DE;&#x5408;&#xFF0C;&#x4F46;&#x8C03;&#x6574;&#x4E86;&#x56DE;&#x5408;&#x95F4;&#x9694;&#x65F6;&#x95F4;&#x4F7F;&#x6E38;&#x620F;&#x7ED3;&#x675F;&#x5E74;&#x4EFD;&#x4ECD;&#x4E3A;2050&#x5E74;[NEWLINE][LINK=BUILDING_UNITED_NATIONS]&#x8054;&#x5408;&#x56FD;[\LINK]&#x7684;&#x673A;&#x5236;&#x6709;&#x6781;&#x5927;&#x7684;&#x6269;&#x5C55;&#xFF0C;&#x8BF7;&#x67E5;&#x770B;[LINK=CONCEPT_APOSTOLIC_PALACE]&#x6559;&#x7687;&#x5BAB;[\LINK]&#x6761;&#x76EE;&#x4E86;&#x89E3;&#x8BE6;&#x60C5;[NEWLINE]&#x9EC4;&#x91D1;&#x65F6;&#x4EE3;&#x53EF;&#x4F7F;&#x57CE;&#x5E02;&#x7684;&#x4F1F;&#x4EBA;&#x70B9;&#x6570;&#x79EF;&#x7D2F;&#x901F;&#x5EA6;+100%%[NEWLINE]&#x5F00;&#x521B;&#x7B2C;&#x4E00;&#x6B21;&#x9EC4;&#x91D1;&#x65F6;&#x4EE3;&#x53EA;&#x9700;&#x4E00;&#x4F4D;&#x5386;&#x53F2;&#x4F1F;&#x4EBA;&#x800C;&#x4E0D;&#x662F;&#x4E24;&#x4F4D;[NEWLINE]&#x5728;&#x9EC4;&#x91D1;&#x65F6;&#x4EE3;&#x4E2D;&#x6539;&#x53D8;&#x5185;&#x653F;&#x6CD5;&#x4EE4;&#x53CA;&#x5B98;&#x65B9;&#x4FE1;&#x4EF0;&#x4E0D;&#x5FC5;&#x7ECF;&#x5386;&#x65E0;&#x653F;&#x5E9C;&#x72B6;&#x6001;[NEWLINE]&#x5728;&#x5355;&#x673A;&#x6216;&#x8054;&#x673A;&#x7684;&#x201C;&#x81EA;&#x5B9A;&#x4E49;&#x6E38;&#x620F;&#x201D;&#x6A21;&#x5F0F;&#x4E0B;&#xFF0C;&#x4F60;&#x53EF;&#x4EE5;&#x9009;&#x62E9;&#x201C;&#x4E0D;&#x9650;&#x5236;&#x9886;&#x8896;&#x56FD;&#x7C4D;&#x201D;&#xFF0C;&#x4F7F;&#x7528;&#x4EFB;&#x610F;&#x9886;&#x8896;&#x4E0E;&#x6587;&#x660E;&#x7684;&#x7EC4;&#x5408;[NEWLINE]&#x5982;&#x679C;&#x542F;&#x7528;&#x201C;&#x9009;&#x62E9;&#x5B97;&#x6559;&#x201D;&#xFF0C;&#x5F53;&#x4F60;&#x53D1;&#x73B0;&#x4E00;&#x9879;&#x53EF;&#x521B;&#x7ACB;&#x5B97;&#x6559;&#x7684;&#x79D1;&#x6280;&#x65F6;&#xFF0C;&#x53EF;&#x4EE5;&#x81EA;&#x884C;&#x51B3;&#x5B9A;&#x521B;&#x7ACB;&#x4F55;&#x79CD;&#x5B97;&#x6559;[NEWLINE]&#x6D32;&#x9645;&#x5546;&#x8DEF;&#xFF08;&#x4E0D;&#x8BBA;&#x662F;&#x8FDE;&#x63A5;&#x672C;&#x56FD;&#x57CE;&#x5E02;&#x8FD8;&#x662F;&#x522B;&#x56FD;&#x57CE;&#x5E02;&#xFF09;&#x7684;&#x6536;&#x76CA;+100%%[NEWLINE]&#x4F60;&#x5FC5;&#x987B;&#x5728;&#x83B7;&#x5F97;&#x822A;&#x884C;&#x672F;&#x79D1;&#x6280;&#x4E4B;&#x540E;&#xFF0C;&#x624D;&#x53EF;&#x4EE5;&#x901A;&#x8FC7;&#x56FD;&#x5883;&#x4E4B;&#x5916;&#x7684;&#x6CB3;&#x6D41;&#x548C;&#x8FD1;&#x6D77;&#x8FDB;&#x884C;&#x8D38;&#x6613;[NEWLINE]&#x5B97;&#x6559;&#x4F20;&#x64AD;&#x4E0D;&#x518D;&#x6709;&#x67E5;&#x770B;&#x522B;&#x56FD;&#x57CE;&#x5E02;&#x533A;&#x57DF;&#x7684;&#x4F5C;&#x7528;[NEWLINE]&#x8D85;&#x7EA7;&#x4E13;&#x4E1A;&#x4EBA;&#x5458;&#xFF08;&#x4F5C;&#x4E3A;&#x4E13;&#x4E1A;&#x4EBA;&#x5458;&#x52A0;&#x5165;&#x57CE;&#x5E02;&#x7684;&#x5386;&#x53F2;&#x4F1F;&#x4EBA;&#xFF09;&#x5728;&#x57CE;&#x5E02;&#x88AB;&#x522B;&#x56FD;&#x5360;&#x9886;&#x540E;&#x4E5F;&#x4E0D;&#x4F1A;&#x6D88;&#x5931;[NEWLINE]&#x5728;&#x5355;&#x57CE;&#x6311;&#x6218;&#x6A21;&#x5F0F;&#x4E0B;&#xFF0C;&#x4F60;&#x7684;&#x57CE;&#x5E02;&#x6700;&#x591A;&#x53EF;&#x5EFA;&#x9020;5&#x5EA7;&#x56FD;&#x5BB6;&#x7EA7;&#x5947;&#x89C2;[NEWLINE]&#x4F60;&#x53EF;&#x4EE5;&#x901A;&#x8FC7;&#x4EA4;&#x6613;&#x6362;&#x53D6;&#x76EE;&#x524D;&#x5DF2;&#x7ECF;&#x62E5;&#x6709;&#x7684;&#x8D44;&#x6E90;[NEWLINE][NEWLINE][BOLD]&#x9886;&#x8896;&#x7279;&#x8D28;&#x7684;&#x6539;&#x53D8;[\BOLD][NEWLINE]&#x5F00;&#x62D3;&#x8FDB;&#x53D6;&#x7279;&#x8D28;&#x4F7F;&#x5DE5;&#x4EBA;&#x8BAD;&#x7EC3;&#x901F;&#x5EA6;+25%%&#xFF08;&#x539F;&#x4E3A;+50%%&#xFF09;[NEWLINE][LINK=LEADER_AUGUSTUS]&#x5965;&#x53E4;&#x65AF;&#x90FD;&#x00B7;&#x607A;&#x6492;[\LINK]&#x7684;&#x7279;&#x8D28;&#x6539;&#x4E3A;&#x9738;&#x6743;/&#x52E4;&#x594B;&#xFF08;&#x539F;&#x4E3A;&#x7EC4;&#x7EC7;/&#x521B;&#x65B0;&#xFF09;[NEWLINE][NEWLINE][BOLD]&#x5355;&#x4F4D;&#x664B;&#x5347;&#x7684;&#x6539;&#x53D8;[NEWLINE][\BOLD]&#x7A7A;&#x519B;&#x5355;&#x4F4D;&#x73B0;&#x5728;&#x62E5;&#x6709;&#x72EC;&#x7279;&#x7684;[LINK=CONCEPT_AIR_PROMOTIONS]&#x664B;&#x5347;[\LINK][NEWLINE]&#x65B0;&#x589E;&#x664B;&#x5347;&#xFF1A;&#x6797;&#x5730;&#x4E09;&#x7EA7;&#x2014;&#x2014;&#x540C;&#x4E00;&#x533A;&#x5757;&#x5355;&#x4F4D;&#x6062;&#x590D;&#x80FD;&#x529B;+15%%/&#x56DE;&#x5408;&#xFF0C;&#x4E1B;&#x6797;&#x4E0E;&#x68EE;&#x6797;&#x653B;&#x51FB;&#x529B;+50%%[NEWLINE][LINK=PROMOTION_GUERILLA3]&#x6E38;&#x51FB;&#x4E09;&#x7EA7;[\LINK]&#x64A4;&#x9000;&#x51E0;&#x7387;+50%%[NEWLINE][LINK=TECH_MILITARY_SCIENCE]&#x519B;&#x4E8B;&#x79D1;&#x5B66;[\LINK]&#x542F;&#x7528;&#x95EA;&#x51FB;&#x6218;&#x672F;&#x548C;&#x7279;&#x79CD;&#x6218;&#x672F;&#x664B;&#x5347;[NEWLINE]&#x706B;&#x5668;&#x5355;&#x4F4D;&#x4E5F;&#x53EF;&#x83B7;&#x5F97;&#x64CD;&#x7EC3;&#x664B;&#x5347;[NEWLINE][NEWLINE][BOLD]&#x591A;&#x4EBA;&#x6E38;&#x620F;&#x7684;&#x6539;&#x53D8;[NEWLINE][\BOLD]&#x540C;&#x6B65;&#x7EC4;&#x961F;&#x56DE;&#x5408;&#x5236;&#x2014;&#x2014;&#x591A;&#x4EBA;&#x6E38;&#x620F;&#x4E2D;&#x540C;&#x4E00;&#x7EC4;&#x961F;&#x7684;&#x73A9;&#x5BB6;&#x53EF;&#x540C;&#x65F6;&#x8FDB;&#x884C;&#x5176;&#x56DE;&#x5408;[NEWLINE][NEWLINE][BOLD]&#x6A21;&#x7EC4;&#x529F;&#x80FD;&#x7684;&#x6539;&#x53D8;[NEWLINE][\BOLD]&#x4F60;&#x53EF;&#x4EE5;&#x5728;&#x4E16;&#x754C;&#x521B;&#x5EFA;&#x5668;&#x4E2D;&#x76F4;&#x63A5;&#x8C03;&#x6574;&#x6587;&#x5316;&#x8FB9;&#x754C;&#x800C;&#x65E0;&#x987B;&#x5148;&#x653E;&#x7F6E;&#x57CE;&#x5E02;[NEWLINE]&#x6A21;&#x7EC4;&#x53EF;&#x4EE5;&#x62E5;&#x6709;&#x81EA;&#x5DF1;&#x7684;&#x754C;&#x9762;&#x4E3B;&#x9898;[NEWLINE]&#x589E;&#x52A0;&#x4E86;&#x201C;&#x6A21;&#x5757;&#x5316;XML&#x201D;&#x7CFB;&#x7EDF;[NEWLINE][NEWLINE][BOLD]&#x56FE;&#x50CF;&#x6548;&#x679C;&#x7684;&#x6539;&#x53D8;[\BOLD][NEWLINE]&#x5404;&#x6587;&#x5316;&#x533A;&#x57DF;&#xFF08;&#x4E2D;&#x4E1C;&#x3001;&#x5E0C;&#x814A;-&#x7F57;&#x9A6C;&#x7B49;&#xFF09;&#x7684;&#x5355;&#x4F4D;&#x53EF;&#x4EE5;&#x62E5;&#x6709;&#x72EC;&#x7279;&#x7684;&#x5916;&#x89C2;&#x3002;&#x8FD9;&#x610F;&#x5473;&#x7740;&#x67E5;&#x7406;&#x66FC;&#x9EBE;&#x4E0B;&#x7684;&#x4FA6;&#x5BDF;&#x5175;&#x548C;&#x82CF;&#x8036;&#x8DCB;&#x6469;&#x4E8C;&#x4E16;&#x7EC4;&#x5EFA;&#x7684;&#x4FA6;&#x5BDF;&#x5175;&#x867D;&#x7136;&#x4F5C;&#x7528;&#x5B8C;&#x5168;&#x76F8;&#x540C;&#xFF0C;&#x4F46;&#x5F62;&#x8C61;&#x5374;&#x4F1A;&#x6709;&#x660E;&#x663E;&#x5DEE;&#x5F02;[NEWLINE]&#x589E;&#x52A0;&#x4E86;&#x65B0;&#x7684;&#x9053;&#x8DEF;&#x6837;&#x5F0F;&#x2014;&#x2014;&#x7F57;&#x9A6C;&#x5927;&#x9053;&#x548C;&#x73B0;&#x4EE3;&#x9053;&#x8DEF;</Chinese>
	</TEXT>
	<TEXT>
		<Tag>TXT_KEY_UNIT_GREEK_PHALANX_STRATEGY</Tag>
		<English>This powerful melee combat unit (the Greek replacement for the [COLOR_UNIT_TEXT]Axeman[COLOR_REVERT]) is not as vulnerable to Chariots as Axemen are.</English>
<L1 /><L2 /><L3 /><L4 />
		<Chinese>&#x8FD9;&#x662F;&#x5E0C;&#x814A;&#x7684;&#x7279;&#x8272;&#x8089;&#x640F;&#x5355;&#x4F4D;&#xFF08;&#x66FF;&#x4EE3;[COLOR_UNIT_TEXT]&#x65A7;&#x5175;[COLOR_REVERT]&#xFF09;&#xFF0C;&#x800C;&#x4E14;&#x5728;&#x5BF9;&#x6297;&#x6218;&#x8F66;&#x65F6;&#x4E0D;&#x4F1A;&#x8C61;&#x65A7;&#x5175;&#x90A3;&#x6837;&#x8106;&#x5F31;&#x3002;</Chinese>
	</TEXT>
	<TEXT>
		<Tag>TXT_KEY_BUILDING_PUBLIC_TRANSPORTATION_STRATEGY</Tag>
		<English>[COLOR_BUILDING_TEXT]Public Transportation[COLOR_REVERT] provides a bonus to health in your city and an added bonus for access to [COLOR_HIGHLIGHT_TEXT]Oil[COLOR_REVERT] or when under [COLOR_HIGHLIGHT_TEXT]Environmentalism[COLOR_REVERT].</English>
<L1 /><L2 /><L3 /><L4 />
		<Chinese>[COLOR_BUILDING_TEXT]&#x516C;&#x4EA4;&#x7CFB;&#x7EDF;[COLOR_REVERT]&#x63D0;&#x5347;&#x57CE;&#x5E02;&#x5065;&#x5EB7;&#x5EA6;&#xFF0C;&#x5982;&#x6709;[COLOR_HIGHLIGHT_TEXT]&#x77F3;&#x6CB9;[COLOR_REVERT]&#x518D;&#x989D;&#x5916;&#x589E;&#x52A0;&#x5065;&#x5EB7;&#xFF0C;&#x5982;&#x5B9E;&#x884C;[COLOR_HIGHLIGHT_TEXT]&#x7EFF;&#x8272;&#x7ECF;&#x6D4E;[COLOR_REVERT]&#x518D;&#x989D;&#x5916;&#x589E;&#x52A0;&#x5065;&#x5EB7;&#x5EA6;&#x3002;</Chinese>
	</TEXT>
	<TEXT>
		<Tag>TXT_KEY_MAIN_MENU_ABOUT_CIV4</Tag>
		<English>About Beyond the Sword</English>
<L1 /><L2 /><L3 /><L4 />
		<Chinese>&#x5173;&#x4E8E;&#x5200;&#x5251;&#x4E4B;&#x4E0A;</Chinese>
	</TEXT>
	<TEXT>
		<Tag>TXT_KEY_TECH_ALPHABET_STRATEGY</Tag>
		<English>[COLOR_TECH_TEXT]Alphabet[COLOR_REVERT] allows you to trade technologies with other civilizations and lets you build [COLOR_UNIT_TEXT]Spies[COLOR_REVERT] in cities.</English>
<L1 /><L2 /><L3 /><L4 />
		<Chinese>[COLOR_TECH_TEXT]&#x5B57;&#x6BCD;&#x8868;[COLOR_REVERT]&#x5141;&#x8BB8;&#x4F60;&#x540C;&#x5176;&#x4ED6;&#x6587;&#x660E;&#x4EA4;&#x6362;&#x79D1;&#x6280;&#xFF0C;&#x5E76;&#x5141;&#x8BB8;&#x7EC4;&#x5EFA;[COLOR_UNIT_TEXT]&#x95F4;&#x8C0D;[COLOR_REVERT]&#x5355;&#x4F4D;&#x3002;</Chinese>
	</TEXT>
	<TEXT>
		<Tag>TXT_KEY_TECH_MILITARY_SCIENCE_STRATEGY</Tag>
		<English>[COLOR_TECH_TEXT]Military Science[COLOR_REVERT] allows the construction of the [COLOR_UNIT_TEXT]Grenadier[COLOR_REVERT] and the [COLOR_UNIT_TEXT]Ship of the Line[COLOR_REVERT] units and the [COLOR_BUILDING_TEXT]Military Academy[COLOR_REVERT] building. It also allows access to the [COLOR_HIGHLIGHT_TEXT]Blitz[COLOR_REVERT] and [COLOR_HIGHLIGHT_TEXT]Commando[COLOR_REVERT] promotions.</English>
<L1 /><L2 /><L3 /><L4 />
		<Chinese>[COLOR_TECH_TEXT]&#x519B;&#x4E8B;&#x79D1;&#x5B66;[COLOR_REVERT]&#x5141;&#x8BB8;&#x7EC4;&#x5EFA;[COLOR_UNIT_TEXT]&#x63B7;&#x5F39;&#x5175;[COLOR_REVERT]&#x548C;[COLOR_UNIT_TEXT]&#x4E3B;&#x529B;&#x6218;&#x8230;[COLOR_REVERT]&#x5355;&#x4F4D;&#xFF0C;&#x5141;&#x8BB8;&#x5EFA;&#x7B51;[COLOR_BUILDING_TEXT]&#x519B;&#x4E8B;&#x5B66;&#x9662;[COLOR_REVERT]&#x3002;&#x5E76;&#x542F;&#x7528;[COLOR_HIGHLIGHT_TEXT]&#x95EA;&#x51FB;&#x6218;&#x672F;[COLOR_REVERT]&#x548C;[COLOR_HIGHLIGHT_TEXT]&#x7279;&#x79CD;&#x6218;&#x672F;[COLOR_REVERT]&#x664B;&#x5347;&#x3002;</Chinese>
	</TEXT>
	<TEXT>
		<Tag>TXT_KEY_TECH_PHYSICS_STRATEGY</Tag>
		<English>The first civilization to discover [COLOR_TECH_TEXT]Physics[COLOR_REVERT] receives a [COLOR_UNIT_TEXT]Great Scientist[COLOR_REVERT]. It also enables the [COLOR_UNIT_TEXT]Airship[COLOR_REVERT] unit and reveals the [COLOR_HIGHLIGHT_TEXT]Uranium[COLOR_REVERT] resource.</English>
<L1 /><L2 /><L3 /><L4 />
		<Chinese>&#x9996;&#x5148;&#x53D1;&#x73B0;[COLOR_TECH_TEXT]&#x7269;&#x7406;&#x5B66;[COLOR_REVERT]&#x7684;&#x6587;&#x660E;&#x53EF;&#x83B7;&#x5F97;&#x4E00;&#x4F4D;[COLOR_UNIT_TEXT]&#x5927;&#x79D1;&#x5B66;&#x5BB6;[COLOR_REVERT]&#x3002;&#x5E76;&#x542F;&#x7528;[COLOR_UNIT_TEXT]&#x98DE;&#x8247;[COLOR_REVERT]&#x5355;&#x4F4D;&#x548C;[COLOR_HIGHLIGHT_TEXT]&#x94C0;[COLOR_REVERT]&#x8D44;&#x6E90;&#x3002;</Chinese>
	</TEXT>
	<TEXT>
		<Tag>TXT_KEY_TECH_MEDICINE_STRATEGY</Tag>
		<English>[COLOR_TECH_TEXT]Medicine[COLOR_REVERT] allows you to construct the [COLOR_BUILDING_TEXT]Hospital[COLOR_REVERT] city improvement, the [COLOR_BUILDING_TEXT]Sid's Sushi Co.[COLOR_REVERT] wonder and the [COLOR_BUILDING_TEXT]Red Cross[COLOR_REVERT] national wonder. It enables the [COLOR_HIGHLIGHT_TEXT]Environmentalism[COLOR_REVERT] civic.</English>
<L1 /><L2 /><L3 /><L4 />
		<Chinese>[COLOR_TECH_TEXT]&#x533B;&#x5B66;[COLOR_REVERT]&#x5141;&#x8BB8;&#x4F60;&#x5EFA;&#x9020;[COLOR_BUILDING_TEXT]&#x533B;&#x9662;[COLOR_REVERT]&#x5EFA;&#x7B51;&#x3001;[COLOR_BUILDING_TEXT]&#x5E2D;&#x5FB7;&#x5BFF;&#x53F8;&#x516C;&#x53F8;[COLOR_REVERT]&#x5947;&#x89C2;&#x548C;[COLOR_BUILDING_TEXT]&#x7EA2;&#x5341;&#x5B57;&#x4F1A;[COLOR_REVERT]&#x56FD;&#x5BB6;&#x5947;&#x89C2;&#xFF0C;&#x5E76;&#x542F;&#x7528;[COLOR_HIGHLIGHT_TEXT]&#x7EFF;&#x8272;&#x7ECF;&#x6D4E;[COLOR_REVERT]&#x6CD5;&#x4EE4;&#x3002;</Chinese>
	</TEXT>
	<TEXT>
		<Tag>TXT_KEY_TECH_RAILROAD_STRATEGY</Tag>
		<English>[COLOR_TECH_TEXT]Railroad[COLOR_REVERT] allows construction of [COLOR_UNIT_TEXT]Machine Gun[COLOR_REVERT] units and the [COLOR_BUILDING_TEXT]Mining Inc[COLOR_REVERT] wonder. Most importantly, with [COLOR_HIGHLIGHT_TEXT]Coal[COLOR_REVERT] or [COLOR_HIGHLIGHT_TEXT]Oil[COLOR_REVERT] it allows your workers to upgrade your [COLOR_HIGHLIGHT_TEXT]Roads[COLOR_REVERT] to [COLOR_HIGHLIGHT_TEXT]Railroads[COLOR_REVERT], vastly increasing your units' movement.</English>
<L1 /><L2 /><L3 /><L4 />
		<Chinese>[COLOR_TECH_TEXT]&#x94C1;&#x8DEF;[COLOR_REVERT]&#x5141;&#x8BB8;&#x5EFA;&#x9020;[COLOR_UNIT_TEXT]&#x91CD;&#x673A;&#x67AA;[COLOR_REVERT]&#x5355;&#x4F4D;&#x548C;[COLOR_BUILDING_TEXT]&#x8054;&#x5408;&#x77FF;&#x4E1A;&#x516C;&#x53F8;[COLOR_REVERT]&#x5947;&#x89C2;&#x3002;&#x800C;&#x4E14;&#xFF0C;&#x5982;&#x62E5;&#x6709;[COLOR_HIGHLIGHT_TEXT]&#x7164;&#x70AD;[COLOR_REVERT]&#x4F60;&#x7684;&#x5DE5;&#x4EBA;&#x53EF;&#x5C06;[COLOR_HIGHLIGHT_TEXT]&#x9053;&#x8DEF;[COLOR_REVERT]&#x5347;&#x7EA7;&#x4E3A;[COLOR_HIGHLIGHT_TEXT]&#x94C1;&#x8DEF;[COLOR_REVERT]&#xFF0C;&#x5927;&#x5927;&#x63D0;&#x5347;&#x5355;&#x4F4D;&#x79FB;&#x52A8;&#x80FD;&#x529B;&#x3002;</Chinese>
	</TEXT>
	<TEXT>
		<Tag>TXT_KEY_TECH_SAILING_STRATEGY</Tag>
		<English>[COLOR_TECH_TEXT]Sailing[COLOR_REVERT] allows you to build the [COLOR_UNIT_TEXT]Galley[COLOR_REVERT] unit. It also enables trading along coasts and rivers, as well as the construction of the [COLOR_BUILDING_TEXT]Lighthouse[COLOR_REVERT] city improvement and the [COLOR_BUILDING_TEXT]Moai Statues[COLOR_REVERT].</English>
<L1 /><L2 /><L3 /><L4 />
		<Chinese>[COLOR_TECH_TEXT]&#x822A;&#x884C;&#x672F;[COLOR_REVERT]&#x5141;&#x8BB8;&#x4F60;&#x7EC4;&#x5EFA;[COLOR_UNIT_TEXT]&#x6868;&#x5E06;&#x8239;[COLOR_REVERT]&#x5355;&#x4F4D;&#x3002;&#x5E76;&#x5141;&#x8BB8;&#x6CBF;&#x6D77;&#x3001;&#x6CBF;&#x6CB3;&#x8D38;&#x6613;&#x4EE5;&#x53CA;&#x5EFA;&#x9020;[COLOR_BUILDING_TEXT]&#x706F;&#x5854;[COLOR_REVERT]&#x548C;[COLOR_BUILDING_TEXT]&#x6469;&#x827E;&#x77F3;&#x50CF;&#x7FA4;[COLOR_REVERT]&#x3002;</Chinese>
	</TEXT>
	<TEXT>
		<Tag>TXT_KEY_BUILDING_CORPORATION_1_STRATEGY</Tag>
		<English>Build the [COLOR_BUILDING_TEXT]Cereal Mills[COLOR_REVERT] Headquarters to create the [COLOR_HIGHLIGHT_TEXT]Cereal Mills Corporation[COLOR_REVERT], which consumes [COLOR_HIGHLIGHT_TEXT]Wheat[COLOR_REVERT], [COLOR_HIGHLIGHT_TEXT]Corn[COLOR_REVERT] or [COLOR_HIGHLIGHT_TEXT]Rice[COLOR_REVERT] and adds a food bonus to cities where the [COLOR_HIGHLIGHT_TEXT]Cereal Mills Corporation[COLOR_REVERT] is present.  The Headquarters provide gold for each city in the world with a Cereal Mills franchise.</English>
<L1 /><L2 /><L3 /><L4 />
		<Chinese>&#x5EFA;&#x9020;[COLOR_BUILDING_TEXT]&#x8C37;&#x7269;&#x7814;&#x78E8;&#x516C;&#x53F8;[COLOR_REVERT]&#x603B;&#x90E8;&#x5C06;&#x521B;&#x7ACB;[COLOR_HIGHLIGHT_TEXT]&#x8C37;&#x7269;&#x7814;&#x78E8;&#x516C;&#x53F8;[COLOR_REVERT]&#xFF0C;&#x4F7F;&#x7528;[COLOR_HIGHLIGHT_TEXT]&#x5C0F;&#x9EA6;[COLOR_REVERT]&#x3001;[COLOR_HIGHLIGHT_TEXT]&#x7389;&#x7C73;[COLOR_REVERT]&#x6216;[COLOR_HIGHLIGHT_TEXT]&#x7A3B;&#x7C73;[COLOR_REVERT]&#x4F7F;&#x62E5;&#x6709;[COLOR_HIGHLIGHT_TEXT]&#x8C37;&#x7269;&#x7814;&#x78E8;&#x516C;&#x53F8;[COLOR_REVERT]&#x4E1A;&#x52A1;&#x5206;&#x652F;&#x7684;&#x57CE;&#x5E02;&#x589E;&#x52A0;&#x98DF;&#x7269;&#x4EA7;&#x51FA;&#xFF0C;&#x5E76;&#x4E3A;&#x603B;&#x90E8;&#x6240;&#x5728;&#x57CE;&#x5E02;&#x5E26;&#x6765;&#x989D;&#x5916;&#x91D1;&#x94B1;&#x6536;&#x5165;&#x3002;</Chinese>
	</TEXT>
	<TEXT>
		<Tag>TXT_KEY_BUILDING_CORPORATION_2_STRATEGY</Tag>
		<English>Build the [COLOR_BUILDING_TEXT]Sid's Sushi Company[COLOR_REVERT] Headquarters to create the [COLOR_HIGHLIGHT_TEXT]Sid's Sushi Corporation[COLOR_REVERT], which consumes [COLOR_HIGHLIGHT_TEXT]Clams[COLOR_REVERT], [COLOR_HIGHLIGHT_TEXT]Fish[COLOR_REVERT], [COLOR_HIGHLIGHT_TEXT]Crabs[COLOR_REVERT] and [COLOR_HIGHLIGHT_TEXT]Rice[COLOR_REVERT] and adds bonus food and culture to cities where the [COLOR_HIGHLIGHT_TEXT]Sid's Sushi Corporation[COLOR_REVERT] is present. The Headquarters provide gold for each city in the world with a Sid's Sushi franchise.</English>
<L1 /><L2 /><L3 /><L4 />
		<Chinese>&#x5EFA;&#x9020;[COLOR_BUILDING_TEXT]&#x5E2D;&#x5FB7;&#x5BFF;&#x53F8;&#x516C;&#x53F8;[COLOR_REVERT]&#x603B;&#x90E8;&#x5C06;&#x521B;&#x7ACB;[COLOR_HIGHLIGHT_TEXT]&#x5E2D;&#x5FB7;&#x5BFF;&#x53F8;&#x516C;&#x53F8;[COLOR_REVERT]&#xFF0C;&#x4F7F;&#x7528;[COLOR_HIGHLIGHT_TEXT]&#x86E4;&#x870A;[COLOR_REVERT]&#x3001;[COLOR_HIGHLIGHT_TEXT]&#x9C7C;&#x7FA4;[COLOR_REVERT]&#x3001;[COLOR_HIGHLIGHT_TEXT]&#x8783;&#x87F9;[COLOR_REVERT]&#x6216;[COLOR_HIGHLIGHT_TEXT]&#x7A3B;&#x7C73;[COLOR_REVERT]&#x4F7F;&#x62E5;&#x6709;[COLOR_HIGHLIGHT_TEXT]&#x5E2D;&#x5FB7;&#x5BFF;&#x53F8;&#x516C;&#x53F8;[COLOR_REVERT]&#x4E1A;&#x52A1;&#x5206;&#x652F;&#x7684;&#x57CE;&#x5E02;&#x589E;&#x52A0;&#x98DF;&#x7269;&#x548C;&#x6587;&#x5316;&#x4EA7;&#x51FA;&#xFF0C;&#x5E76;&#x4E3A;&#x603B;&#x90E8;&#x6240;&#x5728;&#x57CE;&#x5E02;&#x5E26;&#x6765;&#x989D;&#x5916;&#x91D1;&#x94B1;&#x6536;&#x5165;&#x3002;</Chinese>
	</TEXT>
	<TEXT>
		<Tag>TXT_KEY_BUILDING_CORPORATION_3_STRATEGY</Tag>
		<English>Build the [COLOR_BUILDING_TEXT]Standard Ethanol[COLOR_REVERT] Headquarters to create the [COLOR_HIGHLIGHT_TEXT]Standard Ethanol Corporation[COLOR_REVERT], which consumes [COLOR_HIGHLIGHT_TEXT]Corn[COLOR_REVERT], [COLOR_HIGHLIGHT_TEXT]Sugar[COLOR_REVERT] and [COLOR_HIGHLIGHT_TEXT]Rice[COLOR_REVERT] and adds [COLOR_HIGHLIGHT_TEXT]Oil[COLOR_REVERT] and a research bonus to every city where the [COLOR_HIGHLIGHT_TEXT]Standard Ethanol Corporation[COLOR_REVERT] is present.  The Headquarters provide gold for each city in the world with a Standard Ethanol franchise.</English>
<L1 /><L2 /><L3 /><L4 />
		<Chinese>&#x5EFA;&#x9020;[COLOR_BUILDING_TEXT]&#x6807;&#x51C6;&#x4E59;&#x9187;&#x516C;&#x53F8;[COLOR_REVERT]&#x603B;&#x90E8;&#x5C06;&#x521B;&#x7ACB;[COLOR_HIGHLIGHT_TEXT]&#x6807;&#x51C6;&#x4E59;&#x9187;&#x516C;&#x53F8;[COLOR_REVERT]&#xFF0C;&#x4F7F;&#x7528;[COLOR_HIGHLIGHT_TEXT]&#x7389;&#x7C73;[COLOR_REVERT]&#x3001;[COLOR_HIGHLIGHT_TEXT]&#x98DF;&#x7CD6;[COLOR_REVERT]&#x6216;[COLOR_HIGHLIGHT_TEXT]&#x7A3B;&#x7C73;[COLOR_REVERT]&#x63D0;&#x4F9B;[COLOR_HIGHLIGHT_TEXT]&#x77F3;&#x6CB9;[COLOR_REVERT]&#xFF0C;&#x4F7F;&#x62E5;&#x6709;[COLOR_HIGHLIGHT_TEXT]&#x6807;&#x51C6;&#x4E59;&#x9187;&#x516C;&#x53F8;[COLOR_REVERT]&#x4E1A;&#x52A1;&#x5206;&#x652F;&#x7684;&#x57CE;&#x5E02;&#x589E;&#x52A0;&#x79D1;&#x7814;&#x70B9;&#x6570;&#xFF0C;&#x5E76;&#x4E3A;&#x603B;&#x90E8;&#x6240;&#x5728;&#x57CE;&#x5E02;&#x5E26;&#x6765;&#x989D;&#x5916;&#x91D1;&#x94B1;&#x6536;&#x5165;&#x3002;</Chinese>
	</TEXT>
	<TEXT>
		<Tag>TXT_KEY_BUILDING_CORPORATION_4_STRATEGY</Tag>
		<English>Build the [COLOR_BUILDING_TEXT]Creative Constructions[COLOR_REVERT] Headquarters to create the [COLOR_HIGHLIGHT_TEXT]Creative Constructions Corporation[COLOR_REVERT], which consumes [COLOR_HIGHLIGHT_TEXT]Iron[COLOR_REVERT], [COLOR_HIGHLIGHT_TEXT]Copper[COLOR_REVERT], [COLOR_HIGHLIGHT_TEXT]Stone[COLOR_REVERT] or [COLOR_HIGHLIGHT_TEXT]Marble[COLOR_REVERT] and adds a production and culture bonus to every city where the [COLOR_HIGHLIGHT_TEXT]Creative Constructions Corporation[COLOR_REVERT] is present.  The Headquarters provide gold for each city in the world with a Creative Constructions franchise.</English>
<L1 /><L2 /><L3 /><L4 />
		<Chinese>&#x5EFA;&#x9020;[COLOR_BUILDING_TEXT]&#x521B;&#x65B0;&#x5EFA;&#x7B51;&#x516C;&#x53F8;[COLOR_REVERT]&#x603B;&#x90E8;&#x5C06;&#x521B;&#x7ACB;[COLOR_HIGHLIGHT_TEXT]&#x521B;&#x65B0;&#x5EFA;&#x7B51;&#x516C;&#x53F8;[COLOR_REVERT]&#xFF0C;&#x4F7F;&#x7528;[COLOR_HIGHLIGHT_TEXT]&#x94C1;[COLOR_REVERT]&#x3001;[COLOR_HIGHLIGHT_TEXT]&#x94DC;[COLOR_REVERT]&#x3001;[COLOR_HIGHLIGHT_TEXT]&#x82B1;&#x5C97;&#x77F3;[COLOR_REVERT]&#x6216;[COLOR_HIGHLIGHT_TEXT]&#x5927;&#x7406;&#x77F3;[COLOR_REVERT]&#x4F7F;&#x62E5;&#x6709;[COLOR_HIGHLIGHT_TEXT]&#x521B;&#x65B0;&#x5EFA;&#x7B51;&#x516C;&#x53F8;[COLOR_REVERT]&#x4E1A;&#x52A1;&#x5206;&#x652F;&#x7684;&#x57CE;&#x5E02;&#x83B7;&#x5F97;&#x4EA7;&#x80FD;&#x548C;&#x6587;&#x5316;&#x52A0;&#x6210;&#xFF0C;&#x5E76;&#x4E3A;&#x603B;&#x90E8;&#x6240;&#x5728;&#x57CE;&#x5E02;&#x5E26;&#x6765;&#x989D;&#x5916;&#x91D1;&#x94B1;&#x6536;&#x5165;&#x3002;</Chinese>
	</TEXT>
	<TEXT>
		<Tag>TXT_KEY_BUILDING_CORPORATION_5_STRATEGY</Tag>
		<English>Build the [COLOR_BUILDING_TEXT]Mining Inc[COLOR_REVERT] Headquarters to create the [COLOR_HIGHLIGHT_TEXT]Mining Inc Corporation[COLOR_REVERT], which consumes [COLOR_HIGHLIGHT_TEXT]Aluminum[COLOR_REVERT], [COLOR_HIGHLIGHT_TEXT]Iron[COLOR_REVERT], [COLOR_HIGHLIGHT_TEXT]Copper[COLOR_REVERT], [COLOR_HIGHLIGHT_TEXT]Coal[COLOR_REVERT], [COLOR_HIGHLIGHT_TEXT]Silver[COLOR_REVERT] or [COLOR_HIGHLIGHT_TEXT]Gold[COLOR_REVERT] and adds a production bonus to any city where the [COLOR_HIGHLIGHT_TEXT]Mining Inc Corporation[COLOR_REVERT] is present.  The Headquarters provide gold for each city in the world with a Mining Inc. franchise.</English>
<L1 /><L2 /><L3 /><L4 />
		<Chinese>&#x5EFA;&#x9020;[COLOR_BUILDING_TEXT]&#x8054;&#x5408;&#x77FF;&#x4E1A;&#x516C;&#x53F8;[COLOR_REVERT]&#x603B;&#x90E8;&#x5C06;&#x521B;&#x7ACB;[COLOR_HIGHLIGHT_TEXT]&#x8054;&#x5408;&#x77FF;&#x4E1A;&#x516C;&#x53F8;[COLOR_REVERT]&#xFF0C;&#x4F7F;&#x7528;[COLOR_HIGHLIGHT_TEXT]&#x94C1;[COLOR_REVERT]&#x3001;[COLOR_HIGHLIGHT_TEXT]&#x94DC;[COLOR_REVERT]&#x3001;[COLOR_HIGHLIGHT_TEXT]&#x7164;&#x70AD;[COLOR_REVERT]&#x3001;[COLOR_HIGHLIGHT_TEXT]&#x767D;&#x94F6;[COLOR_REVERT]&#x6216;[COLOR_HIGHLIGHT_TEXT]&#x9EC4;&#x91D1;[COLOR_REVERT]&#x4F7F;&#x62E5;&#x6709;[COLOR_HIGHLIGHT_TEXT]&#x8054;&#x5408;&#x77FF;&#x4E1A;&#x516C;&#x53F8;[COLOR_REVERT]&#x4E1A;&#x52A1;&#x5206;&#x652F;&#x7684;&#x57CE;&#x5E02;&#x83B7;&#x5F97;&#x4EA7;&#x80FD;&#x52A0;&#x6210;&#xFF0C;&#x5E76;&#x4E3A;&#x603B;&#x90E8;&#x6240;&#x5728;&#x57CE;&#x5E02;&#x5E26;&#x6765;&#x989D;&#x5916;&#x91D1;&#x94B1;&#x6536;&#x5165;&#x3002;</Chinese>
	</TEXT>
	<TEXT>
		<Tag>TXT_KEY_BUILDING_CORPORATION_6_STRATEGY</Tag>
		<English>Build the [COLOR_BUILDING_TEXT]Aluminum Co.[COLOR_REVERT] Headquarters to create the [COLOR_HIGHLIGHT_TEXT]Aluminum Co. Corporation[COLOR_REVERT], which consumes [COLOR_HIGHLIGHT_TEXT]Coal[COLOR_REVERT] and adds [COLOR_HIGHLIGHT_TEXT]Aluminum[COLOR_REVERT] and a research bonus to every city where the [COLOR_HIGHLIGHT_TEXT]Aluminum Co. Corporation[COLOR_REVERT] is present.  The Headquarters provide gold for each city in the world with an Alunimum Co. franchise.</English>
<L1 /><L2 /><L3 /><L4 />
		<Chinese>&#x5EFA;&#x9020;[COLOR_BUILDING_TEXT]&#x7EFC;&#x5408;&#x5236;&#x94DD;&#x516C;&#x53F8;[COLOR_REVERT]&#x603B;&#x90E8;&#x5C06;&#x521B;&#x7ACB;[COLOR_HIGHLIGHT_TEXT]&#x7EFC;&#x5408;&#x5236;&#x94DD;&#x516C;&#x53F8;[COLOR_REVERT]&#xFF0C;&#x4F7F;&#x7528;[COLOR_HIGHLIGHT_TEXT]&#x7164;&#x70AD;[COLOR_REVERT]&#x63D0;&#x4F9B;[COLOR_HIGHLIGHT_TEXT]&#x94DD;[COLOR_REVERT]&#xFF0C;&#x5E76;&#x4F7F;&#x62E5;&#x6709;[COLOR_HIGHLIGHT_TEXT]&#x7EFC;&#x5408;&#x5236;&#x94DD;&#x516C;&#x53F8;[COLOR_REVERT]&#x4E1A;&#x52A1;&#x5206;&#x652F;&#x7684;&#x57CE;&#x5E02;&#x589E;&#x52A0;&#x79D1;&#x7814;&#x70B9;&#x6570;&#xFF0C;&#x5E76;&#x4E3A;&#x603B;&#x90E8;&#x6240;&#x5728;&#x57CE;&#x5E02;&#x5E26;&#x6765;&#x989D;&#x5916;&#x91D1;&#x94B1;&#x6536;&#x5165;&#x3002;</Chinese>
	</TEXT>
	<TEXT>
		<Tag>TXT_KEY_BUILDING_CORPORATION_7_STRATEGY</Tag>
		<English>Build the [COLOR_BUILDING_TEXT]Civilized Jewelers Inc[COLOR_REVERT] Headquarters to create the [COLOR_HIGHLIGHT_TEXT]Civilized Jewelers Inc Corporation[COLOR_REVERT] which consumes [COLOR_HIGHLIGHT_TEXT]Gold[COLOR_REVERT], [COLOR_HIGHLIGHT_TEXT]Silver[COLOR_REVERT] or [COLOR_HIGHLIGHT_TEXT]Gems[COLOR_REVERT] and adds gold and a culture bonus to every city where the [COLOR_HIGHLIGHT_TEXT]Civilized Jewelers Inc Corporation[COLOR_REVERT] is present.  The Headquarters provide gold for each city in the world with a Civilized Jewelers franchise.</English>
<L1 /><L2 /><L3 /><L4 />
		<Chinese>&#x5EFA;&#x9020;[COLOR_BUILDING_TEXT]&#x6587;&#x660E;&#x73E0;&#x5B9D;&#x516C;&#x53F8;[COLOR_REVERT]&#x603B;&#x90E8;&#x5C06;&#x521B;&#x7ACB;[COLOR_HIGHLIGHT_TEXT]&#x6587;&#x660E;&#x73E0;&#x5B9D;&#x516C;&#x53F8;[COLOR_REVERT]&#xFF0C;&#x4F7F;&#x7528;[COLOR_HIGHLIGHT_TEXT]&#x9EC4;&#x91D1;[COLOR_REVERT]&#x3001;[COLOR_HIGHLIGHT_TEXT]&#x767D;&#x94F6;[COLOR_REVERT]&#x6216;[COLOR_HIGHLIGHT_TEXT]&#x5B9D;&#x77F3;[COLOR_REVERT]&#x4F7F;&#x62E5;&#x6709;[COLOR_HIGHLIGHT_TEXT]&#x6587;&#x660E;&#x73E0;&#x5B9D;&#x516C;&#x53F8;[COLOR_REVERT]&#x4E1A;&#x52A1;&#x5206;&#x652F;&#x7684;&#x57CE;&#x5E02;&#x83B7;&#x5F97;&#x5546;&#x4E1A;&#x548C;&#x6587;&#x5316;&#x52A0;&#x6210;&#xFF0C;&#x5E76;&#x4E3A;&#x603B;&#x90E8;&#x6240;&#x5728;&#x57CE;&#x5E02;&#x5E26;&#x6765;&#x989D;&#x5916;&#x91D1;&#x94B1;&#x6536;&#x5165;&#x3002;</Chinese>
	</TEXT>
	<TEXT>
		<Tag>TXT_KEY_CONCEPT_GOLDEN_AGE_PEDIA</Tag>
		<English>[H1]Golden Ages[\H1][PARAGRAPH:2]During certain periods of time, some civilizations seem to burst with energy and creativity. The civilization's people become increasingly productive; technological advances come easy to the civilization; and its culture is the envy of the world. Italy during the Renaissance is one such example, and Great Britain in the 19th century another. In Civilization IV, such periods are called "golden ages."[PARAGRAPH:2][H2]Entering a Golden Age[\H2][PARAGRAPH:2][BOLD]Wonders:[\BOLD] A civilization can enter a golden age by constructing the [LINK=BUILDING_TAJ_MAHAL]Taj Mahal[\LINK] wonder.[PARAGRAPH:2] [BOLD]Great People:[\BOLD] A civilization can combine one or more [LINK=CONCEPT_GREAT_PEOPLE]Great People[\LINK] of different types to start a golden age. The cost of this method escalates: the first golden age costs one great person, the second costs two, the third one cost three, and so on.[PARAGRAPH:2][H2]Effects of Golden Ages[\H2][PARAGRAPH:2]During a golden age, your civilization greatly increases its output of production and commerce, meaning faster build times and research rates. (In game terms, every space within your cities' radii that provides commerce produces an extra commerce, and every space that provides production now produces an additional one.) In addition, you do not suffer anarchy from Civics and Religion changes, and you generate Great People at a higher rate. [PARAGRAPH:2][H2]Duration of Golden Ages[\H2][PARAGRAPH:2]Golden ages last eight turns on Normal Speed. If you achieve another golden age while in the midst of one already, the eight additional turns are tacked onto the end of the present golden age. You may increase the length of your Golden Ages by controlling the [LINK=BUILDING_MAUSOLEUM_OF_MAUSSOLLOS]Mausoleum of Maussollos[\LINK].[PARAGRAPH:2][H2]The End of the Age[\H2][PARAGRAPH:2]Once the golden age ends, your civilization's commerce and production return to normal levels.[PARAGRAPH:2]</English>
<L1 /><L2 /><L3 /><L4 />
		<Chinese>[H1]&#x9EC4;&#x91D1;&#x65F6;&#x4EE3;[\H1][PARAGRAPH:2]&#x5728;&#x4E00;&#x6BB5;&#x7279;&#x5B9A;&#x7684;&#x65F6;&#x671F;&#xFF0C;&#x6709;&#x4E9B;&#x6587;&#x660E;&#x4F1A;&#x7A81;&#x7136;&#x7206;&#x53D1;&#x51FA;&#x5DE8;&#x5927;&#x7684;&#x80FD;&#x91CF;&#x548C;&#x521B;&#x9020;&#x529B;&#x3002;&#x793E;&#x4F1A;&#x751F;&#x4EA7;&#x529B;&#x6301;&#x7EED;&#x63D0;&#x5347;&#xFF1B;&#x79D1;&#x7814;&#x8FDB;&#x5C55;&#x5C42;&#x4E0D;&#x51FA;&#x7A77;&#xFF1B;&#x660C;&#x660E;&#x7684;&#x6587;&#x5316;&#x4E3A;&#x6574;&#x4E2A;&#x4E16;&#x754C;&#x6240;&#x7FA1;&#x6155;&#x3002;&#x6587;&#x827A;&#x590D;&#x5174;&#x65F6;&#x671F;&#x7684;&#x610F;&#x5927;&#x5229;&#x548C;19&#x4E16;&#x7EAA;&#x7684;&#x5927;&#x4E0D;&#x5217;&#x98A0;&#x90FD;&#x662F;&#x8FD9;&#x6837;&#x7684;&#x4F8B;&#x5B50;&#x3002;&#x5728;&#x6587;&#x660E;IV&#xFF0C;&#x8FD9;&#x6837;&#x7684;&#x65F6;&#x671F;&#x88AB;&#x79F0;&#x4E3A;&#x201C;&#x9EC4;&#x91D1;&#x65F6;&#x4EE3;&#x201D;&#x3002;[PARAGRAPH:2][H2]&#x8FDB;&#x5165;&#x9EC4;&#x91D1;&#x65F6;&#x4EE3;[\H2][PARAGRAPH:2][BOLD]&#x5947;&#x89C2;:[\BOLD]&#x4E00;&#x4E2A;&#x6587;&#x660E;&#x53EF;&#x4EE5;&#x901A;&#x8FC7;&#x5EFA;&#x9020;[LINK=BUILDING_TAJ_MAHAL]&#x6CF0;&#x59EC;&#x9675;[\LINK]&#x8FDB;&#x5165;&#x9EC4;&#x91D1;&#x65F6;&#x4EE3;&#x3002;[PARAGRAPH:2][BOLD]&#x5386;&#x53F2;&#x4F1F;&#x4EBA;:[\BOLD]&#x4E00;&#x4E2A;&#x6587;&#x660E;&#x53EF;&#x4EE5;&#x51ED;&#x501F;&#x4E00;&#x4F4D;&#x6216;&#x66F4;&#x591A;&#x4E0D;&#x540C;&#x7C7B;&#x578B;&#x7684;[LINK=CONCEPT_GREAT_PEOPLE]&#x5386;&#x53F2;&#x4F1F;&#x4EBA;[\LINK]&#x5F00;&#x521B;&#x9EC4;&#x91D1;&#x65F6;&#x4EE3;&#x3002;&#x6240;&#x9700;&#x7684;&#x6570;&#x91CF;&#x662F;&#x9010;&#x6B21;&#x7D2F;&#x8FDB;&#x7684;&#xFF1A;&#x7B2C;&#x4E00;&#x6B21;&#x9EC4;&#x91D1;&#x65F6;&#x4EE3;&#x9700;&#x8981;&#x4E00;&#x4F4D;&#x5386;&#x53F2;&#x4F1F;&#x4EBA;&#xFF0C;&#x7B2C;&#x4E8C;&#x6B21;&#x9700;&#x8981;&#x4E8C;&#x4F4D;&#xFF0C;&#x7B2C;&#x4E09;&#x6B21;&#x9700;&#x8981;&#x4E09;&#x4F4D;&#xFF0C;&#x4EE5;&#x6B64;&#x7C7B;&#x63A8;&#x3002;[PARAGRAPH:2][H2]&#x9EC4;&#x91D1;&#x65F6;&#x4EE3;&#x7684;&#x4F5C;&#x7528;[\H2][PARAGRAPH:2]&#x5728;&#x9EC4;&#x91D1;&#x65F6;&#x4EE3;&#x4E2D;&#xFF0C;&#x4F60;&#x7684;&#x6587;&#x660E;&#x5DE5;&#x4E1A;&#x548C;&#x5546;&#x4E1A;&#x4EA7;&#x51FA;&#x5C06;&#x5927;&#x4E3A;&#x63D0;&#x5347;&#xFF0C;&#x8FD9;&#x610F;&#x5473;&#x7740;&#x66F4;&#x5FEB;&#x7684;&#x5DE5;&#x7A0B;&#x5EFA;&#x9020;&#x548C;&#x79D1;&#x5B66;&#x7814;&#x7A76;&#x901F;&#x5EA6;&#x3002;&#xFF08;&#x5177;&#x4F53;&#x800C;&#x8A00;&#xFF0C;&#x5728;&#x57CE;&#x5E02;&#x8303;&#x56F4;&#x4E4B;&#x5185;&#x6709;&#x5546;&#x4E1A;&#x6536;&#x5165;&#x7684;&#x533A;&#x57DF;&#x5C06;&#x989D;&#x5916;&#x589E;&#x52A0;1&#x5355;&#x4F4D;&#x5546;&#x4E1A;&#x6536;&#x5165;&#xFF0C;&#x6709;&#x5DE5;&#x4E1A;&#x4EA7;&#x80FD;&#x7684;&#x533A;&#x57DF;&#x5C06;&#x989D;&#x5916;&#x589E;&#x52A0;1&#x5355;&#x4F4D;&#x5DE5;&#x4E1A;&#x4EA7;&#x80FD;&#x3002;&#xFF09;&#x5728;&#x9EC4;&#x91D1;&#x65F6;&#x4EE3;&#x4E2D;&#x6539;&#x53D8;&#x5185;&#x653F;&#x6CD5;&#x4EE4;&#x548C;&#x5B98;&#x65B9;&#x4FE1;&#x4EF0;&#x4E0D;&#x5FC5;&#x7ECF;&#x5386;&#x65E0;&#x653F;&#x5E9C;&#x72B6;&#x6001;&#xFF0C;&#x5386;&#x53F2;&#x4F1F;&#x4EBA;&#x70B9;&#x6570;&#x7684;&#x79EF;&#x7D2F;&#x901F;&#x5EA6;&#x4E5F;&#x5C06;&#x63D0;&#x9AD8;&#x3002;[PARAGRAPH:2][H2]&#x9EC4;&#x91D1;&#x65F6;&#x4EE3;&#x7684;&#x6301;&#x7EED;&#x65F6;&#x95F4;[\H2][PARAGRAPH:2]&#x5728;&#x6807;&#x51C6;&#x901F;&#x5EA6;&#x4E0B;&#x9EC4;&#x91D1;&#x65F6;&#x4EE3;&#x7684;&#x6301;&#x7EED;&#x65F6;&#x95F4;&#x4E3A;&#x516B;&#x4E2A;&#x56DE;&#x5408;&#x3002;&#x5982;&#x679C;&#x4F60;&#x5728;&#x9EC4;&#x91D1;&#x65F6;&#x4EE3;&#x6301;&#x7EED;&#x8FC7;&#x7A0B;&#x4E2D;&#x518D;&#x6B21;&#x8FBE;&#x5230;&#x5F00;&#x521B;&#x9EC4;&#x91D1;&#x65F6;&#x4EE3;&#x7684;&#x6761;&#x4EF6;&#xFF0C;&#x5219;&#x73B0;&#x6709;&#x9EC4;&#x91D1;&#x65F6;&#x4EE3;&#x7ED3;&#x675F;&#x65F6;&#x7ACB;&#x5373;&#x5F00;&#x59CB;&#x4E0B;&#x4E00;&#x4E2A;&#x9EC4;&#x91D1;&#x65F6;&#x4EE3;&#xFF08;&#x5373;&#x9EC4;&#x91D1;&#x65F6;&#x4EE3;&#x5171;&#x6301;&#x7EED;16&#x56DE;&#x5408;&#xFF09;&#x3002;&#x5982;&#x679C;&#x62E5;&#x6709;[LINK=BUILDING_MAUSOLEUM_OF_MAUSSOLLOS]&#x6469;&#x7D22;&#x62C9;&#x65AF;&#x9675;&#x5893;[\LINK]&#x5219;&#x9EC4;&#x91D1;&#x65F6;&#x4EE3;&#x6301;&#x7EED;&#x65F6;&#x95F4;&#x8FD8;&#x53EF;&#x5EF6;&#x957F;&#x3002;[PARAGRAPH:2][H2]&#x9EC4;&#x91D1;&#x65F6;&#x4EE3;&#x7684;&#x7ED3;&#x675F;[\H2][PARAGRAPH:2]&#x9EC4;&#x91D1;&#x65F6;&#x4EE3;&#x7ED3;&#x675F;&#x540E;&#xFF0C;&#x6587;&#x660E;&#x7684;&#x5546;&#x4E1A;&#x548C;&#x5DE5;&#x4E1A;&#x4EA7;&#x51FA;&#x5C06;&#x6062;&#x590D;&#x6B63;&#x5E38;&#x6C34;&#x5E73;&#x3002;[PARAGRAPH:2]</Chinese>
	</TEXT>
	<TEXT>
		<Tag>TXT_KEY_BUILDING_MT_RUSHMORE_STRATEGY</Tag>
		<English>[COLOR_BUILDING_TEXT]Mount Rushmore[COLOR_REVERT] decreases war weariness in all cities in your civilization and increases its city's chances of generating a [COLOR_UNIT_TEXT]Great Artist[COLOR_REVERT].</English>
<L1 /><L2 /><L3 /><L4 />
		<Chinese>[COLOR_BUILDING_TEXT]&#x603B;&#x7EDF;&#x5C71;[COLOR_REVERT]&#x53EF;&#x51CF;&#x5C11;&#x6240;&#x6709;&#x672C;&#x56FD;&#x57CE;&#x5E02;&#x7684;&#x538C;&#x6218;&#x60C5;&#x7EEA;&#xFF0C;&#x5E76;&#x63D0;&#x5347;&#x8BE5;&#x57CE;&#x5E02;&#x4EA7;&#x751F;[COLOR_UNIT_TEXT]&#x5927;&#x827A;&#x672F;&#x5BB6;[COLOR_REVERT]&#x7684;&#x51E0;&#x7387;&#x3002;</Chinese>
	</TEXT>
	<TEXT>
		<Tag>TXT_KEY_MISSION_SENTRY_HELP</Tag>
		<English>The unit remains inactive until an enemy unit enters its visibility range.</English>
<L1 /><L2 /><L3 /><L4 />
		<Chinese>&#x5C06;&#x9009;&#x5B9A;&#x5355;&#x4F4D;&#x4FDD;&#x6301;&#x4F11;&#x7720;&#x72B6;&#x6001;&#x76F4;&#x5230;&#x6709;&#x654C;&#x65B9;&#x5355;&#x4F4D;&#x8FDB;&#x5165;&#x5176;&#x89C6;&#x91CE;&#x8303;&#x56F4;&#x3002;</Chinese>
	</TEXT>
	<TEXT>
		<Tag>TXT_KEY_CONCEPT_FORT_PEDIA</Tag>
		<English>[H1]Updated Forts[\H1][PARAGRAPH:2]Forts have been significantly updated since the initial release of Civilization IV. Forts can now be built outside of your borders and function in many ways as cities. Units attacking or defending Forts will make use of their city-related promotions, so long as the units inside the Fort are in friendly or neutral territory.[PARAGRAPH:1]Forts within your cultural boundaries also act as port cities for ships, meaning that ships can heal in them, but also that Forts can be used to form canals, up to two tiles wide, through which ships can cross. They also act as ports when determining trade connections. They can also now be used to connect to resources within your cultural boundaries. Finally, Forts can be used as bases for air units and offer the increased heal rate usually only available within city boundaries. These last two abilities make them excellent launching pads for operations into enemy territory.</English>
<L1 /><L2 /><L3 /><L4 />
		<Chinese>[H1]&#x8981;&#x585E;&#x7684;&#x6539;&#x8FDB;[\H1][PARAGRAPH:2]&#x8981;&#x585E;&#x76F8;&#x5BF9;&#x6587;&#x660E;IV&#x539F;&#x7248;&#x8FDB;&#x884C;&#x4E86;&#x6781;&#x5927;&#x7684;&#x6539;&#x8FDB;&#x3002;&#x73B0;&#x5728;&#x8981;&#x585E;&#x53EF;&#x4EE5;&#x5728;&#x56FD;&#x5883;&#x4E4B;&#x5916;&#x4FEE;&#x5EFA;&#xFF0C;&#x5728;&#x8BB8;&#x591A;&#x65B9;&#x9762;&#x7684;&#x4F5C;&#x7528;&#x4E0E;&#x57CE;&#x5E02;&#x76F8;&#x5F53;&#x3002;&#x5728;&#x653B;&#x51FB;&#x6216;&#x9632;&#x5FA1;&#x4F4D;&#x4E8E;&#x672C;&#x56FD;&#x6216;&#x4E2D;&#x7ACB;&#x9886;&#x571F;&#x7684;&#x8981;&#x585E;&#x65F6;&#xFF0C;&#x5355;&#x4F4D;&#x7684;&#x653B;&#x57CE;&#x6216;&#x57CE;&#x9632;&#x664B;&#x5347;&#x540C;&#x6837;&#x6709;&#x6548;&#x3002;[PARAGRAPH:1]&#x5728;&#x672C;&#x56FD;&#x8FB9;&#x5883;&#x4E4B;&#x5185;&#x7684;&#x8981;&#x585E;&#x8FD8;&#x53EF;&#x4F5C;&#x4E3A;&#x6D77;&#x519B;&#x57FA;&#x5730;&#xFF0C;&#x53D7;&#x635F;&#x8230;&#x8239;&#x505C;&#x6CCA;&#x5176;&#x4E2D;&#x5C31;&#x80FD;&#x6062;&#x590D;&#x6218;&#x6597;&#x529B;&#xFF0C;&#x8FD8;&#x53EF;&#x5728;&#x5730;&#x5CE1;&#x4E0A;&#x4FEE;&#x5EFA;&#x8FD0;&#x6CB3;&#x4F9B;&#x8230;&#x8239;&#x901A;&#x884C;&#xFF08;&#x4E24;&#x683C;&#x4EE5;&#x5185;&#xFF09;&#x3002;&#x8981;&#x585E;&#x8FD8;&#x53EF;&#x8FDE;&#x63A5;&#x5546;&#x8DEF;&#xFF0C;&#x8D77;&#x8D38;&#x6613;&#x6E2F;&#x53E3;&#x7684;&#x4F5C;&#x7528;&#x3002;&#x8981;&#x585E;&#x8FD8;&#x53EF;&#x4EE5;&#x8FDE;&#x63A5;&#x672C;&#x56FD;&#x8FB9;&#x5883;&#x4E4B;&#x5185;&#x7684;&#x8D44;&#x6E90;&#x3002;&#x540C;&#x6837;&#x8981;&#x585E;&#x4E5F;&#x53EF;&#x4EE5;&#x4F5C;&#x4E3A;&#x7A7A;&#x519B;&#x57FA;&#x5730;&#x505C;&#x653E;&#x548C;&#x4FEE;&#x590D;&#x7A7A;&#x519B;&#x5355;&#x4F4D;&#x3002;&#x8FD9;&#x4E9B;&#x529F;&#x80FD;&#x4F7F;&#x8981;&#x585E;&#x5728;&#x6218;&#x4E89;&#x65F6;&#x671F;&#x80FD;&#x6210;&#x4E3A;&#x6700;&#x63A5;&#x8FD1;&#x654C;&#x65B9;&#x9886;&#x5730;&#x7684;&#x524D;&#x6CBF;&#x636E;&#x70B9;&#x3002;</Chinese>
	</TEXT>
	<TEXT>
		<Tag>TXT_KEY_CONCEPT_EVENTS_PEDIA</Tag>
		<English>[H1]Events[\H1][PARAGRAPH:2]Special Events now occur at random intervals throughout the game, allowing the player to demonstrate the type of ruler they wish to be. The dozens of events in Beyond the Sword may range from requiring the player to decide how to deal with a bandit gang to cleaning up after a plane crash, but will usually be tied to the player's in-game decisions. It will be impossible for a player to experience a slave revolt if the player does not use the Slavery civic. How the player handles each event will decide the rewards and attitude changes for those involved.[PARAGRAPH:1]Events are divided into two main types - Occurrences and Quests. Occurrences require the player to make an on-the-fly decision, the results of which take immediate effect. Quests require the player to complete a certain objective in order to receive a reward. But be sure to hurry, as many quests will be given to multiple Civilizations, meaning the first to complete it will garner the benefits. [NEWLINE]You may view your active Quests on the Log Screen [CTRL + TAB][PARAGRAPH:1]Events can be disabled by starting a "Custom Game" and selecting the "No Random Events" Option.</English>
<L1 /><L2 /><L3 /><L4 />
		<Chinese>[H1]&#x968F;&#x673A;&#x4E8B;&#x4EF6;[\H1][PARAGRAPH:2]&#x5728;&#x6574;&#x4E2A;&#x6E38;&#x620F;&#x8FDB;&#x7A0B;&#x4E2D;&#x4F1A;&#x968F;&#x673A;&#x53D1;&#x751F;&#x5404;&#x79CD;&#x7279;&#x6B8A;&#x4E8B;&#x4EF6;&#xFF0C;&#x73A9;&#x5BB6;&#x53EF;&#x4EE5;&#x901A;&#x8FC7;&#x9009;&#x62E9;&#x663E;&#x793A;&#x81EA;&#x5DF1;&#x72EC;&#x7279;&#x7684;&#x9886;&#x5BFC;&#x98CE;&#x683C;&#x3002;&#x968F;&#x673A;&#x4E8B;&#x4EF6;&#x5305;&#x62EC;&#x8BF7;&#x6C42;&#x73A9;&#x5BB6;&#x51B3;&#x5B9A;&#x5982;&#x4F55;&#x5BF9;&#x5F85;&#x532A;&#x60A3;&#x3001;&#x5982;&#x4F55;&#x5904;&#x7406;&#x5931;&#x4E8B;&#x98DE;&#x673A;&#x7B49;&#x7B49;&#xFF0C;&#x4E0D;&#x8FC7;&#x901A;&#x5E38;&#x4F1A;&#x4E0E;&#x73A9;&#x5BB6;&#x9009;&#x62E9;&#x7684;&#x6E38;&#x620F;&#x7B56;&#x7565;&#x606F;&#x606F;&#x76F8;&#x5173;&#x3002;&#x5982;&#x679C;&#x73A9;&#x5BB6;&#x4E0D;&#x5B9E;&#x884C;&#x5974;&#x96B6;&#x5236;&#x5EA6;&#xFF0C;&#x81EA;&#x7136;&#x5C31;&#x4E0D;&#x4F1A;&#x7ECF;&#x5386;&#x5974;&#x96B6;&#x8D77;&#x4E49;&#x4E8B;&#x4EF6;&#x3002;&#x73A9;&#x5BB6;&#x5BF9;&#x6BCF;&#x4E2A;&#x4E8B;&#x4EF6;&#x4E0D;&#x540C;&#x7684;&#x5904;&#x7406;&#x65B9;&#x5F0F;&#x5C06;&#x5E26;&#x6765;&#x4E0D;&#x540C;&#x7684;&#x5229;&#x76CA;&#x6216;&#x60E9;&#x7F5A;&#xFF0C;&#x4EE5;&#x53CA;&#x76F8;&#x5173;&#x6587;&#x660E;&#x6001;&#x5EA6;&#x7684;&#x53D8;&#x5316;&#x3002;[PARAGRAPH:1]&#x968F;&#x673A;&#x4E8B;&#x4EF6;&#x53EF;&#x5206;&#x4E3A;&#x4E24;&#x5927;&#x7C7B;&#x2014;&#x2014;&#x666E;&#x901A;&#x4E8B;&#x4EF6;&#x548C;&#x4EFB;&#x52A1;&#x4E8B;&#x4EF6;&#x3002;&#x666E;&#x901A;&#x4E8B;&#x4EF6;&#x9700;&#x8981;&#x73A9;&#x5BB6;&#x7ACB;&#x5373;&#x4F5C;&#x51FA;&#x9009;&#x62E9;&#xFF0C;&#x5E76;&#x5728;&#x4F5C;&#x51FA;&#x9009;&#x62E9;&#x540E;&#x7ACB;&#x5373;&#x53D1;&#x751F;&#x6548;&#x679C;&#x3002;&#x4EFB;&#x52A1;&#x4E8B;&#x4EF6;&#x9700;&#x8981;&#x73A9;&#x5BB6;&#x5B8C;&#x6210;&#x7279;&#x5B9A;&#x76EE;&#x6807;&#x4EE5;&#x83B7;&#x53D6;&#x5956;&#x52B1;&#x3002;&#x6CE8;&#x610F;&#x8981;&#x6293;&#x7D27;&#x65F6;&#x95F4;&#xFF0C;&#x4EFB;&#x52A1;&#x5F80;&#x5F80;&#x662F;&#x540C;&#x65F6;&#x4EA4;&#x7ED9;&#x591A;&#x4E2A;&#x6587;&#x660E;&#x7684;&#xFF0C;&#x53EA;&#x6709;&#x7387;&#x5148;&#x5B8C;&#x6210;&#x7684;&#x6587;&#x660E;&#x624D;&#x80FD;&#x5F97;&#x5230;&#x5956;&#x52B1;&#x3002;[NEWLINE]&#x4F60;&#x53EF;&#x4EE5;&#x5728;&#x4E8B;&#x4EF6;&#x8BB0;&#x5F55;&#x7A97;&#x53E3;&#xFF08;[CTRL+TAB]&#xFF09;&#x4E2D;&#x67E5;&#x770B;&#x5F53;&#x524D;&#x7684;&#x4EFB;&#x52A1;&#x3002;[PARAGRAPH:1]&#x5982;&#x679C;&#x4E0D;&#x60F3;&#x542F;&#x7528;&#x968F;&#x673A;&#x4E8B;&#x4EF6;&#xFF0C;&#x53EA;&#x9700;&#x5728;&#x201C;&#x81EA;&#x5B9A;&#x4E49;&#x6E38;&#x620F;&#x201D;&#x754C;&#x9762;&#x4E2D;&#x9009;&#x62E9;&#x201C;&#x7981;&#x6B62;&#x968F;&#x673A;&#x4E8B;&#x4EF6;&#x201D;&#x3002;</Chinese>
	</TEXT>
	<TEXT>
		<Tag>TXT_KEY_CITY_NAME_GONDAR</Tag>
		<English>Gondar</English>
<L1 /><L2 /><L3 /><L4 />
		<Chinese>&#x8D21;&#x8FBE;</Chinese>
	</TEXT>
	<TEXT>
		<Tag>TXT_KEY_CITY_NAME_LUBAANTUM</Tag>
		<English>Lubaantun</English>
<L1 /><L2 /><L3 /><L4 />
		<Chinese>&#x5362;&#x5DF4;&#x5B89;&#x6566;</Chinese>
	</TEXT>
	<TEXT>
		<Tag>TXT_KEY_BTS_TECHS_PEDIA</Tag>
		<English>[H1]Beyond the Sword Technologies[\H1][NEWLINE][LINK=TECH_ADVANCED_FLIGHT]Advanced Flight[\LINK][NEWLINE][NEWLINE][LINK=TECH_AESTHETICS]Aesthetics[\LINK][NEWLINE][NEWLINE][LINK=TECH_LASER]Laser[\LINK][NEWLINE][NEWLINE][LINK=TECH_MILITARY_SCIENCE]Military Science[\LINK][NEWLINE][NEWLINE][LINK=TECH_STEALTH]Stealth[\LINK][NEWLINE][NEWLINE][LINK=TECH_SUPERCONDUCTORS]Superconductors[\LINK]</English>
<L1 /><L2 /><L3 /><L4 />
		<Chinese>[H1]&#x5200;&#x5251;&#x4E4B;&#x4E0A;&#x65B0;&#x589E;&#x79D1;&#x6280;[\H1][NEWLINE][LINK=TECH_ADVANCED_FLIGHT]&#x5148;&#x8FDB;&#x822A;&#x7A7A;[\LINK][NEWLINE][NEWLINE][LINK=TECH_AESTHETICS]&#x7F8E;&#x5B66;[\LINK][NEWLINE][NEWLINE][LINK=TECH_LASER]&#x6FC0;&#x5149;[\LINK][NEWLINE][NEWLINE][LINK=TECH_MILITARY_SCIENCE]&#x519B;&#x4E8B;&#x79D1;&#x5B66;[\LINK][NEWLINE][NEWLINE][LINK=TECH_STEALTH]&#x9690;&#x5F62;[\LINK][NEWLINE][NEWLINE][LINK=TECH_SUPERCONDUCTORS]&#x8D85;&#x5BFC;[\LINK]</Chinese>
	</TEXT>
	<TEXT>
		<Tag>TXT_KEY_BTS_LEADERS_PEDIA</Tag>
		<English>[H1]Beyond the Sword Leaders[\H1][NEWLINE][LINK=LEADER_BOUDICA]Boudica[\LINK][NEWLINE][NEWLINE][LINK=LEADER_CHARLEMAGNE]Charlemagne[\LINK][NEWLINE][NEWLINE][LINK=LEADER_DARIUS]Darius I[\LINK][NEWLINE][NEWLINE][LINK=LEADER_DE_GAULLE]Charles de Gaulle[\LINK][NEWLINE][NEWLINE][LINK=LEADER_GILGAMESH]Gilgamesh[\LINK][NEWLINE][NEWLINE][LINK=LEADER_HAMMURABI]Hammurabi[\LINK][NEWLINE][NEWLINE][LINK=LEADER_JOAO]Joao II[\LINK][NEWLINE][NEWLINE][LINK=LEADER_JUSTINIAN]Justinian[\LINK][NEWLINE][NEWLINE][LINK=LEADER_LINCOLN]Abraham Lincoln[\LINK][NEWLINE][NEWLINE][LINK=LEADER_PACAL]Pacal[\LINK][NEWLINE][NEWLINE][LINK=LEADER_PERICLES]Pericles[\LINK][NEWLINE][NEWLINE][LINK=LEADER_SITTING_BULL]Sitting Bull[\LINK][NEWLINE][NEWLINE][LINK=LEADER_SULEIMAN]Suleiman[\LINK][NEWLINE][NEWLINE][LINK=LEADER_SURYAVARMAN]Suryavarman II[\LINK][NEWLINE][NEWLINE][LINK=LEADER_WILLEM_VAN_ORANJE]Willem van Oranje[\LINK][NEWLINE][NEWLINE][LINK=LEADER_ZARA_YAQOB]Zara Yaqob[\LINK][NEWLINE][NEWLINE]</English>
<L1 /><L2 /><L3 /><L4 />
		<Chinese>[H1]&#x5200;&#x5251;&#x4E4B;&#x4E0A;&#x65B0;&#x589E;&#x9886;&#x8896;[\H1][NEWLINE][LINK=LEADER_BOUDICA]&#x5E03;&#x72C4;&#x5361;[\LINK][NEWLINE][NEWLINE][LINK=LEADER_CHARLEMAGNE]&#x67E5;&#x7406;&#x66FC;[\LINK][NEWLINE][NEWLINE][LINK=LEADER_DARIUS]&#x5927;&#x6D41;&#x58EB;&#x4E00;&#x4E16;[\LINK][NEWLINE][NEWLINE][LINK=LEADER_DE_GAULLE]&#x590F;&#x5C14;&#x00B7;&#x6234;&#x9AD8;&#x4E50;[\LINK][NEWLINE][NEWLINE][LINK=LEADER_GILGAMESH]&#x5409;&#x5C14;&#x4F3D;&#x7F8E;&#x4EC0;[\LINK][NEWLINE][NEWLINE][LINK=LEADER_HAMMURABI]&#x6C49;&#x8C1F;&#x62C9;&#x6BD4;[\LINK][NEWLINE][NEWLINE][LINK=LEADER_JOAO]&#x82E5;&#x6602;&#x4E8C;&#x4E16;[\LINK][NEWLINE][NEWLINE][LINK=LEADER_JUSTINIAN]&#x67E5;&#x58EB;&#x4E01;&#x5C3C;[\LINK][NEWLINE][NEWLINE][LINK=LEADER_LINCOLN]&#x4E9A;&#x4F2F;&#x62C9;&#x7F55;&#x00B7;&#x6797;&#x80AF;[\LINK][NEWLINE][NEWLINE][LINK=LEADER_PACAL]&#x5E15;&#x5361;&#x5C14;[\LINK][NEWLINE][NEWLINE][LINK=LEADER_PERICLES]&#x4F2F;&#x91CC;&#x514B;&#x5229;[\LINK][NEWLINE][NEWLINE][LINK=LEADER_SITTING_BULL]&#x5750;&#x725B;[\LINK][NEWLINE][NEWLINE][LINK=LEADER_SULEIMAN]&#x82CF;&#x83B1;&#x66FC;[\LINK][NEWLINE][NEWLINE][LINK=LEADER_SURYAVARMAN]&#x82CF;&#x8036;&#x8DCB;&#x6469;&#x4E8C;&#x4E16;[\LINK][NEWLINE][NEWLINE][LINK=LEADER_WILLEM_VAN_ORANJE]&#x5A01;&#x5EC9;&#x00B7;&#x5965;&#x5170;&#x6CBB;[\LINK][NEWLINE][NEWLINE][LINK=LEADER_ZARA_YAQOB]&#x672D;&#x62C9;&#x00B7;&#x96C5;&#x5404;&#x5E03;[\LINK][NEWLINE][NEWLINE]</Chinese>
	</TEXT>
	<TEXT>
		<Tag>TXT_KEY_BTS_CIVS_PEDIA</Tag>
		<English>[H1]Beyond the Sword Civilizations[\H1][NEWLINE][LINK=CIVILIZATION_BABYLON]Babylonian Empire[\LINK][NEWLINE][NEWLINE][LINK=CIVILIZATION_BYZANTIUM]Byzantine Empire[\LINK][NEWLINE][NEWLINE][LINK=CIVILIZATION_NETHERLANDS]Dutch Empire[\LINK][NEWLINE][NEWLINE][LINK=CIVILIZATION_ETHIOPIA]Ethiopian Empire[\LINK][NEWLINE][NEWLINE][LINK=CIVILIZATION_HOLY_ROMAN]Holy Roman Empire[\LINK][NEWLINE][NEWLINE][LINK=CIVILIZATION_KHMER]Khmer Empire[\LINK][NEWLINE][NEWLINE][LINK=CIVILIZATION_MAYA]Mayan Empire[\LINK][NEWLINE][NEWLINE][LINK=CIVILIZATION_NATIVE_AMERICA]Native American Empire[\LINK][NEWLINE][NEWLINE][LINK=CIVILIZATION_PORTUGAL]Portuguese Civilization[\LINK][NEWLINE][NEWLINE][LINK=CIVILIZATION_SUMERIA]Sumerian Civilization[\LINK]</English>
<L1 /><L2 /><L3 /><L4 />
		<Chinese>[H1]&#x5200;&#x5251;&#x4E4B;&#x4E0A;&#x65B0;&#x589E;&#x6587;&#x660E;[\H1][NEWLINE][LINK=CIVILIZATION_BABYLON]&#x5DF4;&#x6BD4;&#x4F26;&#x6587;&#x660E;[\LINK][NEWLINE][NEWLINE][LINK=CIVILIZATION_BYZANTIUM]&#x62DC;&#x5360;&#x5EAD;&#x6587;&#x660E;[\LINK][NEWLINE][NEWLINE][LINK=CIVILIZATION_NETHERLANDS]&#x8377;&#x5170;&#x6587;&#x660E;[\LINK][NEWLINE][NEWLINE][LINK=CIVILIZATION_ETHIOPIA]&#x57C3;&#x585E;&#x4FC4;&#x6BD4;&#x4E9A;&#x6587;&#x660E;[\LINK][NEWLINE][NEWLINE][LINK=CIVILIZATION_HOLY_ROMAN]&#x795E;&#x5723;&#x7F57;&#x9A6C;&#x6587;&#x660E;[\LINK][NEWLINE][NEWLINE][LINK=CIVILIZATION_KHMER]&#x9AD8;&#x68C9;&#x6587;&#x660E;[\LINK][NEWLINE][NEWLINE][LINK=CIVILIZATION_MAYA]&#x739B;&#x96C5;&#x6587;&#x660E;[\LINK][NEWLINE][NEWLINE][LINK=CIVILIZATION_NATIVE_AMERICA]&#x5317;&#x7F8E;&#x571F;&#x8457;&#x6587;&#x660E;[\LINK][NEWLINE][NEWLINE][LINK=CIVILIZATION_PORTUGAL]&#x8461;&#x8404;&#x7259;&#x6587;&#x660E;[\LINK][NEWLINE][NEWLINE][LINK=CIVILIZATION_SUMERIA]&#x82CF;&#x7F8E;&#x5C14;&#x6587;&#x660E;[\LINK]</Chinese>
	</TEXT>
	<TEXT>
		<Tag>CHANGED_TXT_KEY_MAIN_MENU_WARLORS</Tag>
		<English>Beyond the Sword Content</English>
<L1 /><L2 /><L3 /><L4 />
		<Chinese>&#x5200;&#x5251;&#x4E4B;&#x4E0A;&#x5267;&#x60C5;</Chinese>
	</TEXT>
	<TEXT>
		<Tag>TXT_KEY_UNIT_EXECUTIVE_2</Tag>
		<English>Sid's Sushi Executive</English>
<L1 /><L2 /><L3 /><L4 />
		<Chinese>&#x5E2D;&#x5FB7;&#x5BFF;&#x53F8;&#x516C;&#x53F8;&#x7ECF;&#x7406;</Chinese>
	</TEXT>
	<TEXT>
		<Tag>CHANGED_TXT_KEY_CORPORATION_2</Tag>
		<English>Sid's Sushi Co</English>
<L1 /><L2 /><L3 /><L4 />
		<Chinese>&#x5E2D;&#x5FB7;&#x5BFF;&#x53F8;&#x516C;&#x53F8;</Chinese>
	</TEXT>
	<TEXT>
		<Tag>TXT_KEY_CONCEPT_COLONIES_PEDIA</Tag>
		<English>[H1]Colonies[\H1][PARAGRAPH:2]The maintenance of your cities now takes into account a third factor beyond the number of cities in your civilization and their distance from the capital. This new maintenance cost only affects cities on overseas continents that do not contain your capital. When the number of cities on that distant continent reaches a certain level, maintenance costs will begin to outweigh production.[PARAGRAPH:1]To deal with this loss, the player may turn the cities on an overseas continent into a Colony. By granting those cities Colony status, they will immediately break off into their own, distinct civilization, and become a vassal of the player. They will be run by an AI, but the player will still have access to all the resources of their colony. You may choose to create a Colony from your overseas empire by using the button on the Domestic Advisor screen.[PARAGRAPH:1]Colonies receive a major attitude bonus towards their parent civilization, and so long as relations remain good between the parent civilization and the Colony, the Colony will remain a vassal to them. However, Colonies will not stand for abuse, so if a Colony's attitude towards the parent civilization sours, they may break from their parent completely. Colonies can never be reabsorbed by the parent civilization - they must be conquered if you wish them to again be part of your empire.</English>
<L1 /><L2 /><L3 /><L4 />
		<Chinese>[H1]&#x89E3;&#x653E;&#x6B96;&#x6C11;&#x5730;[\H1][PARAGRAPH:2]&#x5F71;&#x54CD;&#x57CE;&#x5E02;&#x7EF4;&#x62A4;&#x8D39;&#x7684;&#x56E0;&#x7D20;&#x9664;&#x672C;&#x6587;&#x660E;&#x57CE;&#x5E02;&#x6570;&#x91CF;&#x53CA;&#x57CE;&#x5E02;&#x4E0E;&#x9996;&#x90FD;&#x7684;&#x8DDD;&#x79BB;&#x4E4B;&#x5916;&#xFF0C;&#x53C8;&#x589E;&#x52A0;&#x4E86;&#x4E00;&#x4E2A;&#x65B0;&#x56E0;&#x7D20;&#xFF1A;&#x4E0E;&#x9996;&#x90FD;&#x4E0D;&#x5728;&#x540C;&#x4E00;&#x5927;&#x9646;&#x7684;&#x6D77;&#x5916;&#x57CE;&#x5E02;&#x6570;&#x91CF;&#xFF0C;&#x5982;&#x679C;&#x6D77;&#x5916;&#x57CE;&#x5E02;&#x6570;&#x91CF;&#x591A;&#x8FC7;&#xFF0C;&#x5219;&#x6240;&#x5E26;&#x6765;&#x7684;&#x6536;&#x76CA;&#x5C06;&#x4E0D;&#x8DB3;&#x4EE5;&#x5F25;&#x8865;&#x7EF4;&#x62A4;&#x8D39;&#x652F;&#x51FA;&#x3002;[PARAGRAPH:1]&#x4E3A;&#x89E3;&#x51B3;&#x8FD9;&#x4E2A;&#x95EE;&#x9898;&#xFF0C;&#x73A9;&#x5BB6;&#x53EF;&#x4EE5;&#x9009;&#x62E9;&#x4E3B;&#x52A8;&#x201C;&#x89E3;&#x653E;&#x6B96;&#x6C11;&#x5730;&#x201D;&#x2014;&#x2014;&#x5141;&#x8BB8;&#x4F60;&#x7684;&#x6D77;&#x5916;&#x9886;&#x5730;&#x5EFA;&#x7ACB;&#x81EA;&#x5DF1;&#x7684;&#x6587;&#x660E;&#xFF0C;&#x65B0;&#x6587;&#x660E;&#x5C06;&#x4F5C;&#x4E3A;&#x4F60;&#x7684;&#x9644;&#x5C5E;&#x56FD;&#xFF0C;&#x7531;&#x4E00;&#x4E2A;&#x7535;&#x8111;&#x73A9;&#x5BB6;&#x6240;&#x63A7;&#x5236;&#xFF0C;&#x4F46;&#x4F60;&#x4ECD;&#x7136;&#x62E5;&#x6709;&#x8BE5;&#x9644;&#x5C5E;&#x56FD;&#x7684;&#x6240;&#x6709;&#x8D44;&#x6E90;&#x3002;&#x8981;&#x89E3;&#x653E;&#x6B96;&#x6C11;&#x5730;&#xFF0C;&#x53EF;&#x70B9;&#x51FB;&#x5185;&#x653F;&#x987E;&#x95EE;&#x754C;&#x9762;&#x4E2D;&#x7684;&#x76F8;&#x5E94;&#x6309;&#x94AE;&#x3002;[PARAGRAPH:1]&#x539F;&#x6B96;&#x6C11;&#x5730;&#x6587;&#x660E;&#x4F1A;&#x56E0;&#x83B7;&#x5F97;&#x72EC;&#x7ACB;&#x800C;&#x5BF9;&#x5B97;&#x4E3B;&#x6587;&#x660E;&#x5FC3;&#x5B58;&#x611F;&#x6FC0;&#xFF0C;&#x53EA;&#x8981;&#x53CC;&#x65B9;&#x80FD;&#x591F;&#x4FDD;&#x6301;&#x826F;&#x597D;&#x7684;&#x5173;&#x7CFB;&#xFF0C;&#x539F;&#x6B96;&#x6C11;&#x5730;&#x5C31;&#x4F1A;&#x4FDD;&#x6301;&#x9644;&#x5C5E;&#x56FD;&#x72B6;&#x6001;&#x3002;&#x4F46;&#x6BCD;&#x56FD;&#x4E5F;&#x9700;&#x8981;&#x5584;&#x5F85;&#x6B96;&#x6C11;&#x5730;&#xFF0C;&#x4E00;&#x65E6;&#x53CC;&#x65B9;&#x5173;&#x7CFB;&#x6076;&#x5316;&#xFF0C;&#x6B96;&#x6C11;&#x5730;&#x5C06;&#x4F1A;&#x5F7B;&#x5E95;&#x8131;&#x79BB;&#x6BCD;&#x56FD;&#x3002;&#x6BCD;&#x56FD;&#x4E0D;&#x80FD;&#x81EA;&#x884C;&#x6536;&#x56DE;&#x6B96;&#x6C11;&#x5730;&#x4E3B;&#x6743;&#x2014;&#x2014;&#x9664;&#x975E;&#x662F;&#x91C7;&#x53D6;&#x6B66;&#x529B;&#x5F81;&#x670D;&#x7684;&#x624B;&#x6BB5;&#x3002;</Chinese>
	</TEXT>
	<TEXT>
		<Tag>TXT_KEY_JALMODREPAIR</Tag>
		<English>Repair module has completely returned.</English>
<L1 /><L2 /><L3 /><L4 />
		<Chinese>&#x4FEE;&#x7406;&#x6A21;&#x5757;&#x5DF2;&#x5168;&#x90E8;&#x56DE;&#x6536;&#x3002;</Chinese>
	</TEXT>
	<TEXT>
		<Tag>TXT_KEY_CS_5_1_3</Tag>
		<English>Bravado and luck, buddy.  Bravado and luck.</English>
<L1 /><L2 /><L3 /><L4 />
		<Chinese>&#x795D;&#x4F60;&#x597D;&#x8FD0;&#xFF0C;&#x8001;&#x5144;&#x3002;&#x795D;&#x4F60;&#x597D;&#x8FD0;&#x3002;</Chinese>
	</TEXT>
	<TEXT>
		<Tag>TXT_KEY_TECH_QUOTE_2</Tag>
		<English>[TAB]"In light of ever-increasing competition between advanced nations over resources with which to spur their struggling economies, the United States and China saw themselves locked in a dangerous dance as the 2060s passed. Both desperately sought expansion to mitigate the increasing turmoil caused by the economic collapse of the previous decade, and as a result each side's willingness to engage in negotiations diminished as conditions continued to deteriorate."[NEWLINE][NEWLINE][TAB]- Encyclopediae Galactica, History of the Earth and its Colonies</English>
<L1 /><L2 /><L3 /><L4 />
		<Chinese>[TAB]&#x201C;&#x53D1;&#x8FBE;&#x56FD;&#x5BB6;&#x4E4B;&#x95F4;&#x4E3A;&#x4FDD;&#x6301;&#x7ECF;&#x6D4E;&#x6B63;&#x5E38;&#x8FD0;&#x884C;&#xFF0C;&#x5BF9;&#x8D44;&#x6E90;&#x7684;&#x7684;&#x4E89;&#x593A;&#x65E5;&#x76CA;&#x6FC0;&#x70C8;&#xFF0C;&#x5230;21&#x4E16;&#x7EAA;60&#x5E74;&#x4EE3;&#x672B;&#xFF0C;&#x7F8E;&#x56FD;&#x548C;&#x4E2D;&#x56FD;&#x4E4B;&#x95F4;&#x8106;&#x5F31;&#x7684;&#x5747;&#x52BF;&#x5DF2;&#x5230;&#x4E86;&#x7834;&#x88C2;&#x7684;&#x8FB9;&#x7F18;&#x3002;&#x6301;&#x7EED;&#x5341;&#x5E74;&#x7684;&#x8870;&#x9000;&#x4F7F;&#x4E24;&#x56FD;&#x7684;&#x7ECF;&#x6D4E;&#x5747;&#x9762;&#x4E34;&#x5D29;&#x6E83;&#xFF0C;&#x53CC;&#x65B9;&#x5173;&#x7CFB;&#x7684;&#x6076;&#x5316;&#x5DF2;&#x7ECF;&#x4E0D;&#x53EF;&#x633D;&#x56DE;&#xFF0C;&#x548C;&#x5E73;&#x8C08;&#x5224;&#x7684;&#x52AA;&#x529B;&#x53D8;&#x5F97;&#x6BEB;&#x65E0;&#x610F;&#x4E49;&#x3002;&#x201D;[NEWLINE][NEWLINE][TAB]&#x2014;&#x2014;&#x94F6;&#x6CB3;&#x7CFB;&#x5927;&#x767E;&#x79D1;&#x5168;&#x4E66;&#x00B7;&#x5730;&#x7403;&#x53CA;&#x5176;&#x6B96;&#x6C11;&#x884C;&#x661F;&#x7684;&#x5386;&#x53F2;</Chinese>
	</TEXT>
	<TEXT>
		<Tag>TXT_KEY_GODS_DAWN_OF_MAN_TEXT_CHANGED</Tag>
		<English>Rule Changes:[NEWLINE][COLOR_HIGHLIGHT_TEXT]Founding Religions[COLOR_REVERT][NEWLINE]Rather than being founded through technologies, Religions in gods of Old are founded by building a Shrine to a specific god in a city.[NEWLINE][COLOR_HIGHLIGHT_TEXT]Religious Victory[COLOR_REVERT][NEWLINE]For a religious victory to be obtained a player must control the last remaining Holy City. Holy Cities can be eliminated through use of Inquisitors. [NEWLINE][COLOR_HIGHLIGHT_TEXT]Inquisitors[COLOR_REVERT][NEWLINE]Inquisitors are able to eliminate all non-state religions from a city; this includes Holy Cities.  [NEWLINE][COLOR_HIGHLIGHT_TEXT]Natural Disasters[COLOR_REVERT][NEWLINE]Great Prophets of some gods allow you to sacrifice the Prophet in order to call Natural Disasters upon your enemies. Prophets of Ki call Earthquakes, Prophets of Enki call Tsunamis, Prophets of Enlil cause Plagues, Prophets of Nanna bring down Meteor Strikes, and Prophets of Utu can cause Blight on an opponents land. Prophets of An offer protection from Natural Disasters and are automatically sacrificed to absorb any disasters that target their player's land. Prophets of Inanna can cause no disasters.[NEWLINE][NEWLINE]The sun rises on the year %s1_year. Since time immemorial, the %s2_civ people have lived a nomadic life. [NEWLINE][NEWLINE]After years of wandering, they are ready to settle down and found your first city. [NEWLINE]%s3_leader, your people have vested absolute power in you, trusting that you can build a Civilization to stand the test of time!</English>
<L1 /><L2 /><L3 /><L4 />
		<Chinese>&#x89C4;&#x5219;&#x7684;&#x6539;&#x53D8;:[NEWLINE][COLOR_HIGHLIGHT_TEXT]&#x521B;&#x7ACB;&#x5B97;&#x6559;[COLOR_REVERT][NEWLINE]&#x5728;&#x201C;&#x8FDC;&#x53E4;&#x4F17;&#x795E;&#x201D;&#x5267;&#x60C5;&#x4E2D;&#xFF0C;&#x521B;&#x7ACB;&#x5B97;&#x6559;&#x4E0D;&#x518D;&#x662F;&#x901A;&#x8FC7;&#x53D1;&#x73B0;&#x79D1;&#x6280;&#xFF0C;&#x800C;&#x662F;&#x901A;&#x8FC7;&#x5EFA;&#x9020;&#x7279;&#x5B9A;&#x795E;&#x7075;&#x7684;&#x5723;&#x575B;&#x3002;[NEWLINE][COLOR_HIGHLIGHT_TEXT]&#x5B97;&#x6559;&#x80DC;&#x5229;[COLOR_REVERT][NEWLINE]&#x8981;&#x8D62;&#x5F97;&#x5B97;&#x6559;&#x80DC;&#x5229;&#xFF0C;&#x73A9;&#x5BB6;&#x5FC5;&#x987B;&#x63A7;&#x5236;&#x4E16;&#x754C;&#x552F;&#x4E00;&#x7684;&#x5B97;&#x6559;&#x5723;&#x57CE;&#x3002;&#x53EF;&#x4EE5;&#x4F7F;&#x7528;&#x5B97;&#x6559;&#x88C1;&#x5224;&#x5B98;&#x64A4;&#x9500;&#x5F02;&#x6559;&#x7684;&#x5723;&#x57CE;&#x3002;[NEWLINE][COLOR_HIGHLIGHT_TEXT]&#x5B97;&#x6559;&#x88C1;&#x5224;&#x5B98;[COLOR_REVERT][NEWLINE]&#x5B97;&#x6559;&#x88C1;&#x5224;&#x5B98;&#x80FD;&#x591F;&#x6D88;&#x9664;&#x57CE;&#x5E02;&#x4E2D;&#x6240;&#x6709;&#x7684;&#x975E;&#x5B98;&#x65B9;&#x4FE1;&#x4EF0;&#x3002;[NEWLINE][COLOR_HIGHLIGHT_TEXT]&#x81EA;&#x7136;&#x707E;&#x5BB3;[COLOR_REVERT][NEWLINE]&#x4ECE;&#x5C5E;&#x4E8E;&#x67D0;&#x4E9B;&#x795E;&#x7075;&#x7684;&#x5927;&#x9884;&#x8A00;&#x5BB6;&#x53EF;&#x4EE5;&#x901A;&#x8FC7;&#x727A;&#x7272;&#x53EC;&#x5524;&#x81EA;&#x7136;&#x707E;&#x5BB3;&#x964D;&#x4E34;&#x654C;&#x56FD;&#x3002;&#x5730;&#x6BCD;&#x79D1;&#x4F0A;&#x7684;&#x9884;&#x8A00;&#x5BB6;&#x53EF;&#x4EE5;&#x53EC;&#x5524;&#x5730;&#x9707;&#xFF0C;&#x6C34;&#x795E;&#x6069;&#x79D1;&#x4F0A;&#x7684;&#x9884;&#x8A00;&#x5BB6;&#x53EF;&#x4EE5;&#x53EC;&#x5524;&#x6D77;&#x5578;&#xFF0C;&#x98CE;&#x795E;&#x6069;&#x91CC;&#x5C14;&#x7684;&#x9884;&#x8A00;&#x5BB6;&#x53EF;&#x4EE5;&#x53EC;&#x5524;&#x761F;&#x75AB;&#xFF0C;&#x6708;&#x795E;&#x5357;&#x7EB3;&#x7684;&#x9884;&#x8A00;&#x5BB6;&#x53EF;&#x4EE5;&#x53EC;&#x5524;&#x6D41;&#x661F;&#xFF0C;&#x65E5;&#x795E;&#x4E4C;&#x56FE;&#x7684;&#x9884;&#x8A00;&#x5BB6;&#x53EF;&#x4EE5;&#x53EC;&#x5524;&#x5E72;&#x65F1;&#x3002;&#x5929;&#x795E;&#x963F;&#x6069;&#x7684;&#x9884;&#x8A00;&#x5BB6;&#x5219;&#x53EF;&#x4EE5;&#x6D88;&#x9664;&#x81EA;&#x7136;&#x707E;&#x5BB3;&#x3002;&#x6218;&#x795E;&#x4F0A;&#x5357;&#x7EB3;&#x7684;&#x9884;&#x8A00;&#x5BB6;&#x4E0D;&#x80FD;&#x53EC;&#x5524;&#x4EFB;&#x4F55;&#x81EA;&#x7136;&#x707E;&#x5BB3;&#x3002;[NEWLINE][NEWLINE]&#x516C;&#x5143;%s1_year&#x5E74;&#x7B2C;&#x4E00;&#x5929;&#x7684;&#x592A;&#x9633;&#x5DF2;&#x7ECF;&#x5347;&#x8D77;&#x3002;&#x5728;&#x8FC7;&#x53BB;&#x7684;&#x6F2B;&#x957F;&#x5C81;&#x6708;&#x91CC;&#xFF0C;%s2_civ&#x5148;&#x6C11;&#x4E00;&#x76F4;&#x5C45;&#x65E0;&#x5B9A;&#x6240;&#x3002;[NEWLINE][NEWLINE]&#x800C;&#x73B0;&#x5728;&#x4ED6;&#x4EEC;&#x7EC8;&#x4E8E;&#x51B3;&#x5B9A;&#x7ED3;&#x675F;&#x6E38;&#x7267;&#x751F;&#x6D3B;&#xFF0C;&#x5E76;&#x4E3A;&#x4F60;&#x5EFA;&#x9020;&#x4E00;&#x5EA7;&#x57CE;&#x5E02;&#x3002;[NEWLINE]%s3_leader&#xFF0C;&#x4F60;&#x7684;&#x4EBA;&#x6C11;&#x613F;&#x610F;&#x8D4B;&#x4E88;&#x4F60;&#x6700;&#x9AD8;&#x7684;&#x6743;&#x529B;&#x3002;&#x5E76;&#x575A;&#x4FE1;&#x4F60;&#x80FD;&#x5F00;&#x521B;&#x4E00;&#x4E2A;&#x5386;&#x4E45;&#x5F25;&#x65B0;&#x7684;&#x6587;&#x660E;&#xFF01;</Chinese>
	</TEXT>
	<TEXT>
		<Tag>TXT_KEY_OPTIONS_NO_SOUND</Tag>
		<English>No Sound</English>
<L1 /><L2 /><L3 /><L4 />
		<Chinese>&#x65E0;&#x58F0;</Chinese>
	</TEXT>
	<TEXT>
		<Tag>TXT_KEY_OPTIONS_EFFECTSVOLUME</Tag>
		<English>Sound Effects</English>
<L1 /><L2 /><L3 /><L4 />
		<Chinese>&#x58F0;&#x6548;</Chinese>
	</TEXT>
	<TEXT>
		<Tag>TXT_KEY_HALL_OF_FAME_SCREEN_TITLE</Tag>
		<English>Hall of Fame</English>
<L1 /><L2 /><L3 /><L4 />
		<Chinese>&#x540D;&#x4EBA;&#x5802;</Chinese>
	</TEXT>
	<TEXT>
		<Tag>TXT_KEY_POPUP_REGENERATE_MAP</Tag>
		<English>Regenerate Map</English>
<L1 /><L2 /><L3 /><L4 />
		<Chinese>&#x91CD;&#x65B0;&#x751F;&#x6210;&#x5730;&#x56FE;</Chinese>
	</TEXT>
	<TEXT>
		<Tag>TXT_KEY_TOPCIVS_RANK1</Tag>
		<English>Glorious</English>
<L1 /><L2 /><L3 /><L4 />
		<Chinese>&#x8363;&#x8000;&#x8005;</Chinese>
	</TEXT>
	<TEXT>
		<Tag>TXT_KEY_TOPCIVS_RANK2</Tag>
		<English>Great</English>
<L1 /><L2 /><L3 /><L4 />
		<Chinese>&#x4F1F;&#x5927;&#x8005;</Chinese>
	</TEXT>
	<TEXT>
		<Tag>TXT_KEY_TOPCIVS_RANK3</Tag>
		<English>Fine</English>
<L1 /><L2 /><L3 /><L4 />
		<Chinese>&#x6770;&#x51FA;&#x8005;</Chinese>
	</TEXT>
	<TEXT>
		<Tag>TXT_KEY_TOPCIVS_RANK4</Tag>
		<English>Mediocre</English>
<L1 /><L2 /><L3 /><L4 />
		<Chinese>&#x5E73;&#x5EB8;&#x8005;</Chinese>
	</TEXT>
	<TEXT>
		<Tag>TXT_KEY_TOPCIVS_RANK5</Tag>
		<English>Puny</English>
<L1 /><L2 /><L3 /><L4 />
		<Chinese>&#x9EEF;&#x5F31;&#x8005;</Chinese>
	</TEXT>
	<TEXT>
		<Tag>TXT_KEY_TOPCIVS_RANK6</Tag>
		<English>Pathetic</English>
<L1 /><L2 /><L3 /><L4 />
		<Chinese>&#x53EF;&#x601C;&#x8005;</Chinese>
	</TEXT>
	<TEXT>
		<Tag>TXT_KEY_TOPCIVS_RANK7</Tag>
		<English>Hopeless</English>
<L1 /><L2 /><L3 /><L4 />
		<Chinese>&#x65E0;&#x671B;&#x8005;</Chinese>
	</TEXT>
	<TEXT>
		<Tag>TXT_KEY_TOPCIVS_RANK8</Tag>
		<English>Forgotten</English>
<L1 /><L2 /><L3 /><L4 />
		<Chinese>&#x6D88;&#x901D;&#x8005;</Chinese>
	</TEXT>
	<!-- freesand - name of Cities in WBSave File-->
	<TEXT>
		<Tag>TXT_KEY_CITY_NAME_HANSUNG</Tag>
		<English>Hansung</English>
<L1 /><L2 /><L3 /><L4 />
		<Chinese>&#x6C49;&#x57CE;</Chinese>
	</TEXT>
</Civ4GameText>
