,, 
TXT_KEY_BUG_OPT_ACO__ENABLED_TEXT,Advanced Combat Odds, 
TXT_KEY_BUG_OPT_ACO__ENABLED_HOVER,"When checked, PieceOfMind's ACO shows more detailed combat odds information when you hover over a unit to attack.", 
TXT_KEY_BUG_OPT_ACO__DEBUG_TEXT,Debug, 
TXT_KEY_BUG_OPT_ACO__DEBUG_HOVER,"When checked, shows debugging information in the combat odds calculations.", 
TXT_KEY_BUG_OPT_ACO__FORCEORIGINALODDS_TEXT,Force Original Odds, 
TXT_KEY_BUG_OPT_ACO__FORCEORIGINALODDS_HOVER,"When checked, shows the original odds in addition to ACO's.", 
TXT_KEY_BUG_OPT_ACO__IGNOREBARBFREEWINS_TEXT,Ignore Free Wins, 
TXT_KEY_BUG_OPT_ACO__IGNOREBARBFREEWINS_HOVER,"When checked, ignores any free wins versus barbarians you have left due to the difficulty level.", 
TXT_KEY_BUG_OPT_ACO__SWAPVIEWS_TEXT,Swap Views, 
TXT_KEY_BUG_OPT_ACO__SWAPVIEWS_HOVER,"When checked, swaps the normal and alternate views.", 
TXT_KEY_BUG_OPT_ACO__MERGESHORTBARS_TEXT,Merge Short Bars, 
TXT_KEY_BUG_OPT_ACO__MERGESHORTBARS_HOVER,"When checked, merges the bars of probabilities that are less than half of one percent.", 
TXT_KEY_BUG_OPT_ACO__SHOWMODIFIERLABELS_TEXT,Modifier Labels, 
TXT_KEY_BUG_OPT_ACO__SHOWMODIFIERLABELS_HOVER,"When checked, displays ""attacker"" and ""defender"" labels before each non-empty set of modifiers.", 
TXT_KEY_BUG_OPT_ACO__SHOWBASICINFO_TEXT,Basic Info, 
TXT_KEY_BUG_OPT_ACO__SHOWBASICINFO_HOVER,Select when to show the basic odds information., 
TXT_KEY_BUG_OPT_ACO__SHOWBASICINFO_LIST,Never|Normal|Alternate|Always, 
TXT_KEY_BUG_OPT_ACO__SHOWATTACKERINFO_TEXT,Attacker Info, 
TXT_KEY_BUG_OPT_ACO__SHOWATTACKERINFO_HOVER,Select when to show the attacking unit's information., 
TXT_KEY_BUG_OPT_ACO__SHOWDEFENDERINFO_TEXT,Defender Info, 
TXT_KEY_BUG_OPT_ACO__SHOWDEFENDERINFO_HOVER,Select when to show the defending unit's information., 
TXT_KEY_BUG_OPT_ACO__SHOWSURVIVALODDS_TEXT,Survival Odds, 
TXT_KEY_BUG_OPT_ACO__SHOWSURVIVALODDS_HOVER,Select when to show the odds that each unit will survive., 
TXT_KEY_BUG_OPT_ACO__SHOWUNHARMEDODDS_TEXT,Unharmed Odds, 
TXT_KEY_BUG_OPT_ACO__SHOWUNHARMEDODDS_HOVER,Select when to show the odds that each unit will survive without taking any damage., 
TXT_KEY_BUG_OPT_ACO__SHOWAVERAGEHEALTH_TEXT,Average Health, 
TXT_KEY_BUG_OPT_ACO__SHOWAVERAGEHEALTH_HOVER,Select when to show the average (expected) health each unit will have after the battle., 
TXT_KEY_BUG_OPT_ACO__SHOWATTACKERHEALTHBARS_TEXT,Attacker Health Bars, 
TXT_KEY_BUG_OPT_ACO__SHOWATTACKERHEALTHBARS_HOVER,Select when to show the probability bars of each possible ending health for the attacker., 
TXT_KEY_BUG_OPT_ACO__SHOWDEDENDERHEALTHBARS_TEXT,Defender Health Bars, 
TXT_KEY_BUG_OPT_ACO__SHOWDEDENDERHEALTHBARS_HOVER,Select when to show the probability bars of each possible ending health for the defender., 
TXT_KEY_BUG_OPT_ACO__SHOWUNROUNDEDEXPERIENCE_TEXT,Unrounded XP, 
TXT_KEY_BUG_OPT_ACO__SHOWUNROUNDEDEXPERIENCE_HOVER,Select when to show the unrounded XP values in addition to the actual rounded values the units will gain., 
TXT_KEY_BUG_OPT_ACO__SHOWEXPERIENCERANGE_TEXT,XP Range, 
TXT_KEY_BUG_OPT_ACO__SHOWEXPERIENCERANGE_HOVER,Select when to show the R values on either side of the actual value that will produce +/- 1 XP., 
TXT_KEY_BUG_OPT_ACO__SHOWDEFENSEMODIFIERS_TEXT,Defense Modifiers, 
TXT_KEY_BUG_OPT_ACO__SHOWDEFENSEMODIFIERS_HOVER,Select when to show the defense modifiers., 
TXT_KEY_BUG_OPT_ACO__SHOWTOTALDEFENSEMODIFIER_TEXT,Total Defense Modifier, 
TXT_KEY_BUG_OPT_ACO__SHOWTOTALDEFENSEMODIFIER_HOVER,Select when to show the total defense modifiers (includes attacker's non-combat modifiers that apply to the defender)., 
TXT_KEY_BUG_OPT_ACO__SHOWSHIFTINSTRUCTIONS_TEXT,[SHIFT] Instructions, 
TXT_KEY_BUG_OPT_ACO__SHOWSHIFTINSTRUCTIONS_HOVER,Select when to show the instructions for pressing [SHIFT] to see the alternate view., 
TXT_ACO_VS,[COLOR_POSITIVE_TEXT]%s1[COLOR_REVERT] vs. [COLOR_NEGATIVE_TEXT]%s2[COLOR_REVERT], 
TXT_ACO_BarbFreeWinsLeft,[COLOR_HIGHLIGHT_TEXT]Barbarian free wins left:[SPACE][COLOR_REVERT], 
TXT_ACO_PressSHIFT,[COLOR_HIGHLIGHT_TEXT]Press SHIFT for more detail[COLOR_REVERT], 
TXT_ACO_SurvivalOdds,Survival odds:[SPACE], 
TXT_ACO_SurvivalGuaranteed,[COLOR_HIGHLIGHT_TEXT]Survival Guaranteed![COLOR_REVERT], 
TXT_ACO_Victory,[COLOR_POSITIVE_TEXT]Victory[COLOR_REVERT], 
TXT_ACO_Defeat,[COLOR_NEGATIVE_TEXT]Defeat[COLOR_REVERT], 
TXT_ACO_Withdraw,[COLOR_POSITIVE_TEXT]Withdraw[COLOR_REVERT], 
TXT_ACO_Retreat,[COLOR_UNIT_TEXT]Retreat[COLOR_REVERT], 
TXT_ACO_AverageHP,[NEWLINE]Average HP:[SPACE], 
TXT_ACO_Unharmed,[NEWLINE]Unharmed:[SPACE], 
TXT_ACO_UnroundedXP,[NEWLINE]Unrounded XP:[SPACE], 
TXT_ACO_TotalDefenseModifier,[NEWLINE]Total defense modifier:[SPACE], 
TXT_ACO_AttackModifiers,[NEWLINE][COLOR_POSITIVE_TEXT]Attack modifiers:[COLOR_REVERT], 
TXT_ACO_DefenseModifiers,[NEWLINE][COLOR_NEGATIVE_TEXT]Defense modifiers:[COLOR_REVERT], 
TXT_ACO_GuaranteedNoDefenderHit,[NEWLINE][COLOR_HIGHLIGHT_TEXT]Guaranteed! Defender cannot score a hit.[COLOR_REVERT], 
TXT_ACO_HitsAt,hits at, 
TXT_ACO_HP,HP, 
TXT_ACO_INJURED_HP,%d1/%d2HP, 
TXT_ACO_HP_NEUTRAL,[COLOR_UNIT_TEXT]HP[COLOR_REVERT], 
TXT_ACO_XP,XP, 
TXT_ACO_MULTIPLY,×, 
