,, 
TXT_KEY_BUG_OPT_SCORES__SHOWMINOR_TEXT,Show Minor Civilizations, 
TXT_KEY_BUG_OPT_SCORES__SHOWMINOR_HOVER,"When checked, minor civilizations are shown (some scenarios consider certain civs to be minor).", 
TXT_KEY_BUG_OPT_SCORES__SHOWDEAD_TEXT,Show, 
TXT_KEY_BUG_OPT_SCORES__SHOWDEAD_HOVER,"When checked, dead civilizations will remain on the scoreboard.", 
TXT_KEY_BUG_OPT_SCORES__TAGDEAD_TEXT,"Tag as ""DEAD""", 
TXT_KEY_BUG_OPT_SCORES__TAGDEAD_HOVER,"When checked, dead civilizations will be tagged as ""DEAD"" when shown.", 
TXT_KEY_BUG_OPT_SCORES__GREYDEAD_TEXT,Use Grey Color, 
TXT_KEY_BUG_OPT_SCORES__GREYDEAD_HOVER,"When checked, dead civilizations will be greyed out when not shown.", 
TXT_KEY_BUG_OPT_SCORES__DELTA_TEXT,Score Delta, 
TXT_KEY_BUG_OPT_SCORES__DELTA_HOVER,"When checked, shows the change in score since the previous turn", 
TXT_KEY_BUG_OPT_SCORES__DELTAINCLUDECURRENT_TEXT,Include Current Turn, 
TXT_KEY_BUG_OPT_SCORES__DELTAINCLUDECURRENT_HOVER,"When checked, includes the current turn's change in the score change.", 
TXT_KEY_BUG_OPT_SCORES__DISPLAYNAME_TEXT,Display Name, 
TXT_KEY_BUG_OPT_SCORES__DISPLAYNAME_HOVER,Determines how civilizations are labeled on the scoreboard.[NEWLINE][ICON_BULLET][COLOR_HIGHLIGHT_TEXT]Leader[COLOR_REVERT] - Name of the leader or player (Victoria or EmperorFool).[NEWLINE][ICON_BULLET][COLOR_HIGHLIGHT_TEXT]Civilization[COLOR_REVERT] - Name of the civilization (England).[NEWLINE][ICON_BULLET][COLOR_HIGHLIGHT_TEXT]Description[COLOR_REVERT] - Descriptive name of the civilization (English Empire)., 
TXT_KEY_BUG_OPT_SCORES__DISPLAYNAME_LIST,Leader|Civilization|Civ Description|Leader / Civ|Leader / Civ Desc, 
TXT_KEY_BUG_OPT_SCORES__USEPLAYERNAME_TEXT,Use Player Name, 
TXT_KEY_BUG_OPT_SCORES__USEPLAYERNAME_HOVER,"When checked, the human players' names are used in place of those of the leaders they are playing as.", 
TXT_KEY_BUG_OPT_SCORES__ATTITUDE_TEXT,Attitude Icons, 
TXT_KEY_BUG_OPT_SCORES__ATTITUDE_HOVER,"When checked, shows faces depicting each AI's attitude toward you.", 
TXT_KEY_BUG_OPT_SCORES__WORSTENEMY_TEXT,Worst Enemy Icons, 
TXT_KEY_BUG_OPT_SCORES__WORSTENEMY_HOVER,"When checked, shows an angry person icon when you are an AI's worst enemy.", 
TXT_KEY_BUG_OPT_SCORES__WHEOOH_TEXT,War Mobilization Icons, 
TXT_KEY_BUG_OPT_SCORES__WHEOOH_HOVER,"When checked, shows an orange fist icon when the AI is mobilizing for war (We Have Enough on Our Hands).", 
TXT_KEY_BUG_OPT_SCORES__CITIES_TEXT,Number of Cities, 
TXT_KEY_BUG_OPT_SCORES__CITIES_HOVER,"When checked, shows a count of the number of cities for each leader.", 
TXT_KEY_BUG_OPT_SCORES__ALIGNICONS_TEXT,Enabled, 
TXT_KEY_BUG_OPT_SCORES__ALIGNICONS_HOVER,"When checked, the scoreboard is drawn as a grid, and the other options in this column affect it.", 
TXT_KEY_BUG_OPT_SCORES__MAXPLAYERS_TEXT,Maximum Civilizations, 
TXT_KEY_BUG_OPT_SCORES__MAXPLAYERS_HOVER,Select the maximum number of civilizations to display (0 for unlimited)., 
TXT_KEY_BUG_OPT_SCORES__LINEHEIGHT_TEXT,Line Height, 
TXT_KEY_BUG_OPT_SCORES__LINEHEIGHT_HOVER,Select the height of each civilization's line (default value is 22)., 
TXT_KEY_BUG_OPT_SCORES__DEFAULTSPACING_TEXT,Default Spacing, 
TXT_KEY_BUG_OPT_SCORES__DEFAULTSPACING_HOVER,The spacing between columns (in pixels) to use when none is specified for a column., 
TXT_KEY_BUG_OPT_SCORES__DISPLAYORDER_TEXT,Column Order:, 
TXT_KEY_BUG_OPT_SCORES__DISPLAYORDER_HOVER,"This determines the order in which the score columns appear.[NEWLINE][ICON_BULLET][COLOR_HIGHLIGHT_TEXT]W[COLOR_REVERT] - You are at war or have a peace treaty with the civ.[NEWLINE][ICON_BULLET][COLOR_HIGHLIGHT_TEXT]S[COLOR_REVERT] - The civ's score.[NEWLINE][ICON_BULLET][COLOR_HIGHLIGHT_TEXT]Z[COLOR_REVERT] - The change in the civ's score since previous turn.[NEWLINE][ICON_BULLET][COLOR_HIGHLIGHT_TEXT]K[COLOR_REVERT] - The civ's rank based on their score.[NEWLINE][ICON_BULLET][COLOR_HIGHLIGHT_TEXT]Q[COLOR_REVERT] - The number of cities the civ owns.[NEWLINE][ICON_BULLET][COLOR_HIGHLIGHT_TEXT]V[COLOR_REVERT] - The civ has at least one vassal.[NEWLINE][ICON_BULLET][COLOR_HIGHLIGHT_TEXT]I[COLOR_REVERT] - The civ's player ID number.[NEWLINE][ICON_BULLET][COLOR_HIGHLIGHT_TEXT]C[COLOR_REVERT] - The civ's/leader's/player's name.[NEWLINE][ICON_BULLET][COLOR_HIGHLIGHT_TEXT]?[COLOR_REVERT] - You have not yet met the civ.[NEWLINE][ICON_BULLET][COLOR_HIGHLIGHT_TEXT]E[COLOR_REVERT] - You have a positive espionage point ratio against the civ.[NEWLINE][ICON_BULLET][COLOR_HIGHLIGHT_TEXT]P[COLOR_REVERT] - The civ's power ratio compared to you.[NEWLINE][ICON_BULLET][COLOR_HIGHLIGHT_TEXT]T[COLOR_REVERT] - The tech the civ is researching (vassals, teammates and espionage).[NEWLINE][ICON_BULLET][COLOR_HIGHLIGHT_TEXT]U[COLOR_REVERT] - The number of research turns left.[NEWLINE][ICON_BULLET][COLOR_HIGHLIGHT_TEXT]N[COLOR_REVERT] - The civ is connected to your trade network.[NEWLINE][ICON_BULLET][COLOR_HIGHLIGHT_TEXT]B[COLOR_REVERT] - You have an open borders agreement with the civ.[NEWLINE][ICON_BULLET][COLOR_HIGHLIGHT_TEXT]D[COLOR_REVERT] - You have a defensive pact with the civ.[NEWLINE][ICON_BULLET][COLOR_HIGHLIGHT_TEXT]R[COLOR_REVERT] - The civ's state religion.[NEWLINE][ICON_BULLET][COLOR_HIGHLIGHT_TEXT]A[COLOR_REVERT] - The civ's attitude toward you.[NEWLINE][ICON_BULLET][COLOR_HIGHLIGHT_TEXT]H[COLOR_REVERT] - You are the civ's worst enemy.[NEWLINE][ICON_BULLET][COLOR_HIGHLIGHT_TEXT]F[COLOR_REVERT] - The civ refuses to talk to you.[DLL=1][NEWLINE]        [DLLMSG][/DLL][NEWLINE][ICON_BULLET][COLOR_HIGHLIGHT_TEXT]M[COLOR_REVERT] - The civ is mobilizing for war (WHEOOH).[NEWLINE][ICON_BULLET][COLOR_HIGHLIGHT_TEXT]*[COLOR_REVERT] - This civ is waiting for you to finish your turn in multiplayer.[NEWLINE][ICON_BULLET][COLOR_HIGHLIGHT_TEXT]L[COLOR_REVERT] - Civ's network stats (ping).[NEWLINE][ICON_BULLET][COLOR_HIGHLIGHT_TEXT]O[COLOR_REVERT] - The network player is out-of-sync.[NEWLINE][ICON_BULLET][COLOR_HIGHLIGHT_TEXT]^[COLOR_REVERT] - Civ's stability level.[NEWLINE][ICON_BULLET][COLOR_HIGHLIGHT_TEXT]@[COLOR_REVERT] - The civ is suffering from a plague.[NEWLINE][NEWLINE]You can place a number (positive or negative) between column codes to override the default spacing.", 
TXT_KEY_BUG_OPT_SCORES__GROUPVASSALS_TEXT,Group Vassals, 
TXT_KEY_BUG_OPT_SCORES__GROUPVASSALS_HOVER,"When checked, vassals are group together under their master(s).", 
TXT_KEY_BUG_OPT_SCORES__LEFTALIGNNAME_TEXT,Left-Align Name, 
TXT_KEY_BUG_OPT_SCORES__LEFTALIGNNAME_HOVER,"When checked, the civ/leader name is left-aligned instead of right-aligned.", 
TXT_KEY_BUG_OPT_SCORES__RESEARCHICONS_TEXT,Research Icons, 
TXT_KEY_BUG_OPT_SCORES__RESEARCHICONS_HOVER,"When checked, shows icons instead of names for civs whose research you can see.", 
TXT_KEY_BUG_OPT_SCORES__RESEARCHICONSIZE_TEXT,Size, 
TXT_KEY_BUG_OPT_SCORES__RESEARCHICONSIZE_HOVER,Select the size of the research icons when displayed (default value is 24)., 
TXT_KEY_BUG_OPT_SCORES__POWER_TEXT,Power Ratio, 
TXT_KEY_BUG_OPT_SCORES__POWER_HOVER,"When checked, shows the ratio of your power rating to those of civilizations against whom you have accumulated enough espionage points.", 
TXT_KEY_BUG_OPT_SCORES__POWERFORMULA_TEXT,Power Formula, 
TXT_KEY_BUG_OPT_SCORES__POWERFORMULA_HOVER,Select the formula to use for calculating the power ratio:[NEWLINE][ICON_BULLET][COLOR_HIGHLIGHT_TEXT]Rival vs. You[COLOR_REVERT] - Lower numbers are better.[NEWLINE][ICON_BULLET][COLOR_HIGHLIGHT_TEXT]You vs. Rival[COLOR_REVERT] - Higher numbers are better., 
TXT_KEY_BUG_OPT_SCORES__POWERFORMULA_LIST,Rival vs. You|You vs. Rival, 
TXT_KEY_BUG_OPT_SCORES__POWERDECIMALS_TEXT,Ratio Decimal Places, 
TXT_KEY_BUG_OPT_SCORES__POWERDECIMALS_HOVER,Number of decimal places to show for power ratio display., 
TXT_KEY_BUG_OPT_SCORES__POWERCOLOR_TEXT,Default Color, 
TXT_KEY_BUG_OPT_SCORES__POWERCOLOR_HOVER,Color used by default for power ratios., 
TXT_KEY_BUG_OPT_SCORES__POWERHIGHRATIO_TEXT,High Ratio Cutoff, 
TXT_KEY_BUG_OPT_SCORES__POWERHIGHRATIO_HOVER,Power ratings greater than or equal to this value are shown in the High Color., 
TXT_KEY_BUG_OPT_SCORES__POWERHIGHCOLOR_TEXT,High Color, 
TXT_KEY_BUG_OPT_SCORES__POWERHIGHCOLOR_HOVER,Color used for high power ratios., 
TXT_KEY_BUG_OPT_SCORES__POWERLOWRATIO_TEXT,Low Ratio Cutoff, 
TXT_KEY_BUG_OPT_SCORES__POWERLOWRATIO_HOVER,Power ratings less than or equal to this value are shown in in the Low Color., 
TXT_KEY_BUG_OPT_SCORES__POWERLOWCOLOR_TEXT,Low Color, 
TXT_KEY_BUG_OPT_SCORES__POWERLOWCOLOR_HOVER,Color used for low power ratios., 
