,, 
TXT_KEY_BUG_OPT_AUTOLOG__ENABLED_TEXT,Enable Logging, 
TXT_KEY_BUG_OPT_AUTOLOG__ENABLED_HOVER,"When checked, various game events are logged to a text file using eotinb's AutoLog mod.", 
TXT_KEY_BUG_OPT_AUTOLOG__SILENT_TEXT,Start Automatically, 
TXT_KEY_BUG_OPT_AUTOLOG__SILENT_HOVER,"When checked, the logger is automatically started and doesn't wait for the manual start (or stop) command which can be issued by using [Alt + L].", 
TXT_KEY_BUG_OPT_AUTOLOG__DEFAULTFILENAME_TEXT,Use Default File Name, 
TXT_KEY_BUG_OPT_AUTOLOG__DEFAULTFILENAME_HOVER,"When checked, the default (playername.txt) will be used, ignores log file name option.", 
TXT_KEY_BUG_OPT_AUTOLOG__FILEPATH_TEXT,Path, 
TXT_KEY_BUG_OPT_AUTOLOG__FILEPATH_HOVER,"Directory where log file resides (fully qualified path, i.e. C:\folder\subfolder or blank).", 
TXT_KEY_BUG_OPT_AUTOLOG__FILENAME_TEXT,File, 
TXT_KEY_BUG_OPT_AUTOLOG__FILENAME_HOVER,"Name of log file. If there is no file of this name in the directory above, one will be created.", 
TXT_KEY_BUG_OPT_AUTOLOG__FORMAT_TEXT,Format Style, 
TXT_KEY_BUG_OPT_AUTOLOG__FORMAT_HOVER,The format of the log output., 
TXT_KEY_BUG_OPT_AUTOLOG__FORMAT_LIST,"Plain|HTML Tags|Forum Tags, With "" around color codes|Forum Tags, No "" around color codes", 
TXT_KEY_BUG_OPT_AUTOLOG__COLORCODING_TEXT,Color Coding, 
TXT_KEY_BUG_OPT_AUTOLOG__COLORCODING_HOVER,"When checked, comments are color-coded for forum posts.", 
TXT_KEY_BUG_OPT_AUTOLOG__4000BC_TEXT,4000BC is Turn, 
TXT_KEY_BUG_OPT_AUTOLOG__4000BC_HOVER,Select which turn number 4000BC should be., 
TXT_KEY_BUG_OPT_AUTOLOG__IBT_TEXT,Show IBT, 
TXT_KEY_BUG_OPT_AUTOLOG__IBT_HOVER,"When checked, the logger inserts IBT (in between turns) at the end of the player's turn.", 
TXT_KEY_BUG_OPT_AUTOLOG__PREFIX_TEXT,Custom Entry Prefix, 
TXT_KEY_BUG_OPT_AUTOLOG__PREFIX_HOVER,"Used as a prefix before custom entries in the log (use [ALT + E]), e.g. your nick.", 
TXT_KEY_BUG_OPT_AUTOLOG__LOGTECH_TEXT,Technologies, 
TXT_KEY_BUG_OPT_AUTOLOG__LOGTECH_HOVER,"When checked, will log techs acquired and research started.", 
TXT_KEY_BUG_OPT_AUTOLOG__LOGBUILDSTARTED_TEXT,Builds Started, 
TXT_KEY_BUG_OPT_AUTOLOG__LOGBUILDSTARTED_HOVER,"When checked, will log when a city starts a build.", 
TXT_KEY_BUG_OPT_AUTOLOG__LOGBUILDCOMPLETED_TEXT,Builds Completed, 
TXT_KEY_BUG_OPT_AUTOLOG__LOGBUILDCOMPLETED_HOVER,"When checked, will log when a city completes a build.", 
TXT_KEY_BUG_OPT_AUTOLOG__LOGPROJECTS_TEXT,Projects Completed, 
TXT_KEY_BUG_OPT_AUTOLOG__LOGPROJECTS_HOVER,"When checked, will log completion of projects (certain wonders are technically projects -- other wonders are treated like normal buildings).", 
TXT_KEY_BUG_OPT_AUTOLOG__LOGIMPROVEMENTS_TEXT,Improvements, 
TXT_KEY_BUG_OPT_AUTOLOG__LOGIMPROVEMENTS_HOVER,"When checked, will log when your improvements are built or destroyed by you.", 
TXT_KEY_BUG_OPT_AUTOLOG__LOGCITYFOUNDED_TEXT,City Founded, 
TXT_KEY_BUG_OPT_AUTOLOG__LOGCITYFOUNDED_HOVER,"When checked, will log when you found a city.", 
TXT_KEY_BUG_OPT_AUTOLOG__LOGCITYGROWTH_TEXT,City Growth, 
TXT_KEY_BUG_OPT_AUTOLOG__LOGCITYGROWTH_HOVER,"When checked, will log when one of your cities grows in population.", 
TXT_KEY_BUG_OPT_AUTOLOG__LOGCITYBORDERS_TEXT,City Borders, 
TXT_KEY_BUG_OPT_AUTOLOG__LOGCITYBORDERS_HOVER,"When checked, will log when one of your city's borders expand.", 
TXT_KEY_BUG_OPT_AUTOLOG__LOGCITYOWNER_TEXT,City Ownership, 
TXT_KEY_BUG_OPT_AUTOLOG__LOGCITYOWNER_HOVER,"When checked, will log when you acquire or lose a city through conquest or trade.", 
TXT_KEY_BUG_OPT_AUTOLOG__LOGCITYRAZED_TEXT,City Razed, 
TXT_KEY_BUG_OPT_AUTOLOG__LOGCITYRAZED_HOVER,"When checked, will log when you raze another civ's city or one of your cities is razed.", 
TXT_KEY_BUG_OPT_AUTOLOG__LOGCITYWHIPSTATUS_TEXT,City Whip, 
TXT_KEY_BUG_OPT_AUTOLOG__LOGCITYWHIPSTATUS_HOVER,"When checked, will log when you whip a city or when the whip anger decreases in a city.", 
TXT_KEY_BUG_OPT_AUTOLOG__LOGGOODIES_TEXT,Tribal Villages, 
TXT_KEY_BUG_OPT_AUTOLOG__LOGGOODIES_HOVER,"When checked, will log results from popping tribal villages.", 
TXT_KEY_BUG_OPT_AUTOLOG__LOGRELIGION_TEXT,Religions, 
TXT_KEY_BUG_OPT_AUTOLOG__LOGRELIGION_HOVER,"When checked, will log[NEWLINE][ICON_BULLET]When you found a religion[NEWLINE][ICON_BULLET]Spread of any religion to your cities[NEWLINE][ICON_BULLET]Spread of religions whose Holy city you control to foreign cities", 
TXT_KEY_BUG_OPT_AUTOLOG__LOGCORPORATION_TEXT,Corporations, 
TXT_KEY_BUG_OPT_AUTOLOG__LOGCORPORATION_HOVER,"When checked, will log[NEWLINE][ICON_BULLET]When you found a corporation[NEWLINE][ICON_BULLET]Spread of any corporation to your cities[NEWLINE][ICON_BULLET]Spread of corporation whose headquarters you control to foreign cities", 
TXT_KEY_BUG_OPT_AUTOLOG__LOGGP_TEXT,Great People, 
TXT_KEY_BUG_OPT_AUTOLOG__LOGGP_HOVER,"When checked, will log the birth of great people (in your cities).", 
TXT_KEY_BUG_OPT_AUTOLOG__LOGGA_TEXT,Golden Age, 
TXT_KEY_BUG_OPT_AUTOLOG__LOGGA_HOVER,"When checked, will log begin and end of your Golden Ages.", 
TXT_KEY_BUG_OPT_AUTOLOG__LOGCONTACT_TEXT,Contact, 
TXT_KEY_BUG_OPT_AUTOLOG__LOGCONTACT_HOVER,"When checked, will log first contact with other civs.", 
TXT_KEY_BUG_OPT_AUTOLOG__LOGATTITUDE_TEXT,Attitude, 
TXT_KEY_BUG_OPT_AUTOLOG__LOGATTITUDE_HOVER,"When checked, will log any change in attitude between civs known to you.", 
TXT_KEY_BUG_OPT_AUTOLOG__LOGWAR_TEXT,War, 
TXT_KEY_BUG_OPT_AUTOLOG__LOGWAR_HOVER,"When checked, will log start and end of wars between civs known to you.", 
TXT_KEY_BUG_OPT_AUTOLOG__LOGVASSALS_TEXT,Vassal States, 
TXT_KEY_BUG_OPT_AUTOLOG__LOGVASSALS_HOVER,"When checked, will log when any civ becomes a vassal state of or frees itself from another.", 
TXT_KEY_BUG_OPT_AUTOLOG__LOGCIVICS_TEXT,Civics, 
TXT_KEY_BUG_OPT_AUTOLOG__LOGCIVICS_HOVER,"When checked, will log any change in civics of civs known to you.", 
TXT_KEY_BUG_OPT_AUTOLOG__LOGCOMBAT_TEXT,Combat, 
TXT_KEY_BUG_OPT_AUTOLOG__LOGCOMBAT_HOVER,"When checked, will log combat results involving your units.", 
TXT_KEY_BUG_OPT_AUTOLOG__LOGPROMOTIONS_TEXT,Promotions, 
TXT_KEY_BUG_OPT_AUTOLOG__LOGPROMOTIONS_HOVER,"When checked, will log when you promote one of your units.", 
TXT_KEY_BUG_OPT_AUTOLOG__LOGPILLAGE_TEXT,Pillaging, 
TXT_KEY_BUG_OPT_AUTOLOG__LOGPILLAGE_HOVER,"When checked, will log when you pillage or your improvements are pillaged.", 
TXT_KEY_BUG_OPT_AUTOLOG__LOGTRADEALL_TEXT,Trade/Demands, 
TXT_KEY_BUG_OPT_AUTOLOG__LOGTRADEALL_HOVER,"When checked, will log all AI-initiated trade offers and demands along with your responses.", 
TXT_KEY_BUG_OPT_AUTOLOG__LOGTRADEOFFER_TEXT,Trade Offers, 
TXT_KEY_BUG_OPT_AUTOLOG__LOGTRADEOFFER_HOVER,"When checked, will log AI-initiated trades and gift offers and your responses.", 
TXT_KEY_BUG_OPT_AUTOLOG__LOGTRIBUTEDEMAND_TEXT,Tribute/Help, 
TXT_KEY_BUG_OPT_AUTOLOG__LOGTRIBUTEDEMAND_HOVER,"When checked, will log AI demands for tribute or help and your responses.", 
TXT_KEY_BUG_OPT_AUTOLOG__LOGRELIGIONDEMAND_TEXT,Change Religion, 
TXT_KEY_BUG_OPT_AUTOLOG__LOGRELIGIONDEMAND_HOVER,"When checked, will log AI demands that you change religion and your responses.", 
TXT_KEY_BUG_OPT_AUTOLOG__LOGCIVICDEMAND_TEXT,Change Civics, 
TXT_KEY_BUG_OPT_AUTOLOG__LOGCIVICDEMAND_HOVER,"When checked, will log AI demands that you change civics and your responses.", 
TXT_KEY_BUG_OPT_AUTOLOG__LOGWARDEMAND_TEXT,Declare War, 
TXT_KEY_BUG_OPT_AUTOLOG__LOGWARDEMAND_HOVER,"When checked, will log AI requests to declare war on a third party and your responses.", 
TXT_KEY_BUG_OPT_AUTOLOG__LOGEMBARGODEMAND_TEXT,Stop Trading, 
TXT_KEY_BUG_OPT_AUTOLOG__LOGEMBARGODEMAND_HOVER,"When checked, will log AI requests to stop trading with a third party and your responses.", 
TXT_KEY_AUTOLOG_BC,[SPACE]BC, 
TXT_KEY_AUTOLOG_AD,[SPACE]AD, 
TXT_KEY_AUTOLOG_TURN,Turn %s1 (%s2) [%s3], 
TXT_KEY_AUTOLOG_LOGGING_GAME,Logging Game to File: %s1, 
TXT_KEY_AUTOLOG_POPUP_QUESTION,Do you want to log this game?, 
TXT_KEY_AUTOLOG_POPUP_ANSWERS,"OK for YES, Cancel for NO", 
TXT_KEY_AUTOLOG_ENTER_LOG_NAME,Enter new or existing log file name, 
TXT_KEY_AUTOLOG_NO_LOGGING,No Logging of this Game, 
TXT_KEY_AUTOLOG_CUSTOM_ENTRY,Enter custom log entry, 
TXT_KEY_AUTOLOG_BATTLE_STATS,Battle Stats:, 
TXT_KEY_AUTOLOG_UNITS_VICTORIOUS_ATTACKING,Units victorious while attacking: %d1, 
TXT_KEY_AUTOLOG_UNITS_VICTORIOUS_DEFENDING,Units victorious while defending: %d1, 
TXT_KEY_AUTOLOG_UNITS_WITHDRAWING_ATTACKING,Units withdrawing while attacking: %d1, 
TXT_KEY_AUTOLOG_UNITS_DEFEATED_ATTACKING,Units defeated while attacking: %d1, 
TXT_KEY_AUTOLOG_UNITS_DEFEATED_DEFENDING,Units defeated while defending: %d1, 
TXT_KEY_AUTOLOG_UNITS_ESCAPING_ATTACKING,Units escaping while attacking: %d1, 
TXT_KEY_AUTOLOG_BATTLE_STATS_WRITTEN,Battle stats written to log and reset, 
TXT_KEY_AUTOLOG_AFTER_END_TURN,After End Turn:, 
TXT_KEY_AUTOLOG_WHIP_APPLIED,The whip was applied in %s1, 
TXT_KEY_AUTOLOG_CONSCRIPT,A %s1 was drafted in %s2, 
TXT_KEY_AUTOLOG_WHIP_ANGER_DECREASED,Whip anger has decreased in %s1, 
TXT_KEY_AUTOLOG_DRAFT_ANGER_DECREASED,Draft anger has decreased in %s1, 
TXT_KEY_AUTOLOG_OTHER_PLAYER_ACTIONS,Other Player Actions:, 
TXT_KEY_AUTOLOG_FIRST_CONTACT_TEAM,Team contact made: %s1, 
TXT_KEY_AUTOLOG_FIRST_CONTACT_PLAYER,Player contact made: %s1 of %s2, 
TXT_KEY_AUTOLOG_COMMERCE_GOLD_SLIDERS,"%d1%% %s2: %d3 per turn, %d4 in the bank", 
TXT_KEY_AUTOLOG_COMMERCE_OTHER_SLIDERS,%d1%% %s2: %d3 per turn, 
TXT_KEY_AUTOLOG_WHILE_ATTACKING_DEFEATS,"While attacking %s1, %s2 (%s3/%d4) defeats %s5 %s6 (Prob Victory: %s7%s8)", 
TXT_KEY_AUTOLOG_WHILE_DEFENDING_DEFEATS,"While defending %s1, %s2 (%s3/%d4) defeats %s5 %s6 (Prob Victory: %s7%s8)", 
TXT_KEY_AUTOLOG_WHILE_ATTACKING_LOSES,"While attacking %s1, %s2 loses to %s3 %s4 (%s5/%d6) (Prob Victory: %s7%s8)", 
TXT_KEY_AUTOLOG_WHILE_DEFENDING_LOSES,"While defending %s1, %s2 loses to %s3 %s4 (%s5/%d6) (Prob Victory: %s7%s8)", 
TXT_KEY_AUTOLOG_WHILE_ATTACKING_ESCAPES,"While attacking, %s1 escapes from %s2 %s3 (Prob Victory: %s4%s5)", 
TXT_KEY_AUTOLOG_WHILE_ATTACKING_DECIMATES,"While attacking, %s1 decimates %s2 %s3 (Prob Victory: %s4%s5)", 
TXT_KEY_AUTOLOG_ON_A_LAKE,on a lake, 
TXT_KEY_AUTOLOG_JUST_OFF_SHORE,just off shore, 
TXT_KEY_AUTOLOG_ON_THE_HIGH_SEAS,on the high seas, 
TXT_KEY_AUTOLOG_IN_THE_WILD,in the wild, 
TXT_KEY_AUTOLOG_IN_TERRITORY,in %s1 territory, 
TXT_KEY_AUTOLOG_IN_TERRITORY_AT,%s1 at %s2, 
TXT_KEY_AUTOLOG_IN_TERRITORY_NEAR,%s1 near %s2, 
TXT_KEY_AUTOLOG_FINISH_BUILDING,%s1 finishes: %s2, 
TXT_KEY_AUTOLOG_FINISH_PROJECT,%s1 finishes: %s2, 
TXT_KEY_AUTOLOG_FINISH_UNIT,%s1 finishes: %s2, 
TXT_KEY_AUTOLOG_PROMOTION,%s1 promoted: %s2, 
TXT_KEY_AUTOLOG_VILLAGE_RESULT,Tribal village results: %s1, 
TXT_KEY_AUTOLOG_VILLAGE_RESULT_NOTHING,nothing, 
TXT_KEY_AUTOLOG_VILLAGE_RESULT_LITTLEGOLD,a little gold, 
TXT_KEY_AUTOLOG_VILLAGE_RESULT_LOTSOFGOLD,lots of gold, 
TXT_KEY_AUTOLOG_VILLAGE_RESULT_MAP,map, 
TXT_KEY_AUTOLOG_VILLAGE_RESULT_SETTLER,settler, 
TXT_KEY_AUTOLOG_VILLAGE_RESULT_WARRIOR,warrior, 
TXT_KEY_AUTOLOG_VILLAGE_RESULT_SCOUT,scout, 
TXT_KEY_AUTOLOG_VILLAGE_RESULT_WORKER,worker, 
TXT_KEY_AUTOLOG_VILLAGE_RESULT_XP,experience, 
TXT_KEY_AUTOLOG_VILLAGE_RESULT_HEALING,healing, 
TXT_KEY_AUTOLOG_VILLAGE_RESULT_TECH,technology, 
TXT_KEY_AUTOLOG_VILLAGE_RESULT_WEAKHOSTILES,weak hostiles, 
TXT_KEY_AUTOLOG_VILLAGE_RESULT_STRONGHOSTILES,strong hostiles, 
TXT_KEY_AUTOLOG_GP_BORN,%s1 born in %s2, 
TXT_KEY_AUTOLOG_TECH_RESEARCHED,Tech research finished: %s1, 
TXT_KEY_AUTOLOG_TECH_ACQUIRED,"Tech acquired (trade, lightbulb, hut, espionage): %s1", 
TXT_KEY_AUTOLOG_TECH_TRADED,Tech traded to %s1: %s2, 
TXT_KEY_AUTOLOG_RESEARCH_BEGUN,Research begun: %s1 (%d2 Turns), 
TXT_KEY_AUTOLOG_DISTANT_LAND,a distant land, 
TXT_KEY_AUTOLOG_RELIGION_FOUNDED,%s1 founded in %s2, 
TXT_KEY_AUTOLOG_RELIGION_SPREAD_IN,%s1 has spread: %s2, 
TXT_KEY_AUTOLOG_RELIGION_SPREAD_OUT,%s1 has spread: %s2 (%s3), 
TXT_KEY_AUTOLOG_RELIGION_REMOVED_IN,%s1 has been removed: %s2, 
TXT_KEY_AUTOLOG_RELIGION_REMOVED_OUT,%s1 has been removed: %s2 (%s3), 
TXT_KEY_AUTOLOG_CORP_FOUNDED,%s1 founded in %s2, 
TXT_KEY_AUTOLOG_CORP_SPREAD_IN,%s1 has spread: %s2, 
TXT_KEY_AUTOLOG_CORP_SPREAD_OUT,%s1 has spread: %s2 (%s3), 
TXT_KEY_AUTOLOG_CORP_REMOVED_IN,%s1 has been removed: %s2, 
TXT_KEY_AUTOLOG_CORP_REMOVED_OUT,%s1 has been removed: %s2 (%s3), 
TXT_KEY_AUTOLOG_GOLDENAGE_BEGINS,Golden Age begins, 
TXT_KEY_AUTOLOG_GOLDENAGE_ENDS,Golden Age ends, 
TXT_KEY_AUTOLOG_DECLARES_WAR,%s1 declares war on %s2, 
TXT_KEY_AUTOLOG_PEACE_TREATY,%s1 and %s2 have signed a peace treaty, 
TXT_KEY_AUTOLOG_CIV_ELIMINATED,%s1 has been eliminated, 
TXT_KEY_AUTOLOG_ANOTHER_CIV_ELIMINATED,Another civilization has been eliminated, 
TXT_KEY_AUTOLOG_CITY_FOUNDED,%s1 founded, 
TXT_KEY_AUTOLOG_CITY_RAZED,Razed %s1, 
TXT_KEY_AUTOLOG_CITY_RAZED_BY,%s1 razed by %s2, 
TXT_KEY_AUTOLOG_CITY_CAPTURED,Captured %s1 (%s2), 
TXT_KEY_AUTOLOG_CITY_TRADED,Traded for %s1 (%s2), 
TXT_KEY_AUTOLOG_CITY_FLIPPED,%s1 (%s2) culture flips, 
TXT_KEY_AUTOLOG_CITY_LOST,%s1 lost, 
TXT_KEY_AUTOLOG_CITY_EXPANDED,%s1's borders expand, 
TXT_KEY_AUTOLOG_CITY_GROWS,%s1 grows to size %d2, 
TXT_KEY_AUTOLOG_CITY_PRODUCES_UNIT,%s1 begins: %s2 (%d3 turns), 
TXT_KEY_AUTOLOG_CITY_PRODUCES_BUILDING,%s1 begins: %s2 (%d3 turns), 
TXT_KEY_AUTOLOG_IMPROVEMENT_BUILT,A %s1 was built, 
TXT_KEY_AUTOLOG_NEAR,[SPACE]near %s1, 
TXT_KEY_AUTOLOG_IMPROVEMENT_DESTROYED,A %s1 was destroyed, 
TXT_KEY_AUTOLOG_IMPROVEMENT,A %s1, 
TXT_KEY_AUTOLOG_ROUTE,A %s1, 
TXT_KEY_AUTOLOG_IMPROVEMENT_UNKNOWN,An improvement, 
TXT_KEY_AUTOLOG_IMPROVEMENT_DESTROYED_BY_GOLD,[SPACE]was destroyed by %s1 %s2 (%d3 gold), 
TXT_KEY_AUTOLOG_IMPROVEMENT_DESTROYED_BY_NOGOLD,[SPACE]was destroyed by %s1 %s2, 
TXT_KEY_AUTOLOG_VASSAL_BECOMES,%s1 becomes a Vassal State of %s2, 
TXT_KEY_AUTOLOG_VASSAL_REVOLTS,%s1 revolts and is no longer a Vassal State of %s2, 
TXT_KEY_AUTOLOG_NO_STATE_RELIGION,no State Religion, 
TXT_KEY_AUTOLOG_RELIGION_CHANGE,State Religion Change: %s1 from '%s2' to '%s3', 
TXT_KEY_AUTOLOG_ATTITUDE_CHANGE,"Attitude Change: %s1 towards %s2, from '%s3' to '%s4'", 
TXT_KEY_AUTOLOG_CIVIC_CHANGE,Civics Change: %s1 from '%s2' to '%s3', 
TXT_KEY_AUTOLOG_DIPLO_DEAL_OFFER,Diplomacy: %s1 (%s2) offers to trade %s3 to %s4 (%s5) for %s6, 
TXT_KEY_AUTOLOG_DIPLO_CITY_OFFER,Diplomacy: %s1 (%s2) offers to give the city %s3 to %s4 (%s5), 
TXT_KEY_AUTOLOG_DIPLO_HELP_OFFER,Diplomacy: %s1 (%s2) offers to give help (%s3) to %s4 (%s5), 
TXT_KEY_AUTOLOG_DIPLO_PEACE_OFFER,Diplomacy: %s1 (%s2) offers to make peace with %s3 (%s4), 
TXT_KEY_AUTOLOG_DIPLO_VASSAL_OFFER,Diplomacy: %s1 (%s2) offers to become a vassal of %s3 (%s4), 
TXT_KEY_AUTOLOG_DIPLO_DEAL_CANCEL,Diplomacy: %s1 (%s2) cancels trade of %s3 to %s4 (%s5) for %s6, 
TXT_KEY_AUTOLOG_DIPLO_GIFT_CANCEL,Diplomacy: %s1 (%s2) cancels gift of %s3 to %s4 (%s5), 
TXT_KEY_AUTOLOG_DIPLO_DEAL_ACCEPT,Diplomacy: %s1 (%s2) accepts trade of %s3 to %s4 (%s5) for %s6, 
TXT_KEY_AUTOLOG_DIPLO_GIFT_ACCEPT,Diplomacy: %s1 (%s2) accepts gift of %s3 from %s4 (%s5), 
TXT_KEY_AUTOLOG_DIPLO_DEAL_REJECT,Diplomacy: %s1 (%s2) rejects trade of %s3 to %s4 (%s5) for %s6, 
TXT_KEY_AUTOLOG_DIPLO_GIFT_REJECT,Diplomacy: %s1 (%s2) rejects gift of %s3 from %s4 (%s5), 
TXT_KEY_AUTOLOG_DIPLO_GENERIC_ACCEPT,; %s1 AGREES., 
TXT_KEY_AUTOLOG_DIPLO_GENERIC_REJECT,; %s1 REFUSES., 
TXT_KEY_AUTOLOG_DIPLO_HELP_DEMAND,Diplomacy (Help Request): %s1 (%s2) asks %s3 (%s4) for %s5, 
TXT_KEY_AUTOLOG_DIPLO_TRIBUTE_DEMAND,Diplomacy (Tribute Demand): %s1 (%s2) demands that %s3 (%s4) gives %s5, 
TXT_KEY_AUTOLOG_DIPLO_RELIGION_DEMAND,Diplomacy (Religion Request): %s1 (%s2) asks %s3 (%s4) to convert to %s5, 
TXT_KEY_AUTOLOG_DIPLO_CIVIC_DEMAND,Diplomacy (Civic Request): %s1 (%s2) asks %s3 (%s4) to switch to %s5, 
TXT_KEY_AUTOLOG_DIPLO_WAR_DEMAND,Diplomacy (War Request): %s1 (%s2) asks %s3 (%s4) to declare war on %s5 (%s6), 
TXT_KEY_AUTOLOG_DIPLO_EMBARGO_DEMAND,Diplomacy (Embargo Request): %s1 (%s2) asks %s3 (%s4) to stop trading with %s5 (%s6), 
