,, 
TXT_KEY_BUG_OPT_AUTOSAVE__CREATESTARTSAVE_TEXT,Start Save, 
TXT_KEY_BUG_OPT_AUTOSAVE__CREATESTARTSAVE_HOVER,"When checked, a saved game is created after (re)generating the map.", 
TXT_KEY_BUG_OPT_AUTOSAVE__CREATEENDSAVE_TEXT,End Save, 
TXT_KEY_BUG_OPT_AUTOSAVE__CREATEENDSAVE_HOVER,"When checked, a saved game is created when the game is won/lost.", 
TXT_KEY_BUG_OPT_AUTOSAVE__CREATEEXITSAVE_TEXT,Exit Save, 
TXT_KEY_BUG_OPT_AUTOSAVE__CREATEEXITSAVE_HOVER,"When checked, a saved game is created when you exit using the menu's EXIT TO DESKTOP or EXIT TO MENU commands. [COLOR_YELLOW]The game is not saved automatically if you press ALT + F4.[COLOR_REVERT]", 
TXT_KEY_BUG_OPT_AUTOSAVE__USEPLAYERNAME_TEXT,Use Player Name, 
TXT_KEY_BUG_OPT_AUTOSAVE__USEPLAYERNAME_HOVER,"When checked, your player name is used for the saved game name along with the turn year. Otherwise the name is a concatenation of 3-letter versions of Leader Name, Difficulty, Map Size, Map Type, Speed, Era, Year, Climate and Sea Level. This setting does not affect MapFinder saves.", 
