,, 
TXT_KEY_BUG_OPT_BETTERESPIONAGE__ENABLED_TEXT,Better Espionage Screen, 
TXT_KEY_BUG_OPT_BETTERESPIONAGE__ENABLED_HOVER,"When checked, uses Almightix's Better Espionage Screen.", 
TXT_KEY_BUG_OPT_BETTERESPIONAGE__SHOWCALCULATEDINFORMATION_TEXT,Show Calculated Information, 
TXT_KEY_BUG_OPT_BETTERESPIONAGE__SHOWCALCULATEDINFORMATION_HOVER,"When checked, shows calculated espionage information.", 
TXT_KEY_BUG_OPT_BETTERESPIONAGE__DEFAULTRATIOCOLOR_TEXT,Ratio Color, 
TXT_KEY_BUG_OPT_BETTERESPIONAGE__DEFAULTRATIOCOLOR_HOVER,Default color used for espionage ratios., 
TXT_KEY_BUG_OPT_BETTERESPIONAGE__GOODRATIOCUTOFF_TEXT,Good Ratio Cutoff, 
TXT_KEY_BUG_OPT_BETTERESPIONAGE__GOODRATIOCUTOFF_HOVER,Ratios less than or equal to this value are colored with the following color., 
TXT_KEY_BUG_OPT_BETTERESPIONAGE__GOODRATIOCOLOR_TEXT,Good Color, 
TXT_KEY_BUG_OPT_BETTERESPIONAGE__GOODRATIOCOLOR_HOVER,Color used for good espionage ratios., 
TXT_KEY_BUG_OPT_BETTERESPIONAGE__BADRATIOCUTOFF_TEXT,Bad Ratio Cutoff, 
TXT_KEY_BUG_OPT_BETTERESPIONAGE__BADRATIOCUTOFF_HOVER,Ratios greater than or equal to this value are colored with the following color., 
TXT_KEY_BUG_OPT_BETTERESPIONAGE__BADRATIOCOLOR_TEXT,Bad Color, 
TXT_KEY_BUG_OPT_BETTERESPIONAGE__BADRATIOCOLOR_HOVER,Color used for bad espionage ratios., 
TXT_KEY_BUG_OPT_BETTERESPIONAGE__POSSIBLEMISSIONCOLOR_TEXT,Possible Mission Color, 
TXT_KEY_BUG_OPT_BETTERESPIONAGE__POSSIBLEMISSIONCOLOR_HOVER,Color used for missions that you can perform now (you have enough EPs against the target)., 
TXT_KEY_BUG_OPT_BETTERESPIONAGE__CLOSEMISSIONPERCENT_TEXT,Close Percent Cutoff, 
TXT_KEY_BUG_OPT_BETTERESPIONAGE__CLOSEMISSIONPERCENT_HOVER,Determines how close your EPs have to be to the cost of a mission for it to be considered close to possible., 
TXT_KEY_BUG_OPT_BETTERESPIONAGE__CLOSEMISSIONCOLOR_TEXT,Close Mission Color, 
TXT_KEY_BUG_OPT_BETTERESPIONAGE__CLOSEMISSIONCOLOR_HOVER,Color used for missions that you can perform soon (you have close to enough EPs against the target)., 
