,, 
TXT_KEY_BUG_OPT_BUFFY__ENABLED_TEXT,Enabled, 
TXT_KEY_BUG_OPT_BUFFY__ENABLED_HOVER,"When checked, BUFFY is in operation.", 
TXT_KEY_BUG_OPT_BUFFY__WARNINGSDAWNOFMAN_TEXT,Warnings on Dawn of Man, 
TXT_KEY_BUG_OPT_BUFFY__WARNINGSDAWNOFMAN_HOVER,"When checked, BUFFY warnings are shown on the Dawn of Man screen.", 
TXT_KEY_BUG_OPT_BUFFY__WARNINGSSETTINGS_TEXT,Warnings on Settings tab, 
TXT_KEY_BUG_OPT_BUFFY__WARNINGSSETTINGS_HOVER,"When checked, BUFFY warnings are shown on the Settings tab of the Victory Screen.", 
TXT_KEY_BUFFY_INVALID_HOF_GOTM,[COLOR_WARNING_TEXT]Warning:[COLOR_REVERT] This game is not valid for HOF or GOTM use., 
TXT_KEY_BUFFY_INVALID_HOF,[COLOR_WARNING_TEXT]HOF Warning:[COLOR_REVERT] This game is not valid for HOF use. See the Settings page of the Victory screen for details., 
TXT_KEY_BUFFYWARNING_NOT_VALID,This game is not valid for HOF use. See the [COLOR_WARNING_TEXT]highlighted[COLOR_REVERT] in the boxes below for the specific invalid settings., 
TXT_KEY_BUFFYWARNING,HOF Warning, 
TXT_KEY_BUFFYWARNING_MAC,[COLOR_WARNING_TEXT]Mac Players cannot submit HoF Entries[COLOR_REVERT], 
TXT_KEY_BUFFYWARNING_NO_TEAMS,[COLOR_WARNING_TEXT]Team play is not allowed[COLOR_REVERT], 
TXT_KEY_BUFFYWARNING_MULT_LEADERS,[COLOR_WARNING_TEXT]%s1 has been chosen %d2 times[COLOR_REVERT], 
TXT_KEY_BUFFYWARNING_TOO_FEW_OPPONENTS,[COLOR_WARNING_TEXT]%d1 or more opponents are required for a %s2[COLOR_REVERT], 
TXT_KEY_BUFFYWARNING_TOO_MANY_OPPONENTS,[COLOR_WARNING_TEXT]%d1 or less opponents are required for a %s2[COLOR_REVERT], 
TXT_KEY_BUFFYWARNING_INSTALL_LOCATION,[COLOR_WARNING_TEXT]BUFFY must be installed to:[COLOR_REVERT], 
TXT_KEY_BUFFYWARNING_MULTI_PLAYER_NOT_ALLOWED,[COLOR_WARNING_TEXT]Multi-player games not allowed[COLOR_REVERT], 
TXT_KEY_BUFFYWARNING_DLL_MISSING,[COLOR_WARNING_TEXT]The BUFFY DLL is missing.[COLOR_REVERT], 
TXT_KEY_BUFFYWARNING_CHECKSUM_SKIPPED,[COLOR_WARNING_TEXT]Skipped Checksum.[COLOR_REVERT], 
TXT_KEY_BUFFYWARNING_CHECKSUM_MISSING,[COLOR_WARNING_TEXT]CRCs are missing. This game can't be used. Check Locked Modified Assets if unchecked.[COLOR_REVERT], 
TXT_KEY_BUFFYWARNING_CHECKSUM_DIFFERENT,[COLOR_WARNING_TEXT]The assets are different from a standard install. Contact the HOF staff.[COLOR_REVERT], 
TXT_KEY_BUFFYWARNING_CHECKSUM_FAILED,[COLOR_WARNING_TEXT]Failed to check CRCs.[COLOR_REVERT], 
TXT_KEY_BUFFYWARNING_VICTORY_CONDITIONS,[COLOR_WARNING_TEXT]All Victory Conditions must be enabled. The following are missing:[COLOR_REVERT], 
TXT_KEY_BUFFYWARNING_REQUIRED,[COLOR_WARNING_TEXT](Required)[COLOR_REVERT], 
TXT_KEY_BUFFYWARNING_NOT_ALLOWED,[COLOR_WARNING_TEXT](Not allowed)[COLOR_REVERT], 
TXT_KEY_BUFFYWARNING_BALANCED_RESOUCES_NOT_ALLOWED,[COLOR_WARNING_TEXT]Balanced resources not allowed[COLOR_REVERT], 
