,, 
TXT_KEY_BUG_HINT_INTERFACE_1,*BUG Hint*: Press [ALT + CTRL + O] to enter The BUG Mod Options Screen., 
TXT_KEY_BUG_HINT_INTERFACE_2,*BUG Hint*: Ever forget to build that Barracks?  [ALT +M] -OR- [ALT + CTRL + R] will allow you to set up reminders so you don't forget again!, 
TXT_KEY_BUG_HINT_INTERFACE_3,"*BUG Hint*: [ALT + S] allows you to make Sticky Notes on tiles.  Just click and type.  Pressing [ALT + S] again, and then clicking on an existing note will remove it.", 
TXT_KEY_BUG_HINT_INTERFACE_4,"*BUG Hint*: To cancel all Worker Orders quickly, select 1 worker with orders, and while holding the [ALT] key, click the cancel orders button.", 
TXT_KEY_BUG_HINT_INTERFACE_5,*BUG Hint*: [ALT + E] will allow you to make a custom Event in the autologger., 
TXT_KEY_BUG_HINT_INTERFACE_6,*BUG Hint*: Clicking on the Scroll button within the Domestic Advisor will allow you to customize it to your playing style., 
TXT_KEY_BUG_HINT_INTERFACE_7,"*BUG Hint*: To create rally points, select the city, or cities, you are building units it, hold down the [SHIFT] key and Right Click on the tile you want your rally point to be at.  You will see a yellow circle showing the rally point.[NEWLINE]To cancel orders select the same city or cities, [SHIFT] and Right click on any city square, and it will cancel the rally orders.", 
TXT_KEY_BUG_HINT_1,"*BUG Hint*: When a tile is in the City Cross of two different cities, you can change its city ownership by clicking on that tile from the chosen city's City Screen.", 
TXT_KEY_BUG_HINT_2,*BUG Hint*: When you're weak there is no shame in giving into rivals demands.  This will give you time to build your defenses as you enjoy the short improvement in relations between your nations., 
TXT_KEY_BUG_HINT_3,"*BUG Hint*: When at War, use fast moving units to pillage strategic resources such as Iron, or Aluminum first, and leave a sentry to prevent the enemy from reconnecting that resource.", 
TXT_KEY_BUG_HINT_4,"*BUG Hint*: Save your promotions for when your unit is injured to speed up healing, and when you promote, use them to tailor your unit for the type of enemy you are facing.", 
TXT_KEY_BUG_HINT_5,"*BUG Hint*: Always consider having siege equipment before attacking a city.  A Swordsman can do more damage entering through a hole in the wall, then trying to climb over it with arrows raining down from above.", 
TXT_KEY_BUG_HINT_6,*BUG Hint*: Examine what resources are available before researching worker techs., 
TXT_KEY_BUG_HINT_7,*BUG Hint*: Always consider escorting your Settlers.  It's mighty dangerous out in the Wilderness., 
TXT_KEY_BUG_HINT_8,"*BUG Hint*: Play to your Civilization's traits, and specialize your Empire.  No use being Charismatic and Aggressive and never starting a war.", 
TXT_KEY_BUG_HINT_9,"*BUG Hint*: Selling resources that you no longer use, such as copper or iron, can pay off nicely over the long run.", 
TXT_KEY_BUG_HINT_10,"*BUG Hint*: Don't neglect your Diplomacy!  Pay attention to the information you gather, telling you what is available out there.", 
TXT_KEY_BUG_HINT_11,"*BUG Hint*: Be the first to circle the globe, and your Naval Units all receive +1 movement.", 
TXT_KEY_BUG_HINT_12,"*BUG Hint*: Animals can't enter your land, so it can be worth the risk to leave your city undefended and use your warrior for early exploration.", 
TXT_KEY_BUG_HINT_13,*BUG Hint*: Form trade relations with nations that get along with each other to avoid an diplomatic repercussions., 
TXT_KEY_BUG_HINT_14,"*BUG Hint*: If you neglect your military, and your power becomes weak, a neighbor WILL attack you.", 
TXT_KEY_BUG_HINT_15,"*BUG Hint*: Station naval units near your water based resources, and put them on Sea Patrol to protect your resources.", 
TXT_KEY_BUG_HINT_16,"*BUG Hint*: When selling Technologies, shop around for the highest bidder, and then work your way down.", 
TXT_KEY_BUG_HINT_17,*BUG Hint*: Watch your neighbors' civics changes.  A change from Free Religion to Theocracy could mean an arms build-up., 
TXT_KEY_BUG_HINT_18,"*BUG Hint*: Speak softly and carry a big stick, and you will go far.", 
TXT_KEY_BUG_HINT_19,"*BUG Hint*: Sometimes it's better to stop a Scout or Explorer on a forest, hill, or jungle tile and lose the extra movement in favor of safety.", 
TXT_KEY_BUG_HINT_20,*BUG Hint*: Never go up against a Sicilian when death is on the line., 
TXT_KEY_BUG_HINT_21,*BUG Hint*: Be nice to your mother., 
TXT_KEY_BUG_HINT_22,*BUG Hint*: The cake is a lie., 
