,, 
TXT_KEY_BUG_OPT_MAININTERFACE__OPTIONSKEY_TEXT,Options Shortcut Reminder, 
TXT_KEY_BUG_OPT_MAININTERFACE__OPTIONSKEY_HOVER,"When checked, displays a message about Alt + Ctrl + O when a game is started or loaded.", 
TXT_KEY_BUG_OPT_MAININTERFACE__OPTIONSBUTTON_TEXT,Options Button, 
TXT_KEY_BUG_OPT_MAININTERFACE__OPTIONSBUTTON_HOVER,"When checked, shows the BUG Option Screen button.", 
TXT_KEY_BUG_OPT_MAININTERFACE__GOLDRATEWARNING_TEXT,Gold Rate Warning, 
TXT_KEY_BUG_OPT_MAININTERFACE__GOLDRATEWARNING_HOVER,"When checked, displays your gold rate in yellow if it is negative but not enough to drop your treasury below zero.", 
TXT_KEY_BUG_OPT_MAININTERFACE__GPBAR_TEXT,Great Person, 
TXT_KEY_BUG_OPT_MAININTERFACE__GPBAR_HOVER,"When checked, displays the progress and city of the next Great Person.", 
TXT_KEY_BUG_OPT_MAININTERFACE__GPBAR_TYPES_TEXT,GP Bar Types, 
TXT_KEY_BUG_OPT_MAININTERFACE__GPBAR_TYPES_HOVER,Determines how many GP types to display in the GP Progress Bar. The [COLOR_HIGHLIGHT_TEXT]Maximum[COLOR_REVERT] setting also displays the percent chance for each., 
TXT_KEY_BUG_OPT_MAININTERFACE__GPBAR_TYPES_LIST,None|One|Maximum, 
TXT_KEY_BUG_OPT_MAININTERFACE__COMBAT_COUNTER_TEXT,Great General, 
TXT_KEY_BUG_OPT_MAININTERFACE__COMBAT_COUNTER_HOVER,"When checked, displays a progress bar for the next Great General.", 
TXT_KEY_BUG_OPT_MAININTERFACE__MINMAX_COMMERCE_TEXT,Min/Max Commerce Buttons, 
TXT_KEY_BUG_OPT_MAININTERFACE__MINMAX_COMMERCE_HOVER,"When checked, displays a second pair of +/- buttons for each commerce type that set the rate to 100% and 0% respectively.", 
TXT_KEY_BUG_OPT_MAININTERFACE__CITYARROWS_TEXT,City Cycle Arrows, 
TXT_KEY_BUG_OPT_MAININTERFACE__CITYARROWS_HOVER,"When checked, displays arrows to cycle through cities above your civ's flag.", 
TXT_KEY_BUG_OPT_MAININTERFACE__FIELDOFVIEW_TEXT,Field of View, 
TXT_KEY_BUG_OPT_MAININTERFACE__FIELDOFVIEW_HOVER,"When checked, displays a slide bar which can be used to change the field of view.", 
TXT_KEY_BUG_OPT_MAININTERFACE__PROGRESSBARSTICKMARKS_TEXT,Tick Marks, 
TXT_KEY_BUG_OPT_MAININTERFACE__PROGRESSBARSTICKMARKS_HOVER,"When checked, displays tick marks on selected progress bars that illustrate estimated future turn progress.", 
TXT_KEY_BUG_OPT_MAININTERFACE__FIELDOFVIEW_REMEMBER_TEXT,Remember Field of View, 
TXT_KEY_BUG_OPT_MAININTERFACE__FIELDOFVIEW_REMEMBER_HOVER,"When checked, the Field of View value is remembered from game to game.", 
TXT_KEY_BUG_OPT_MAININTERFACE__FIELDOFVIEW_VALUE_TEXT,Field of View - Value, 
TXT_KEY_BUG_OPT_MAININTERFACE__FIELDOFVIEW_VALUE_HOVER,Stores the Field of View value, 
TXT_KEY_BUG_OPT_MAININTERFACE__UNITMOVEMENTPOINTSFRACTION_TEXT,Fractional Movement Points, 
TXT_KEY_BUG_OPT_MAININTERFACE__UNITMOVEMENTPOINTSFRACTION_HOVER,"When checked, shows the Movement Points for a single unit as a fraction in the Info Pane.", 
TXT_KEY_BUG_OPT_MAININTERFACE__STACKMOVEMENTPOINTS_TEXT,Stack Movement Points, 
TXT_KEY_BUG_OPT_MAININTERFACE__STACKMOVEMENTPOINTS_HOVER,"When checked, shows the minimum and maximum Movement Points for all selected units in the Info Pane.", 
TXT_KEY_BUG_OPT_MAININTERFACE__BUILDICONSIZE_TEXT,Build/Action Icon Size, 
TXT_KEY_BUG_OPT_MAININTERFACE__BUILDICONSIZE_HOVER,Determines the size of the build and action buttons in the bottom center of the screen., 
TXT_KEY_BUG_OPT_MAININTERFACE__BUILDICONSIZE_LIST,Small|Medium|Large, 
TXT_KEY_BUG_OPT_MAININTERFACE__ENABLEGRAPHICALPAGING_TEXT,Enable Graphics Paging, 
TXT_KEY_BUG_OPT_MAININTERFACE__ENABLEGRAPHICALPAGING_HOVER,Turn on or off paging out of off-focus graphics to save memory, 
TXT_KEY_BUG_OPT_MAININTERFACE__SHOWDEBUGPOPUPS_TEXT,Display Debug Popups, 
TXT_KEY_BUG_OPT_MAININTERFACE__SHOWDEBUGPOPUPS_HOVER,Show additional popups about events in the game for debug purposes, 
TXT_KEY_BUG_OPT_MAININTERFACE__SWITCHPOPUP_TEXT,Switch popup, 
TXT_KEY_BUG_OPT_MAININTERFACE__SWITCHPOPUP_HOVER,"When checked, a popup to take over newborn civilizations will appear", 
TXT_KEY_BUG_OPT_CORE__SCREENLOGLEVEL_TEXT,Screen Logging Level, 
TXT_KEY_BUG_OPT_CORE__SCREENLOGLEVEL_HOVER,Selects which logging messages get printed to the screen. Each level includes messages of all levels below it., 
TXT_KEY_BUG_OPT_CORE__SCREENLOGLEVEL_LIST,Debug|Info|Warning|Error|None, 
TXT_KEY_BUG_OPT_CORE__FILELOGLEVEL_TEXT,File Logging Level, 
TXT_KEY_BUG_OPT_CORE__FILELOGLEVEL_HOVER,Selects which logging messages get printed to the PythonDbg.log file. Each level includes messages of all levels below it., 
TXT_KEY_BUG_OPT_CORE__FILELOGLEVEL_LIST,Debug|Info|Warning|Error|None, 
TXT_KEY_BUG_OPT_CORE__LOGTIME_TEXT,Include Time, 
TXT_KEY_BUG_OPT_CORE__LOGTIME_HOVER,"When checked, each log file message includes the current time in HH:MM:SS format.", 
TXT_KEY_BUG_OPT_CORE__CHECKFORUPDATES_TEXT,Check for Updates, 
TXT_KEY_BUG_OPT_CORE__CHECKFORUPDATES_HOVER,"When checked, BUG will look for SVN updates and/or releases each time you launch Civilization and notify you when new ones are found.", 
TXT_KEY_BUG_OPT_CORE__LOCALROOT_TEXT,BUG Install Folder, 
TXT_KEY_BUG_OPT_CORE__LOCALROOT_HOVER,Location where BUG files are installed., 
TXT_KEY_BUG_OPT_CORE__LOCALVERSION_TEXT,Installed Revision, 
TXT_KEY_BUG_OPT_CORE__LOCALVERSION_HOVER,Revision number of the BUG installation., 
TXT_KEY_BUG_OPT_CORE__REPOSITORYURL_TEXT,Repository URL, 
TXT_KEY_BUG_OPT_CORE__REPOSITORYURL_HOVER,URL for the BUG repository., 
TXT_KEY_BUG_OPT_CORE__REPOSITORYVERSION_TEXT,Repository Revision, 
TXT_KEY_BUG_OPT_CORE__REPOSITORYVERSION_HOVER,Revision number of the BUG repository., 
TXT_KEY_BUG_OPT_CITYSCREEN__RAWYIELDS_TEXT,Raw Yields, 
TXT_KEY_BUG_OPT_CITYSCREEN__RAWYIELDS_HOVER,"When checked, the raw breakdowns for [ICON_FOOD], [ICON_PRODUCTION], and [ICON_COMMERCE] are displayed in the trade routes table.", 
TXT_KEY_BUG_OPT_CITYSCREEN__RAWYIELDSVIEW_TEXT,Default View, 
TXT_KEY_BUG_OPT_CITYSCREEN__RAWYIELDSVIEW_HOVER,Determines the Raw Yields view used when Civ is started., 
TXT_KEY_BUG_OPT_CITYSCREEN__RAWYIELDSVIEW_LIST,Trade Routes|Food|Production|Commerce, 
TXT_KEY_BUG_OPT_CITYSCREEN__RAWYIELDSTILES_TEXT,Count Tiles, 
TXT_KEY_BUG_OPT_CITYSCREEN__RAWYIELDSTILES_HOVER,Select which tiles to count in Raw Yields when Civ is started., 
TXT_KEY_BUG_OPT_CITYSCREEN__RAWYIELDSTILES_LIST,Worked|City|Owned, 
TXT_KEY_BUG_OPT_CITYSCREEN__FOODASSIST_TEXT,Detailed Food Info, 
TXT_KEY_BUG_OPT_CITYSCREEN__FOODASSIST_HOVER,"When checked, displays the food difference generated per turn (plus or minus) and the number of turns until starvation when the food supply is shrinking.", 
TXT_KEY_BUG_OPT_CITYSCREEN__WHIPASSIST_TEXT,Production Bar, 
TXT_KEY_BUG_OPT_CITYSCREEN__WHIPASSIST_HOVER,"When checked, displays the [ICON_CITIZEN] cost and [ICON_PRODUCTION]/[ICON_GOLD] overflow for whipping and/or the [ICON_GOLD] cost for buying the item being produced in the Production Bar.", 
TXT_KEY_BUG_OPT_CITYSCREEN__WHIPASSISTOVERFLOWCOUNTCURRENTPRODUCTION_TEXT,Include Current, 
TXT_KEY_BUG_OPT_CITYSCREEN__WHIPASSISTOVERFLOWCOUNTCURRENTPRODUCTION_HOVER,"When checked, whip production overflow estimates will include the city's current [ICON_PRODUCTION].", 
TXT_KEY_BUG_OPT_CITYSCREEN__CULTURETURNS_TEXT,Culture Turns, 
TXT_KEY_BUG_OPT_CITYSCREEN__CULTURETURNS_HOVER,"When checked, displays the number of turns until the city's borders expand.", 
TXT_KEY_BUG_OPT_CITYSCREEN__GREATPERSONTURNS_TEXT,Turns Until Birth, 
TXT_KEY_BUG_OPT_CITYSCREEN__GREATPERSONTURNS_HOVER,"When checked, displays the number of turns until the city will produce a [ICON_GREATPEOPLE].", 
TXT_KEY_BUG_OPT_CITYSCREEN__GREATPERSONINFO_TEXT,Types and Percentages, 
TXT_KEY_BUG_OPT_CITYSCREEN__GREATPERSONINFO_HOVER,"When checked, displays the percentage chance and type of each possible [ICON_GREATPEOPLE] on the bar. The number shown is controlled by the General setting.", 
TXT_KEY_BUG_OPT_CITYSCREEN__ANGER_COUNTER_TEXT,Anger Counter, 
TXT_KEY_BUG_OPT_CITYSCREEN__ANGER_COUNTER_HOVER,"When checked, puts anger countdown on city screen.", 
TXT_KEY_BUG_OPT_CITYSCREEN__ONLYPRESENTRELIGIONS_TEXT,Only Present Religions, 
TXT_KEY_BUG_OPT_CITYSCREEN__ONLYPRESENTRELIGIONS_HOVER,"When checked, displays only the religions that are present in the city and allows for more than seven religions.", 
TXT_KEY_BUG_OPT_CITYSCREEN__ONLYPRESENTCORPORATIONS_TEXT,Only Present Corporations, 
TXT_KEY_BUG_OPT_CITYSCREEN__ONLYPRESENTCORPORATIONS_HOVER,"When checked, displays only the corporations that are present in the city and allows for more than seven corporations.", 
TXT_KEY_BUG_OPT_CITYSCREEN__SPECIALISTS_TEXT,City Specialists, 
TXT_KEY_BUG_OPT_CITYSCREEN__SPECIALISTS_HOVER,"Determines how specialists are displayed:[NEWLINE][ICON_BULLET][COLOR_HIGHLIGHT_TEXT]Default[COLOR_REVERT] - Shows specialists using the vanilla BtS format.[NEWLINE][ICON_BULLET][COLOR_HIGHLIGHT_TEXT]Stacker[COLOR_REVERT] - Shows specialists stacked using the Stacked Specialist mod.[NEWLINE][ICON_BULLET][COLOR_HIGHLIGHT_TEXT]Chevron[COLOR_REVERT] - Shows specialists grouped into 5 (single chevron), 10 (capped chevron) and 20 (boxed capped chevron) format.", 
TXT_KEY_BUG_OPT_CITYSCREEN__SPECIALISTS_LIST,Default|Stacker|Chevron, 
TXT_KEY_BUG_OPT_CITYSCREEN__PRODUCTIONSTARTED_TEXT,Color Started Items, 
TXT_KEY_BUG_OPT_CITYSCREEN__PRODUCTIONSTARTED_HOVER,"When checked, displays the remaining turns in cyan for items that have been started.", 
TXT_KEY_BUG_OPT_CITYSCREEN__PRODUCTIONDECAYQUEUE_TEXT,Queue, 
TXT_KEY_BUG_OPT_CITYSCREEN__PRODUCTIONDECAYQUEUE_HOVER,"When checked, displays a yellow exclamation point (!) next to items in the build queue that are close to decaying from being left in the queue without adding [ICON_PRODUCTION] for too long. Two red exclamation points signify that the item will decay this turn if it is not first in the queue.", 
TXT_KEY_BUG_OPT_CITYSCREEN__PRODUCTIONDECAYQUEUEUNITTHRESHOLD_TEXT,Unit Warning, 
TXT_KEY_BUG_OPT_CITYSCREEN__PRODUCTIONDECAYQUEUEUNITTHRESHOLD_HOVER,Select the number of turns before a unit will decay at which time a yellow exclamation mark is shown. Units decay after being in the queue without adding [ICON_PRODUCTION] for 10 turns., 
TXT_KEY_BUG_OPT_CITYSCREEN__PRODUCTIONDECAYQUEUEBUILDINGTHRESHOLD_TEXT,Building Warning, 
TXT_KEY_BUG_OPT_CITYSCREEN__PRODUCTIONDECAYQUEUEBUILDINGTHRESHOLD_HOVER,Select the number of turns before a building will decay at which time a yellow exclamation mark is shown. Buildings decay after being in the queue without adding [ICON_PRODUCTION] for 50 turns. Projects never decay., 
TXT_KEY_BUG_OPT_CITYSCREEN__PRODUCTIONDECAYHOVER_TEXT,Hover, 
TXT_KEY_BUG_OPT_CITYSCREEN__PRODUCTIONDECAYHOVER_HOVER,"When checked, displays the number of turns before and amount of decay in the hover text for units and buildings in the build queue.", 
TXT_KEY_BUG_OPT_CITYSCREEN__PRODUCTIONDECAYHOVERUNITTHRESHOLD_TEXT,Unit Warning, 
TXT_KEY_BUG_OPT_CITYSCREEN__PRODUCTIONDECAYHOVERUNITTHRESHOLD_HOVER,Select the number of turns before a unit will decay at which time the decay information is first displayed., 
TXT_KEY_BUG_OPT_CITYSCREEN__PRODUCTIONDECAYHOVERBUILDINGTHRESHOLD_TEXT,Building Warning, 
TXT_KEY_BUG_OPT_CITYSCREEN__PRODUCTIONDECAYHOVERBUILDINGTHRESHOLD_HOVER,Select the number of turns before a building will decay at which time the decay information is first displayed., 
TXT_KEY_BUG_OPT_CITYSCREEN__PRODUCTIONPOPUPTRAINCIVILIANUNITSFOREVER_TEXT,Train Civilian Units Forever, 
TXT_KEY_BUG_OPT_CITYSCREEN__PRODUCTIONPOPUPTRAINCIVILIANUNITSFOREVER_HOVER,"When checked, selecting a civilian unit in the Choose Production popup sets the city to train that unit repeatedly.", 
TXT_KEY_BUG_OPT_CITYSCREEN__PRODUCTIONPOPUPTRAINMILITARYUNITSFOREVER_TEXT,Train Military Units Forever, 
TXT_KEY_BUG_OPT_CITYSCREEN__PRODUCTIONPOPUPTRAINMILITARYUNITSFOREVER_HOVER,"When checked, selecting a military unit in the Choose Production popup sets the city to train that unit repeatedly.", 
TXT_KEY_BUG_OPT_ADVISORS__BUGFINANCEADVISOR_TEXT,BUG Finance Advisor, 
TXT_KEY_BUG_OPT_ADVISORS__BUGFINANCEADVISOR_HOVER,"When checked, uses the BUG Finance Advisor (requires restart).", 
TXT_KEY_BUG_OPT_ADVISORS__EFAGLANCETAB_TEXT,Glance Tab, 
TXT_KEY_BUG_OPT_ADVISORS__EFAGLANCETAB_HOVER,"When checked, displays the 'Glance' tab on the Exotic Foreign Advisor screen.", 
TXT_KEY_BUG_OPT_ADVISORS__EFAGLANCEATTITUDES_TEXT,Smilies, 
TXT_KEY_BUG_OPT_ADVISORS__EFAGLANCEATTITUDES_LIST,Numbers|Smilies|Both, 
TXT_KEY_BUG_OPT_ADVISORS__EFAGLANCEATTITUDES_HOVER,"Select how to display AI attitudes on the GLANCE tab: numbers, smilies, or both.", 
TXT_KEY_BUG_OPT_ADVISORS__EFAIMPROVEDINFO_TEXT,Improved Info Tab, 
TXT_KEY_BUG_OPT_ADVISORS__EFAIMPROVEDINFO_HOVER,"When checked, uses improved Foreign Advisor 'Info' tab instead of default.", 
TXT_KEY_BUG_OPT_ADVISORS__EFADEALTURNSLEFT_TEXT,Deal Turns Left, 
TXT_KEY_BUG_OPT_ADVISORS__EFADEALTURNSLEFT_HOVER,"When checked, shows how many turns are left before you can cancel each deal on the 'Active' tab.", 
TXT_KEY_BUG_OPT_ADVISORS__BUGMA_TEXT,BUG Military Advisor, 
TXT_KEY_BUG_OPT_ADVISORS__BUGMA_HOVER,"When checked, uses the BUG Militiary Advisor (requires restart).", 
TXT_KEY_BUG_OPT_ADVISORS__GPTECHPREFS_TEXT,GP Research, 
TXT_KEY_BUG_OPT_ADVISORS__GPTECHPREFS_HOVER,"When checked, displays the technology each type of great person will research.", 
TXT_KEY_BUG_OPT_ADVISORS__WIDETECHSCREEN_TEXT,Widescreen, 
TXT_KEY_BUG_OPT_ADVISORS__WIDETECHSCREEN_HOVER,"When checked, the width of the tech screen will be linked to your screen resolution (requires restart).", 
TXT_KEY_BUG_OPT_ADVISORS__SHOWTECHERA_TEXT,Show Era, 
TXT_KEY_BUG_OPT_ADVISORS__SHOWTECHERA_HOVER,"When selected, shows the technology's associated era.", 
TXT_KEY_BUG_OPT_ADVISORS__BUGRELIGIOUSTAB_TEXT,BUG Religion Advisor, 
TXT_KEY_BUG_OPT_ADVISORS__BUGRELIGIOUSTAB_HOVER,"When checked, displays extra information on the Religious tab.", 
TXT_KEY_BUG_OPT_ADVISORS__SHOWRELIGIONS_TEXT,Show Religions, 
TXT_KEY_BUG_OPT_ADVISORS__SHOWRELIGIONS_LIST,All|Founded|Player's, 
TXT_KEY_BUG_OPT_ADVISORS__SHOWRELIGIONS_HOVER,Select which religions should be shown in the top area of the Religion Advisor., 
TXT_KEY_BUG_OPT_ADVISORS__BUGVICTORIESTAB_TEXT,Victories tab, 
TXT_KEY_BUG_OPT_ADVISORS__BUGVICTORIESTAB_HOVER,"When checked, displays extra information on the Victories tab.", 
TXT_KEY_BUG_OPT_ADVISORS__BUGMEMBERSTAB_TEXT,Members tab, 
TXT_KEY_BUG_OPT_ADVISORS__BUGMEMBERSTAB_HOVER,"When checked, displays extra information on the Members tab.", 
TXT_KEY_BUG_OPT_ADVISORS__UHVPROGRESSAFTERFINISH_TEXT,Show UHV progress after finish, 
TXT_KEY_BUG_OPT_ADVISORS__UHVPROGRESSAFTERFINISH_HOVER,"When checked, displays the UHV progress after the UHV is completed/failed.[NEWLINE]NOTE: Some UHV counters do not update anymore after completion/failure.", 
TXT_KEY_BUG_OPT_ADVISORS__UHVFINISHDATE_TEXT,Show UHV completion, 
TXT_KEY_BUG_OPT_ADVISORS__UHVFINISHDATE_HOVER,Select what information about the completion of the UHV is displayed., 
TXT_KEY_BUG_OPT_ADVISORS__UHVFINISHDATE_LIST,None|Date|Date + Turn, 
TXT_KEY_BUG_OPT_ADVISORS__BUGGRAPHSTAB_TEXT,Graphs tab, 
TXT_KEY_BUG_OPT_ADVISORS__BUGGRAPHSTAB_HOVER,"When checked, displays graphs in BUG format.", 
TXT_KEY_BUG_OPT_ADVISORS__BUGGRAPHSLOGSCALE_TEXT,Graphs Log Scale, 
TXT_KEY_BUG_OPT_ADVISORS__BUGGRAPHSLOGSCALE_HOVER,"When checked, displays graphs are displayed in Log(10) scale.", 
TXT_KEY_BUG_OPT_ADVISORS__BUGINFOWONDERS_TEXT,Wonders tab, 
TXT_KEY_BUG_OPT_ADVISORS__BUGINFOWONDERS_HOVER,"When checked, displays the BUG version of the Wonders tab.", 
TXT_KEY_BUG_OPT_ADVISORS__BUGINFOWONDERSPLAYERCOLOR_TEXT,Use Player Color, 
TXT_KEY_BUG_OPT_ADVISORS__BUGINFOWONDERSPLAYERCOLOR_HOVER,"When checked, displays wonders on the BUG version of the Wonders tab using the owning player's color.", 
TXT_KEY_BUG_OPT_ADVISORS__BUGSTATSTAB_TEXT,Stats tab, 
TXT_KEY_BUG_OPT_ADVISORS__BUGSTATSTAB_HOVER,"When checked, displays improvements on Stats tab.", 
TXT_KEY_BUG_OPT_ADVISORS__SEVOPEDIA_TEXT,Enabled, 
TXT_KEY_BUG_OPT_ADVISORS__SEVOPEDIA_HOVER,"When checked, uses the Sevopedia (requires restart).", 
TXT_KEY_BUG_OPT_ADVISORS__SEVOPEDIASORTITEMLIST_TEXT,Sort Lists, 
TXT_KEY_BUG_OPT_ADVISORS__SEVOPEDIASORTITEMLIST_HOVER,"When checked, the lists of units, buildings, technologies, etc. are sorted.", 
TXT_KEY_BUG_OPT_TITLE,BUG Mod Options, 
TXT_KEY_BUG_OPTBUTTON_HELP,BUG Mod Help, 
TXT_KEY_BUG_OPTBUTTON_HELP_HOVER,Opens the BUG Mod help file. You can hit [ALT + CTRL + F1] from the main interface., 
TXT_KEY_BUG_OPTBUTTON_EXIT_HOVER,Exits the BUG Options screen., 
TXT_KEY_BUG_OPTIONS_SCREEN_HOVER,Shows the BUG Option Screen., 
TXT_KEY_BUG_OPTTAB_GENERAL,General, 
TXT_KEY_BUG_OPTLABEL_PROGRESSBARS,Progress Bars:, 
TXT_KEY_BUG_OPTLABEL_LEADERHEADS,Leaderheads:, 
TXT_KEY_BUG_OPTLABEL_AUTOSAVE,AutoSave:, 
TXT_KEY_BUG_OPTLABEL_ACTIONS,Actions:, 
TXT_KEY_BUG_OPTLABEL_TECHWINDOW,Tech Splash Screen:, 
TXT_KEY_BUG_OPTLABEL_BUFFY,BUFFY:, 
TXT_KEY_BUG_OPTLABEL_MISC,Miscellaneous:, 
TXT_KEY_BUG_OPTLABEL_INIFILENOTFOUND,Cannot Find INI File, 
TXT_KEY_BUG_OPTTAB_MAP,Map, 
TXT_KEY_BUG_OPTLABEL_STRATEGYOVERLAY,Strategy Layer:, 
TXT_KEY_BUG_OPTLABEL_CITYBAR,City Bar:, 
TXT_KEY_BUG_OPTLABEL_TILEHOVER,Tile Hover:, 
TXT_KEY_BUG_OPTLABEL_MAPFINDER,MapFinder:, 
TXT_KEY_BUG_OPTTAB_ADVISORS,Advisors, 
TXT_KEY_BUG_OPTLABEL_DOMESTIC_ADVISOR,Domestic [F1]:, 
TXT_KEY_BUG_OPTLABEL_FINANCE_ADVISOR,Finance [F2]:, 
TXT_KEY_BUG_OPTLABEL_FOREIGN_ADVISOR,Foreign [F4]:, 
TXT_KEY_BUG_OPTLABEL_MILITARY_ADVISOR,Military [F5]:, 
TXT_KEY_BUG_OPTLABEL_TECHNOLOGY_ADVISOR,Technology [F6]:, 
TXT_KEY_BUG_OPTLABEL_RELIGIOUS_ADVISOR,Religion [F7]:, 
TXT_KEY_BUG_OPTLABEL_VICTORY_CONDITIONS,Victory [F8]:, 
TXT_KEY_BUG_OPTLABEL_INFO_SCREENS,Info [F9]:, 
TXT_KEY_BUG_OPTLABEL_SEVOPEDIA,Sevopedia [F12]:, 
TXT_KEY_BUG_OPTLABEL_ESPIONAGE_SCREEN,Espionage [CTRL + E]:, 
TXT_KEY_BUG_OPTLABEL_ESPIONAGE_RATIO,Ratio:, 
TXT_KEY_BUG_OPTLABEL_ESPIONAGE_MISSIONS,Missions:, 
TXT_KEY_BUG_OPTTAB_CITYSCREEN,City Screen, 
TXT_KEY_BUG_OPTLABEL_HURRYDETAIL,Hurry Detail:, 
TXT_KEY_BUG_OPTLABEL_GREATPERSONBAR,Great Person Bar:, 
TXT_KEY_BUG_OPTLABEL_BUILDINGEFFECTS,Building Actual Effects:, 
TXT_KEY_BUG_OPTLABEL_PRODUCTIONQUEUE,Production Queue:, 
TXT_KEY_BUG_OPTLABEL_PRODUCTIONDECAY,Decay:, 
TXT_KEY_BUG_OPTLABEL_CITYBAR_HOVER,City Bar Hover:, 
TXT_KEY_BUG_OPTLABEL_CITYANGER,City Anger:, 
TXT_KEY_BUG_OPTTAB_NJAGC,Clock, 
TXT_KEY_BUG_OPTLABEL_NJAGC_REGULAR,Standard View:, 
TXT_KEY_BUG_OPTLABEL_NJAGC_ALTERNATE,Alternate View:, 
TXT_KEY_BUG_OPTTAB_SCORES,Scoreboard, 
TXT_KEY_BUG_OPTLABEL_SCORES_GENERAL,General:, 
TXT_KEY_BUG_OPTLABEL_SCORES_DEAD_CIVS,Dead Civilizations:, 
TXT_KEY_BUG_OPTLABEL_SCORES_NEW_COLUMNS,Additional Columns:, 
TXT_KEY_BUG_OPTLABEL_SCORES_ICONS,[SPACE], 
TXT_KEY_BUG_OPTLABEL_SCORES_GRID,Advanced Layout:, 
TXT_KEY_BUG_OPTLABEL_SCORES_ORDER,Column Order:, 
TXT_KEY_BUG_OPTTAB_PLE,Plot List, 
TXT_KEY_BUG_OPTLABEL_PLE_INDICATORS,Indicators:, 
TXT_KEY_BUG_OPTLABEL_PLE_UNIT_INFO_TOOLTIP,Unit Info Tooltip:, 
TXT_KEY_BUG_OPTLABEL_PLE_UPGRADE_COST,Upgrade Cost:, 
TXT_KEY_BUG_OPTLABEL_PLE_SPECIALTIES,Unit Specialties:, 
TXT_KEY_BUG_OPTTAB_ACO,Odds, 
TXT_KEY_BUG_OPTTAB_ALERTS,Alerts, 
TXT_KEY_BUG_OPTLABEL_ALERTS_CITY,City:, 
TXT_KEY_BUG_OPTLABEL_ALERTS_DIPLOMACY,Diplomacy:, 
TXT_KEY_BUG_OPTLABEL_ALERTS_TRADE,Trading:, 
TXT_KEY_BUG_OPTLABEL_ALERTS_VICTORY,Victory:, 
TXT_KEY_BUG_OPTTAB_AUTOLOG,Logging, 
TXT_KEY_BUG_OPTLABEL_AUTOLOG_BUILDS,Research and Builds:, 
TXT_KEY_BUG_OPTLABEL_AUTOLOG_CITIES,Cities:, 
TXT_KEY_BUG_OPTLABEL_AUTOLOG_EVENTS,Events:, 
TXT_KEY_BUG_OPTLABEL_AUTOLOG_POLITICS,Diplomacy:, 
TXT_KEY_BUG_OPTLABEL_AUTOLOG_COMBAT,Combat:, 
TXT_KEY_BUG_OPTLABEL_AUTOLOG_TRADE,Trade and Demands:, 
TXT_KEY_BUG_OPTTAB_UNITNAMING,Unit Naming, 
TXT_KEY_BUG_OPTTAB_SYSTEM,System, 
TXT_KEY_BUG_OPTLABEL_SUBVERSION,Subversion (SVN):, 
TXT_KEY_BUG_OPTLABEL_DEBUG_LOGGING,Debug Output:, 
TXT_KEY_BUG_OPTTAB_CONFIG,Config, 
TXT_KEY_BUG_OPTLABEL_MOD_DIRECTORY,Mod Directory:, 
TXT_KEY_BUG_OPTLABEL_ROOT_DIRECTORY,CivilizationIV.ini Directory:, 
TXT_KEY_BUG_OPTLABEL_SETTINGS_DIRECTORY,Settings Directory:, 
TXT_KEY_BUG_OPTLABEL_ASSET_SEARCH_PATHS,Asset Search Paths:, 
TXT_KEY_BUG_OPTLABEL_CDA_CONFIG,CDA Pages File:, 
TXT_KEY_BUG_OPTLABEL_UNITNAMING_CONFIG,Advanced Unit Naming Options File:, 
TXT_KEY_BUG_OPTLABEL_AUTOLOG_LOG,Autolog File:, 
TXT_KEY_BUG_OPTTAB_CREDITS,Credits, 
TXT_KEY_BUG_OPTLABEL_BUG_TEAM,BUG Team, 
TXT_KEY_BUG_OPTLABEL_MOD_AUTHORS,Mod Authors, 
TXT_KEY_BUG_OPTLABEL_MAP_SCRIPTS,Map Scripts, 
TXT_KEY_BUG_OPTLABEL_TRANSLATORS,Translators, 
TXT_KEY_BUG_OPTLABEL_THANKS,Special Thanks, 
TXT_KEY_BUG_OPTIONS_KEY_REMINDER,Press [BOLD]ALT + CTRL + O[\BOLD] to customize %s1, 
TXT_KEY_BUG_OPTIONS_KEY_REMINDER_MAC,Press [BOLD]ALT + CMD + O[\BOLD] to customize %s1, 
TXT_KEY_BUG_CREATED_BY_HEADER,Created by The BUG Mod., 
TXT_KEY_BUG_DEFAULT,Default, 
TXT_KEY_BUG_HELP_OPENING,Opening the BUG Mod help file..., 
TXT_KEY_BUG_HELP_LANGUAGE,BUG Mod Help - ENG.chm, 
TXT_KEY_BUG_HELP_MISSING_TITLE,Help File Not Found, 
TXT_KEY_BUG_HELP_MISSING_BODY,"Could not find the file ""%s1"" in the search paths. See the System tab on the BUG Options screen [ALT + CTRL + O] for details.", 
TXT_KEY_BUG_RELIGIOUS_CITY,Cities, 
TXT_KEY_BUG_RELIGIOUS_TEMPLE,Temples:, 
TXT_KEY_BUG_RELIGIOUS_MONASTARY,Monastaries:, 
TXT_KEY_BUG_RELIGIOUS_MISSIONARY,Missionaries:, 
TXT_KEY_MISC_POS_GOLD,[ICON_GOLD]: %d1_Gold, 
TXT_KEY_MISC_NEG_GOLD,[ICON_GOLD]: [COLOR_NEGATIVE_TEXT]%d1_Gold[COLOR_REVERT], 
TXT_KEY_MISC_NEG_WARNING_GOLD_PER_TURN,[SPACE][COLOR_YELLOW](%D1_Change/Turn)[COLOR_REVERT], 
TXT_KEY_MISC_POS_WARNING_GOLD_PER_TURN,[SPACE][COLOR_YELLOW](%D1_Change/Turn)[COLOR_REVERT], 
INTERFACE_GREAT_PERSON_NONE,%s1: None, 
INTERFACE_GREAT_PERSON_CITY,%s1: %s2, 
INTERFACE_GREAT_PERSON_TURNS,%s1: (%d2), 
INTERFACE_GREAT_PERSON_CITY_TURNS,%s1: %s2 (%d3), 
INTERFACE_NEXT_GREAT_GENERAL_XP,%s1 (%d2), 
TXT_KEY_BUG_DEAD_CIV,DEAD, 
TXT_KEY_CONCEPT_WORKED_TILES,Worked Tiles (%d1), 
TXT_KEY_CONCEPT_CITY_TILES,City's Tiles (%d1), 
TXT_KEY_CONCEPT_OWNED_TILES,Owned Tiles (%d1), 
TXT_KEY_CONCEPT_ALL_TILES,All Tiles (%d1), 
TXT_KEY_CONCEPT_BASE_MODIFIER,Modifiers (%D1%%), 
TXT_KEY_CONCEPT_PRODUCTION_MODIFIER,%s1 (%D2%%), 
TXT_KEY_CONCEPT_SUBTOTAL,Subtotal, 
TXT_KEY_CONCEPT_TOTAL,Total, 
TXT_KEY_RAW_YIELD_VIEW_TRADE,[COLOR_HIGHLIGHT_TEXT]View Trade Routes[COLOR_REVERT][NEWLINE]Displays the Trade Routes for this city., 
TXT_KEY_RAW_YIELD_VIEW_FOOD,[COLOR_HIGHLIGHT_TEXT]View Raw Food[COLOR_REVERT][NEWLINE]Displays a breakdown of all [ICON_FOOD] sources., 
TXT_KEY_RAW_YIELD_VIEW_PRODUCTION,[COLOR_HIGHLIGHT_TEXT]View Raw Production[COLOR_REVERT][NEWLINE]Displays a breakdown of all [ICON_PRODUCTION] sources and modifiers., 
TXT_KEY_RAW_YIELD_VIEW_COMMERCE,[COLOR_HIGHLIGHT_TEXT]View Raw Commerce[COLOR_REVERT][NEWLINE]Displays a breakdown of all [ICON_COMMERCE] sources and modifiers., 
TXT_KEY_RAW_YIELD_TILES_WORKED,[COLOR_HIGHLIGHT_TEXT]Count Worked Tiles[COLOR_REVERT][NEWLINE]Counts the tiles the city is currently working., 
TXT_KEY_RAW_YIELD_TILES_CITY,[COLOR_HIGHLIGHT_TEXT]Count City's Tiles[COLOR_REVERT][NEWLINE]Counts the tiles the city controls., 
TXT_KEY_RAW_YIELD_TILES_OWNED,[COLOR_HIGHLIGHT_TEXT]Count Owned Tiles[COLOR_REVERT][NEWLINE]Counts the tiles in the city radius owned by your civilization., 
TXT_KEY_RAW_YIELD_TILES_ALL,[COLOR_HIGHLIGHT_TEXT]Count All Tiles[COLOR_REVERT][NEWLINE]Counts all tiles in the city radius regardless of owner., 
INTERFACE_CITY_GROWTH,Growth!, 
INTERFACE_CITY_SHRINKING,[COLOR_YELLOW]Shrinking (%d1 [NUM1:Turn:Turns])[COLOR_REVERT], 
INTERFACE_CITY_FOOD_GROW,%d1[ICON_FOOD] - %d2[ICON_EATENFOOD] = +%d3[ICON_FOOD], 
INTERFACE_CITY_FOOD_SHRINK,%d1[ICON_FOOD] - %d2[ICON_EATENFOOD] = [COLOR_WARNING_TEXT]%d3[COLOR_REVERT][ICON_BAD_FOOD], 
INTERFACE_CITY_FOOD_STAGNATE,%d1[ICON_FOOD] = %d2[ICON_EATENFOOD], 
INTERFACE_CITY_PRODUCTION_WHIP,%s1 (%d2)   %d3[ICON_ANGRYPOP] %d4[ICON_PRODUCTION], 
INTERFACE_CITY_PRODUCTION_WHIP_PLUS_GOLD,%s1 (%d2)   %d3[ICON_ANGRYPOP] %d4[ICON_PRODUCTION] %d5[ICON_GOLD], 
INTERFACE_CITY_PRODUCTION_BUY,%s1 (%d2)   -%d3[ICON_GOLD], 
TXT_KEY_BUG_PRODUCTION_DECAY_WARNING,[COLOR_YELLOW][BOLD]![\BOLD][COLOR_REVERT] %s1, 
TXT_KEY_BUG_PRODUCTION_DECAY_THIS_TURN,[COLOR_WARNING_TEXT][BOLD]!![\BOLD][COLOR_REVERT] %s1, 
TXT_KEY_UNIT_GROUPER_TYPE_GROUPING,Unit Type, 
TXT_KEY_UNIT_GROUPER_COMBAT_GROUPING,Combat Type, 
TXT_KEY_UNIT_GROUPER_COMBAT_GROUP_NONE,None, 
TXT_KEY_UNIT_GROUPER_LEVEL_GROUPING,Level, 
TXT_KEY_UNIT_GROUPER_LEVEL_GROUP,Level %s1, 
TXT_KEY_UNIT_GROUPER_PROMOTION_GROUPING,Promotions, 
TXT_KEY_UNIT_GROUPER_PROMOTION_GROUP_NONE,None, 
TXT_KEY_UNIT_GROUPER_LOCATION_GROUPING,Location, 
TXT_KEY_UNIT_GROUPER_LOCATION_GROUP_DOMESTIC_CITY,Domestic City, 
TXT_KEY_UNIT_GROUPER_LOCATION_GROUP_DOMESTIC_TERRITORY,Domestic Territory, 
TXT_KEY_UNIT_GROUPER_LOCATION_GROUP_TEAM_CITY,Team City, 
TXT_KEY_UNIT_GROUPER_LOCATION_GROUP_TEAM_TERRITORY,Team Territory, 
TXT_KEY_UNIT_GROUPER_LOCATION_GROUP_FRIENDLY_CITY,Friendly City, 
TXT_KEY_UNIT_GROUPER_LOCATION_GROUP_FRIENDLY_TERRITORY,Friendly Territory, 
TXT_KEY_UNIT_GROUPER_LOCATION_GROUP_NEUTRAL_TERRITORY,Neutral Territory, 
TXT_KEY_UNIT_GROUPER_LOCATION_GROUP_ENEMY_TERRITORY,Enemy Territory, 
TXT_KEY_UNIT_GROUPER_LOCATION_GROUP_BARBARIAN_TERRITORY,Barbarian Territory, 
TXT_KEY_UNIT_GROUPER_ORDER_GROUPING,Orders, 
TXT_KEY_UNIT_GROUPER_ORDER_GROUP_NONE,None, 
TXT_KEY_UNIT_GROUPER_ORDER_GROUP_SKIP,Skip, 
TXT_KEY_UNIT_GROUPER_ORDER_GROUP_SLEEP,Sleep, 
TXT_KEY_UNIT_GROUPER_ORDER_GROUP_FORTIFY,Fortify, 
TXT_KEY_UNIT_GROUPER_ORDER_GROUP_HEAL,Heal, 
TXT_KEY_UNIT_GROUPER_ORDER_GROUP_SENTRY,Sentry, 
TXT_KEY_UNIT_GROUPER_ORDER_GROUP_INTERCEPT,Intercept, 
TXT_KEY_UNIT_GROUPER_ORDER_GROUP_PATROL,Patrol, 
TXT_KEY_UNIT_GROUPER_ORDER_GROUP_PLUNDER,Blockade, 
TXT_KEY_UNIT_GROUPER_ORDER_GROUP_BUILD,Build Improvement, 
TXT_KEY_UNIT_GROUPER_ORDER_GROUP_CONSTRUCT,Construct Building, 
TXT_KEY_UNIT_GROUPER_ORDER_GROUP_GOTO,Go To, 
TXT_KEY_UNIT_GROUPER_ORDER_GROUP_EXPLORE,Explore, 
TXT_KEY_UNIT_GROUPER_ORDER_GROUP_AUTO_BUILD,Auto Build Improvements, 
TXT_KEY_UNIT_GROUPER_ORDER_GROUP_AUTO_NETWORK,Auto Trade Network, 
TXT_KEY_UNIT_GROUPER_ORDER_GROUP_AUTO_CITY,Auto Improve City, 
TXT_KEY_UNIT_GROUPER_ORDER_GROUP_AUTO_RELIGION,Spread Religion/Corporation, 
TXT_KEY_UNIT_GROUPER_ORDER_GROUP_OTHER,Other, 
TXT_KEY_MILITARY_UNIT_LOCATION,Deployment, 
TXT_KEY_MILITARY_SITUATION_REPORT,Sit-Rep, 
TXT_KEY_MILITARY_STRATEGIC_ADVANTAGES,Strategic Advantages, 
TXT_KEY_MILITARY_SITREP_WORST,Worst, 
TXT_KEY_MILITARY_SITREP_ENEMY,Enemy, 
TXT_KEY_MILITARY_SITREP_THREAT_INDEX,Threat Index, 
TXT_KEY_MILITARY_SITREP_WARS,Wars, 
TXT_KEY_MILITARY_SITREP_WARS_ACTIVE,Active, 
TXT_KEY_MILITARY_SITREP_WARS_OPTIONAL,Possible, 
TXT_KEY_MILITARY_SITREP_POSSIBLE_EMBARGOS_1,Possible, 
TXT_KEY_MILITARY_SITREP_POSSIBLE_EMBARGOS_2,Embargos, 
TXT_KEY_MILITARY_SITREP_VASSALS,Vassals, 
TXT_KEY_MILITARY_SITREP_VASSAL,Vassal, 
TXT_KEY_MILITARY_SITREP_DEFPACTS,Def Pacts, 
TXT_KEY_MILITARY_THREAT_INDEX_LOW,Low, 
TXT_KEY_MILITARY_THREAT_INDEX_GUARDED,Guarded, 
TXT_KEY_MILITARY_THREAT_INDEX_ELEVATED,Elevated, 
TXT_KEY_MILITARY_THREAT_INDEX_HIGH,High, 
TXT_KEY_MILITARY_THREAT_INDEX_SEVERE,Severe, 
TXT_KEY_MILITARY_STRATADV_RESOURCES,Resources, 
TXT_KEY_MILITARY_STRATADV_OURS,Ours, 
TXT_KEY_MILITARY_STRATADV_THEIRS,Theirs, 
TXT_KEY_MILITARY_STRATADV_OUR_UNITS,Our Units, 
TXT_KEY_MILITARY_STRATADV_THEIR_UNITS,Their Units, 
TXT_KEY_MILITARY_STRATADV_KNOWN,Known, 
TXT_KEY_MILITARY_STRATADV_POSSIBLE,Possible, 
TXT_KEY_REMINDER_HEADER,Create Reminder, 
TXT_KEY_REMINDER_PROMPT,Enter the number of turns until the reminder goes off and the message to display., 
TXT_KEY_REMIND_END_TURN_PROMPT,Show reminder again at the end of this turn?, 
TXT_KEY_REMIND_NEXT_TURN_PROMPT,Show reminder again next turn?, 
TXT_KEY_BUG_TECH_PREFS_ALL,Research Preference Order, 
TXT_KEY_BUG_TECH_PREFS_CURRENT,Current Technologies, 
TXT_KEY_BUG_TECH_PREFS_FUTURE,Future Technologies, 
TXT_KEY_FOREIGN_ADVISOR_INFO,Info, 
TXT_KEY_POWER,Power, 
TXT_KEY_SHOW_ALL,Show All, 
TXT_KEY_SHOW_NONE,Show None, 
TXT_KEY_LOGSCALE,Log Scale, 
TXT_KEY_BUG_CHART_HELP,Zoom in and out by clicking on the body of the chart, 
TXT_KEY_WONDER_NAME,Name, 
TXT_KEY_WONDER_DATE,Date, 
TXT_KEY_WONDER_OWNER,Owner, 
TXT_KEY_WONDER_CITY,City, 
TXT_KEY_BUG_VICTORY_TURNS_NEXT_VOTE,Turns until next Vote: %d1, 
TXT_KEY_BUG_VICTORY_VOTES_NEXT_ELECTION,Votes until next Election: %d1, 
TXT_KEY_VOTESOURCE_NON_VOTING_MEMBER,Non Member, 
TXT_KEY_BUG_VICTORY_TOGGLE_VOTES,Toggle Votes, 
TXT_KEY_BUG_VICTORY_VASSALED,%d1 vassaled, 
TXT_KEY_BUG_VICTORY_UNKNOWN,%d1 unknown, 
TXT_KEY_BUG_VICTORY_DIPLOMATIC,Diplomatic Victory, 
TXT_KEY_BUG_VICTORY_VOTES_TOTAL,Total, 
TXT_KEY_BUG_VICTORY_VOTES_REQUIRED,[SPACE](%s1 votes required), 
TXT_KEY_BUG_VICTORY_BUG_POLL_RESULT,%s1 (%s2) leads by %s3., 
TXT_KEY_BUG_VICTORY_BUG_POLL_ERROR,"Source: Recent BUG Poll, statistical margin of error %s1.", 
TXT_KEY_GRAPH_SMOOTHING,Smooth Factor %d1_Num, 
TXT_KEY_MAP_SCRIPT_MAZE_LAND_PLUS1,Extra Land Strip, 
TXT_KEY_TRUE,True, 
TXT_KEY_FALSE,False, 
TXT_KEY_HOF_WINLOSS_WIN,W-, 
TXT_KEY_HOF_WINLOSS_LOSS,L-, 
TXT_KEY_ESPIONAGE_MISSIONS_TAB,Missions, 
TXT_KEY_ESPIONAGE_SPYVSPY_TAB,Spy v Spy, 
TXT_KEY_ESPIONAGE_AI_SPENDING_TOGGLE,Show AI Espionage, 
TXT_KEY_CONCEPT_DOMESTIC_TRADE,Domestic Trade, 
TXT_KEY_CONCEPT_FOREIGN_TRADE,Foreign Trade, 
TXT_KEY_CONCEPT_FOREIGN_OVERSEAS_TRADE,Overseas Trade, 
TXT_KEY_CONCEPT_RELIGIOUS_SHRINES,Religious Shrines, 
TXT_KEY_BUG_FINANCIAL_ADVISOR_COMMERCE,Total Commerce, 
TXT_KEY_BUG_FINANCIAL_ADVISOR_BUILDING_COUNT_AVERAGE,(%d1 × %s2[ICON_GOLD]), 
TXT_KEY_FOREIGN_ADVISOR_ABBR_LEADER,Leader, 
TXT_KEY_FOREIGN_ADVISOR_ABBR_ATTITUDE,Attitude, 
TXT_KEY_FOREIGN_ADVISOR_POSSIBLE_FAV_CIVICS,Possible Favorite Civics, 
TXT_KEY_CIVICOPTION_ABBR_GOVERNMENT,Govt, 
TXT_KEY_CIVICOPTION_ABBR_LEGAL,Legal, 
TXT_KEY_CIVICOPTION_ABBR_LABOR,Labor, 
TXT_KEY_CIVICOPTION_ABBR_ECONOMY,Econ, 
TXT_KEY_CIVICOPTION_ABBR_RELIGION,Religion, 
