,, 
TXT_KEY_BULL_REQUIRED,[COLOR_WARNING_TEXT]This feature requires the BUG DLL (BULL).[COLOR_REVERT], 
TXT_KEY_BULL_REQUIRED_NEWER,[COLOR_WARNING_TEXT]This feature requires a newer version of the BUG DLL (BULL).[COLOR_REVERT], 
TXT_KEY_CITY_BAR_CTRL_BASE_VALUES,[NEWLINE]Hold <CTRL> to see base values., 
TXT_KEY_CITY_BAR_FOOD_GROW,[NEWLINE]%d1 [ICON_FOOD]/Turn[NEWLINE]Growing: %d2/%d3 [ICON_FOOD] (%d4 [NUM4:Turn:Turns]), 
TXT_KEY_CITY_BAR_FOOD_STAGNATE,[NEWLINE]Stagnant: %d1/%d2 [ICON_FOOD], 
TXT_KEY_CITY_BAR_FOOD_SHRINK,[NEWLINE]%d1 [ICON_BAD_FOOD]/Turn[NEWLINE][COLOR_YELLOW]Shrinking: %d2/%d3 [ICON_FOOD] (%d4 [NUM4:Turn:Turns])[COLOR_REVERT], 
TXT_KEY_CITY_BAR_FOOD_STARVE,[NEWLINE]%d1 [ICON_BAD_FOOD]/Turn[NEWLINE][COLOR_WARNING_TEXT]STARVATION: %d2/%d3 [ICON_FOOD][COLOR_REVERT], 
TXT_KEY_CITY_BAR_HAMMER_PRODUCTION_WITH_BASE,[NEWLINE]%d1 [ICON_PRODUCTION]/Turn (%d6 [ICON_PRODUCTION]/Turn)[NEWLINE]%s2: %d3/%d4 [ICON_PRODUCTION] (%d5 [NUM5:Turn:Turns]), 
TXT_KEY_CITY_BAR_FOOD_HAMMER_PRODUCTION_WITH_BASE,[NEWLINE]%d1 [ICON_FOOD] + %d2 [ICON_PRODUCTION]/Turn (%d7 [ICON_PRODUCTION]/Turn)[NEWLINE]%s3: %d4/%d5 [ICON_PRODUCTION] (%d6 [NUM6:Turn:Turns]), 
TXT_KEY_CITY_BAR_BASE_PRODUCTION,[NEWLINE]%d1 [ICON_PRODUCTION]/Turn, 
TXT_KEY_CITY_BAR_BASE_PRODUCTION_WITH_OVERFLOW,[NEWLINE]%d1 [ICON_PRODUCTION] (%d2 [ICON_PRODUCTION]/Turn), 
TXT_KEY_CITY_BAR_CULTURE_NO_LEVEL,[NEWLINE][ICON_CULTURE]: %d1/%d2, 
TXT_KEY_BUG_FINANCIAL_ADVISOR_DOMESTIC_TRADE,The Total Commerce from Domestic Trade Routes, 
TXT_KEY_BUG_FINANCIAL_ADVISOR_FOREIGN_TRADE,The Total Commerce from Foreign Trade Routes, 
TXT_KEY_BUG_FINANCIAL_ADVISOR_SPECIALISTS,The Total Gold from Specialists, 
TXT_KEY_BUG_FINANCIAL_ADVISOR_SPECIALIST_GOLD,[NEWLINE]%d1[ICON_GOLD]: %s3 (%d2), 
TXT_KEY_BUG_FINANCIAL_ADVISOR_SPECIALIST_TOTAL_GOLD,[NEWLINE]------------------------[NEWLINE]TOTAL SPECIALISTS: %d1[ICON_GOLD], 
TXT_KEY_PRODUCTION_DECAY,[COLOR_NEGATIVE_TEXT]Will lose %d1[ICON_PRODUCTION] this turn[COLOR_REVERT], 
TXT_KEY_PRODUCTION_DECAY_PRODUCING,[COLOR_WARNING_TEXT]Will lose %d1[ICON_PRODUCTION] if not produced this turn[COLOR_REVERT], 
TXT_KEY_PRODUCTION_DECAY_TURNS,[COLOR_NEGATIVE_TEXT]Will lose %d1[ICON_PRODUCTION] in %d2 [NUM2:turn:turns][COLOR_REVERT], 
TXT_KEY_PRODUCTION_DECAY_TURNS_PRODUCING,[COLOR_WARNING_TEXT]Will lose %d1[ICON_PRODUCTION] if not produced for %d2 [NUM2:turn:turns][COLOR_REVERT], 
TXT_KEY_AT_WAR_WITH,[ICON_BULLET][COLOR_YELLOW]War with %s1_player[COLOR_REVERT], 
TXT_KEY_AT_WAR_WITH_YOU,[ICON_BULLET][COLOR_YELLOW]You are at war![COLOR_REVERT], 
TXT_KEY_PEACE_TREATY_WITH,[ICON_BULLET][COLOR_CYAN]Peace Treaty with %s1_player[COLOR_REVERT], 
TXT_KEY_PEACE_TREATY_WITH_YOU,[ICON_BULLET][COLOR_CYAN]You have a Peace Treaty[COLOR_REVERT], 
TXT_KEY_WORST_ENEMY_OF,[ICON_BULLET][COLOR_YELLOW]Worst Enemy of %s1_player[COLOR_REVERT], 
TXT_KEY_WORST_ENEMY_IS,[ICON_BULLET][COLOR_YELLOW]%s1_player is Worst Enemy[COLOR_REVERT], 
TXT_KEY_WORST_ENEMY_IS_YOU,[ICON_BULLET][COLOR_YELLOW]You are Worst Enemy[COLOR_REVERT], 
TXT_KEY_DEFENSIVE_PACT_WITH,[ICON_BULLET][COLOR_BLUE]Defensive Pact with %s1_player[COLOR_REVERT], 
TXT_KEY_DEFENSIVE_PACT_WITH_YOU,[ICON_BULLET][COLOR_BLUE]You have a Defensive Pact[COLOR_REVERT], 
TXT_KEY_MISC_SPEEDS_UP,[NEWLINE][ICON_BULLET]Speeds up[SPACE], 
TXT_KEY_MISC_SPED_UP_BY,[NEWLINE][ICON_BULLET]Sped up by[SPACE], 
TXT_KEY_ACTUAL_EFFECTS,Actual, 
TXT_KEY_MISC_SET_RATE,Set %s1_CmrcType Rate to %d2_Value%%, 
TXT_KEY_LATLONG,%d1°%d2'[SPACE], 
TXT_KEY_LATLONG_NORTH,N, 
TXT_KEY_LATLONG_EAST,E, 
TXT_KEY_LATLONG_SOUTH,S, 
TXT_KEY_LATLONG_WEST,W, 
TXT_KEY_MISC_HELP_WORKED_TILES_YIELD,[ICON_BULLET]%D1%F2 from Worked Tiles, 
TXT_KEY_MISC_HELP_TOTAL_YIELD,-----------------------[NEWLINE]Total %s1_yield_type: %d2%F3, 
TXT_KEY_MISC_HELP_EATEN_FOOD,[ICON_BULLET]%D1[ICON_EATENFOOD] for Population, 
TXT_KEY_MISC_HELP_SPOILED_FOOD,[ICON_BULLET]%D1[ICON_EATENFOOD] for Health, 
TXT_KEY_MISC_HELP_BASE_FOOD_PRODUCED,-----------------------[NEWLINE]Base Food Produced: %d1[ICON_FOOD], 
TXT_KEY_MISC_HELP_TOTAL_FOOD_PRODUCED,-----------------------[NEWLINE]Total Food Produced: %d1[ICON_FOOD], 
TXT_KEY_MISC_HELP_TOTAL_FOOD_CONSUMED,-----------------------[NEWLINE]Total Food Consumed: %d1[ICON_EATENFOOD], 
TXT_KEY_MISC_HELP_NET_FOOD_GROW,Net Food: %D1[ICON_FOOD], 
TXT_KEY_MISC_HELP_NET_FOOD_SHRINK,Net Food: [COLOR_NEGATIVE_TEXT]%D1[COLOR_REVERT][ICON_BAD_FOOD], 
TXT_KEY_MISC_HELP_NET_FOOD_STAGNATE,Net Food: +0[ICON_FOOD], 
TXT_KEY_MISC_HELP_NET_FOOD_PRODUCTION,Net Food: %D1[ICON_FOOD] for %s2_production_type, 
TXT_KEY_MISC_HELP_COMMERCE_SUBTOTAL_YIELD_FLOAT,-----------------------[NEWLINE]Base %s1_commerce_type: %s2%F3, 
TXT_KEY_MISC_HELP_SLIDER_PERCENT_FLOAT,-----------------------[NEWLINE]%d1%% of %d2[ICON_COMMERCE] = %s3%F4, 
TXT_KEY_MISC_HELP_COMMERCE_FINAL_YIELD_FLOAT,-----------------------[NEWLINE]Total %s1_commerce_type: %s2%F3, 
TXT_KEY_MISC_HELP_BUILDING_DEFENSE,[ICON_BULLET]%D1%%[ICON_DEFENSE] from Buildings, 
TXT_KEY_MISC_HELP_CULTURE_DEFENSE,[ICON_BULLET]%D1%%[ICON_DEFENSE] from Culture, 
TXT_KEY_MISC_HELP_CULTURE_DEFENSE_PARTIAL,[ICON_BULLET]%D1%%[ICON_DEFENSE] from Culture (%d2%%), 
TXT_KEY_MISC_HELP_WONDER_DEFENSE,[ICON_BULLET]%D1%%[ICON_DEFENSE] from Wonders, 
TXT_KEY_MISC_HELP_TOTAL_DEFENSE,Total Defense: %D1%%[ICON_DEFENSE], 
TXT_KEY_MISC_HELP_DEFENSE_DAMAGE,[ICON_BULLET]%D1%%[ICON_DEFENSE] from Bombardment, 
TXT_KEY_MISC_HELP_NET_DEFENSE,Net Defense: %D1%%[ICON_DEFENSE], 
TXT_KEY_MISC_HELP_TOTAL_BOMBARD_DEFENSE,Total Bombard Defense: %d1%%[ICON_DEFENSE], 
TXT_KEY_MISC_HURRY_OVERFLOW,[ICON_BULLET]%s1 Overflow, 
TXT_KEY_BUG_TRADE_HEADING,Trade, 
TXT_KEY_BUG_DOMESTIC_TRADE_HEADING,Domestic Trade, 
TXT_KEY_BUG_FOREIGN_TRADE_HEADING,Trade with %s1_PlyrName of %s2_CivName, 
TXT_KEY_BUG_CANNOT_TRADE_HEADING,No Trade with %s1_PlyrName of %s2_CivName, 
TXT_KEY_BUG_TOTAL_TRADE_YIELD,[NEWLINE]Total Yield: %s1[ICON_COMMERCE], 
TXT_KEY_BUG_TOTAL_TRADE_ROUTES,[NEWLINE]Number of Routes: %d1, 
TXT_KEY_BUG_AVERAGE_TRADE_YIELD,[NEWLINE]Average Yield: %s1[ICON_COMMERCE], 
TXT_KEY_BUG_CANNOT_TRADE_DEAD,[NEWLINE][ICON_BULLET]They are dead, 
TXT_KEY_BUG_CANNOT_TRADE_NETWORK_NOT_CONNECTED,[NEWLINE][ICON_BULLET]Your Trade Networks are not connected, 
TXT_KEY_BUG_CANNOT_TRADE_CLOSED_BORDERS,[NEWLINE][ICON_BULLET]You have not signed an Open Borders agreement, 
TXT_KEY_BUG_CANNOT_TRADE_FOREIGN_YOU,[NEWLINE][ICON_BULLET]Your Civics don't allow Foreign Trade, 
TXT_KEY_BUG_CANNOT_TRADE_FOREIGN_THEM,[NEWLINE][ICON_BULLET]Their Civics don't allow Foreign Trade, 
TXT_KEY_MISC_EXPERIENCE,%d1 XP, 
TXT_KEY_MISC_PROMOTIONS,%d1[ICON_STAR], 
TXT_KEY_CITY_FREE_EXPERIENCE,[ICON_BULLET][COLOR_POSITIVE_TEXT]%D1 XP from City[COLOR_REVERT], 
TXT_KEY_PLAYER_FREE_EXPERIENCE,[ICON_BULLET][COLOR_POSITIVE_TEXT]%D1 XP from Wonders and Civics[COLOR_REVERT], 
TXT_KEY_SPECIALIST_FREE_EXPERIENCE,[ICON_BULLET][COLOR_POSITIVE_TEXT]%D1 XP from Specialists[COLOR_REVERT], 
TXT_KEY_BUILDING_FREE_EXPERIENCE,[ICON_BULLET][COLOR_POSITIVE_TEXT]%D1 XP from %s2_building[COLOR_REVERT], 
TXT_KEY_NO_BUILDING_FREE_EXPERIENCE,[ICON_BULLET][COLOR_NEGATIVE_TEXT]%D1 XP with %s2_building[COLOR_REVERT], 
TXT_KEY_STATE_RELIGION_FREE_EXPERIENCE,[ICON_BULLET][COLOR_POSITIVE_TEXT]%D1 XP from State Religion[COLOR_REVERT], 
TXT_KEY_NO_STATE_RELIGION_FREE_EXPERIENCE,[ICON_BULLET][COLOR_NEGATIVE_TEXT]%D1 XP with State Religion[COLOR_REVERT], 
TXT_KEY_MISC_CITY_HAS_CONSCRIPTED,[COLOR_NEGATIVE_TEXT]City cannot draft another unit this turn[COLOR_REVERT], 
TXT_KEY_MISC_CONSCRIPT_UNITS_LEFT,You can draft %d1 [NUM1:unit:units] this turn, 
TXT_KEY_MISC_NO_CONSCRIPT_UNITS_LEFT,[COLOR_NEGATIVE_TEXT]You cannot draft any more units this turn[COLOR_REVERT], 
TXT_KEY_MISC_CONSCRIPT_UNITS_LEFT_NON_STATE,[COLOR_NEGATIVE_TEXT]You can only draft %d1 [NUM1:unit:units] in cities with non-state religion this turn[COLOR_REVERT], 
TXT_KEY_BUG_PRECLEARING_FEATURE_BONUS,Clearing a %s1_FeatName will create %d2_Num [ICON_PRODUCTION] for %s3_CityName., 
TXT_KEY_SAME_UNITS_TYPE,[SPACE](<ALT> for All Units of the active unit's type), 
TXT_KEY_TRADE_ROUTE_TOTAL_FRACTIONAL,%s1 [ICON_COMMERCE]: Total, 
TXT_KEY_CHEATERS_NEVER_PROSPER,[COLOR_NEGATIVE_TEXT]You have already chosen your free tech(s)[COLOR_REVERT], 
TXT_KEY_MOD_FRACTRADE,Fractional Trade Routes, 
TXT_KEY_MOD_SENTRY,New Sentry Actions, 
TXT_KEY_MOD_GOVWORKERS,City Governors Build Workers, 
TXT_KEY_MOD_AIAUTOPLAY,AI AutoPlay, 
TXT_KEY_MOD_GWARM,Global Warming, 
TXT_KEY_MOD_SHAM_SPOILER,Show Hidden Attitudes [spoiler], 
TXT_KEY_BUG_OPT_ACTIONS__ASKDECLAREWARUNITS_TEXT,Offer to Declare War, 
TXT_KEY_BUG_OPT_ACTIONS__ASKDECLAREWARUNITS_HOVER,"When checked, gives you the option to declare war when moving into a tile containing a rival unit. Always gives the option when moving into rival territory without open borders.", 
TXT_KEY_BUG_OPT_ACTIONS__SENTRYHEALING_TEXT,Sentry While Healing, 
TXT_KEY_BUG_OPT_ACTIONS__SENTRYHEALING_HOVER,"When checked, units ordered to heal will awaken when they spot danger, acting like sentries.", 
TXT_KEY_BUG_OPT_ACTIONS__SENTRYHEALINGONLYNEUTRAL_TEXT,Only Neutral Territory, 
TXT_KEY_BUG_OPT_ACTIONS__SENTRYHEALINGONLYNEUTRAL_HOVER,"When checked, if Sentry While Healing is enabled, units will awaken to danger only when in neutral territory. This stops your attacking force from waking up each turn outside an enemy city or your defenders inside friendly territory.", 
TXT_KEY_BUG_OPT_ACTIONS__IGNOREHARMLESSBARBARIANS_TEXT,Ignore Harmless Barbarians, 
TXT_KEY_BUG_OPT_ACTIONS__IGNOREHARMLESSBARBARIANS_HOVER,"When checked, barbarian units adjacent to your borders will not trigger a warning if they cannot enter.", 
TXT_KEY_BUG_OPT_ACTIONS__PRECHOPFORESTS_TEXT,PreChop Forests, 
TXT_KEY_BUG_OPT_ACTIONS__PRECHOPFORESTS_HOVER,"When checked, Workers ordered to chop a forest will stop with 1 turn remaining. Issue the order again to finish the chop.", 
TXT_KEY_BUG_OPT_ACTIONS__PRECHOPIMPROVEMENTS_TEXT,PreChop Improvements, 
TXT_KEY_BUG_OPT_ACTIONS__PRECHOPIMPROVEMENTS_HOVER,"When checked, Workers ordered to build an improvement that will remove a forest will stop with 1 turn remaining. Issue the order again to finish the improvement.", 
TXT_KEY_BUG_OPT_MISCHOVER__LEADERHEADHIDDENATTITUDE_TEXT,Hidden Attitude, 
TXT_KEY_BUG_OPT_MISCHOVER__LEADERHEADHIDDENATTITUDE_HOVER,"When checked, displays the hidden attitude modifiers (possibly spoiler).", 
TXT_KEY_BUG_OPT_MISCHOVER__LEADERHEADWORSTENEMY_TEXT,Worst Enemy, 
TXT_KEY_BUG_OPT_MISCHOVER__LEADERHEADWORSTENEMY_HOVER,"When checked, the worst enemy of each AI rival is shown in the hover text for their icon.", 
TXT_KEY_BUG_OPT_MISCHOVER__LEADERHEADDEFENSIVEPACTS_TEXT,Defensive Pacts, 
TXT_KEY_BUG_OPT_MISCHOVER__LEADERHEADDEFENSIVEPACTS_HOVER,"When checked, the defensive pacts of each rival are shown in the hover text for their icon.", 
TXT_KEY_BUG_OPT_MISCHOVER__LATLONGCOORDS_TEXT,Longitude / Latitude, 
TXT_KEY_BUG_OPT_MISCHOVER__LATLONGCOORDS_HOVER,"When checked, the longitude and latitude are shown when hovering over a plot once you have centered the map.", 
TXT_KEY_BUG_OPT_MISCHOVER__PARTIALBUILDS_TEXT,Partial Builds, 
TXT_KEY_BUG_OPT_MISCHOVER__PARTIALBUILDS_HOVER,"When checked, hovering over a plot that has partially-completed builds (improvements, routes, and chops) will show how many worker turns are required to complete them as long as your workers can actually do so.", 
TXT_KEY_BUG_OPT_MISCHOVER__UPDATEUNITNAMEONUPGRADE_TEXT,Upgrade Name, 
TXT_KEY_BUG_OPT_MISCHOVER__UPDATEUNITNAMEONUPGRADE_HOVER,"When checked, if a unit's name contains its type (e.g. ""Swordsman 5 of London""), it is replaced by the new type when upgrading (e.g. ""Maceman 5 of London"").", 
TXT_KEY_BUG_OPT_MISCHOVER__UNITEXPERIENCE_TEXT,Starting Experience, 
TXT_KEY_BUG_OPT_MISCHOVER__UNITEXPERIENCE_HOVER,"When checked, displays the experience points and number of available promotions a new unit will receive in the Train Unit button hover.", 
TXT_KEY_BUG_OPT_MISCHOVER__UNITEXPERIENCEMODIFIERS_TEXT,Starting Experience Modifiers, 
TXT_KEY_BUG_OPT_MISCHOVER__UNITEXPERIENCEMODIFIERS_HOVER,"When checked, displays the experience point modifiers (buildings, military instructors, civics, and wonders) in the Train Unit button hover.", 
TXT_KEY_BUG_OPT_MISCHOVER__BUILDINGACTUALEFFECTS_TEXT,Building, 
TXT_KEY_BUG_OPT_MISCHOVER__BUILDINGACTUALEFFECTS_HOVER,"When checked, the actual yield of [ICON_COMMERCE], [ICON_HAPPY], [ICON_HEALTHY], [ICON_GREATPEOPLE], and [ICON_DEFENSE] the building will produce for the city are displayed in the building hover text.", 
TXT_KEY_BUG_OPT_MISCHOVER__SPEDUPTECHS_TEXT,Speeds Up ..., 
TXT_KEY_BUG_OPT_MISCHOVER__SPEDUPTECHS_HOVER,"When checked, displays the technologies that will be sped up by acquiring the technology you are hovering over (e.g. Animal Husbandry would be shown for Agriculture once you have acquired Hunting).", 
TXT_KEY_BUG_OPT_MISCHOVER__TECHTRADEDENIAL_TEXT,Technology Trade Denial, 
TXT_KEY_BUG_OPT_MISCHOVER__TECHTRADEDENIAL_HOVER,"When checked, hovering over a technology in the ""Won't Trade"" column of the Foreign Advisor's TECHS page will show you the AI's reason for denying the trade.", 
TXT_KEY_BUG_OPT_MISCHOVER__BONUSTRADEDENIAL_TEXT,Resource Trade Denial, 
TXT_KEY_BUG_OPT_MISCHOVER__BONUSTRADEDENIAL_HOVER,"When checked, hovering over a resource in the ""Won't Trade"" column of the Foreign Advisor's RESOURCES page will show you the AI's reason for denying the trade.", 
TXT_KEY_BUG_OPT_MISCHOVER__BASECOMMERCE_TEXT,Commerce Subtotals, 
TXT_KEY_BUG_OPT_MISCHOVER__BASECOMMERCE_HOVER,"When checked, the subtotal (total before modifiers) is shown when necessary for each commerce type in its hover.", 
TXT_KEY_BUG_OPT_MISCHOVER__GREATPEOPLERATEBREAKDOWN_TEXT,Rate Breakdown, 
TXT_KEY_BUG_OPT_MISCHOVER__GREATPEOPLERATEBREAKDOWN_HOVER,"When checked, displays the individual [ICON_GREATPEOPLE] rate per turn for each type in the hover.", 
TXT_KEY_BUG_OPT_MISCHOVER__BUILDINGSAVEDMAINTENANCE_TEXT,Maintenance, 
TXT_KEY_BUG_OPT_MISCHOVER__BUILDINGSAVEDMAINTENANCE_HOVER,"When checked, displays the buildings that will affect maintenance costs ([ICON_GOLD]) and by how much.", 
TXT_KEY_BUG_OPT_MISCHOVER__BUILDINGADDITIONALFOOD_TEXT,Food, 
TXT_KEY_BUG_OPT_MISCHOVER__BUILDINGADDITIONALFOOD_HOVER,"When checked, displays the buildings that will affect the [ICON_FOOD] rate and by how much.", 
TXT_KEY_BUG_OPT_MISCHOVER__BUILDINGADDITIONALPRODUCTION_TEXT,Production, 
TXT_KEY_BUG_OPT_MISCHOVER__BUILDINGADDITIONALPRODUCTION_HOVER,"When checked, displays the buildings that will affect the [ICON_PRODUCTION] rate and by how much.", 
TXT_KEY_BUG_OPT_MISCHOVER__BUILDINGADDITIONALCOMMERCE_TEXT,Commerce, 
TXT_KEY_BUG_OPT_MISCHOVER__BUILDINGADDITIONALCOMMERCE_HOVER,"When checked, displays the buildings that will affect the [ICON_COMMERCE], [ICON_GOLD], [ICON_RESEARCH], [ICON_CULTURE], and [ICON_ESPIONAGE] rates and by how much.", 
TXT_KEY_BUG_OPT_MISCHOVER__BUILDINGADDITIONALHEALTH_TEXT,Health, 
TXT_KEY_BUG_OPT_MISCHOVER__BUILDINGADDITIONALHEALTH_HOVER,"When checked, displays the buildings that will affect the [ICON_HEALTHY] and [ICON_UNHEALTHY] rates and by how much.", 
TXT_KEY_BUG_OPT_MISCHOVER__BUILDINGADDITIONALHAPPINESS_TEXT,Happiness, 
TXT_KEY_BUG_OPT_MISCHOVER__BUILDINGADDITIONALHAPPINESS_HOVER,"When checked, displays the buildings that will affect the [ICON_HAPPY] and [ICON_UNHAPPY] rates and by how much.", 
TXT_KEY_BUG_OPT_MISCHOVER__BUILDINGADDITIONALGREATPEOPLE_TEXT,Great People, 
TXT_KEY_BUG_OPT_MISCHOVER__BUILDINGADDITIONALGREATPEOPLE_HOVER,"When checked, displays the buildings that will affect the [ICON_GREATPEOPLE] rate and by how much.", 
TXT_KEY_BUG_OPT_MISCHOVER__BUILDINGADDITIONALDEFENSE_TEXT,City Defense, 
TXT_KEY_BUG_OPT_MISCHOVER__BUILDINGADDITIONALDEFENSE_HOVER,"When checked, displays the buildings that will affect the [ICON_DEFENSE] of the city and from bombardment and by how much.", 
TXT_KEY_BUG_OPT_MISCHOVER__CONSCRIPTUNIT_TEXT,Draft Unit Details, 
TXT_KEY_BUG_OPT_MISCHOVER__CONSCRIPTUNIT_HOVER,"When checked, displays the full details of the unit that will be drafted in the Draft button hover.", 
TXT_KEY_BUG_OPT_MISCHOVER__CONSCRIPTLIMIT_TEXT,Draft Limit, 
TXT_KEY_BUG_OPT_MISCHOVER__CONSCRIPTLIMIT_HOVER,"When checked, displays the number of units you can draft this turn and whether the city has already drafted in the Draft button hover.", 
TXT_KEY_BUG_OPT_MISCHOVER__HURRYOVERFLOW_TEXT,Whip Button, 
TXT_KEY_BUG_OPT_MISCHOVER__HURRYOVERFLOW_HOVER,"When checked, the Whip Button hover includes the overflow ([ICON_PRODUCTION] and [ICON_GOLD]) created by applying the whip.", 
TXT_KEY_BUG_OPT_MISCHOVER__HURRYOVERFLOWINCLUDECURRENT_TEXT,Include Current, 
TXT_KEY_BUG_OPT_MISCHOVER__HURRYOVERFLOWINCLUDECURRENT_HOVER,"When checked, the whip overflow calculation includes the current [ICON_PRODUCTION] rate. Since applying the whip usually affects the rate, the actual overflow may be different.", 
TXT_KEY_BUG_OPT_MISCHOVER__REMOVESPECIALIST_TEXT,Remove Specialist Button, 
TXT_KEY_BUG_OPT_MISCHOVER__REMOVESPECIALIST_HOVER,"When checked, the hover text for the Remove Specialist button includes the same specialist information shown on the Add Specialist button.", 
TXT_KEY_BUG_OPT_MISCHOVER__CDAZOOMCITYDETAILS_TEXT,Zoom to City Details, 
TXT_KEY_BUG_OPT_MISCHOVER__CDAZOOMCITYDETAILS_HOVER,"When checked, the Zoom to City button includes detailed information about the city as when hovering over a city bar on the map.", 
TXT_KEY_BUG_OPT_CITYBAR__AIRPORTICONS_TEXT,Airport Icons, 
TXT_KEY_BUG_OPT_CITYBAR__AIRPORTICONS_HOVER,"When checked, places an airport icon above the city bars of cities that have an airport.", 
TXT_KEY_BUG_OPT_CITYBAR__STARVATIONTURNS_TEXT,Turns to Starvation, 
TXT_KEY_BUG_OPT_CITYBAR__STARVATIONTURNS_HOVER,"When checked, shows how many turns until a city will lose population if it is shrinking.", 
TXT_KEY_BUG_OPT_CITYBAR__HEALTH_TEXT,Health, 
TXT_KEY_BUG_OPT_CITYBAR__HEALTH_HOVER,"When checked, shows the net health ([ICON_HEALTHY] or [ICON_UNHEALTHY]) for the city.", 
TXT_KEY_BUG_OPT_CITYBAR__HAPPINESS_TEXT,Happiness, 
TXT_KEY_BUG_OPT_CITYBAR__HAPPINESS_HOVER,"When checked, shows the net happiness ([ICON_HAPPY] or [ICON_UNHAPPY]) for the city.", 
TXT_KEY_BUG_OPT_CITYBAR__HURRYANGER_TEXT,Hurry Anger, 
TXT_KEY_BUG_OPT_CITYBAR__HURRYANGER_HOVER,"When checked, shows the number of angry population ([ICON_ANGRYPOP]) due to whipping and the number of turns left on the timer.", 
TXT_KEY_BUG_OPT_CITYBAR__DRAFTANGER_TEXT,Draft Anger, 
TXT_KEY_BUG_OPT_CITYBAR__DRAFTANGER_HOVER,"When checked, shows the number of angry population ([ICON_ANGRYPOP]) due to drafting and the number of turns left on the timer.", 
TXT_KEY_BUG_OPT_CITYBAR__FOODASSIST_TEXT,Growth Detail, 
TXT_KEY_BUG_OPT_CITYBAR__FOODASSIST_HOVER,"When checked, shows more detailed information about growth (growing, shrinking, starvation, stagnation).", 
TXT_KEY_BUG_OPT_CITYBAR__BASEVALUES_TEXT,Base Values, 
TXT_KEY_BUG_OPT_CITYBAR__BASEVALUES_HOVER,"When checked, holding CTRL while hovering shows the base (without modifiers) values for most items: production, trade, commerce, maintenance, great people.", 
TXT_KEY_BUG_OPT_CITYBAR__BASEPRODUCTION_TEXT,Base Production, 
TXT_KEY_BUG_OPT_CITYBAR__BASEPRODUCTION_HOVER,"When checked, shows base production (excludes overflow, whipping, and chopping) in addition to the current turn's production.", 
TXT_KEY_BUG_OPT_CITYBAR__BUILDINGACTUALEFFECTS_TEXT,Building Actual Effects, 
TXT_KEY_BUG_OPT_CITYBAR__BUILDINGACTUALEFFECTS_HOVER,"When checked and a city is constructing a building, the actual yield of [ICON_COMMERCE], [ICON_HAPPY], [ICON_HEALTHY], and [ICON_GREATPEOPLE] it will produce are displayed.", 
TXT_KEY_BUG_OPT_CITYBAR__HURRYASSIST_TEXT,City Bar, 
TXT_KEY_BUG_OPT_CITYBAR__HURRYASSIST_HOVER,"When checked, shows the cost ([ICON_CITIZEN] or [ICON_GOLD]) and overflow ([ICON_PRODUCTION] and [ICON_GOLD]) for hurrying (whip and/or buy) the item being produced.", 
TXT_KEY_BUG_OPT_CITYBAR__HURRYASSISTINCLUDECURRENT_TEXT,Include Current, 
TXT_KEY_BUG_OPT_CITYBAR__HURRYASSISTINCLUDECURRENT_HOVER,"When checked, includes the current turn's production when calculating overflow ([ICON_PRODUCTION] and/or [ICON_GOLD]) from hurrying with the whip.", 
TXT_KEY_BUG_OPT_CITYBAR__TRADEDETAIL_TEXT,Trade, 
TXT_KEY_BUG_OPT_CITYBAR__TRADEDETAIL_HOVER,"When checked, shows breakdowns for trade: total, foreign, and foreign overseas. Each includes those after it: foreign includes foreign overseas, and total includes both foreign and foreign overseas.", 
TXT_KEY_BUG_OPT_CITYBAR__COMMERCE_TEXT,Commerce, 
TXT_KEY_BUG_OPT_CITYBAR__COMMERCE_HOVER,"When checked, the total commerce ([ICON_COMMERCE]) is shown before the individual commerce types ([ICON_GOLD], [ICON_RESEARCH], [ICON_CULTURE], and [ICON_ESPIONAGE]).", 
TXT_KEY_BUG_OPT_CITYBAR__BUILDINGICONS_TEXT,Building Icons, 
TXT_KEY_BUG_OPT_CITYBAR__BUILDINGICONS_HOVER,"When checked, the list of buildings is shown using icons instead of their names.", 
TXT_KEY_BUG_OPT_CITYBAR__CULTURETURNS_TEXT,Culture Turns, 
TXT_KEY_BUG_OPT_CITYBAR__CULTURETURNS_HOVER,"When checked, shows the number of turns until the city's borders expand due to culture ([ICON_CULTURE]).", 
TXT_KEY_BUG_OPT_CITYBAR__GREATPERSONTURNS_TEXT,Great Person Turns, 
TXT_KEY_BUG_OPT_CITYBAR__GREATPERSONTURNS_HOVER,"When checked, shows the number of turns until the city will create the next great person ([ICON_GREATPEOPLE]).", 
TXT_KEY_BUG_OPT_CITYBAR__SPECIALISTS_TEXT,Specialists, 
TXT_KEY_BUG_OPT_CITYBAR__SPECIALISTS_HOVER,"When checked, shows icons for the city's specialists (both citizens and settled great people).", 
TXT_KEY_BUG_OPT_CITYBAR__REVOLTCHANCE_TEXT,Revolt Chance, 
TXT_KEY_BUG_OPT_CITYBAR__REVOLTCHANCE_HOVER,"When checked, shows the probability that the city will revolt due to cultural pressure.", 
TXT_KEY_BUG_OPT_CITYBAR__HIDEINSTRUCTIONS_TEXT,Hide Instructions, 
TXT_KEY_BUG_OPT_CITYBAR__HIDEINSTRUCTIONS_HOVER,"When checked, hides the instructions for selecting cities and showing base values to make room for the new information.", 
