,, 
TXT_KEY_BUG_OPT_CIV4LERTS__ENABLED_TEXT,Enable Civ4lerts, 
TXT_KEY_BUG_OPT_CIV4LERTS__ENABLED_HOVER,"When checked, messages are displayed to alert you to various pending and existing conditions using Dr. Elmer Jiggle's Civ4lerts mod.", 
TXT_KEY_BUG_OPT_CIV4LERTS__CITYPENDINGGROWTH_TEXT,Pending, 
TXT_KEY_BUG_OPT_CIV4LERTS__CITYPENDINGGROWTH_HOVER,"When checked, displays an alert when a city's population will grow or shrink next turn.", 
TXT_KEY_BUG_OPT_CIV4LERTS__CITYGROWTH_TEXT,Growth, 
TXT_KEY_BUG_OPT_CIV4LERTS__CITYGROWTH_HOVER,"When checked, displays an alert when a city's population has grown or shrunk.", 
TXT_KEY_BUG_OPT_CIV4LERTS__CITYPENDINGHAPPINESS_TEXT,Pending, 
TXT_KEY_BUG_OPT_CIV4LERTS__CITYPENDINGHAPPINESS_HOVER,"When checked, displays an alert when a city will become happy or unhappy next turn.", 
TXT_KEY_BUG_OPT_CIV4LERTS__CITYHAPPINESS_TEXT,Happiness, 
TXT_KEY_BUG_OPT_CIV4LERTS__CITYHAPPINESS_HOVER,"When checked, displays an alert when a city has become happy or unhappy.", 
TXT_KEY_BUG_OPT_CIV4LERTS__CITYPENDINGHEALTHINESS_TEXT,Pending, 
TXT_KEY_BUG_OPT_CIV4LERTS__CITYPENDINGHEALTHINESS_HOVER,"When checked, displays an alert when a city will become healthy or unhealthy next turn.", 
TXT_KEY_BUG_OPT_CIV4LERTS__CITYHEALTHINESS_TEXT,Healthiness, 
TXT_KEY_BUG_OPT_CIV4LERTS__CITYHEALTHINESS_HOVER,"When checked, displays an alert when a city has become healthy or unhealthy.", 
TXT_KEY_BUG_OPT_CIV4LERTS__CITYPENDINGOCCUPATION_TEXT,Pending, 
TXT_KEY_BUG_OPT_CIV4LERTS__CITYPENDINGOCCUPATION_HOVER,"When checked, displays an alert when a city will be pacified next turn, ending occupation.", 
TXT_KEY_BUG_OPT_CIV4LERTS__CITYOCCUPATION_TEXT,Pacification, 
TXT_KEY_BUG_OPT_CIV4LERTS__CITYOCCUPATION_HOVER,"When checked, displays an alert when a city has been pacified, ending occupation.", 
TXT_KEY_BUG_OPT_CIV4LERTS__CITYCANHURRYPOP_TEXT,Can Hurry with Population, 
TXT_KEY_BUG_OPT_CIV4LERTS__CITYCANHURRYPOP_HOVER,"When checked, displays an alert once a city can hurry the item it's building with the whip.", 
TXT_KEY_BUG_OPT_CIV4LERTS__CITYCANHURRYGOLD_TEXT,Can Hurry with Gold, 
TXT_KEY_BUG_OPT_CIV4LERTS__CITYCANHURRYGOLD_HOVER,"When checked, displays an alert once a city can hurry the item it's building with gold.", 
TXT_KEY_BUG_OPT_CIV4LERTS__REFUSESTOTALK_TEXT,Refuses to Talk, 
TXT_KEY_BUG_OPT_CIV4LERTS__REFUSESTOTALK_HOVER,"When checked, displays an alert when a civilization changes their willingness to negotiate.", 
TXT_KEY_BUG_OPT_CIV4LERTS__WORSTENEMY_TEXT,Worst Enemy, 
TXT_KEY_BUG_OPT_CIV4LERTS__WORSTENEMY_HOVER,"When checked, displays an alert when a civilization's worst enemy changes.", 
TXT_KEY_BUG_OPT_CIV4LERTS__GOLDTRADE_TEXT,Gold, 
TXT_KEY_BUG_OPT_CIV4LERTS__GOLDTRADE_HOVER,"When checked, displays an alert when a civilization can trade a specified amount of gold.", 
TXT_KEY_BUG_OPT_CIV4LERTS__GOLDTRADETHRESH_TEXT,Threshold, 
TXT_KEY_BUG_OPT_CIV4LERTS__GOLDTRADETHRESH_HOVER,Determines the threshold for the amount of gold that will display an alert., 
TXT_KEY_BUG_OPT_CIV4LERTS__GOLDPERTURNTRADE_TEXT,Gold Per Turn, 
TXT_KEY_BUG_OPT_CIV4LERTS__GOLDPERTURNTRADE_HOVER,"When checked, displays an alert when a civilization can trade a specified amount of gold per turn.", 
TXT_KEY_BUG_OPT_CIV4LERTS__GOLDPERTURNTRADETHRESH_TEXT,Threshold, 
TXT_KEY_BUG_OPT_CIV4LERTS__GOLDPERTURNTRADETHRESH_HOVER,Determines the threshold for gold per turn that will display an alert., 
TXT_KEY_CIV4LERTS_ON_REFUSES_TO_TALK,[COLOR_NEGATIVE_TEXT]%s1 refuses to talk.[COLOR_REVERT], 
TXT_KEY_CIV4LERTS_ON_WILLING_TO_TALK,[COLOR_POSITIVE_TEXT]%s1 is willing to negotiate.[COLOR_REVERT], 
TXT_KEY_CIV4LERTS_ON_YOU_WORST_ENEMY,[COLOR_NEGATIVE_TEXT]You are the worst enemy of %s1.[COLOR_REVERT], 
TXT_KEY_CIV4LERTS_ON_WORST_ENEMY,[COLOR_YIELD_FOOD]%s2 is the worst enemy of %s1.[COLOR_REVERT], 
TXT_KEY_CIV4LERTS_ON_SWITCH_WORST_ENEMY_FROM_YOU,[COLOR_YIELD_FOOD]%s2 is the new worst enemy of %s1 (was you).[COLOR_REVERT], 
TXT_KEY_CIV4LERTS_ON_SWITCH_WORST_ENEMY_TO_YOU,[COLOR_NEGATIVE_TEXT]You are the new worst enemy of %s1 (was %s2).[COLOR_REVERT], 
TXT_KEY_CIV4LERTS_ON_SWITCH_WORST_ENEMY,[COLOR_YIELD_FOOD]%s2 is the new worst enemy of %s1 (was %s3).[COLOR_REVERT], 
TXT_KEY_CIV4LERTS_ON_NO_WORST_ENEMY,[COLOR_POSITIVE_TEXT]%s2 is no longer the worst enemy of %s1.[COLOR_REVERT], 
TXT_KEY_CIV4LERTS_ON_YOU_NO_WORST_ENEMY,[COLOR_POSITIVE_TEXT]You are no longer the worst enemy of %s1.[COLOR_REVERT], 
TXT_KEY_CIV4LERTS_ON_GOLD_TRADE,[COLOR_YIELD_COMMERCE]%s1 has %d2 gold available for trade.[COLOR_REVERT], 
TXT_KEY_CIV4LERTS_ON_SLAVE_TRADE,[COLOR_YIELD_COMMERCE]%s1 has %d2 slaves available for trade.[COLOR_REVERT], 
TXT_KEY_CIV4LERTS_ON_GOLD_PER_TURN_TRADE,[COLOR_YIELD_COMMERCE]%s1 has %d2 gold per turn available for trade.[COLOR_REVERT], 
TXT_KEY_CIV4LERTS_ON_CITY_PENDING_GROWTH,[COLOR_YIELD_FOOD]%s1 will grow to size %d2 on the next turn.[COLOR_REVERT], 
TXT_KEY_CIV4LERTS_ON_CITY_PENDING_SHRINKAGE,[COLOR_WARNING_TEXT]%s1 will shrink to size %d2 on the next turn.[COLOR_REVERT], 
TXT_KEY_CIV4LERTS_ON_CITY_PENDING_UNHEALTHY,[COLOR_WARNING_TEXT]%s1 will become unhealthy on the next turn.[COLOR_REVERT], 
TXT_KEY_CIV4LERTS_ON_CITY_PENDING_HEALTHY,[COLOR_POSITIVE_TEXT]%s1 will become healthy on the next turn.[COLOR_REVERT], 
TXT_KEY_CIV4LERTS_ON_CITY_PENDING_UNHAPPY,[COLOR_WARNING_TEXT]%s1 will become unhappy on the next turn.[COLOR_REVERT], 
TXT_KEY_CIV4LERTS_ON_CITY_PENDING_HAPPY,[COLOR_POSITIVE_TEXT]%s1 will become happy on the next turn.[COLOR_REVERT], 
TXT_KEY_CIV4LERTS_ON_CITY_UNHEALTHY,[COLOR_WARNING_TEXT]%s1 has become unhealthy.[COLOR_REVERT], 
TXT_KEY_CIV4LERTS_ON_CITY_HEALTHY,[COLOR_POSITIVE_TEXT]%s1 has become healthy.[COLOR_REVERT], 
TXT_KEY_CIV4LERTS_ON_CITY_UNHAPPY,[COLOR_WARNING_TEXT]%s1 has become unhappy.[COLOR_REVERT], 
TXT_KEY_CIV4LERTS_ON_CITY_HAPPY,[COLOR_POSITIVE_TEXT]%s1 has become happy.[COLOR_REVERT], 
TXT_KEY_CIV4LERTS_ON_CITY_GROWTH,[COLOR_YIELD_FOOD]%s1 has grown to size %d2.[COLOR_REVERT], 
TXT_KEY_CIV4LERTS_ON_CITY_SHRINKAGE,[COLOR_WARNING_TEXT]%s1 has shrunk to size %d2.[COLOR_REVERT], 
TXT_KEY_CIV4LERTS_ON_CITY_PENDING_PACIFIED,[COLOR_POSITIVE_TEXT]%s1 will be pacified on the next turn.[COLOR_REVERT], 
TXT_KEY_CIV4LERTS_ON_CITY_PACIFIED,[COLOR_POSITIVE_TEXT]%s1 has been pacified.[COLOR_REVERT], 
TXT_KEY_CIV4LERTS_ON_CITY_CAN_HURRY_POP,[COLOR_YIELD_FOOD]%s1 can hurry %s2 for %d3[ICON_ANGRYPOP] with %d4[ICON_PRODUCTION] overflow and +1[ICON_UNHAPPY] for %d5 turns.[COLOR_REVERT], 
TXT_KEY_CIV4LERTS_ON_CITY_CAN_HURRY_POP_PLUS_GOLD,"[COLOR_YIELD_FOOD]%s1 can hurry %s2 for %d3[ICON_ANGRYPOP] with %d4[ICON_PRODUCTION] overflow, %d6[ICON_GOLD] added to the treasury, and +1[ICON_UNHAPPY] for %d5 turns.[COLOR_REVERT]", 
TXT_KEY_CIV4LERTS_ON_CITY_CAN_HURRY_GOLD,[COLOR_YIELD_FOOD]%s1 can hurry %s2 for %d3[ICON_GOLD].[COLOR_REVERT], 
TXT_KEY_BUG_OPT_MORECIV4LERTS__CITYFOUNDED_TEXT,City Founded by Rival, 
TXT_KEY_BUG_OPT_MORECIV4LERTS__CITYFOUNDED_HOVER,"When checked, displays an alert when a rival founds a city.", 
TXT_KEY_BUG_OPT_MORECIV4LERTS__CITYPENDINGBORDEREXPANSION_TEXT,Pending Border Expansion, 
TXT_KEY_BUG_OPT_MORECIV4LERTS__CITYPENDINGBORDEREXPANSION_HOVER,"When checked, displays an alert when a city will expand its cultural borders next turn.", 
TXT_KEY_BUG_OPT_MORECIV4LERTS__OPENBORDERSTRADE_TEXT,Open Borders, 
TXT_KEY_BUG_OPT_MORECIV4LERTS__OPENBORDERSTRADE_HOVER,"When checked, displays an alert when a civilization is willing to sign an ""Open Borders"" agreement.", 
TXT_KEY_BUG_OPT_MORECIV4LERTS__DEFENSIVEPACTTRADE_TEXT,Defensive Pact, 
TXT_KEY_BUG_OPT_MORECIV4LERTS__DEFENSIVEPACTTRADE_HOVER,"When checked, displays an alert when a civilization is willing to sign a ""Defensive Pact"" agreement.", 
TXT_KEY_BUG_OPT_MORECIV4LERTS__PERMANENTALLIANCETRADE_TEXT,Permanent Alliance, 
TXT_KEY_BUG_OPT_MORECIV4LERTS__PERMANENTALLIANCETRADE_HOVER,"When checked, displays an alert when a civilization is willing to sign a ""Permanent Alliance"" agreement.", 
TXT_KEY_BUG_OPT_MORECIV4LERTS__VASSALTRADE_TEXT,Vassal, 
TXT_KEY_BUG_OPT_MORECIV4LERTS__VASSALTRADE_HOVER,"When checked, displays an alert when a civilization is willing to become your vassal.", 
TXT_KEY_BUG_OPT_MORECIV4LERTS__PEACETRADE_TEXT,Peace Treaty, 
TXT_KEY_BUG_OPT_MORECIV4LERTS__PEACETRADE_HOVER,"When checked, displays an alert when a civilization is willing to sign a Peace Treaty.", 
TXT_KEY_BUG_OPT_MORECIV4LERTS__SURRENDERTRADE_TEXT,Capitulation, 
TXT_KEY_BUG_OPT_MORECIV4LERTS__SURRENDERTRADE_HOVER,"When checked, displays an alert when a civilization is willing to capitulate during war.", 
TXT_KEY_BUG_OPT_MORECIV4LERTS__TECHTRADE_TEXT,Technologies, 
TXT_KEY_BUG_OPT_MORECIV4LERTS__TECHTRADE_HOVER,"When checked, displays an alert when a civilization is willing to trade technologies.", 
TXT_KEY_BUG_OPT_MORECIV4LERTS__BONUSTRADE_TEXT,Resources, 
TXT_KEY_BUG_OPT_MORECIV4LERTS__BONUSTRADE_HOVER,"When checked, displays an alert when a civilization is willing to trade resources.", 
TXT_KEY_BUG_OPT_MORECIV4LERTS__MAPTRADE_TEXT,Maps, 
TXT_KEY_BUG_OPT_MORECIV4LERTS__MAPTRADE_HOVER,"When checked, displays an alert when a civilization is willing to trade their map.", 
TXT_KEY_BUG_OPT_MORECIV4LERTS__DOMPOP_TEXT,Domination: Population, 
TXT_KEY_BUG_OPT_MORECIV4LERTS__DOMPOP_HOVER,"When checked, displays an alert when your population is close to or exceeds the limit for a Domination victory.", 
TXT_KEY_BUG_OPT_MORECIV4LERTS__DOMPOPTHRESH_TEXT,Pop Threshold, 
TXT_KEY_BUG_OPT_MORECIV4LERTS__DOMPOPTHRESH_HOVER,Population threshold for Domination victory., 
TXT_KEY_BUG_OPT_MORECIV4LERTS__DOMLAND_TEXT,Domination: Land, 
TXT_KEY_BUG_OPT_MORECIV4LERTS__DOMLAND_HOVER,"When checked, displays an alert when your land area is close to or exceeds the limit for a Domination victory.", 
TXT_KEY_BUG_OPT_MORECIV4LERTS__DOMLANDTHRESH_TEXT,Land Threshold, 
TXT_KEY_BUG_OPT_MORECIV4LERTS__DOMLANDTHRESH_HOVER,Land threshold for Domination victory., 
TXT_KEY_BUG_OPT_MORECIV4LERTS__SHOWUHVFAILPOPUP_TEXT,UHV Fail Popup, 
TXT_KEY_BUG_OPT_MORECIV4LERTS__SHOWUHVFAILPOPUP_HOVER,"When checked, a popup shows when the UHV fails", 
TXT_KEY_MISC_BORDERS_EXPANDED,[COLOR_MAGENTA]The borders of %s1_CityName have expanded![COLOR_REVERT], 
TXT_KEY_MORECIV4LERTS_CITY_TO_EXPAND,[COLOR_MAGENTA]The borders of %s1 are about to expand.[COLOR_REVERT], 
TXT_KEY_MORECIV4LERTS_CITY_NEXT_CULTURE_LEVEL,[COLOR_MAGENTA]%s1 is about to reach a new culture level.[COLOR_REVERT], 
TXT_KEY_MORECIV4LERTS_CITY_FOUNDED,%s1_Player has founded %s2_City., 
TXT_KEY_MORECIV4LERTS_CITY_FOUNDED_UNSEEN,%s1_Player has founded %s2_City in a distant land., 
TXT_KEY_MORECIV4LERTS_POP_EXCEEDS_LIMIT,[COLOR_WARNING_TEXT]Your population: %d1 (%s2) exceeds the Domination Limit: %d3 (%s4)[COLOR_REVERT], 
TXT_KEY_MORECIV4LERTS_POP_CLOSE_TO_LIMIT,[COLOR_WARNING_TEXT]Your population: %d1 (%s2) is close to the Domination Limit: %d3 (%s4)[COLOR_REVERT], 
TXT_KEY_MORECIV4LERTS_POP_GROWTH_EXCEEDS_LIMIT,"[COLOR_WARNING_TEXT]Your population: %d1, plus growth: %d2 (%s3) will exceed the Domination Limit: %d4 (%s5)[COLOR_REVERT]", 
TXT_KEY_MORECIV4LERTS_POP_GROWTH_CLOSE_TO_LIMIT,"[COLOR_WARNING_TEXT]Your population: %d1, plus growth: %d2 (%s3) will put close to the Domination Limit: %d4 (%s5)[COLOR_REVERT]", 
TXT_KEY_MORECIV4LERTS_LAND_EXCEEDS_LIMIT,[COLOR_WARNING_TEXT]Your land area: %d1 (%s2) exceeds the Domination Limit: %d3 (%s4)[COLOR_REVERT], 
TXT_KEY_MORECIV4LERTS_LAND_CLOSE_TO_LIMIT,[COLOR_WARNING_TEXT]Your land area: %d1 (%s2) is close to the Domination Limit: %d3 (%s4)[COLOR_REVERT], 
TXT_KEY_MORECIV4LERTS_NEW_TECH_AVAIL,[COLOR_TECH_TEXT]%s1 will trade %s2[COLOR_REVERT], 
TXT_KEY_MORECIV4LERTS_TECH_NOT_AVAIL,[COLOR_TECH_TEXT]%s1 won't trade %s2[COLOR_REVERT], 
TXT_KEY_MORECIV4LERTS_NEW_BONUS_AVAIL,[COLOR_HIGHLIGHT_TEXT]%s1 will trade %s2[COLOR_REVERT], 
TXT_KEY_MORECIV4LERTS_BONUS_NOT_AVAIL,[COLOR_HIGHLIGHT_TEXT]%s1 won't trade %s2[COLOR_REVERT], 
TXT_KEY_MORECIV4LERTS_MAP,[COLOR_TECH_TEXT]Will Trade Map: %s1[COLOR_REVERT], 
TXT_KEY_MORECIV4LERTS_OPEN_BORDERS,[COLOR_TECH_TEXT]Will Sign Open Borders: %s1[COLOR_REVERT], 
TXT_KEY_MORECIV4LERTS_DEFENSIVE_PACT,[COLOR_TECH_TEXT]Will Sign a Defensive Pact: %s1[COLOR_REVERT], 
TXT_KEY_MORECIV4LERTS_PERMANENT_ALLIANCE,[COLOR_TECH_TEXT]Will Sign a Permanent Alliance: %s1[COLOR_REVERT], 
TXT_KEY_MORECIV4LERTS_VASSAL,[COLOR_TECH_TEXT]Will Become a Vassal: %s1[COLOR_REVERT], 
TXT_KEY_MORECIV4LERTS_SURRENDER,[COLOR_TECH_TEXT]Will Capitulate: %s1[COLOR_REVERT], 
TXT_KEY_MORECIV4LERTS_PEACE_TREATY,[COLOR_TECH_TEXT]Will Sign Peace Treaty: %s1[COLOR_REVERT], 
