,, 
TXT_KEY_CONCEPT_SETTLED_SPECIALISTS,Settled Specialists, 
TXT_KEY_BUG_OPT_CUSTDOMADV__ENABLED_TEXT,Customizable, 
TXT_KEY_BUG_OPT_CUSTDOMADV__ENABLED_HOVER,"When checked, uses the Customizable Domestic Advisor (requires restart).", 
TXT_KEY_BUG_OPT_CUSTDOMADV__SPACETOP_TEXT,Space Above, 
TXT_KEY_BUG_OPT_CUSTDOMADV__SPACETOP_LIST,None|Small|Medium|Large, 
TXT_KEY_BUG_OPT_CUSTDOMADV__SPACETOP_HOVER,Select the amount of space to leave above the Customizable Domestic Advisor screen:[NEWLINE][ICON_BULLET][COLOR_HIGHLIGHT_TEXT]None[COLOR_REVERT] - No space at all.[NEWLINE][ICON_BULLET][COLOR_HIGHLIGHT_TEXT]Small[COLOR_REVERT] - Enough space to show the turn indicator and treasury.[NEWLINE][ICON_BULLET][COLOR_HIGHLIGHT_TEXT]Medium[COLOR_REVERT] - Enough space to show the advisor buttons.[NEWLINE][ICON_BULLET][COLOR_HIGHLIGHT_TEXT]Large[COLOR_REVERT] - Enough space to show all the culture sliders., 
TXT_KEY_BUG_OPT_CUSTDOMADV__SPACESIDES_TEXT,Space to Sides, 
TXT_KEY_BUG_OPT_CUSTDOMADV__SPACESIDES_LIST,None|Small|Medium|Large|Large Left, 
TXT_KEY_BUG_OPT_CUSTDOMADV__SPACESIDES_HOVER,Select the amount of space to leave to the sides of the Customizable Domestic Advisor screen:[NEWLINE][ICON_BULLET][COLOR_HIGHLIGHT_TEXT]None[COLOR_REVERT] - No space at all.[NEWLINE][ICON_BULLET][COLOR_HIGHLIGHT_TEXT]Small[COLOR_REVERT] - Same amount of space as Foreign and Military Advisors.[NEWLINE][ICON_BULLET][COLOR_HIGHLIGHT_TEXT]Medium[COLOR_REVERT] - Twice the space as Foreign and Military Advisors.[NEWLINE][ICON_BULLET][COLOR_HIGHLIGHT_TEXT]Large[COLOR_REVERT] - Enough space to show all the culture sliders on the left and same amount of space on the right.[NEWLINE][ICON_BULLET][COLOR_HIGHLIGHT_TEXT]Large Left[COLOR_REVERT] - Enough space to show all the culture sliders to the left but just a small amount of space on the right., 
TXT_KEY_BUG_OPT_CUSTDOMADV__PRODUCTIONGROUPING_TEXT,Production Grouping, 
TXT_KEY_BUG_OPT_CUSTDOMADV__PRODUCTIONGROUPING_LIST,None|Icons|Colors|Both, 
TXT_KEY_BUG_OPT_CUSTDOMADV__PRODUCTIONGROUPING_HOVER,Select grouping options for the production list on the Customizable Domestic Advisor screen:[NEWLINE][ICON_BULLET][COLOR_HIGHLIGHT_TEXT]None[COLOR_REVERT] - No special grouping.[NEWLINE][ICON_BULLET][COLOR_HIGHLIGHT_TEXT]Icons[COLOR_REVERT] - Production items prefaced by icons denoting the type of item which keeps them grouped together when sorting.[NEWLINE][ICON_BULLET][COLOR_HIGHLIGHT_TEXT]Colors[COLOR_REVERT] - Production items colored based on the type of item.[NEWLINE][ICON_BULLET][COLOR_HIGHLIGHT_TEXT]Both[COLOR_REVERT] - Production items prefaced by icons and colored based on the type of item., 
TXT_KEY_CDA_BASE_XP,(%d1 XP), 
TXT_KEY_CDA_SELECT_PAGE,[COLOR_HIGHLIGHT_TEXT]Switch Page[COLOR_REVERT][NEWLINE]Select any page in the list to switch to it, 
TXT_KEY_CDA_PREV_PAGE,[COLOR_HIGHLIGHT_TEXT]Previous Page[COLOR_REVERT][NEWLINE]Switch to the previous page in the list, 
TXT_KEY_CDA_NEXT_PAGE,[COLOR_HIGHLIGHT_TEXT]Next Page[COLOR_REVERT][NEWLINE]Switch to the next page in the list, 
TXT_KEY_CDA_START_EDITING,[COLOR_HIGHLIGHT_TEXT]Enter Edit Mode[COLOR_REVERT][NEWLINE]Show the editing controls to be able to add/remove/reorder pages and columns or change whether or not the specialist buttons are displayed, 
TXT_KEY_CDA_STOP_EDITING,[COLOR_HIGHLIGHT_TEXT]Exit Edit Mode[COLOR_REVERT][NEWLINE]Hide the editing controls to be able to see the list of cities. Don't forget to save your changes before exiting the game, 
TXT_KEY_CDA_SAVE,[COLOR_HIGHLIGHT_TEXT]Save[COLOR_REVERT][NEWLINE]Save any changes you have made to disk (CustDomAdv.txt), 
TXT_KEY_CDA_RELOAD,[COLOR_HIGHLIGHT_TEXT]Reload[COLOR_REVERT][NEWLINE]Load the pages from disk to revert any chanes you have made, 
TXT_KEY_CDA_RENAME_PAGE,[COLOR_HIGHLIGHT_TEXT]Rename Page[COLOR_REVERT][NEWLINE]Enter a new name for the current page, 
TXT_KEY_CDA_ADD_PAGE,[COLOR_HIGHLIGHT_TEXT]Add Page[COLOR_REVERT][NEWLINE]Insert a new page in the list after the current page, 
TXT_KEY_CDA_REMOVE_PAGE,[COLOR_HIGHLIGHT_TEXT]Remove Page[COLOR_REVERT][NEWLINE]Remove the current page from the list, 
TXT_KEY_CDA_MOVE_PAGE_UP,[COLOR_HIGHLIGHT_TEXT]Move Page Up[COLOR_REVERT][NEWLINE]Move the current page up in the list, 
TXT_KEY_CDA_MOVE_PAGE_DOWN,[COLOR_HIGHLIGHT_TEXT]Move Page Down[COLOR_REVERT][NEWLINE]Move the current page down in the list, 
TXT_KEY_CDA_TOGGLE_SPECIALISTS,[COLOR_HIGHLIGHT_TEXT]Toggle Specialist[COLOR_REVERT][NEWLINE]Toggle whether or not the selected city's specialists are displayed along with buttons to add/remove them, 
TXT_KEY_CDA_ADD_COLUMN,[COLOR_HIGHLIGHT_TEXT]Add Column[COLOR_REVERT][NEWLINE]Insert the selected column(s) from the right list into the left list, 
TXT_KEY_CDA_REMOVE_COLUMN,[COLOR_HIGHLIGHT_TEXT]Remove Column[COLOR_REVERT][NEWLINE]Remove the selected column(s) from the left list, 
TXT_KEY_CDA_MOVE_COLUMN_UP,[COLOR_HIGHLIGHT_TEXT]Move Column Up[COLOR_REVERT][NEWLINE]Move the selected column(s) up in the left list, 
TXT_KEY_CDA_MOVE_COLUMN_DOWN,[COLOR_HIGHLIGHT_TEXT]Move Column Down[COLOR_REVERT][NEWLINE]Move the selected column(s) down in the left list, 
TXT_KEY_CDA_SHRINK_COLUMN,[COLOR_HIGHLIGHT_TEXT]Shrink Column[COLOR_REVERT][NEWLINE]Make the selected column(s) narrower, 
TXT_KEY_CDA_EXPAND_COLUMN,[COLOR_HIGHLIGHT_TEXT]Expand Column[COLOR_REVERT][NEWLINE]Make the selected column(s) wider, 
