,, 
TXT_KEY_BUG_OPT_EVENTSIGNS__ENABLED_TEXT,Event Signs, 
TXT_KEY_BUG_OPT_EVENTSIGNS__ENABLED_HOVER,"When checked, places signs on plots whose yields have changed because of random events.", 
TXT_KEY_SIGN_FORMAT_OVERVIEW,%s1%s2%s3 (%s4), 
TXT_KEY_SIGN_FORMAT_FOOD,%D1 F, 
TXT_KEY_SIGN_FORMAT_PROD,%D1 P, 
TXT_KEY_SIGN_FORMAT_COMM,%D1 C, 
TXT_KEY_SIGN_EVENT_HORTICULTURE_1,medicine, 
TXT_KEY_SIGN_EVENT_HORTICULTURE_2,medicine, 
TXT_KEY_SIGN_EVENT_PARROTS_1,parrots, 
TXT_KEY_SIGN_EVENT_JADE_1,jade, 
TXT_KEY_SIGN_EVENT_BLACK_PEARLS_1,black pearls, 
TXT_KEY_SIGN_EVENT_SALTPETER_1,saltpeter, 
TXT_KEY_SIGN_EVENT_CLUNKER_COAL_1,impurities, 
TXT_KEY_SIGN_EVENT_SOUR_CRUDE_1,impurities, 
TXT_KEY_SIGN_EVENT_TRUFFLES_1,truffles, 
TXT_KEY_SIGN_EVENT_SEA_TURTLES_1,sea turtles, 
TXT_KEY_SIGN_EVENT_TIN_1,Tin, 
TXT_KEY_SIGN_EVENT_PRAIRIE_DOGS_1,prairie dogs, 
TXT_KEY_SIGN_EVENT_APPLESEED_1,apple trees, 
TXT_KEY_SIGN_EVENT_FORTY_THIEVES_1,local legend, 
TXT_KEY_SIGN_EVENT_WATERS_OF_LIFE_1,Waters of Life, 
TXT_KEY_SIGN_EVENT_GREAT_BEAST_1,great beast, 
