,, 
TXT_KEY_BUG_OPT_MAPFINDER__ENABLED_TEXT,Enabled, 
TXT_KEY_BUG_OPT_MAPFINDER__ENABLED_HOVER,"When checked, the shortcut keys for regenerating the map (ALT + G) and starting/stopping MapFinder (ALT + CTRL + G) are active.", 
TXT_KEY_BUG_OPT_MAPFINDER__PATH_TEXT,Path, 
TXT_KEY_BUG_OPT_MAPFINDER__PATH_HOVER,"Enter the full path to the MapFinder directory. It must contain the ""Rules"" folder.", 
TXT_KEY_BUG_OPT_MAPFINDER__SAVEPATH_TEXT,Save Path, 
TXT_KEY_BUG_OPT_MAPFINDER__SAVEPATH_HOVER,Enter the full path where maps matching your rules should be saved., 
TXT_KEY_BUG_OPT_MAPFINDER__RULEFILE_TEXT,Rule File, 
TXT_KEY_BUG_OPT_MAPFINDER__RULEFILE_HOVER,"Enter the name of the rule file to use for checking maps for save-worthiness, e.g. ""Precious Metals.rul"".", 
TXT_KEY_BUG_OPT_MAPFINDER__REGENERATIONDELAY_TEXT,Regenerate Delay, 
TXT_KEY_BUG_OPT_MAPFINDER__REGENERATIONDELAY_HOVER,Enter the number of seconds to delay before the map is regenerated each time through the MapFinder cycle (default value is 0.0)., 
TXT_KEY_BUG_OPT_MAPFINDER__SKIPDELAY_TEXT,Skip Delay, 
TXT_KEY_BUG_OPT_MAPFINDER__SKIPDELAY_HOVER,Enter the number of seconds to pause before starting the next MapFinder cycle when a map fails to pass the rules and is skipped (default value is 0.25)., 
TXT_KEY_BUG_OPT_MAPFINDER__SAVEDELAY_TEXT,Save Delay, 
TXT_KEY_BUG_OPT_MAPFINDER__SAVEDELAY_HOVER,Enter the number of seconds to pause before taking the screenshot and saving the map when it passes the rules. Note that there may be an enforced minimum to allow time for the fog of war to recover previously-revealed tiles before taking the screenshot (default value is 2.0)., 
TXT_KEY_BUG_OPT_MAPFINDER__REGENERATIONLIMIT_TEXT,Regenerate Limit, 
TXT_KEY_BUG_OPT_MAPFINDER__REGENERATIONLIMIT_HOVER,Enter the maximum number of times MapFinder will regenerate the map before stopping automatically (default value is 1000)., 
TXT_KEY_BUG_OPT_MAPFINDER__SAVELIMIT_TEXT,Save Limit, 
TXT_KEY_BUG_OPT_MAPFINDER__SAVELIMIT_HOVER,Enter the maximum number of times MapFinder will save the map before stopping automatically (default value is 1000)., 
TXT_KEY_MAPFINDER_REQUIRES_BULL,[COLOR_NEGATIVE_TEXT]MapFinder requires BULL to function[COLOR_REVERT], 
TXT_KEY_MAPFINDER_CANNOT_REGENERATE,"[COLOR_WARNING_TEXT]MapFinder cannot regenerate the map[COLOR_REVERT][NEWLINE]Exit to the main menu, start a new game, and try again.", 
TXT_KEY_MAPFINDER_REGENERATE_FAILED,"[COLOR_WARNING_TEXT]MapFinder failed to regenerate the map[COLOR_REVERT][NEWLINE]Exit to the main menu, start a new game, and try again.", 
TXT_KEY_MAPFINDER_INVALID_PATH,[COLOR_NEGATIVE_TEXT]MapFinder path is invalid: %s1[COLOR_REVERT], 
TXT_KEY_MAPFINDER_INVALID_SYSTEM_FILE,[COLOR_NEGATIVE_TEXT]MapFinder system file not found: %s1[COLOR_REVERT], 
TXT_KEY_MAPFINDER_INVALID_RULE_FILE,[COLOR_NEGATIVE_TEXT]MapFinder rule file not found: %s1[COLOR_REVERT], 
TXT_KEY_MAPFINDER_INVALID_SAVE_PATH,[COLOR_NEGATIVE_TEXT]MapFinder save file path is invalid: %s1[COLOR_REVERT], 
TXT_KEY_MAPFINDER_SCREEN_TITLE,[COLOR_HIGHLIGHT_TEXT]MapFinder[COLOR_REVERT], 
TXT_KEY_MAPFINDER_TOTAL_MAPS,Maps, 
TXT_KEY_MAPFINDER_TOTAL_SAVES,Saves, 
TXT_KEY_MAPFINDER_STOP_SHORTCUT,ALT + CTRL + SHIFT + G to Stop, 
TXT_KEY_MAPFINDER_REGNERATING,Regenerating Map..., 
TXT_KEY_MAPFINDER_SAVING,Saving Game..., 
TXT_KEY_MAPFINDER_ALREADY_RUNNING,[COLOR_WARNING_TEXT]MapFinder is already running[COLOR_REVERT], 
TXT_KEY_MAPFINDER_NOT_RUNNING,[COLOR_WARNING_TEXT]MapFinder is not running[COLOR_REVERT], 
TXT_KEY_MAPFINDER_STOPPED,MapFinder stopped, 
