,, 
TXT_KEY_BUG_ERA,%s1 Era, 
TXT_KEY_BUG_OPT_NJAGC__ENABLED_TEXT,Enable NJAGC, 
TXT_KEY_BUG_OPT_NJAGC__ENABLED_HOVER,"When checked, the game clock is displayed using TheLopez's NJAGC mod.", 
TXT_KEY_BUG_OPT_NJAGC__SHOWERA_TEXT,Display Era, 
TXT_KEY_BUG_OPT_NJAGC__SHOWERA_HOVER,"When checked, the current era is displayed to the left of the research bar.", 
TXT_KEY_BUG_OPT_NJAGC__SHOWERACOLOR_TEXT,Use Era-Related Colors, 
TXT_KEY_BUG_OPT_NJAGC__SHOWERACOLOR_HOVER,"When checked, the game date and era are displayed using a color for each era.", 
TXT_KEY_BUG_OPT_NJAGC__COLOR_ERA_ANCIENT_TEXT,Ancient Era, 
TXT_KEY_BUG_OPT_NJAGC__COLOR_ERA_ANCIENT_HOVER,Color to use for the Ancient era., 
TXT_KEY_BUG_OPT_NJAGC__COLOR_ERA_CLASSICAL_TEXT,Classical Era, 
TXT_KEY_BUG_OPT_NJAGC__COLOR_ERA_CLASSICAL_HOVER,Color to use for the Classical era., 
TXT_KEY_BUG_OPT_NJAGC__COLOR_ERA_MEDIEVAL_TEXT,Medieval Era, 
TXT_KEY_BUG_OPT_NJAGC__COLOR_ERA_MEDIEVAL_HOVER,Color to use for the Medieval era., 
TXT_KEY_BUG_OPT_NJAGC__COLOR_ERA_RENAISSANCE_TEXT,Renaissance Era, 
TXT_KEY_BUG_OPT_NJAGC__COLOR_ERA_RENAISSANCE_HOVER,Color to use for the Renaissance era., 
TXT_KEY_BUG_OPT_NJAGC__COLOR_ERA_INDUSTRIAL_TEXT,Industrial Era, 
TXT_KEY_BUG_OPT_NJAGC__COLOR_ERA_INDUSTRIAL_HOVER,Color to use for the Industrial era., 
TXT_KEY_BUG_OPT_NJAGC__COLOR_ERA_GLOBAL_TEXT,Global Era, 
TXT_KEY_BUG_OPT_NJAGC__COLOR_ERA_GLOBAL_HOVER,Color to use for the Modern era., 
TXT_KEY_BUG_OPT_NJAGC__COLOR_ERA_DIGITAL_TEXT,Digital Era, 
TXT_KEY_BUG_OPT_NJAGC__COLOR_ERA_DIGITAL_HOVER,Color to use for the Future era., 
TXT_KEY_BUG_OPT_NJAGC__SHOWTIME_TEXT,Clock, 
TXT_KEY_BUG_OPT_NJAGC__SHOWTIME_HOVER,"When checked, the real time is displayed.", 
TXT_KEY_BUG_OPT_NJAGC__SHOWCOMPLETEDTURNS_TEXT,Completed Turns, 
TXT_KEY_BUG_OPT_NJAGC__SHOWCOMPLETEDTURNS_HOVER,"When checked, the number of turns completed is displayed.", 
TXT_KEY_BUG_OPT_NJAGC__SHOWTOTALTURNS_TEXT,Total Turns, 
TXT_KEY_BUG_OPT_NJAGC__SHOWTOTALTURNS_HOVER,"When checked, the total turns in the game is displayed if Time Victory is enabled.", 
TXT_KEY_BUG_OPT_NJAGC__SHOWCOMPLETEDPERCENT_TEXT,Completed Percentage, 
TXT_KEY_BUG_OPT_NJAGC__SHOWCOMPLETEDPERCENT_HOVER,"When checked, the completed percentage is displayed if Time Victory is enabled.", 
TXT_KEY_BUG_OPT_NJAGC__SHOWDATE_TEXT,Game Date and Golden Age Turns, 
TXT_KEY_BUG_OPT_NJAGC__SHOWDATE_HOVER,"When checked, the in-game date and turns left in a Golden Age are displayed.", 
TXT_KEY_BUG_OPT_NJAGC__ALTERNATETEXT_TEXT,Alternate Game Clock, 
TXT_KEY_BUG_OPT_NJAGC__ALTERNATETEXT_HOVER,"When checked, the game clock switches between two views: standard and alternate.", 
TXT_KEY_BUG_OPT_NJAGC__ALTTIMING_TEXT,Period (in seconds), 
TXT_KEY_BUG_OPT_NJAGC__ALTTIMING_HOVER,Select the time each view of the game clock is displayed when alternating is enabled., 
TXT_KEY_BUG_OPT_NJAGC__SHOWALTTIME_TEXT,Clock, 
TXT_KEY_BUG_OPT_NJAGC__SHOWALTTIME_HOVER,"When checked, the real time is displayed.", 
TXT_KEY_BUG_OPT_NJAGC__SHOWALTCOMPLETEDTURNS_TEXT,Completed Turns, 
TXT_KEY_BUG_OPT_NJAGC__SHOWALTCOMPLETEDTURNS_HOVER,"When checked, the number of turns completed is displayed.", 
TXT_KEY_BUG_OPT_NJAGC__SHOWALTTOTALTURNS_TEXT,Total Turns, 
TXT_KEY_BUG_OPT_NJAGC__SHOWALTTOTALTURNS_HOVER,"When checked, the total turns in the game is displayed if Time Victory is enabled.", 
TXT_KEY_BUG_OPT_NJAGC__SHOWALTCOMPLETEDPERCENT_TEXT,Completed Percentage, 
TXT_KEY_BUG_OPT_NJAGC__SHOWALTCOMPLETEDPERCENT_HOVER,"When checked, the completed percentage is displayed if Time Victory is enabled.", 
TXT_KEY_BUG_OPT_NJAGC__SHOWALTDATE_TEXT,Game Date and Golden Age Turns, 
TXT_KEY_BUG_OPT_NJAGC__SHOWALTDATE_HOVER,"When checked, the in-game date and turns left in a Golden Age are displayed.", 
