,, 
TXT_KEY_WB_TARGET_PLOT,Target Plot, 
TXT_KEY_WB_PUSH_MISSION,Push Mission, 
TXT_KEY_WB_ACTIVITY,Activity, 
TXT_KEY_WB_FORTIFY,Fortifying, 
TXT_KEY_WB_DONE,Done, 
TXT_KEY_WB_WAIT,Waiting, 
TXT_KEY_WB_DUPLICATE_CITY,Duplicate City, 
TXT_KEY_WB_MOVE_CITY,Move City, 
TXT_KEY_WB_RAZE_CITY,Raze City, 
TXT_KEY_WB_SENSIBILITY,Checks Prerequisites for Multiple Tiles Mode, 
TXT_KEY_WB_REGION_SELECTION,Selects all tiles in a region, 
TXT_KEY_WB_PLOT_TYPE,Plot Type, 
TXT_KEY_WB_STARTING_PLOT,Starting Plot, 
TXT_KEY_WB_PYTHON,Triggers Python Effects:, 
TXT_KEY_WB_UNIT_AI,Unit AI, 
TXT_KEY_WB_EVER,Ever, 
TXT_KEY_WB_HIDE_DEAD,Hide Dead, 
TXT_KEY_WB_STATE_RELIGION,State Religion, 
TXT_KEY_WB_COMMANDS,Commands, 
TXT_KEY_WB_XLEVEL,Level, 
TXT_KEY_WB_OWNER,Owner, 
TXT_KEY_WB_PLOT,Plot, 
TXT_KEY_WB_UNIT,Unit, 
TXT_KEY_WB_CITY,City, 
TXT_KEY_WB_GROUP,Group, 
TXT_KEY_WB_LANDMARKS,Landmarks, 
TXT_KEY_WB_MODIFY,Modify %s1, 
TXT_KEY_WB_AI_AUTOPLAY_WARNING,AI AutoPlay can be stopped with [COLOR_POSITIVE_TEXT]SPACE[COLOR_REVERT] or [COLOR_POSITIVE_TEXT]ESCAPE[COLOR_REVERT], 
TXT_KEY_WB_COASTAL_TRADE,Coastal [ICON_TRADE]: %d1, 
TXT_KEY_WB_BASE_YIELD,Base %s1: %d2, 
TXT_KEY_WB_CITY_DATA2,City Data II, 
TXT_KEY_WB_BASE_RATE,Base Rate: %d1, 
TXT_KEY_WB_PLAYER_DATA,Player Data, 
TXT_KEY_WB_ERASE_ALL_PLOTS,Erase all plots, 
TXT_KEY_WB_REPEATABLE,Can use Civilizations and Leaders already in the Game, 
TXT_KEY_REVEAL_PLOT,Reveal Plot, 
TXT_KEY_REVEAL_SUBMARINE,Reveal Submarine, 
TXT_KEY_REVEAL_STEALTH,Reveal Stealth, 
TXT_KEY_WB_ADD_UNITS,Add Units, 
TXT_KEY_WB_PLOT_DATA,Plot Data, 
TXT_KEY_WB_DEFAULT,Default, 
TXT_KEY_WB_SHOW_HIDDEN,Show Hidden Options, 
TXT_KEY_WB_SCRIPT_DATA,Script Data, 
TXT_KEY_WB_START_YEAR,Start Year, 
TXT_KEY_WB_GAME_YEAR,Game Year: %s1, 
TXT_KEY_WB_MAX_TURNS,Max Turns: %d1, 
TXT_KEY_WB_AI_AUTOPLAY,AI AutoPlay: %d1, 
TXT_KEY_WB_GAME_TURN,Game Turn: %d1, 
TXT_KEY_WB_ESTIMATED_END_TURN,Estimated End Turn: %d1, 
TXT_KEY_WB_MAX_CITY_ELIMINATION,Max City Elimination: %d1, 
TXT_KEY_WB_TARGET_SCORE,Target Score: %d1, 
TXT_KEY_WB_NUKES_EXPLODED,Nukes Exploded: %d1, 
TXT_KEY_WB_ADD_NEW_PLAYER,Add New Player, 
TXT_KEY_WB_AREA_ID,Area ID, 
TXT_KEY_WB_SINGLE_PLOT,Single Plot, 
TXT_KEY_WB_AREA_PLOTS,Area Plots, 
TXT_KEY_WB_ALL_PLOTS,All Plots, 
TXT_KEY_WB_UNIT_DATA,Unit Data, 
TXT_KEY_WB_DAMAGE,Damage, 
TXT_KEY_WB_CARGO_SPACE,Cargo, 
TXT_KEY_WB_MOVES,Moves Left, 
TXT_KEY_WB_IMMOBILE_TIMER,Immobile Timer, 
TXT_KEY_WB_PROMOTION_READY,Promotion Ready, 
TXT_KEY_WB_MADE_ATTACK,Made Attack, 
TXT_KEY_WB_MADE_INTERCEPT,Made Intercept, 
TXT_KEY_WB_DIRECTION,Direction, 
TXT_KEY_WB_HURRY_ANGER,Hurry [ICON_UNHAPPY]: %d1, 
TXT_KEY_WB_DEFY_RESOLUTION,Defy Resolution [ICON_UNHAPPY]: %d1, 
TXT_KEY_WB_TEMP_HAPPY,Temporary [ICON_HAPPY]: %d1, 
TXT_KEY_WB_DEFENSE,Defense: %d1[ICON_DEFENSE], 
TXT_KEY_WB_GRANT_AVAILABLE,Grant Available, 
TXT_KEY_WB_COPY_ALL,Apply to All %s1, 
TXT_KEY_WB_FREE_SPECIALISTS,Free Specialists, 
TXT_KEY_WB_PROGRESS,Progress: %d1, 
TXT_KEY_WB_GOLDEN_AGE_UNITS,[ICON_GREATPEOPLE] Required: %d1, 
TXT_KEY_WB_ANARCHY,Anarchy: %d1, 
TXT_KEY_WB_STATE_RELIGION_UNIT,[ICON_RELIGION] Unit [ICON_PRODUCTION]: %d1%%, 
TXT_KEY_WB_STATE_RELIGION_BUILDING,[ICON_RELIGION] Building [ICON_PRODUCTION]: %d1%%, 
TXT_KEY_WB_TEAM_DATA,Team Data, 
TXT_KEY_WB_MAP_CENTERING,Map Centering, 
TXT_KEY_WB_GOLD_TRADING,Gold Trading, 
TXT_KEY_WB_TECH_TRADING,Tech Trading, 
TXT_KEY_WB_MAP_TRADING,Map Trading, 
TXT_KEY_WB_VASSAL_TRADING,Vassal Trading, 
TXT_KEY_WB_WATER_WORK,Water Work, 
TXT_KEY_WB_EXTRA_WATER_SIGHT,Extra Water Sight, 
TXT_KEY_WB_BRIDGE_BUILDING,Bridge Building, 
TXT_KEY_WB_IGNORE_IRRIGATION,Ignore Irrigation, 
TXT_KEY_WB_MERGE_TEAM,Merge Team, 
TXT_KEY_WB_NUKE_INTERCEPTION,Nuke Interception: %d1, 
TXT_KEY_WB_ENEMY_WAR_WEARINESS,Enemy War Weariness: %d1, 
TXT_KEY_WB_GUARANTEED_ELIGIBILITY,Guaranteed Eligibility, 
TXT_KEY_WB_FEATURE_VARIETY,Variety: %d1, 
TXT_KEY_WB_UPGRADE_PROGRESS,Upgrade Turns: %d1, 
TXT_KEY_WB_TRIGGER_EVENT,Trigger %s1, 
TXT_KEY_WB_LATITUDE,Latitude: %d1, 
TXT_KEY_WB_ATTITUDE,Attitude, 
TXT_KEY_WB_CVASSAL,Capitulated, 
TXT_KEY_WB_MODIFIER,Modifier, 
TXT_KEY_WB_COUNTER_ESPIONAGE,Counter Espionage, 
TXT_KEY_WB_MEMORY,Memory, 
TXT_KEY_WB_KILL,Kill, 
TXT_KEY_WB_ENABLE_CIV,This civ is enabled. (Click to disable), 
TXT_KEY_WB_DISABLE_CIV,This civ is disabled. (Click to enable), 
TXT_KEY_SEVOPEDIA_TITLE,SEVOPEDIA, 
TXT_KEY_PEDIA_SCREEN_INDEX,Index, 
TXT_KEY_PEDIA_SCREEN_CONTENTS,Contents, 
TXT_KEY_PEDIA_CATEGORY_UNIT_UPGRADES,Unit Upgrades, 
TXT_KEY_PEDIA_CATEGORY_PROMOTION_TREE,Promotion Tree, 
TXT_KEY_PEDIA_CATEGORY_NATIONAL_WONDERS,National Wonders, 
TXT_KEY_PEDIA_CATEGORY_GREAT_WONDERS,Great Wonders, 
TXT_KEY_PEDIA_CATEGORY_CONCEPT_NEW,BTS Concepts, 
TXT_KEY_UNIQUE_BUILDINGS,Unique Buildings, 
TXT_KEY_PEDIA_FAV_CIVIC_AND_RELIGION,Favorite Civic and Religion, 
TXT_KEY_PEDIA_HIDE_INACTIVE,Hide Inactive, 
TXT_KEY_PEDIA_CATEGORY_ROUTE,Routes, 
TXT_KEY_PEDIA_DOMAIN,Domain, 
TXT_PEDIA_NATIONAL_STUFF,National %s1, 
TXT_PEDIA_TEAM_STUFF,Team %s1, 
TXT_PEDIA_WORLD_STUFF,World %s1, 
TXT_PEDIA_NON_COMBAT,Non-Combat Units, 
TXT_KEY_STABILITY_MAPS,Stability Maps, 
TXT_KEY_SPAWN_MAPS,Flipzone Maps, 
TXT_KEY_WB_IN_SPAWN,Flipzone, 
TXT_KEY_WB_CORE,Core, 
TXT_KEY_WB_SETTLERVALUE,Settlervalue, 
TXT_KEY_WB_EXTENDED,Reborn, 
TXT_KEY_WB_NA,N/A, 
TXT_KEY_WB_FLIP,Flip, 
TXT_KEY_WB_SET_VALUE,Set Value, 
TXT_KEY_WB_INPUT,Keyboard input, 
TXT_KEY_WB_EXPORT,Export, 
TXT_KEY_WB_REVERT_CHANGES,Reset, 
TXT_KEY_WB_WARVALUE,Warvalue, 
TXT_KEY_WB_RELIGIONMAP,Religion values, 
TXT_KEY_WB_REGIONMAP,Region IDs, 
TXT_KEY_WB_RELIGIONMAP_MINORITY,Minority, 
TXT_KEY_WB_RELIGIONMAP_PERIPHERY,Periphery, 
TXT_KEY_WB_RELIGIONMAP_HISTORICAL,Historical, 
TXT_KEY_WB_RELIGIONMAP_CORE,Core, 
TXT_KEY_WB_IGNORE_AI_UHV,Ignore AI UHV Checks, 
TXT_KEY_WB_IGNORE_AI_UHV_HELP,Ignores checks for the AI unique historical victory goals. It increases speed if enabled.[NEWLINE](The AI is not aware of the historical victory goals and will not attempt to achieve these), 
TXT_KEY_WB_UNLIMITED_SWITCHING,Unlimited Civ Switching, 
TXT_KEY_WB_UNLIMITED_SWITCHING_HELP,Allows the human player to switch multiple times., 
TXT_KEY_WB_ALREADY_SWITCHED,Already Switched Civ, 
TXT_KEY_WB_ALREADY_SWITCHED_HELP,Variable which stores if the player has already switched. (Red means the player CAN still switch), 
TXT_KEY_WB_NO_CONGRESS,No congresses, 
TXT_KEY_WB_NO_CONGRESS_HELP,Disables congresses. Both normal and war congresses., 
TXT_KEY_WB_NO_PLAGUE,No plagues, 
TXT_KEY_WB_NO_PLAGUE_HELP,"Disables the start of a plague and all effects of the plague.[NEWLINE](Do NOT turn on while a plague is happening, otherwise it will not disappear)", 
TXT_KEY_WB_CONGRESS_TURNS,Congress turns, 
TXT_KEY_WB_CONGRESS_TURNS_HELP,Number of turns left before the next congress starts. Click to reduce the amount of turns by the given amount.[NEWLINE](-1 indicates that congresses are not possible), 
TXT_KEY_WB_SECONDARY_CIVS,Enabled secondary civilizations, 
TXT_KEY_WB_RFC_OPTIONS,RFC DoC options, 
TXT_KEY_WB_RFC_VARIABLES,Stored variables, 
TXT_KEY_WB_OPTIONS_ENABLE_CIV,Enable/disable civ, 
TXT_KEY_WB_STOREDDATA,StoredData, 
TXT_KEY_WB_RESTORE_SD_BACKUP,Restore backup, 
TXT_KEY_WB_RESTORE_SD_BACKUP_HELP,"Restores StoredData to last created backup. If no manual backup is created, the last created backup is when the savefile was loaded. (StoredData changes of played turns since the last backup is made will be lost when the backup is restored)", 
TXT_KEY_WB_CREATE_SD_BACKUP,Create backup, 
TXT_KEY_WB_CREATE_SD_BACKUP_HELP,Saves the current state of the StoredData., 
TXT_KEY_WB_GLOBAL,Global data, 
TXT_KEY_WB_CIVS,Civilization data, 
TXT_KEY_WB_STOREDDATA_WARNING,Be careful with your changes! Any change can seriously effect your game!, 
TXT_KEY_WB_CHANGE,Click to change, 
TXT_KEY_WB_SELECT,Click to select, 
TXT_KEY_WB_CANNOT_CHANGE,Cannot change this, 
TXT_KEY_WB_DOCMAPS,DoC Maps, 
TXT_KEY_WB_MOVEMAP,Move large portions of map at once, 
TXT_KEY_WB_MOVEMAP_RESET0,Do not change old area, 
TXT_KEY_WB_MOVEMAP_RESET1,Turn old area to water tiles, 
TXT_KEY_WB_MOVEMAP_RESET2,Turn old area to grass tiles, 
TXT_KEY_WB_FLIPAI,AI only flipzone, 
TXT_KEY_WB_VICTORYMAP,Victory Maps (view only), 
TXT_KEY_WB_VICTORYMAP_RECTANGLE,Show full rectangles, 
TXT_KEY_WB_AREA_EXPORTER,Area Exporter, 
TXT_KEY_WB_AREA_EXPORTER_WATER,Add water tiles to lExceptions, 
TXT_KEY_WB_AREA_EXPORTER_PEAKS,Add peak tiles to lExceptions, 
TXT_KEY_WB_AREA_EXPORTER_CLICK,Paint, 
TXT_KEY_WB_AREA_EXPORTER_TLBR,TL-BR, 
TXT_KEY_WB_TOOL_HELP,Open tool help menu, 
TXT_KEY_WB_FLIPMAP_HELP,"The flipzone tool is created to view and export the flipzone of a civ. All changes made in the WB will have NO ingame effect. The changes first need to be exported and applied to the Python files to have an effect.[NEWLINE][NEWLINE]Left clicking on tiles will add them to the flipzone. Right clicking will remove them from the flipzone. Tiles can be made AI only by left clicking on them when the ""AI only"" option is enabled.[NEWLINE][NEWLINE]Legend:[NEWLINE][COLOR_CYAN]Cyan[COLOR_REVERT]: Spawn plot[NEWLINE][COLOR_MAGENTA]Magenta[COLOR_REVERT]: Flipzone[NEWLINE][COLOR_RED]Red[COLOR_REVERT]: AI only flipzone[NEWLINE][COLOR_PLAYER_DARK_DARK_GREEN]Dark green[COLOR_REVERT]: Special additional flip plots (currently only used for additional Canadian cities)[NEWLINE][NEWLINE]Changes can be exported by clicking on the export button. One can export the flipzones of all civs by holding the alt-key when clicking the export button. The exported areas should be copy-pasted to Areas.py.", 
TXT_KEY_WB_COREMAP_HELP,"The core editor tool is created to view, edit and export the core of a civ.[NEWLINE][NEWLINE]Left clicking on non-core tiles will add them tiles to the core.[NEWLINE]Right clicking on core tiles will remove them from the core.[NEWLINE]The reset button will revert the core to the default core defined in Python. Holding the alt-key when clicking the reset button will revert the cores of all civs.[NEWLINE][NEWLINE]All changes made to the core in the WB are applied immediately to that savegame. But a new game starts with the old core defined in Python. You have to export the new core and copy-paste it to the Python files to make the changes effect new games.[NEWLINE][NEWLINE]Legend:[NEWLINE][COLOR_CYAN]Cyan[COLOR_REVERT]: Core[NEWLINE][COLOR_GREEN]Green[COLOR_REVERT]: Historical (settlervalue >= 90)[NEWLINE][COLOR_YELLOW]Yellow[COLOR_REVERT]: Contested (historical and in foreign core)[NEWLINE][COLOR_RED]Red[COLOR_REVERT]: Foreign core[NEWLINE][COLOR_PLAYER_LIGHT_PURPLE]Light Purple[COLOR_REVERT]: Forbidden for AI to settle (settlervalue = 3)[NEWLINE][NEWLINE]Exporting:[NEWLINE]The core maps will be exported in the TL-BR format with a list of exceptions. (The latter only if applicable.) There is an autodection if the core has changed or not. One can force the game to export the core area by holding the shift-key when clicking on the export button. The cores of all civs can be exported at once by holding the alt-key when clicking the export button. The exported areas should be copy-pasted to Areas.py.", 
TXT_KEY_WB_SETTLERMAP_HELP,"The settlermap editor tool is created to view, edit and export the settlervalues of a civ.[NEWLINE][NEWLINE]Left clicking on a tile will set the settlervalue of that tile to the preset value.[NEWLINE]Right clicking on a tile will set the settlervalue to the default value (20).[NEWLINE]The reset button will revert all settlervalues to the default values of the civ defined in Python. Holding the alt-key when clicking the reset button will revert the settlervalues of all civs.[NEWLINE][NEWLINE]The higher the settlervalue, the more likely the AI will settle on those tiles. All tiles with a settervalue 90 or higher are considered historical by the game. The AI is forbidden to settle on tiles with a settlervalue of 3.[NEWLINE][NEWLINE]All changes made to the core in the WB are applied immediately to that savegame. But a new game starts with the old settlervalues defined in Python. You have to export the new settlervalues and copy-paste it to the Python files to make the changes effect new games.[NEWLINE][NEWLINE]Legend:[NEWLINE][COLOR_CYAN]Cyan[COLOR_REVERT]: Core[NEWLINE][COLOR_GREEN]Green[COLOR_REVERT]: Historical (settlervalue >= 90)[NEWLINE][COLOR_YELLOW]Yellow[COLOR_REVERT]: Contested (historical and in foreign core)[NEWLINE][COLOR_RED]Red[COLOR_REVERT]: Foreign core[NEWLINE][COLOR_PLAYER_LIGHT_PURPLE]Light Purple[COLOR_REVERT]: Forbidden for AI to settle (settlervalue = 3)[NEWLINE][NEWLINE]Exporting:[NEWLINE]The settlervalue maps will be exported value map format. There is an autodection if the settlervalues have changed or not. One can force the game to export the settlervalue map by holding the shift-key when clicking on the export button. The settlervalues of all civs can be exported at once by holding the alt-key when clicking the export button. The exported maps should be copy-pasted to Settlermaps.py.", 
TXT_KEY_WB_WARMAP_HELP,"The warmap editor tool is created to view, edit and export the warmap of a civ.[NEWLINE][NEWLINE]Left clicking on a tile will set the warvalue of that tile to the preset value.[NEWLINE]Right clicking on a tile will set the settlervalue to the default value (0).[NEWLINE]The reset button will revert the warmap to the default map of the civ defined in Python. Holding the alt-key when clicking the reset button will revert the warmaps of all civs.[NEWLINE][NEWLINE]The higher the warvalue, the more likely the AI will try to conquer those tiles.[NEWLINE][NEWLINE]All changes made to the core in the WB are applied immediately to that savegame. But a new game starts with the old warmaps defined in Python. You have to export the new warmaps and copy-paste it to the Python files to make the changes effect new games.[NEWLINE][NEWLINE]Legend:[NEWLINE][COLOR_RED]Red[COLOR_REVERT]: 2[NEWLINE][COLOR_PLAYER_ORANGE]Orange[COLOR_REVERT]: 4[NEWLINE][COLOR_YELLOW]Yellow[COLOR_REVERT]: 6[NEWLINE][COLOR_GREEN]Green[COLOR_REVERT]: 8[NEWLINE][COLOR_PLAYER_DARK_GREEN]Dark green[COLOR_REVERT]: 10[NEWLINE][COLOR_BLUE]Blue[COLOR_REVERT]: 12 or higher[NEWLINE][NEWLINE]Exporting:[NEWLINE]The warmaps will be exported value map format. There is an autodection if the warvalues have changed or not. One can force the game to export the warmap by holding the shift-key when clicking on the export button. The warmaps of all civs can be exported at once by holding the alt-key when clicking the export button. The exported maps should be copy-pasted to Warmaps.py.", 
TXT_KEY_WB_RELIGIONMAP_HELP,"The religionmap editor tool is created toview the religion maps of a religion.[NEWLINE][NEWLINE]Left clicking on a tile will set the spreadfactor of that tile to the preset value.[NEWLINE]Right clicking on a tile will set the spreadfactor to the default value (none).[NEWLINE]The reset button will revert the spreadfactor of the selected religion of all tiles to the default value defined in Python. Holding the alt-key when clicking the reset button will revert the spreadfactors of all religions.[NEWLINE][NEWLINE]All changes made to the spreadfactors in the WB are applied immediately to that savegame. But a new game starts with the old spreadfactors defined in Python. You have to manually edit the spreadfactors to effect new games.[NEWLINE][NEWLINE]Legend:[NEWLINE][COLOR_CYAN]Cyan[COLOR_REVERT]: Core[NEWLINE][COLOR_GREEN]Green[COLOR_REVERT]: Historical[NEWLINE][COLOR_YELLOW]Yellow[COLOR_REVERT]: Periphery[NEWLINE][COLOR_PLAYER_ORANGE]Orange[COLOR_REVERT]: Minority[NEWLINE][NEWLINE]Exporting:[NEWLINE]The religionmaps cannot be exported, because the spreadfactors are linked to the regions instead of individual tiles. Manual changes should be made in RegionMap.py.", 
TXT_KEY_WB_REGIONMAP_HELP,"The regionmap editor tool is created to edit and export the religion maps of a civ.[NEWLINE][NEWLINE]Left clicking on a tile will set the region ID of that tile to the preset region.[NEWLINE]Right clicking on a tile will set the region ID to ""no region"" (-1).[NEWLINE]The reset button will revert the region ID of all tiles to the default region IDs in Python.[NEWLINE][NEWLINE]All changes made to the regions in the WB are applied immediately to that savegame. But a new game starts with the old regions defined in Python. You have to export the new regions and copy-paste it to the Python files to make the changes effect new games.[NEWLINE][NEWLINE]Legend:[NEWLINE][COLOR_BLUE]Blue[COLOR_REVERT]: Current region[NEWLINE][NEWLINE]Exporting:[NEWLINE]The warmaps will be exported value map format. There is an autodection if the regionmap has changed or not. One can force the game to export the regionmap by holding the shift-key when clicking on the export button. The export function automatically sets the region ID of water tiles to ""no region"". The exported map should be copy-pasted to RegionMap.py.", 
TXT_KEY_WB_VICTORYMAP_HELP,"The victorymap tool is created to view the maps used in Victory.py. It uses the getUHVTileInfo() function from CvScreensInterface.py to determine which tiles do count towards the UHV. It can only show the maps and it mainly meant for easy checking of the victory areas.[NEWLINE][NEWLINE]The areas highlighted are only land tiles. It also highlights the peak tiles, although some UHV do not include those. The full TL-BR area can be viewed when the option ""show full rectangle"" is enabled.[NEWLINE][NEWLINE]Legend:[NEWLINE][COLOR_MAGENTA]Magenta[COLOR_REVERT]: UHV land area[NEWLINE][COLOR_LIGHT_GREY]Light grey[COLOR_REVERT]: Water tiles in the full TL-BR square", 
TXT_KEY_WB_MOVEMAP_HELP,"The movemap tool is created to easily move large portions of the map. Select size of the selection and what should be done with this after you moved this with the options in the dropdown menus. By clicking on the map, you will select the highlighted green area. This area will get a red highlight to indicate that you selected this area. Clicking again on the map, the red area will be pasted to the highlighted green cursor area.[NEWLINE][NEWLINE]If you copy parts of the map (especially sea tiles), the tile texture can be a bit off. You can fix this by exiting the worldbuilder, saving the game and loading it again. This will rerender the all tiles and everything should be fine.", 
TXT_KEY_WB_AREAEXPORT_HELP,"The export area tool is designed to easily create the TL-BR coordinates with the list of exception tiles.[NEWLINE][NEWLINE][ICON_BULLET]Paint mode: Left click on tiles to add them to the selection. Right click to remove them from selection. The large brush and region selection is only enabled in this mode.[NEWLINE][ICON_BULLET]TL-BR mode: First left click to select on of the corners of the square. Second left click to add the highlighted tiles to the selection. Second right click to remove the highlighted tiles from the selection.[NEWLINE][NEWLINE]Most scripts ignore peak and water tiles that are in the rectangle, so the do not have to be added to lExceptions. If you do want to add these tiles to lExceptions, you can enable that by clicking on the water or peak button.[NEWLINE][NEWLINE]Legend:[NEWLINE][COLOR_MAGENTA]Magenta tiles[COLOR_REVERT]: Selection[NEWLINE][COLOR_LIGHT_GREY]Light grey tiles[COLOR_REVERT]: Selected water or peak tiles when the ""Add to lExceptions"" option is enabled.", 
TXT_KEY_WB_REGION_ALLREGIONS,Show all region borders, 
TXT_KEY_WB_REGION_CHECK,Check if all land tiles have a defined region, 
