,, 
TXT_KEY_BUG_OPT_PLE__ENABLED_TEXT,Enabled, 
TXT_KEY_BUG_OPT_PLE__ENABLED_HOVER,Enables the Plot List Enhancements mod and the rest of the options on this tab., 
TXT_KEY_BUG_OPT_PLE__PLE_STYLE_TEXT,PLE Style, 
TXT_KEY_BUG_OPT_PLE__PLE_STYLE_HOVER,Enables the Plot List Enhancements mod and the rest of the options on this tab., 
TXT_KEY_BUG_OPT_PLE__DEFAULT_VIEW_MODE_TEXT,Default View, 
TXT_KEY_BUG_OPT_PLE__DEFAULT_VIEW_MODE_HOVER,Sets the view mode used when you start Civ IV.[NEWLINE][ICON_BULLET][COLOR_HIGHLIGHT_TEXT]Single Row[COLOR_REVERT] - Original Civ IV view[NEWLINE][ICON_BULLET][COLOR_HIGHLIGHT_TEXT]Multiple Rows[COLOR_REVERT] - Standard Beyond the Sword view[NEWLINE][ICON_BULLET][COLOR_HIGHLIGHT_TEXT]Vertical Groups[COLOR_REVERT] - Units are grouped together in columns[NEWLINE][ICON_BULLET][COLOR_HIGHLIGHT_TEXT]Horizontal Groups[COLOR_REVERT] - Units are grouped together in rows, 
TXT_KEY_BUG_OPT_PLE__DEFAULT_VIEW_MODE_LIST,Single Row|Multiple Rows|Vertical Groups|Horizontal Groups, 
TXT_KEY_BUG_OPT_PLE__DEFAULT_GROUP_MODE_TEXT,Default Grouping, 
TXT_KEY_BUG_OPT_PLE__DEFAULT_GROUP_MODE_HOVER,"Sets the grouping mode used when you start Civ IV. It alters how units are grouped in the different view modes.[NEWLINE][ICON_BULLET][COLOR_HIGHLIGHT_TEXT]Unit Type[COLOR_REVERT] - Units are grouped by their type (Archer, Chariot, Tank, etc)[NEWLINE][ICON_BULLET][COLOR_HIGHLIGHT_TEXT]Selection Groups[COLOR_REVERT] - Units are grouped by the selection groups they are in", 
TXT_KEY_BUG_OPT_PLE__DEFAULT_GROUP_MODE_LIST,Unit Type|Selection Group, 
TXT_KEY_BUG_OPT_PLE__SHOW_BUTTONS_TEXT,Show Mode/Filter Buttons, 
TXT_KEY_BUG_OPT_PLE__SHOW_BUTTONS_HOVER,"When checked, the buttons for changing the view, grouping and filter modes are displayed above the action buttons.", 
TXT_KEY_BUG_OPT_PLE__DRAW_METHOD_LIST,PLE|Vanilla|BUG, 
TXT_KEY_BUG_OPT_PLE__DRAW_METHOD_TEXT,Draw Method, 
TXT_KEY_BUG_OPT_PLE__DRAW_METHOD_HOVER,Sets the draw method.[NEWLINE][ICON_BULLET][COLOR_HIGHLIGHT_TEXT]Vanilla[COLOR_REVERT] - uses the 'draw' code that was in the original game (or close enough)[NEWLINE][ICON_BULLET][COLOR_HIGHLIGHT_TEXT]BUG[COLOR_REVERT] - uses the BUG team developed 'draw' code - newly developed so it might be a little unstable but does promise greatly enhanced performance (ie speed) when dealing with large stacks[NEWLINE][ICON_BULLET][COLOR_HIGHLIGHT_TEXT]PLE[COLOR_REVERT] - uses the 'draw' code that was originally provided by the PLE enhancement, 
TXT_KEY_BUG_OPT_PLE__FILTER_BEHAVIOR_TEXT,Filter Behavior, 
TXT_KEY_BUG_OPT_PLE__FILTER_BEHAVIOR_HOVER,"Sets how the filter buttons behave.[NEWLINE][ICON_BULLET][COLOR_HIGHLIGHT_TEXT]PLE[COLOR_REVERT] - Selected filters remove the units they match from view, and related filters operate independently from each other (you can select both wounded and healthy, resulting in an empty view)[NEWLINE][ICON_BULLET][COLOR_HIGHLIGHT_TEXT]BUG[COLOR_REVERT] - Selected filters remove non-matching units from view, and related filters are exclusive (selecting wounded deselects healthy, selecting air deselects both land and sea)", 
TXT_KEY_BUG_OPT_PLE__FILTER_BEHAVIOR_LIST,PLE|BUG, 
TXT_KEY_BUG_OPT_PLE__HEALTH_BAR_TEXT,Health Bar, 
TXT_KEY_BUG_OPT_PLE__HEALTH_BAR_HOVER,Shows a bar above the unit icon displaying the unit's health and damage., 
TXT_KEY_BUG_OPT_PLE__HIDE_HEALTH_FIGHTING_TEXT,Hide During Combat, 
TXT_KEY_BUG_OPT_PLE__HIDE_HEALTH_FIGHTING_HOVER,Hides the Health Bar when a unit is in combat., 
TXT_KEY_BUG_OPT_PLE__HEALTHY_COLOR_TEXT,Healthy, 
TXT_KEY_BUG_OPT_PLE__HEALTHY_COLOR_HOVER,The color to use for the healthy portion of the bar., 
TXT_KEY_BUG_OPT_PLE__WOUNDED_COLOR_TEXT,Wounded, 
TXT_KEY_BUG_OPT_PLE__WOUNDED_COLOR_HOVER,The color to use for the wounded portion of the bar., 
TXT_KEY_BUG_OPT_PLE__MOVE_BAR_TEXT,Movement Bar, 
TXT_KEY_BUG_OPT_PLE__MOVE_BAR_HOVER,Shows a bar above the unit icon displaying the unit's movement points., 
TXT_KEY_BUG_OPT_PLE__FULL_MOVEMENT_COLOR_TEXT,Available, 
TXT_KEY_BUG_OPT_PLE__FULL_MOVEMENT_COLOR_HOVER,The color to use for the available movement portion of the bar., 
TXT_KEY_BUG_OPT_PLE__HAS_MOVED_COLOR_TEXT,Used, 
TXT_KEY_BUG_OPT_PLE__HAS_MOVED_COLOR_HOVER,The color to use for the used movement portion of the bar., 
TXT_KEY_BUG_OPT_PLE__NO_MOVEMENT_COLOR_TEXT,Cannot Move, 
TXT_KEY_BUG_OPT_PLE__NO_MOVEMENT_COLOR_HOVER,The color to use for the whole bar when the unit cannot move anymore., 
TXT_KEY_BUG_OPT_PLE__WOUNDED_INDICATOR_TEXT,Wounded Dot, 
TXT_KEY_BUG_OPT_PLE__WOUNDED_INDICATOR_HOVER,Darkens the dot in the upper-left corner of units that are wounded., 
TXT_KEY_BUG_OPT_PLE__LEAD_BY_GG_INDICATOR_TEXT,Great General, 
TXT_KEY_BUG_OPT_PLE__LEAD_BY_GG_INDICATOR_HOVER,Places a star on units that are lead by a Great General., 
TXT_KEY_BUG_OPT_PLE__PROMOTION_INDICATOR_TEXT,Promotion Available, 
TXT_KEY_BUG_OPT_PLE__PROMOTION_INDICATOR_HOVER,Places a light blue border around units that can be promoted., 
TXT_KEY_BUG_OPT_PLE__UPGRADE_INDICATOR_TEXT,Upgrade Available, 
TXT_KEY_BUG_OPT_PLE__UPGRADE_INDICATOR_HOVER,"Places an orange up arrow on the lower-right corner of units that can be upgraded, ignoring cost.", 
TXT_KEY_BUG_OPT_PLE__MISSION_INFO_TEXT,Mission Tag, 
TXT_KEY_BUG_OPT_PLE__MISSION_INFO_HOVER,Places a tag below units showing their current mission (action)., 
TXT_KEY_BUG_OPT_PLE__HORIZONTAL_SPACING_TEXT,Horizontal Spacing, 
TXT_KEY_BUG_OPT_PLE__HORIZONTAL_SPACING_HOVER,Specifies the horizontal spacing between icons (default value is 34)., 
TXT_KEY_BUG_OPT_PLE__VERTICAL_SPACING_TEXT,Vertical Spacing, 
TXT_KEY_BUG_OPT_PLE__VERTICAL_SPACING_HOVER,Specifies the vertical spacing between icons (default value is 42)., 
TXT_KEY_BUG_OPT_PLE__INFO_PANE_TEXT,Enabled, 
TXT_KEY_BUG_OPT_PLE__INFO_PANE_HOVER,Replaces the default Unit Info displayed when you hover over a unit., 
TXT_KEY_BUG_OPT_PLE__INFO_PANE_X_TEXT,Horizontal Position, 
TXT_KEY_BUG_OPT_PLE__INFO_PANE_X_HOVER,Specifies the horizontal position of the Unit Info hover pane (default value is 5)., 
TXT_KEY_BUG_OPT_PLE__INFO_PANE_Y_TEXT,Vertical Position, 
TXT_KEY_BUG_OPT_PLE__INFO_PANE_Y_HOVER,Specifies the vertical position of the Unit Info hover pane (default value is 160)., 
TXT_KEY_BUG_OPT_PLE__INFO_PANE_PROMO_ICON_OFFSET_Y_TEXT,Promotion Icon Offset, 
TXT_KEY_BUG_OPT_PLE__INFO_PANE_PROMO_ICON_OFFSET_Y_HOVER,"Specifies the vertical offset of the promotion icons on the Unit Info hover pane (default value is 0, positive is up). Use this to adjust the placement of the icons when using themes that change the font. For example, use 6 with BlueMarble.", 
TXT_KEY_BUG_OPT_PLE__UNIT_NAME_COLOR_TEXT,Unit Name, 
TXT_KEY_BUG_OPT_PLE__UNIT_NAME_COLOR_HOVER,Color of the unit's name., 
TXT_KEY_BUG_OPT_PLE__UPGRADE_POSSIBLE_COLOR_TEXT,Can Afford, 
TXT_KEY_BUG_OPT_PLE__UPGRADE_POSSIBLE_COLOR_HOVER,Color of the upgrade cost when you can afford to upgrade the unit., 
TXT_KEY_BUG_OPT_PLE__UPGRADE_NOT_POSSIBLE_COLOR_TEXT,Cannot Afford, 
TXT_KEY_BUG_OPT_PLE__UPGRADE_NOT_POSSIBLE_COLOR_HOVER,Color of the upgrade cost when you cannot afford to upgrade the unit., 
TXT_KEY_BUG_OPT_PLE__UNIT_TYPE_SPECIALTIES_COLOR_TEXT,Unit Type, 
TXT_KEY_BUG_OPT_PLE__UNIT_TYPE_SPECIALTIES_COLOR_HOVER,Color of the specialties a unit has due to its type., 
TXT_KEY_BUG_OPT_PLE__PROMOTION_SPECIALTIES_COLOR_TEXT,Promotion, 
TXT_KEY_BUG_OPT_PLE__PROMOTION_SPECIALTIES_COLOR_HOVER,Color of the specialties a unit has due to its promotions., 
TXT_KEY_BUG_OPT_PLE__MOVE_HIGHLIGHTER_TEXT,Move Highlighter, 
TXT_KEY_BUG_OPT_PLE__MOVE_HIGHLIGHTER_HOVER,Highlights the moves a unit can make when you hover the mouse over the unit's icon while holding [ALT]., 
TXT_KEY_PLE_UPGRADE_HELP,(CTRL: units on this plot.[NEWLINE]ALT: all units), 
TXT_KEY_PLE_CURRENT_MODE,This is the current mode, 
TXT_KEY_PLE_VIEW_MODE,"[COLOR_HIGHLIGHT_TEXT]Switch View Mode[COLOR_REVERT][NEWLINE]Choose how unit icons are displayed: single row, multiple rows, or stacked into separate rows or columns", 
TXT_KEY_PLE_MODE_STANDARD,View unit buttons in a single row, 
TXT_KEY_PLE_MODE_MULTILINE,View unit buttons in multiple rows, 
TXT_KEY_PLE_MODE_STACK_VERT,View unit buttons grouped into columns, 
TXT_KEY_PLE_MODE_STACK_HORIZ,View unit buttons grouped into rows, 
TXT_KEY_PLE_RESET_FILTERS,[COLOR_HIGHLIGHT_TEXT]Reset Filters[COLOR_REVERT][NEWLINE]Show all units, 
TXT_KEY_PLE_RESET_FILTERS_ON,[COLOR_HIGHLIGHT_TEXT]Reset Filters[COLOR_REVERT][NEWLINE]Show all units, 
TXT_KEY_PLE_FILTER_CANMOVE,[COLOR_HIGHLIGHT_TEXT]Toggle Movement Filter[COLOR_REVERT][NEWLINE]Hide units that can move, 
TXT_KEY_PLE_FILTER_CANMOVE_ON,[COLOR_HIGHLIGHT_TEXT]Toggle Movement Filter[COLOR_REVERT][NEWLINE]Show units that can move, 
TXT_KEY_PLE_FILTER_BUG_CANMOVE,[COLOR_HIGHLIGHT_TEXT]Toggle Movement Filter[COLOR_REVERT][NEWLINE]Show only units that can move, 
TXT_KEY_PLE_FILTER_BUG_CANMOVE_ON,[COLOR_HIGHLIGHT_TEXT]Toggle Movement Filter[COLOR_REVERT][NEWLINE]Show units that can and cannot move, 
TXT_KEY_PLE_FILTER_CANTMOVE,[COLOR_HIGHLIGHT_TEXT]Toggle Movement Filter[COLOR_REVERT][NEWLINE]Hide units that cannot move, 
TXT_KEY_PLE_FILTER_CANTMOVE_ON,[COLOR_HIGHLIGHT_TEXT]Toggle Movement Filter[COLOR_REVERT][NEWLINE]Show units that cannot move, 
TXT_KEY_PLE_FILTER_BUG_CANTMOVE,[COLOR_HIGHLIGHT_TEXT]Toggle Movement Filter[COLOR_REVERT][NEWLINE]Show only units that cannot move, 
TXT_KEY_PLE_FILTER_BUG_CANTMOVE_ON,[COLOR_HIGHLIGHT_TEXT]Toggle Movement Filter[COLOR_REVERT][NEWLINE]Show units that can and cannot move, 
TXT_KEY_PLE_FILTER_WOUNDED,[COLOR_HIGHLIGHT_TEXT]Toggle Health Filter[COLOR_REVERT][NEWLINE]Hide wounded units, 
TXT_KEY_PLE_FILTER_WOUNDED_ON,[COLOR_HIGHLIGHT_TEXT]Toggle Health Filter[COLOR_REVERT][NEWLINE]Show wounded units, 
TXT_KEY_PLE_FILTER_BUG_WOUNDED,[COLOR_HIGHLIGHT_TEXT]Toggle Health Filter[COLOR_REVERT][NEWLINE]Show only wounded units, 
TXT_KEY_PLE_FILTER_BUG_WOUNDED_ON,[COLOR_HIGHLIGHT_TEXT]Toggle Health Filter[COLOR_REVERT][NEWLINE]Show wounded and healthy units, 
TXT_KEY_PLE_FILTER_HEALTHY,[COLOR_HIGHLIGHT_TEXT]Toggle Health Filter[COLOR_REVERT][NEWLINE]Hide healthy units, 
TXT_KEY_PLE_FILTER_HEALTHY_ON,[COLOR_HIGHLIGHT_TEXT]Toggle Health Filter[COLOR_REVERT][NEWLINE]Show healthy units, 
TXT_KEY_PLE_FILTER_BUG_HEALTHY,[COLOR_HIGHLIGHT_TEXT]Toggle Health Filter[COLOR_REVERT][NEWLINE]Show only healthy units, 
TXT_KEY_PLE_FILTER_BUG_HEALTHY_ON,[COLOR_HIGHLIGHT_TEXT]Toggle Health Filter[COLOR_REVERT][NEWLINE]Show wounded and healthy units, 
TXT_KEY_PLE_FILTER_AIR,[COLOR_HIGHLIGHT_TEXT]Toggle Domain Filter[COLOR_REVERT][NEWLINE]Hide air units, 
TXT_KEY_PLE_FILTER_AIR_ON,[COLOR_HIGHLIGHT_TEXT]Toggle Domain Filter[COLOR_REVERT][NEWLINE]Show air units, 
TXT_KEY_PLE_FILTER_BUG_AIR,[COLOR_HIGHLIGHT_TEXT]Toggle Domain Filter[COLOR_REVERT][NEWLINE]Show only air units, 
TXT_KEY_PLE_FILTER_BUG_AIR_ON,"[COLOR_HIGHLIGHT_TEXT]Toggle Domain Filter[COLOR_REVERT][NEWLINE]Show land, naval and air units", 
TXT_KEY_PLE_FILTER_SEA,[COLOR_HIGHLIGHT_TEXT]Toggle Domain Filter[COLOR_REVERT][NEWLINE]Hide naval units, 
TXT_KEY_PLE_FILTER_SEA_ON,[COLOR_HIGHLIGHT_TEXT]Toggle Domain Filter[COLOR_REVERT][NEWLINE]Show naval units, 
TXT_KEY_PLE_FILTER_BUG_SEA,[COLOR_HIGHLIGHT_TEXT]Toggle Domain Filter[COLOR_REVERT][NEWLINE]Show only naval units, 
TXT_KEY_PLE_FILTER_BUG_SEA_ON,"[COLOR_HIGHLIGHT_TEXT]Toggle Domain Filter[COLOR_REVERT][NEWLINE]Show land, naval and air units", 
TXT_KEY_PLE_FILTER_LAND,[COLOR_HIGHLIGHT_TEXT]Toggle Domain Filter[COLOR_REVERT][NEWLINE]Hide land units, 
TXT_KEY_PLE_FILTER_LAND_ON,[COLOR_HIGHLIGHT_TEXT]Toggle Domain Filter[COLOR_REVERT][NEWLINE]Show land units, 
TXT_KEY_PLE_FILTER_BUG_LAND,[COLOR_HIGHLIGHT_TEXT]Toggle Domain Filter[COLOR_REVERT][NEWLINE]Show only land units, 
TXT_KEY_PLE_FILTER_BUG_LAND_ON,"[COLOR_HIGHLIGHT_TEXT]Toggle Domain Filter[COLOR_REVERT][NEWLINE]Show land, naval and air units", 
TXT_KEY_PLE_FILTER_DOM,[COLOR_HIGHLIGHT_TEXT]Toggle Military Filter[COLOR_REVERT][NEWLINE]Hide civilian units, 
TXT_KEY_PLE_FILTER_DOM_ON,[COLOR_HIGHLIGHT_TEXT]Toggle Military Filter[COLOR_REVERT][NEWLINE]Show civilian units, 
TXT_KEY_PLE_FILTER_BUG_DOM,[COLOR_HIGHLIGHT_TEXT]Toggle Military Filter[COLOR_REVERT][NEWLINE]Show only civilian units, 
TXT_KEY_PLE_FILTER_BUG_DOM_ON,[COLOR_HIGHLIGHT_TEXT]Toggle Military Filter[COLOR_REVERT][NEWLINE]Show civilian and military units, 
TXT_KEY_PLE_FILTER_MIL,[COLOR_HIGHLIGHT_TEXT]Toggle Military Filter[COLOR_REVERT][NEWLINE]Hide military units, 
TXT_KEY_PLE_FILTER_MIL_ON,[COLOR_HIGHLIGHT_TEXT]Toggle Military Filter[COLOR_REVERT][NEWLINE]Show military units, 
TXT_KEY_PLE_FILTER_BUG_MIL,[COLOR_HIGHLIGHT_TEXT]Toggle Military Filter[COLOR_REVERT][NEWLINE]Show only military units, 
TXT_KEY_PLE_FILTER_BUG_MIL_ON,[COLOR_HIGHLIGHT_TEXT]Toggle Military Filter[COLOR_REVERT][NEWLINE]Show civilian and military units, 
TXT_KEY_PLE_FILTER_OWN,[COLOR_HIGHLIGHT_TEXT]Toggle Nationality Filter[COLOR_REVERT][NEWLINE]Hide domestic units, 
TXT_KEY_PLE_FILTER_OWN_ON,[COLOR_HIGHLIGHT_TEXT]Toggle Nationality Filter[COLOR_REVERT][NEWLINE]Show domestic units, 
TXT_KEY_PLE_FILTER_BUG_OWN,[COLOR_HIGHLIGHT_TEXT]Toggle Nationality Filter[COLOR_REVERT][NEWLINE]Show only domestic units, 
TXT_KEY_PLE_FILTER_BUG_OWN_ON,[COLOR_HIGHLIGHT_TEXT]Toggle Nationality Filter[COLOR_REVERT][NEWLINE]Show foreign and domestic units, 
TXT_KEY_PLE_FILTER_FOREIGN,[COLOR_HIGHLIGHT_TEXT]Toggle Nationality Filter[COLOR_REVERT][NEWLINE]Hide foreign units, 
TXT_KEY_PLE_FILTER_FOREIGN_ON,[COLOR_HIGHLIGHT_TEXT]Toggle Nationality Filter[COLOR_REVERT][NEWLINE]Show foreign units, 
TXT_KEY_PLE_FILTER_BUG_FOREIGN,[COLOR_HIGHLIGHT_TEXT]Toggle Nationality Filter[COLOR_REVERT][NEWLINE]Show only foreign units, 
TXT_KEY_PLE_FILTER_BUG_FOREIGN_ON,[COLOR_HIGHLIGHT_TEXT]Toggle Nationality Filter[COLOR_REVERT][NEWLINE]Show foreign and domestic units, 
TXT_KEY_PLE_GRP_STANDARD,[COLOR_HIGHLIGHT_TEXT]Switch to Standard Mode[COLOR_REVERT][NEWLINE]View normal unit icons and issue orders, 
TXT_KEY_PLE_GRP_STANDARD_ON,[COLOR_HIGHLIGHT_TEXT]Standard Mode[COLOR_REVERT][NEWLINE]Toggle how units are grouped: by unit type or selection group, 
TXT_KEY_PLE_GRP_UNITTYPE,Group units by unit type, 
TXT_KEY_PLE_GRP_GROUPS,Group units by selection group, 
TXT_KEY_PLE_GRP_PROMO,[COLOR_HIGHLIGHT_TEXT]Switch to Promotion Mode[COLOR_REVERT][NEWLINE]View units available for promotion along with the promotions they may receive, 
TXT_KEY_PLE_GRP_PROMO_ON,[COLOR_HIGHLIGHT_TEXT]Promotion Mode[COLOR_REVERT][NEWLINE]Switch back to Standard Mode, 
TXT_KEY_PLE_GRP_UPGRADE,[COLOR_HIGHLIGHT_TEXT]Switch to Upgrade Mode[COLOR_REVERT][NEWLINE]View units available for upgrade along with the units they may become, 
TXT_KEY_PLE_GRP_UPGRADE_ON,[COLOR_HIGHLIGHT_TEXT]Upgrade Mode[COLOR_REVERT][NEWLINE]Switch back to Standard Mode, 
