,, 
TXT_KEY_BUG_OPT_REMINDER__ENABLED_TEXT,Enable Reminders [ALT + M], 
TXT_KEY_BUG_OPT_REMINDER__ENABLED_HOVER,"When checked, you can create messages using [ALT + M] that pop up in a specified number of turns using eotinb's Reminders mod.", 
TXT_KEY_BUG_OPT_REMINDER__DISPLAYMETHOD_TEXT,Display Method, 
TXT_KEY_BUG_OPT_REMINDER__DISPLAYMETHOD_HOVER,Determines how reminders are displayed to you:[NEWLINE][ICON_BULLET][COLOR_HIGHLIGHT_TEXT]Message[COLOR_REVERT] - On-screen message with entry in the log[NEWLINE][ICON_BULLET][COLOR_HIGHLIGHT_TEXT]Popup[COLOR_REVERT] - A modal popup message with the option to retrigger the event next turn[NEWLINE][ICON_BULLET][COLOR_HIGHLIGHT_TEXT]Both[COLOR_REVERT] - Both the on-screen message and the popup are displayed, 
TXT_KEY_BUG_OPT_REMINDER__DISPLAYMETHOD_LIST,Message|Popup|Both, 
TXT_KEY_BUG_OPT_REMINDER__AUTOLOG_TEXT,Log w. Autolog, 
TXT_KEY_BUG_OPT_REMINDER__AUTOLOG_HOVER,"When checked, reminders will be logged using Autolog when created and triggered.", 
