,, 
TXT_KEY_PEDIA_CATEGORY_SHORTCUTS,Shortcuts, 
TXT_KEY_SHORTCUTS_ADVISORS,Advisors, 
TXT_KEY_SHORTCUTS_UNITS,Units, 
TXT_KEY_SHORTCUTS_CITYSCREEN,City Screen, 
TXT_KEY_SHORTCUTS_MOUSE,Mouse, 
TXT_KEY_SHORTCUTS_BUG,BUG Mod, 
TXT_KEY_SHORTCUTS_MAP,Map, 
TXT_KEY_SHORTCUTS_GAME,Game, 
TXT_KEY_SHORTCUTS_CAMERA,Camera, 
TXT_KEY_SHORTCUTS_MP,Multi-Player, 
TXT_KEY_SHORTCUTS_ADVISORS_PEDIA,[H1]Advisors[\H1][NEWLINE][BOLD][COLOR_HIGHLIGHT_TEXT]F1[COLOR_REVERT][\BOLD][TAB][TAB][TAB]Domestic Advisor[NEWLINE][BOLD][COLOR_HIGHLIGHT_TEXT]Alt+F1[COLOR_REVERT][\BOLD][TAB][TAB]Split Colonies[NEWLINE][BOLD][COLOR_HIGHLIGHT_TEXT]F2[COLOR_REVERT][\BOLD][TAB][TAB][TAB]Financial Advisor[NEWLINE][BOLD][COLOR_HIGHLIGHT_TEXT]F3[COLOR_REVERT][\BOLD][TAB][TAB][TAB]Civics Advisor[NEWLINE][BOLD][COLOR_HIGHLIGHT_TEXT]F4[COLOR_REVERT][\BOLD][TAB][TAB][TAB]Foreign Advisor[NEWLINE][BOLD][COLOR_HIGHLIGHT_TEXT]F5[COLOR_REVERT][\BOLD][TAB][TAB][TAB]Military Advisor[NEWLINE][BOLD][COLOR_HIGHLIGHT_TEXT]F6[COLOR_REVERT][\BOLD][TAB][TAB][TAB]Technology Advisor[NEWLINE][BOLD][COLOR_HIGHLIGHT_TEXT]F7[COLOR_REVERT][\BOLD][TAB][TAB][TAB]Religion Advisor[NEWLINE][BOLD][COLOR_HIGHLIGHT_TEXT]Shift+F7[COLOR_REVERT][\BOLD][TAB][TAB]Corporation Advisor[NEWLINE][BOLD][COLOR_HIGHLIGHT_TEXT]Ctrl+E[COLOR_REVERT][\BOLD][TAB][TAB]Espionage Advisor[NEWLINE][BOLD][COLOR_HIGHLIGHT_TEXT]F8[COLOR_REVERT][\BOLD][TAB][TAB][TAB]Victory Status[NEWLINE][BOLD][COLOR_HIGHLIGHT_TEXT]F9[COLOR_REVERT][\BOLD][TAB][TAB][TAB]Demographics[NEWLINE][BOLD][COLOR_HIGHLIGHT_TEXT]F10[COLOR_REVERT][\BOLD][TAB][TAB][TAB]Capital City[NEWLINE][BOLD][COLOR_HIGHLIGHT_TEXT]F11[COLOR_REVERT][\BOLD][TAB][TAB][TAB]Globe View[NEWLINE][BOLD][COLOR_HIGHLIGHT_TEXT]F12[COLOR_REVERT][\BOLD][TAB][TAB][TAB]Civilopedia[NEWLINE], 
TXT_KEY_SHORTCUTS_UNITS_PEDIA,"[H1]Units[\H1][NEWLINE][BOLD][COLOR_HIGHLIGHT_TEXT]B[COLOR_REVERT][\BOLD][TAB][TAB][TAB]Bombard[NEWLINE][BOLD][COLOR_HIGHLIGHT_TEXT]B[COLOR_REVERT][\BOLD][TAB][TAB][TAB]Build City (Settler)[NEWLINE][BOLD][COLOR_HIGHLIGHT_TEXT]C[COLOR_REVERT][\BOLD][TAB][TAB][TAB]Center on unit[NEWLINE][BOLD][COLOR_HIGHLIGHT_TEXT]E[COLOR_REVERT][\BOLD][TAB][TAB][TAB]Explore[NEWLINE][BOLD][COLOR_HIGHLIGHT_TEXT]F[COLOR_REVERT][\BOLD][TAB][TAB][TAB]Fortify[NEWLINE][BOLD][COLOR_HIGHLIGHT_TEXT]G[COLOR_REVERT][\BOLD][TAB][TAB][TAB]Go-to mode[NEWLINE][BOLD][COLOR_HIGHLIGHT_TEXT]I[COLOR_REVERT][\BOLD][TAB][TAB][TAB]Intercept[NEWLINE][BOLD][COLOR_HIGHLIGHT_TEXT]L[COLOR_REVERT][\BOLD][TAB][TAB][TAB]Load (onto ship)[NEWLINE][BOLD][COLOR_HIGHLIGHT_TEXT]S[COLOR_REVERT][\BOLD][TAB][TAB][TAB]Sentry (wake for enemy)[NEWLINE][BOLD][COLOR_HIGHLIGHT_TEXT]U[COLOR_REVERT][\BOLD][TAB][TAB][TAB]Unload (from ship)[NEWLINE][BOLD][COLOR_HIGHLIGHT_TEXT]W[COLOR_REVERT][\BOLD][TAB][TAB][TAB]Wait (move later in turn)[NEWLINE][BOLD][COLOR_HIGHLIGHT_TEXT]Alt+Click[COLOR_REVERT][\BOLD][TAB][TAB]Group all units together[NEWLINE][BOLD][COLOR_HIGHLIGHT_TEXT]Ctrl+(#)[COLOR_REVERT][\BOLD][TAB][TAB]Bind selected group or unit to number[NEWLINE][BOLD][COLOR_HIGHLIGHT_TEXT]Ctrl+Click[COLOR_REVERT][\BOLD][TAB][TAB]Group same type together[NEWLINE][BOLD][COLOR_HIGHLIGHT_TEXT]Shift+Click[COLOR_REVERT][\BOLD][TAB]Tile context menu[NEWLINE][BOLD][COLOR_HIGHLIGHT_TEXT]Shift+P[COLOR_REVERT][\BOLD][TAB][TAB]Pillage[NEWLINE][BOLD][COLOR_HIGHLIGHT_TEXT]Space[COLOR_REVERT][\BOLD][TAB][TAB]Skip turn for unit[NEWLINE][BOLD][COLOR_HIGHLIGHT_TEXT]Delete[COLOR_REVERT][\BOLD][TAB][TAB]Delete unit[NEWLINE][BOLD][COLOR_HIGHLIGHT_TEXT]Numpad 5[COLOR_REVERT][\BOLD][TAB][TAB]Center on unit[NEWLINE][BOLD][COLOR_HIGHLIGHT_TEXT]Numpad arrows[COLOR_REVERT][\BOLD][TAB]Use numpad to move units[NEWLINE][NEWLINE][H1]Air Units[\H1][NEWLINE][BOLD][COLOR_HIGHLIGHT_TEXT]B[COLOR_REVERT][\BOLD][TAB][TAB]Air bomb mode (cities/tiles)[NEWLINE][BOLD][COLOR_HIGHLIGHT_TEXT]R[COLOR_REVERT][\BOLD][TAB][TAB]Recon mode[NEWLINE][BOLD][COLOR_HIGHLIGHT_TEXT]S[COLOR_REVERT][\BOLD][TAB][TAB]Air strike mode (enemy units)[NEWLINE][BOLD][COLOR_HIGHLIGHT_TEXT]Alt+R[COLOR_REVERT][\BOLD][TAB]Rebase[NEWLINE][NEWLINE][H1]Work Boats[\H1][NEWLINE][BOLD][COLOR_HIGHLIGHT_TEXT]F[COLOR_REVERT][\BOLD][TAB][TAB]Build fishing nets[NEWLINE][BOLD][COLOR_HIGHLIGHT_TEXT]O[COLOR_REVERT][\BOLD][TAB][TAB]Build offshore platform[NEWLINE][BOLD][COLOR_HIGHLIGHT_TEXT]Shift+W[COLOR_REVERT][\BOLD][TAB]Build whaling boats[NEWLINE][NEWLINE][H1]Workers[\H1][NEWLINE][BOLD][COLOR_HIGHLIGHT_TEXT]A[COLOR_REVERT][\BOLD][TAB][TAB][TAB]Automate[NEWLINE][BOLD][COLOR_HIGHLIGHT_TEXT]H[COLOR_REVERT][\BOLD][TAB][TAB][TAB]Build camp[NEWLINE][BOLD][COLOR_HIGHLIGHT_TEXT]I[COLOR_REVERT][\BOLD][TAB][TAB][TAB]Build farm (irrigate)[NEWLINE][BOLD][COLOR_HIGHLIGHT_TEXT]K[COLOR_REVERT][\BOLD][TAB][TAB][TAB]Build workshop[NEWLINE][BOLD][COLOR_HIGHLIGHT_TEXT]L[COLOR_REVERT][\BOLD][TAB][TAB][TAB]Build lumbermill[NEWLINE][BOLD][COLOR_HIGHLIGHT_TEXT]M[COLOR_REVERT][\BOLD][TAB][TAB][TAB]Build mine[NEWLINE][BOLD][COLOR_HIGHLIGHT_TEXT]N[COLOR_REVERT][\BOLD][TAB][TAB][TAB]Build trade network[NEWLINE][BOLD][COLOR_HIGHLIGHT_TEXT]Q[COLOR_REVERT][\BOLD][TAB][TAB][TAB]Build quarry[NEWLINE][BOLD][COLOR_HIGHLIGHT_TEXT]R[COLOR_REVERT][\BOLD][TAB][TAB][TAB]Build road/railroad[NEWLINE][BOLD][COLOR_HIGHLIGHT_TEXT]T[COLOR_REVERT][\BOLD][TAB][TAB][TAB]Build cottage[NEWLINE][BOLD][COLOR_HIGHLIGHT_TEXT]Alt+C[COLOR_REVERT][\BOLD][TAB][TAB]Remove forest/jungle[NEWLINE][BOLD][COLOR_HIGHLIGHT_TEXT]Alt+R[COLOR_REVERT][\BOLD][TAB][TAB]Road-to mode[NEWLINE][BOLD][COLOR_HIGHLIGHT_TEXT]Ctrl+F[COLOR_REVERT][\BOLD][TAB][TAB]Build fort[NEWLINE][BOLD][COLOR_HIGHLIGHT_TEXT]Shift+Ctrl+C[COLOR_REVERT][\BOLD][TAB]Improve nearest city[NEWLINE][BOLD][COLOR_HIGHLIGHT_TEXT]Shift+P[COLOR_REVERT][\BOLD][TAB][TAB]Build pasture/plantation[NEWLINE][BOLD][COLOR_HIGHLIGHT_TEXT]Shift+W[COLOR_REVERT][\BOLD][TAB][TAB]Build watermill (river), windmill (hill), winery (wine), well (oil)[NEWLINE]", 
TXT_KEY_SHORTCUTS_CITYSCREEN_PEDIA,"[H1]City Screen[\H1][NEWLINE][BOLD][COLOR_HIGHLIGHT_TEXT]Enter[COLOR_REVERT][\BOLD][TAB][TAB][TAB][TAB][TAB]Exit city screen[NEWLINE][BOLD][COLOR_HIGHLIGHT_TEXT]Alt+add item to build queue[COLOR_REVERT][\BOLD][TAB]Build item indefinitely[NEWLINE][BOLD][COLOR_HIGHLIGHT_TEXT]Ctrl+add item to build queue[COLOR_REVERT][\BOLD][TAB]Add to beginning of queue[NEWLINE][BOLD][COLOR_HIGHLIGHT_TEXT]Shift+add item to build queue[COLOR_REVERT][\BOLD][TAB]Add item to end of queue[NEWLINE][BOLD][COLOR_HIGHLIGHT_TEXT]Ctrl+(#)[COLOR_REVERT][\BOLD][TAB][TAB][TAB][TAB][TAB]Save a production queue. Load w/same key[NEWLINE][BOLD][COLOR_HIGHLIGHT_TEXT]Insert[COLOR_REVERT][\BOLD][TAB][TAB][TAB][TAB][TAB]Open nearest friendly city screen[NEWLINE][BOLD][COLOR_HIGHLIGHT_TEXT]Middle mouse button[COLOR_REVERT][\BOLD][TAB][TAB][TAB]Exit city screen[NEWLINE][BOLD][COLOR_HIGHLIGHT_TEXT]Numpad arrows[COLOR_REVERT][\BOLD][TAB][TAB][TAB][TAB]Cycle through cities[NEWLINE][BOLD][COLOR_HIGHLIGHT_TEXT]Click Fwd, Back mouse buttons[COLOR_REVERT][\BOLD][TAB]Cycle through cities[NEWLINE]", 
TXT_KEY_SHORTCUTS_MOUSE_PEDIA,[H1]Mouse Shortcuts[\H1][NEWLINE][BOLD][COLOR_HIGHLIGHT_TEXT]Alt+click on city bar[COLOR_REVERT][\BOLD][TAB][TAB][TAB][TAB][TAB]Select all player's cities[NEWLINE][BOLD][COLOR_HIGHLIGHT_TEXT]Alt+click on Civ in score display[COLOR_REVERT][\BOLD][TAB][TAB][TAB]Declare war on that Civ[NEWLINE][BOLD][COLOR_HIGHLIGHT_TEXT]Alt+right-click a tile[COLOR_REVERT][\BOLD][TAB][TAB][TAB][TAB][TAB]Move all units from same tile to selected tile[NEWLINE][BOLD][COLOR_HIGHLIGHT_TEXT]Ctrl+click on city bar[COLOR_REVERT][\BOLD][TAB][TAB][TAB][TAB][TAB]Select all cities on same continent[NEWLINE][BOLD][COLOR_HIGHLIGHT_TEXT]Ctrl+click on Civ in score display[COLOR_REVERT][\BOLD][TAB][TAB]Open trade window with that Civ[NEWLINE][BOLD][COLOR_HIGHLIGHT_TEXT]Ctrl+roll mouse wheel[COLOR_REVERT][\BOLD][TAB][TAB][TAB][TAB]Cycle units on tile[NEWLINE][BOLD][COLOR_HIGHLIGHT_TEXT]Shift+click any city bars[COLOR_REVERT][\BOLD][TAB][TAB][TAB][TAB]Select multiple cities (to change production)[NEWLINE][BOLD][COLOR_HIGHLIGHT_TEXT]Shift+right-click any city bars[COLOR_REVERT][\BOLD][TAB][TAB][TAB]Set rally point for multiple cities[NEWLINE][BOLD][COLOR_HIGHLIGHT_TEXT]Shift+click on city bars[COLOR_REVERT][\BOLD][TAB][TAB][TAB][TAB]Select those cities to change queue[NEWLINE][BOLD][COLOR_HIGHLIGHT_TEXT]Shift+click any tile[COLOR_REVERT][\BOLD][TAB][TAB][TAB][TAB][TAB]Open context menu for that tile[NEWLINE][BOLD][COLOR_HIGHLIGHT_TEXT]Shift+Right Click city bars[COLOR_REVERT][\BOLD][TAB][TAB][TAB][TAB]Set rally point for those cities[NEWLINE][BOLD][COLOR_HIGHLIGHT_TEXT]Roll mouse wheel[COLOR_REVERT][\BOLD][TAB][TAB][TAB][TAB][TAB]Zoom in/out[NEWLINE][BOLD][COLOR_HIGHLIGHT_TEXT]Click+hold left and right mouse buttons[COLOR_REVERT][\BOLD][TAB]Drag map[NEWLINE][BOLD][COLOR_HIGHLIGHT_TEXT]Click+hold right mouse button over enemy[COLOR_REVERT][\BOLD][TAB]Display combat odds[NEWLINE][BOLD][COLOR_HIGHLIGHT_TEXT]Click any tile[COLOR_REVERT][\BOLD][TAB][TAB][TAB][TAB][TAB][TAB]Center the map on that tile[NEWLINE][BOLD][COLOR_HIGHLIGHT_TEXT]Click Fwd and Back mouse buttons[COLOR_REVERT][\BOLD][TAB][TAB]Cycle through units on the same tile[NEWLINE], 
TXT_KEY_SHORTCUTS_BUG_PEDIA,"[H1]BUG Mod[\H1][NEWLINE][BOLD][COLOR_HIGHLIGHT_TEXT]Alt+Ctrl+O[COLOR_REVERT][\BOLD][TAB][TAB]BUG Option Screen[NEWLINE][BOLD][COLOR_HIGHLIGHT_TEXT]Alt+Ctrl+F1[COLOR_REVERT][\BOLD][TAB][TAB]BUG Help (external)[NEWLINE][BOLD][COLOR_HIGHLIGHT_TEXT]Alt+M, Alt+Ctrl+R[COLOR_REVERT][\BOLD][TAB]Create reminder[NEWLINE][BOLD][COLOR_HIGHLIGHT_TEXT]Alt+L[COLOR_REVERT][\BOLD][TAB][TAB][TAB]Start/Stop logging[NEWLINE][BOLD][COLOR_HIGHLIGHT_TEXT]Alt+E[COLOR_REVERT][\BOLD][TAB][TAB][TAB]Create manual log entry[NEWLINE][BOLD][COLOR_HIGHLIGHT_TEXT]Alt+B[COLOR_REVERT][\BOLD][TAB][TAB][TAB]Log battle statistics[NEWLINE][BOLD][COLOR_HIGHLIGHT_TEXT]Alt+X[COLOR_REVERT][\BOLD][TAB][TAB][TAB]Toggle dotmap edit mode[NEWLINE][BOLD][COLOR_HIGHLIGHT_TEXT]Ctrl+X[COLOR_REVERT][\BOLD][TAB][TAB][TAB]Show/hide dotmap[NEWLINE][BOLD][COLOR_HIGHLIGHT_TEXT]Alt+G[COLOR_REVERT][\BOLD][TAB][TAB][TAB]Regenerate the map[NEWLINE][BOLD][COLOR_HIGHLIGHT_TEXT]Alt+Ctrl+G[COLOR_REVERT][\BOLD][TAB][TAB]Start/Stop MapFinder[NEWLINE][NEWLINE]Hold [BOLD][COLOR_HIGHLIGHT_TEXT]Alt[COLOR_REVERT][\BOLD] while hovering the mouse over a unit icon in the plot list to highlight its possible moves on the map.", 
TXT_KEY_SHORTCUTS_MAP_PEDIA,[H1]Map[\H1][NEWLINE][BOLD][COLOR_HIGHLIGHT_TEXT]P[COLOR_REVERT][\BOLD][TAB][TAB][TAB][TAB]Ping the map[NEWLINE][BOLD][COLOR_HIGHLIGHT_TEXT]Alt+I[COLOR_REVERT][\BOLD][TAB][TAB][TAB]Remove interface[NEWLINE][BOLD][COLOR_HIGHLIGHT_TEXT]Ctrl+I[COLOR_REVERT][\BOLD][TAB][TAB][TAB]Minimize interface[NEWLINE][BOLD][COLOR_HIGHLIGHT_TEXT]Ctrl+B[COLOR_REVERT][\BOLD][TAB][TAB][TAB]Toggle bare map on/off[NEWLINE][BOLD][COLOR_HIGHLIGHT_TEXT]Ctrl+R[COLOR_REVERT][\BOLD][TAB][TAB][TAB]Flag resources on/off[NEWLINE][BOLD][COLOR_HIGHLIGHT_TEXT]Ctrl+T[COLOR_REVERT][\BOLD][TAB][TAB][TAB]Turn grid on/off[NEWLINE][BOLD][COLOR_HIGHLIGHT_TEXT]Ctrl+Y[COLOR_REVERT][\BOLD][TAB][TAB][TAB]Turn tile yields on/off[NEWLINE][BOLD][COLOR_HIGHLIGHT_TEXT]Ctrl+K[COLOR_REVERT][\BOLD][TAB][TAB][TAB]Turn stability overlay on/off[NEWLINE], 
TXT_KEY_SHORTCUTS_GAME_PEDIA,"[H1]Game[\H1][NEWLINE][BOLD][COLOR_HIGHLIGHT_TEXT]Alt+D[COLOR_REVERT][\BOLD][TAB][TAB][TAB]Change player name/email[NEWLINE][BOLD][COLOR_HIGHLIGHT_TEXT]Alt+Q[COLOR_REVERT][\BOLD][TAB][TAB][TAB]Retire (give up)[NEWLINE][BOLD][COLOR_HIGHLIGHT_TEXT]Ctrl+W[COLOR_REVERT][\BOLD][TAB][TAB][TAB]Access Worldbuilder[NEWLINE][BOLD][COLOR_HIGHLIGHT_TEXT]Ctrl+Z[COLOR_REVERT][\BOLD][TAB][TAB][TAB]Enter ""chipotle"" Debug Mode[NEWLINE][BOLD][COLOR_HIGHLIGHT_TEXT]Home, End[COLOR_REVERT][\BOLD][TAB][TAB][TAB]Cycle through cities[NEWLINE][BOLD][COLOR_HIGHLIGHT_TEXT]Insert[COLOR_REVERT][\BOLD][TAB][TAB][TAB]Open nearest friendly city screen[NEWLINE][BOLD][COLOR_HIGHLIGHT_TEXT]Enter[COLOR_REVERT][\BOLD][TAB][TAB][TAB]Cycle units, end turn[NEWLINE][BOLD][COLOR_HIGHLIGHT_TEXT]Ctrl+S[COLOR_REVERT][\BOLD][TAB][TAB][TAB]Save game[NEWLINE][BOLD][COLOR_HIGHLIGHT_TEXT]Ctrl+L[COLOR_REVERT][\BOLD][TAB][TAB][TAB]Load game[NEWLINE][BOLD][COLOR_HIGHLIGHT_TEXT]Shift+F5[COLOR_REVERT][\BOLD][TAB][TAB][TAB]Quick save (Single player only)[NEWLINE][BOLD][COLOR_HIGHLIGHT_TEXT]Shift+F8[COLOR_REVERT][\BOLD][TAB][TAB][TAB]Quick load (Single player only)[NEWLINE][BOLD][COLOR_HIGHLIGHT_TEXT]Ctrl+M[COLOR_REVERT][\BOLD][TAB][TAB][TAB]Turn music on/off[NEWLINE][BOLD][COLOR_HIGHLIGHT_TEXT]Ctrl+O[COLOR_REVERT][\BOLD][TAB][TAB][TAB]Options menu[NEWLINE][BOLD][COLOR_HIGHLIGHT_TEXT]Esc[COLOR_REVERT][\BOLD][TAB][TAB][TAB][TAB]Exit current screen/open menu[NEWLINE][BOLD][COLOR_HIGHLIGHT_TEXT]Ctrl+Tab[COLOR_REVERT][\BOLD][TAB][TAB][TAB]Chat/Event Log[NEWLINE][BOLD][COLOR_HIGHLIGHT_TEXT]Shift+D[COLOR_REVERT][\BOLD][TAB][TAB][TAB]Contact Civ popup[NEWLINE][BOLD][COLOR_HIGHLIGHT_TEXT]Shift+Enter[COLOR_REVERT][\BOLD][TAB][TAB]Force turn to end[NEWLINE][BOLD][COLOR_HIGHLIGHT_TEXT]Pause[COLOR_REVERT][\BOLD][TAB][TAB][TAB]Pause game/pauses turn timer[NEWLINE][BOLD][COLOR_HIGHLIGHT_TEXT]Print Screen[COLOR_REVERT][\BOLD][TAB][TAB]Take Screenshot[NEWLINE][BOLD][COLOR_HIGHLIGHT_TEXT]\[COLOR_REVERT][\BOLD][TAB][TAB][TAB][TAB]Cycle to previous unit[NEWLINE][BOLD][COLOR_HIGHLIGHT_TEXT]Ctrl+C[COLOR_REVERT][\BOLD][TAB][TAB][TAB]Set all units of same type as active[NEWLINE][BOLD][COLOR_HIGHLIGHT_TEXT]Enter[COLOR_REVERT][\BOLD][TAB][TAB][TAB]Cycle units, end turn[NEWLINE][BOLD][COLOR_HIGHLIGHT_TEXT], (comma)[COLOR_REVERT][\BOLD][TAB][TAB][TAB]Cycle to previous unit (same tile)[NEWLINE][BOLD][COLOR_HIGHLIGHT_TEXT]. (period)[COLOR_REVERT][\BOLD][TAB][TAB][TAB]Cycle to next unit (same tile)[NEWLINE][BOLD][COLOR_HIGHLIGHT_TEXT]/[COLOR_REVERT][\BOLD][TAB][TAB][TAB][TAB]Cycle through active workers[NEWLINE]", 
TXT_KEY_SHORTCUTS_CAMERA_PEDIA,[H1]Camera[\H1][NEWLINE][BOLD][COLOR_HIGHLIGHT_TEXT]Ctrl+Left Arrow[COLOR_REVERT][\BOLD][TAB]Lock camera angle 45 o CW[NEWLINE][BOLD][COLOR_HIGHLIGHT_TEXT]Ctrl+Right Arrow[COLOR_REVERT][\BOLD][TAB]Lock camera angle 45 o CCW[NEWLINE][BOLD][COLOR_HIGHLIGHT_TEXT]Alt+F[COLOR_REVERT][\BOLD][TAB][TAB][TAB]Satellite view[NEWLINE][BOLD][COLOR_HIGHLIGHT_TEXT]Alt+O[COLOR_REVERT][\BOLD][TAB][TAB][TAB]Change perspective[NEWLINE][BOLD][COLOR_HIGHLIGHT_TEXT]Alt+Ctrl+F[COLOR_REVERT][\BOLD][TAB][TAB]Flying camera mode (enable in INI file)[NEWLINE][BOLD][COLOR_HIGHLIGHT_TEXT]Shift+Left Arrow[COLOR_REVERT][\BOLD][TAB]Rotate camera CW[NEWLINE][BOLD][COLOR_HIGHLIGHT_TEXT]Shift+Right Arrow[COLOR_REVERT][\BOLD][TAB]Rotate camera CCW[NEWLINE][BOLD][COLOR_HIGHLIGHT_TEXT]Page Up[COLOR_REVERT][\BOLD][TAB][TAB][TAB]Zoom camera in[NEWLINE][BOLD][COLOR_HIGHLIGHT_TEXT]Page Down[COLOR_REVERT][\BOLD][TAB][TAB]Zoom camera out[NEWLINE], 
TXT_KEY_SHORTCUTS_MP_PEDIA,[H1]Multi-Player[\H1][NEWLINE][BOLD][COLOR_HIGHLIGHT_TEXT]Tab[COLOR_REVERT][\BOLD][TAB][TAB][TAB][TAB]Chat to team[NEWLINE][BOLD][COLOR_HIGHLIGHT_TEXT]Scroll Lock[COLOR_REVERT][\BOLD][TAB][TAB]Voice chat to team[NEWLINE][BOLD][COLOR_HIGHLIGHT_TEXT]Shift+Scroll Lock[COLOR_REVERT][\BOLD][TAB]Voice chat to all[NEWLINE][BOLD][COLOR_HIGHLIGHT_TEXT]Ctrl+Scroll Lock[COLOR_REVERT][\BOLD][TAB]Voice chat in Diplomacy screen[NEWLINE][BOLD][COLOR_HIGHLIGHT_TEXT]Shift+Tab[COLOR_REVERT][\BOLD][TAB][TAB][TAB]Chat to all[NEWLINE], 
