,, 
TXT_KEY_MISC_ATTITUDE_FIRST_IMPRESSION,"%D1: ""A first impression is a lasting one.""", 
TXT_KEY_MISC_ATTITUDE_TEAM_SIZE,"%D1: ""Your team is too big.""", 
TXT_KEY_MISC_ATTITUDE_BETTER_RANK,"%D1: ""Your small civilization is no threat to us.""", 
TXT_KEY_MISC_ATTITUDE_WORSE_RANK,"%D1: ""We feel threatened by your large civilization.""", 
TXT_KEY_MISC_ATTITUDE_LOW_RANK,"%D1: ""Developing nations should work together to catch up.""", 
TXT_KEY_MISC_ATTITUDE_LOST_WAR,"%D1: ""The war is going badly for us.""", 
