,, 
TXT_KEY_BUG_OPT_STRATEGYOVERLAY__ENABLED_TEXT,Enabled, 
TXT_KEY_BUG_OPT_STRATEGYOVERLAY__ENABLED_HOVER,"When checked, the shortcut keys and features of the Strategy Layer are activated.", 
TXT_KEY_BUG_OPT_STRATEGYOVERLAY__SHOWDOTMAP_TEXT,Show Dot Map, 
TXT_KEY_BUG_OPT_STRATEGYOVERLAY__SHOWDOTMAP_HOVER,"When checked, the city-planning dot map layer is shown overlaying the terrain.", 
TXT_KEY_BUG_OPT_STRATEGYOVERLAY__DOTMAPDRAWDOTS_TEXT,Draw City Dots, 
TXT_KEY_BUG_OPT_STRATEGYOVERLAY__DOTMAPDRAWDOTS_HOVER,"When checked, an icon is drawn in the center of the borders of planned cities.", 
TXT_KEY_BUG_OPT_STRATEGYOVERLAY__DOTMAPDOTICON_TEXT,City Dot Icon, 
TXT_KEY_BUG_OPT_STRATEGYOVERLAY__DOTMAPDOTICON_HOVER,The index number of the icon to be placed in the center of the borders of planned cities., 
TXT_KEY_BUG_OPT_STRATEGYOVERLAY__DOTMAPBRIGHTNESS_TEXT,Brightness, 
TXT_KEY_BUG_OPT_STRATEGYOVERLAY__DOTMAPBRIGHTNESS_HOVER,Determines the brightness of planned cities., 
TXT_KEY_BUG_OPT_STRATEGYOVERLAY__DOTMAPHIGHLIGHTBRIGHTNESS_TEXT,Highlight Brightness, 
TXT_KEY_BUG_OPT_STRATEGYOVERLAY__DOTMAPHIGHLIGHTBRIGHTNESS_HOVER,Determines the brightness of the highlighted city being placed., 
TXT_KEY_STRATOVERLAY_TITLE,Strategy Overlay, 
TXT_KEY_STRATOVERLAY_DOTMAPPER,Dot Mapper, 
TXT_KEY_STRATOVERLAY_PLACECITY,Place City, 
TXT_KEY_STRATOVERLAY_REMOVECITY,Remove City, 
TXT_KEY_STRATOVERLAY_COLORSELECT,Color Selection, 
TXT_KEY_STRATOVERLAY_SIGNS,Signs, 
TXT_KEY_STRATOVERLAY_ADDSIGN_TITLE,Add Overlay Sign, 
TXT_KEY_STRATOVERLAY_ADDSIGN_BODY,Caption for the sign, 
TXT_KEY_STRATOVERLAY_ADDSIGN,Add Sign, 
TXT_KEY_STRATOVERLAY_REMOVESIGN,Remove Sign, 
TXT_KEY_STRATOVERLAY_ADDSIGN_EDITBOX_HELP,Enter the text to be displayed on the sign, 
