,, 
TXT_KEY_PROMOTION_LOGISTICS1,Logistics I, 
TXT_KEY_PROMOTION_LOGISTICS2,Logistics II, 
TXT_KEY_PROMOTION_LOGISTICS3,Logistics III, 
TXT_KEY_PROMOTION_DECEPTION1,Deception I, 
TXT_KEY_PROMOTION_DECEPTION2,Deception II, 
TXT_KEY_PROMOTION_DECEPTION3,Deception III, 
TXT_KEY_PROMOTION_SECURITY1,Informant I, 
TXT_KEY_PROMOTION_SECURITY2,Informant II, 
TXT_KEY_PROMOTION_SECURITY3,Informant III, 
TXT_KEY_PROMOTION_IMPROVISE1,Improviser I, 
TXT_KEY_PROMOTION_IMPROVISE2,Improviser II, 
TXT_KEY_PROMOTION_IMPROVISE3,Improviser III, 
TXT_KEY_PROMOTION_IMPROVISE4,Improviser IV, 
TXT_KEY_PROMOTION_IMPROVISE5,Improviser V, 
TXT_KEY_PROMOTION_LOYALTY,Loyalty, 
TXT_KEY_PROMOTION_INSTIGATOR1,Instigator I, 
TXT_KEY_PROMOTION_INSTIGATOR2,Instigator II, 
TXT_KEY_PROMOTION_INSTIGATOR3,Instigator III, 
TXT_KEY_PROMOTION_ALCHEMIST1,Alchemist I, 
TXT_KEY_PROMOTION_ALCHEMIST2,Alchemist II, 
TXT_KEY_PROMOTION_ALCHEMIST3,Alchemist III, 
TXT_KEY_PROMOTION_ESCAPE1,Escape Artist I, 
TXT_KEY_PROMOTION_ESCAPE2,Escape Artist II, 
TXT_KEY_UNITCOMBAT_SPY,Espionage Units, 
TXT_KEY_PROMOTION_UPGRADE_DISCOUNT_TEXT_SPY,[ICON_BULLET]%d1_percent%% Free Preparation Bonus, 
TXT_KEY_PROMOTION_EVASION_TEXT_SPY,[ICON_BULLET]%d1_percent%% Detection Evasion Bonus, 
TXT_KEY_PROMOTION_INTERCEPT_TEXT_SPY,[ICON_BULLET]%d1_percent%% Enemy Spy Detection Bonus, 
TXT_KEY_PROMOTION_INTERCEPT_TEXT_SPY_COUNTER,[ICON_BULLET]%d1_percent%% Bonus To Counter Espionage Missions, 
TXT_KEY_UNIT_EVADE_INTERCEPTION_SPY,[ICON_BULLET]Can Evade Enemy Detection (%d1_Amount%% Chance), 
TXT_KEY_UNIT_INTERCEPT_AIRCRAFT_SPY,[ICON_BULLET]Can Intercept Enemy Spies (%d1_Amount%% Chance), 
TXT_KEY_UNIT_INTERCEPT_AIRCRAFT_SPY_COUNTER,[ICON_BULLET]Improved Counter Espionage Missions (%d1_Amount%%), 
TXT_KEY_PROMOTION_LOYALTY_TEXT_SPY,[ICON_BULLET]Never Reveals Nationality, 
TXT_KEY_PROMOTION_INSTIGATE_TEXT_SPY,[ICON_BULLET]%d1_percent%% Bonus Unrest From Missions, 
TXT_KEY_PROMOTION_INSTIGATE2_TEXT_SPY,[ICON_BULLET]%d1_percent%% Bonus City Revolt From Missions, 
TXT_KEY_PROMOTION_POISON_TEXT_SPY,[ICON_BULLET]%d1_percent%% Bonus Unhealthiness From Missions, 
TXT_KEY_UNIT_ESCAPE_SPY,[ICON_BULLET]Can Escape Capture (%d1_Amount%% Chance), 
TXT_KEY_PROMOTION_ESCAPE_TEXT_SPY,[ICON_BULLET]%d1_percent%% Bonus Escape Chance, 
TXT_KEY_PROMOTION_RADIATION_TEXT_SPY,[ICON_BULLET]Creates fallout on sabotaged improvements., 
TXT_KEY_SPY_ESCAPED_REVEAL,A %s1_civ_adjective %s2_unit managed to escape from the %s3_civ_adjective city of %s4_city!, 
TXT_KEY_SPY_ESCAPED,A %s1_unit managed to escape from the %s2_civ_adjective city of %s3_city!, 
TXT_KEY_ESPIONAGE_TARGET_SOMETHING_DESTROYED,A %s1_ThingName was destroyed by enemy infiltrators!, 
TXT_KEY_ESPIONAGE_TARGET_SOMETHING_DESTROYED_NEAR_CITY,A %s1_ThingName was destroyed by enemy infiltrators near %s2_CityName!, 
TXT_KEY_ESPIONAGE_TARGET_SOMETHING_ASSASSINATED,A %s1_ThingName was assassinated by enemy infiltrators at %s2_CityName!, 
TXT_KEY_ESPIONAGE_TARGET_SOMETHING_BRIBED,A %s1_ThingName was bribed by enemy infiltrators!, 
TXT_KEY_ESPIONAGE_TARGET_SOMETHING_BRIBED_NEAR_CITY,A %s1_ThingName was bribed by enemy infiltrators near %s2_CityName!, 
TXT_KEY_ESPIONAGE_HELP_DESTROY_IMPROVEMENT_RADIATION,Will create fallout on the tile., 
TXT_KEY_ESPIONAGE_USED_RADIATION,A dirty bomb was used! Radioactive fallout has covered the area!, 
TXT_KEY_ACTION_ASSASSIN_MISSION,Eliminate %s1_unit for %d2[ICON_ESPIONAGE] %d3_percent%% chance of success., 
TXT_KEY_MISSION_ASSASSIN,Assassinate, 
TXT_KEY_MISSION_ASSASSIN_HELP,The spy attempts to kill a great specialist inside a rival city., 
TXT_KEY_MISSION_BRIBE,Bribe Worker, 
TXT_KEY_MISSION_BRIBE_HELP,The spy attempts to win the allegiance of a foreign worker., 
TXT_KEY_PROCESS_ESPIONAGE,Espionage, 
TXT_KEY_PROCESS_ESPIONAGE_STRATEGY,Focusing on espionage converts production into espionage within that particular city., 
