,, 
TXT_KEY_BUG_OPT_TECHWINDOW__VIEWTYPE_TEXT,View, 
TXT_KEY_BUG_OPT_TECHWINDOW__VIEWTYPE_HOVER,Determines the view to display when you discover a technology.[NEWLINE][ICON_BULLET][COLOR_HIGHLIGHT_TEXT]Original[COLOR_REVERT] - Default minimal Civ4 view.[NEWLINE][ICON_BULLET][COLOR_HIGHLIGHT_TEXT]Detailed[COLOR_REVERT] - Adds more detailed information.[NEWLINE][ICON_BULLET][COLOR_HIGHLIGHT_TEXT]Wide[COLOR_REVERT] - Wider version of the Detailed view., 
TXT_KEY_BUG_OPT_TECHWINDOW__VIEWTYPE_LIST,Original|Detailed|Wide, 
TXT_KEY_BUG_OPT_TECHWINDOW__CIVILOPEDIATEXT_TEXT,Show Civilopedia Text, 
TXT_KEY_BUG_OPT_TECHWINDOW__CIVILOPEDIATEXT_HOVER,"When checked, includes the Civilopedia text after the quote for the discovered technology.", 
