,, 
TXT_KEY_BUG_UNIT_NAMING_DOMAIN_LAND,Land, 
TXT_KEY_BUG_UNIT_NAMING_DOMAIN_SEA,Naval, 
TXT_KEY_BUG_UNIT_NAMING_DOMAIN_AIR,Air, 
TXT_KEY_BUG_UNIT_NAMING_DOMAIN_IMMOBILE,Stationary, 
TXT_KEY_BUG_OPT_UNITNAMING__ENABLED_TEXT,Enabled, 
TXT_KEY_BUG_OPT_UNITNAMING__ENABLED_HOVER,"When checked, uses the formats on this tab and in the INI file to name the player's units.", 
TXT_KEY_BUG_OPT_UNITNAMING__USEADVANCED_TEXT,Use Advanced Methods, 
TXT_KEY_BUG_OPT_UNITNAMING__USEADVANCED_HOVER,"When checked, the advanced naming conventions in 'Adv Unit Naming.ini' file will be used  (see ini file for Era_UnitClass options).", 
TXT_KEY_BUG_OPT_UNITNAMING__DEFAULT_TEXT,Naming Convention: DEFAULT, 
TXT_KEY_BUG_OPT_UNITNAMING__DEFAULT_HOVER,"Enter the user defined naming convention (see help file for further information). Names can be built from plain text and format codes that appear between matching carets (^).[NEWLINE][ICON_BULLET]e.g. ""^cv^ ^ut^ from ^ct^"" --> ""American Archer from Boston""[NEWLINE][BOLD]General Codes[\BOLD][NEWLINE][ICON_BULLET][COLOR_HIGHLIGHT_TEXT]civ4[COLOR_REVERT] - Use built-in Civ4 names[NEWLINE][ICON_BULLET][COLOR_HIGHLIGHT_TEXT]rd[COLOR_REVERT] - Random name[NEWLINE][ICON_BULLET][COLOR_HIGHLIGHT_TEXT]rc[COLOR_REVERT] - Random civ-related name[NEWLINE][BOLD]Unit Info Codes[\BOLD][NEWLINE][ICON_BULLET][COLOR_HIGHLIGHT_TEXT]ct[COLOR_REVERT] - City where unit was built (e.g. Boston)[NEWLINE][ICON_BULLET][COLOR_HIGHLIGHT_TEXT]cv[COLOR_REVERT] - Civilization that built the unit in adjective form (e.g. American)[NEWLINE][ICON_BULLET][COLOR_HIGHLIGHT_TEXT]ut[COLOR_REVERT] - Unit type (e.g. Archer)[NEWLINE][ICON_BULLET][COLOR_HIGHLIGHT_TEXT]cb[COLOR_REVERT] - Combat type (e.g. Melee)[NEWLINE][ICON_BULLET][COLOR_HIGHLIGHT_TEXT]dm[COLOR_REVERT] - Domain type (e.g. Water)[NEWLINE][ICON_BULLET][COLOR_HIGHLIGHT_TEXT]ld[COLOR_REVERT] - Leader that built the unit (e.g. Roosevelt)[NEWLINE][BOLD]Counting Codes[\BOLD][NEWLINE][ICON_BULLET][COLOR_HIGHLIGHT_TEXT]cnt[f][a][COLOR_REVERT] - Count across all units[NEWLINE][ICON_BULLET][COLOR_HIGHLIGHT_TEXT]cnt[f][u][COLOR_REVERT] - Count per unit type[NEWLINE][ICON_BULLET][COLOR_HIGHLIGHT_TEXT]cnt[f][c][COLOR_REVERT] - Count per city[NEWLINE][ICON_BULLET][COLOR_HIGHLIGHT_TEXT]cnt[f][t][COLOR_REVERT] - Count per unit/city combination[NEWLINE][ICON_BULLET][COLOR_HIGHLIGHT_TEXT]cnt[f][b][COLOR_REVERT] - Count per combat type[NEWLINE][ICON_BULLET][COLOR_HIGHLIGHT_TEXT]cnt[f][d][COLOR_REVERT] - Count per domain[NEWLINE][ICON_BULLET][COLOR_HIGHLIGHT_TEXT]tt1[f][x:y][COLOR_REVERT] - Count up to a number chosen between x and y[NEWLINE][ICON_BULLET][COLOR_HIGHLIGHT_TEXT]tt1[f][x][COLOR_REVERT] - Count from x, incrementing each time tt1 code is reset[NEWLINE][NEWLINE]* f in [f] is one of s, A, a, p, g, n, o, r (see help file)", 
TXT_KEY_BUG_OPT_UNITNAMING__COMBAT_AIR_TEXT,Naming Convention: Combat[AIR], 
TXT_KEY_BUG_OPT_UNITNAMING__COMBAT_AIR_HOVER,Enter the user defined naming convention for combat units 'AIR'., 
TXT_KEY_BUG_OPT_UNITNAMING__COMBAT_ARCHER_TEXT,Naming Convention: Combat[ARCHER], 
TXT_KEY_BUG_OPT_UNITNAMING__COMBAT_ARCHER_HOVER,Enter the user defined naming convention for combat units 'ARCHER'., 
TXT_KEY_BUG_OPT_UNITNAMING__COMBAT_ARMOR_TEXT,Naming Convention: Combat[ARMOR], 
TXT_KEY_BUG_OPT_UNITNAMING__COMBAT_ARMOR_HOVER,Enter the user defined naming convention for combat units 'ARMOR'., 
TXT_KEY_BUG_OPT_UNITNAMING__COMBAT_GUN_TEXT,Naming Convention: Combat[GUN], 
TXT_KEY_BUG_OPT_UNITNAMING__COMBAT_GUN_HOVER,Enter the user defined naming convention for combat units 'GUN'., 
TXT_KEY_BUG_OPT_UNITNAMING__COMBAT_HELICOPTER_TEXT,Naming Convention: Combat[HELICOPTER], 
TXT_KEY_BUG_OPT_UNITNAMING__COMBAT_HELICOPTER_HOVER,Enter the user defined naming convention for combat units 'HELICOPTER'., 
TXT_KEY_BUG_OPT_UNITNAMING__COMBAT_MELEE_TEXT,Naming Convention: Combat[MELEE], 
TXT_KEY_BUG_OPT_UNITNAMING__COMBAT_MELEE_HOVER,Enter the user defined naming convention for combat units 'MELEE'., 
TXT_KEY_BUG_OPT_UNITNAMING__COMBAT_MOUNTED_TEXT,Naming Convention: Combat[MOUNTED], 
TXT_KEY_BUG_OPT_UNITNAMING__COMBAT_MOUNTED_HOVER,Enter the user defined naming convention for combat units 'MOUNTED'., 
TXT_KEY_BUG_OPT_UNITNAMING__COMBAT_NAVAL_TEXT,Naming Convention: Combat[NAVAL], 
TXT_KEY_BUG_OPT_UNITNAMING__COMBAT_NAVAL_HOVER,Enter the user defined naming convention for combat units 'NAVAL'., 
TXT_KEY_BUG_OPT_UNITNAMING__COMBAT_NONE_TEXT,Naming Convention: Combat[None], 
TXT_KEY_BUG_OPT_UNITNAMING__COMBAT_NONE_HOVER,Enter the user defined naming convention for combat units 'None'., 
TXT_KEY_BUG_OPT_UNITNAMING__COMBAT_RECON_TEXT,Naming Convention: Combat[RECON], 
TXT_KEY_BUG_OPT_UNITNAMING__COMBAT_RECON_HOVER,Enter the user defined naming convention for combat units 'RECON'., 
TXT_KEY_BUG_OPT_UNITNAMING__COMBAT_SIEGE_TEXT,Naming Convention: Combat[SIEGE], 
TXT_KEY_BUG_OPT_UNITNAMING__COMBAT_SIEGE_HOVER,Enter the user defined naming convention for combat units 'SIEGE'., 
