<?xml version="1.0" encoding="utf-8"?>
<!-- Advanced Combat Odds Options Game Text -->
<Civ4GameText xmlns="http://www.firaxis.com">
<!-- Advanced Combat Odds Options -->

	<TEXT>
		<Tag>TXT_KEY_BUG_OPT_ACO__ENABLED_TEXT</Tag>
		<English>Advanced Combat Odds</English>
		<French>Advanced Combat Odds</French>
		<German>Erweiterte Siegchancen</German>
		<Italian>Probabilit&#224; di Combattimento Avanzate</Italian>
		<Spanish>Probabilidades de Combate Avanzadas</Spanish>
	</TEXT>
	<TEXT>
		<Tag>TXT_KEY_BUG_OPT_ACO__ENABLED_HOVER</Tag>
		<English>When checked, PieceOfMind's ACO shows more detailed combat odds information when you hover over a unit to attack.</English>
		<French>When checked, PieceOfMind's ACO shows more detailed combat odds information when you hover over a unit to attack.</French>
		<German>Zeigt detailliertere Informationen zur Berechnung der Siegchancen an, wenn der Mauszeiger f&#252;r einen Angriff &#252;ber eine feindliche Einheit bewegt wird (verwendet PieceOfMind's "Advanced Combat Odds (ACO)"-Mod)</German>
		<Italian>When checked, PieceOfMind's ACO shows more detailed combat odds information when you hover over a unit to attack.</Italian>
		<Spanish>Cuando est&#225; activada, PCA de PieceOfMind muestra informaci&#243;n m&#225;s detallada de probabilidades de combate cuando pasas el mouse sobre una unidad a atacar.</Spanish>
	</TEXT>
	<TEXT>
		<Tag>TXT_KEY_BUG_OPT_ACO__DEBUG_TEXT</Tag>
		<English>Debug</English>
		<French>Debug</French>
		<German>Debug</German>
		<Italian>Debug</Italian>
		<Spanish>Depuraci&#243;n</Spanish>
	</TEXT>
	<TEXT>
		<Tag>TXT_KEY_BUG_OPT_ACO__DEBUG_HOVER</Tag>
		<English>When checked, shows debugging information in the combat odds calculations.</English>
		<French>When checked, shows debugging information in the combat odds calculations.</French>
		<German>Zeigt Debug-Information bei der Berechnung der Siegchancen an</German>
		<Italian>Quando &#232; selezionato, mostra le informazioni di debug nel calcolo delle Probabilit&#224; di Combattimento.</Italian>
		<Spanish>Cuando est&#225; activada muestra la informaci&#243;n de depuraci&#243;n en el c&#225;lculo de Probabilidades de Combate.</Spanish>
	</TEXT>
	<TEXT>
		<Tag>TXT_KEY_BUG_OPT_ACO__FORCEORIGINALODDS_TEXT</Tag>
		<English>Force Original Odds</English>
		<French>Force Original Odds</French>
		<German>Originale Berechnung</German>
		<Italian>Force Original Odds</Italian>
		<Spanish>Forzar Probabilidades Originales</Spanish>
	</TEXT>
	<TEXT>
		<Tag>TXT_KEY_BUG_OPT_ACO__FORCEORIGINALODDS_HOVER</Tag>
		<English>When checked, shows the original odds in addition to ACO's.</English>
		<French>When checked, shows the original odds in addition to ACO's.</French>
		<German>Zeigt zus&#228;tzlich zur ACO-Ansicht die originale Siegchancen-Berechnung</German>
		<Italian>When checked, shows the original odds in addition to ACO's.</Italian>
		<Spanish>Cuando est&#225; habilitada muestra las probabilidades originales, en adici&#243;n a las de PCA.</Spanish>
	</TEXT>
	<TEXT>
		<Tag>TXT_KEY_BUG_OPT_ACO__IGNOREBARBFREEWINS_TEXT</Tag>
		<English>Ignore Free Wins</English>
		<French>Ignore Free Wins</French>
		<German>Sichere Siege ignorieren</German>
		<Italian>Ignore Free Wins</Italian>
		<Spanish>Ignorar Victorias Gratuitas</Spanish>
	</TEXT>
	<TEXT>
		<Tag>TXT_KEY_BUG_OPT_ACO__IGNOREBARBFREEWINS_HOVER</Tag>
		<English>When checked, ignores any free wins versus barbarians you have left due to the difficulty level.</English>
		<French>When checked, ignores any free wins versus barbarians you have left due to the difficulty level.</French>
		<German>Ignoriert alle verbleibenden sicheren Einheiten-Siege &#252;ber Barbaren, die auf Grund des Schwierigkeitsgrades gew&#228;hrt werden</German>
		<Italian>When checked, ignores any free wins versus barbarians you have left due to the difficulty level.</Italian>
		<Spanish>Cuando est&#225; habilitada, ignora cualquier victoria gratuita contra b&#225;rbaros debida al nivel de dificultad.</Spanish>
	</TEXT>
	<TEXT>
		<Tag>TXT_KEY_BUG_OPT_ACO__SWAPVIEWS_TEXT</Tag>
		<English>Swap Views</English>
		<French>Swap Views</French>
		<German>Ansicht wechseln</German>
		<Italian>Swap Views</Italian>
		<Spanish>Intercambiar Vistas</Spanish>
	</TEXT>
	<TEXT>
		<Tag>TXT_KEY_BUG_OPT_ACO__SWAPVIEWS_HOVER</Tag>
		<English>When checked, swaps the normal and alternate views.</English>
		<French>When checked, swaps the normal and alternate views.</French>
		<German>Wechselt zwischen normaler und alternativer Ansicht</German>
		<Italian>When checked, swaps the normal and alternate views.</Italian>
		<Spanish>Cuando est&#225; habilitada intercambia la vista normal y la alternativa.</Spanish>
	</TEXT>
	<TEXT>
		<Tag>TXT_KEY_BUG_OPT_ACO__MERGESHORTBARS_TEXT</Tag>
		<English>Merge Short Bars</English>
		<French>Merge Short Bars</French>
		<German>Kurze Balken zusammenfassen</German>
		<Italian>Merge Short Bars</Italian>
		<Spanish>Combinar Barras Cortas</Spanish>
	</TEXT>
	<TEXT>
		<Tag>TXT_KEY_BUG_OPT_ACO__MERGESHORTBARS_HOVER</Tag>
		<English>When checked, merges the bars of probabilities that are less than half of one percent.</English>
		<French>When checked, merges the bars of probabilities that are less than half of one percent.</French>
		<German>Fasst Wahrscheinlichkeitsbalken zusammen, die weniger als ein halbes Prozent anzeigen</German>
		<Italian>When checked, merges the bars of probabilities that are less than half of one percent.</Italian>
		<Spanish>Cuando est&#225; habilitada, combina las barras de probabilidades que son menores que la mitad de uno por ciento.</Spanish>
	</TEXT>
	<TEXT>
		<Tag>TXT_KEY_BUG_OPT_ACO__SHOWMODIFIERLABELS_TEXT</Tag>
		<English>Modifier Labels</English>
		<French>Modifier Labels</French>
		<German>Modifikatoren kennzeichnen</German>
		<Italian>Modifier Labels</Italian>
		<Spanish>Etiquetas de Modificadores</Spanish>
	</TEXT>
	<TEXT>
		<Tag>TXT_KEY_BUG_OPT_ACO__SHOWMODIFIERLABELS_HOVER</Tag>
		<English>When checked, displays "attacker" and "defender" labels before each non-empty set of modifiers.</English>
		<French>When checked, displays "attacker" and "defender" labels before each non-empty set of modifiers.</French>
		<German>Kennzeichnet, falls vorhanden, die jeweilige Gruppe der kampfrelevanten Modifikatoren der Einheiten mit "Angreifer" und "Verteidiger"</German>
		<Italian>When checked, displays "attacker" and "defender" labels before each non-empty set of modifiers.</Italian>
		<Spanish>Cuando est&#225; habilitado, muestra las etiquetas "atacante" y "defensor" antes de cada set de modificadores que no est&#233; vac&#237;o.</Spanish>
	</TEXT>
	<TEXT>
		<Tag>TXT_KEY_BUG_OPT_ACO__SHOWBASICINFO_TEXT</Tag>
		<English>Basic Info</English>
		<French>Basic Info</French>
		<German>Basis-Info</German>
		<Italian>Basic Info</Italian>
		<Spanish>Informaci&#243;n B&#225;sica</Spanish>
	</TEXT>
	<TEXT>
		<Tag>TXT_KEY_BUG_OPT_ACO__SHOWBASICINFO_HOVER</Tag>
		<English>Select when to show the basic odds information.</English>
		<French>Select when to show the basic odds information.</French>
		<German>Bestimmt, wann die grundlegenden Informationen zur Berechnung der Siegchancen angezeigt werden</German>
		<Italian>Select when to show the basic odds information.</Italian>
		<Spanish>Selecciona cu&#225;ndo mostrar la informaci&#243;n de probabilidades b&#225;sicas.</Spanish>
	</TEXT>
	<TEXT>
		<Tag>TXT_KEY_BUG_OPT_ACO__SHOWBASICINFO_LIST</Tag>
		<English>Never|Normal|Alternate|Always</English>
		<French>Never|Normal|Alternate|Always</French>
		<German>Nie|Normal|Alternativ|Immer</German>
		<Italian>Never|Normal|Alternate|Always</Italian>
		<Spanish>Nunca|Normal|Alternativa|Siempre</Spanish>
	</TEXT>
	<TEXT>
		<Tag>TXT_KEY_BUG_OPT_ACO__SHOWATTACKERINFO_TEXT</Tag>
		<English>Attacker Info</English>
		<French>Attacker Info</French>
		<German>Angeifer-Info</German>
		<Italian>Attacker Info</Italian>
		<Spanish>Informaci&#243;n del Atacante</Spanish>
	</TEXT>
	<TEXT>
		<Tag>TXT_KEY_BUG_OPT_ACO__SHOWATTACKERINFO_HOVER</Tag>
		<English>Select when to show the attacking unit's information.</English>
		<French>Select when to show the attacking unit's information.</French>
		<German>Bestimmt, wann die Informationen &#252;ber die angereifende Einheit angezeigt werden</German>
		<Italian>Select when to show the attacking unit's information.</Italian>
		<Spanish>Selecciona cu&#225;ndo mostrar la informaci&#243;n de la unidad atacante.</Spanish>
	</TEXT>
	<TEXT>
		<Tag>TXT_KEY_BUG_OPT_ACO__SHOWDEFENDERINFO_TEXT</Tag>
		<English>Defender Info</English>
		<French>Defender Info</French>
		<German>Verteidiger-Info</German>
		<Italian>Defender Info</Italian>
		<Spanish>Informaci&#243;n del Defensor</Spanish>
	</TEXT>
	<TEXT>
		<Tag>TXT_KEY_BUG_OPT_ACO__SHOWDEFENDERINFO_HOVER</Tag>
		<English>Select when to show the defending unit's information.</English>
		<French>Select when to show the defending unit's information.</French>
		<German>Bestimmt, wann die Informationen &#252;ber die verteidigende Einheit angezeigt werden</German>
		<Italian>Select when to show the defending unit's information.</Italian>
		<Spanish>Selecciona cu&#225;ndo mostrar la informaci&#243;n de la unidad defensora.</Spanish>
	</TEXT>
	<TEXT>
		<Tag>TXT_KEY_BUG_OPT_ACO__SHOWSURVIVALODDS_TEXT</Tag>
		<English>Survival Odds</English>
		<French>Survival Odds</French>
		<German>&#220;berlebenschance</German>
		<Italian>Survival Odds</Italian>
		<Spanish>Probabilidades de Supervivencia</Spanish>
	</TEXT>
	<TEXT>
		<Tag>TXT_KEY_BUG_OPT_ACO__SHOWSURVIVALODDS_HOVER</Tag>
		<English>Select when to show the odds that each unit will survive.</English>
		<French>Select when to show the odds that each unit will survive.</French>
		<German>Bestimmt, wann die &#220;berlebenschancen f&#252;r jede Einheit angezeigt werden</German>
		<Italian>Select when to show the odds that each unit will survive.</Italian>
		<Spanish>Selecciona cu&#225;ndo mostrar las probabilidades de supervivencia de cada unidad.</Spanish>
	</TEXT>
	<TEXT>
		<Tag>TXT_KEY_BUG_OPT_ACO__SHOWUNHARMEDODDS_TEXT</Tag>
		<English>Unharmed Odds</English>
		<French>Unharmed Odds</French>
		<German>Chance auf Unversehrtheit</German>
		<Italian>Unharmed Odds</Italian>
		<Spanish>Probabilidades de Salir Ileso</Spanish>
	</TEXT>
	<TEXT>
		<Tag>TXT_KEY_BUG_OPT_ACO__SHOWUNHARMEDODDS_HOVER</Tag>
		<English>Select when to show the odds that each unit will survive without taking any damage.</English>
		<French>Select when to show the odds that each unit will survive without taking any damage.</French>
		<German>Bestimmt, wann die Chancen angezeigt werden, dass jede Einheit den Kampf ohne Schaden &#252;berleben wird</German>
		<Italian>Select when to show the odds that each unit will survive without taking any damage.</Italian>
		<Spanish>Selecciona cu&#225;ndo mostrar las probabilidades para cada unidad de sobrevivir sin sufrir da&#241;os.</Spanish>
	</TEXT>
	<TEXT>
		<Tag>TXT_KEY_BUG_OPT_ACO__SHOWAVERAGEHEALTH_TEXT</Tag>
		<English>Average Health</English>
		<French>Average Health</French>
		<German>Erwartete Gesundheit</German>
		<Italian>Average Health</Italian>
		<Spanish>Promedio de Salud</Spanish>
	</TEXT>
	<TEXT>
		<Tag>TXT_KEY_BUG_OPT_ACO__SHOWAVERAGEHEALTH_HOVER</Tag>
		<English>Select when to show the average (expected) health each unit will have after the battle.</English>
		<French>Select when to show the average (expected) health each unit will have after the battle.</French>
		<German>Bestimmt, wann die durchschnittliche (erwartete) Gesundheit jeder Einheit nach dem Kampf angezeigt wird</German>
		<Italian>Select when to show the average (expected) health each unit will have after the battle.</Italian>
		<Spanish>Selecciona cu&#225;ndo mostrar el promedio (esperado) de salud que tendr&#225; cada unidad despu&#233;s de la batalla.</Spanish>
	</TEXT>
	<TEXT>
		<Tag>TXT_KEY_BUG_OPT_ACO__SHOWATTACKERHEALTHBARS_TEXT</Tag>
		<English>Attacker Health Bars</English>
		<French>Attacker Health Bars</French>
		<German>Gesundheitsbalken des Angreifers</German>
		<Italian>Attacker Health Bars</Italian>
		<Spanish>Barras de Salud del Atacante</Spanish>
	</TEXT>
	<TEXT>
		<Tag>TXT_KEY_BUG_OPT_ACO__SHOWATTACKERHEALTHBARS_HOVER</Tag>
		<English>Select when to show the probability bars of each possible ending health for the attacker.</English>
		<French>Select when to show the probability bars of each possible ending health for the attacker.</French>
		<German>Bestimmt, wann die Wahrscheinlichkeitsbalken f&#252;r die jeweils erwartete Gesundheit des Angreifers nach dem Kampf angezeigt werden</German>
		<Italian>Select when to show the probability bars of each possible ending health for the attacker.</Italian>
		<Spanish>Selecciona cu&#225;ndo mostrar las barras de probabilidad de cada posible nivel final de salud del atacante.</Spanish>
	</TEXT>
	<TEXT>
		<Tag>TXT_KEY_BUG_OPT_ACO__SHOWDEDENDERHEALTHBARS_TEXT</Tag>
		<English>Defender Health Bars</English>
		<French>Defender Health Bars</French>
		<German>Gesundheitsbalken des Verteidigers</German>
		<Italian>Defender Health Bars</Italian>
		<Spanish>Barras de Salud del Defensor</Spanish>
	</TEXT>
	<TEXT>
		<Tag>TXT_KEY_BUG_OPT_ACO__SHOWDEDENDERHEALTHBARS_HOVER</Tag>
		<English>Select when to show the probability bars of each possible ending health for the defender.</English>
		<French>Select when to show the probability bars of each possible ending health for the defender.</French>
		<German>Bestimmt, wann die Wahrscheinlichkeitsbalken f&#252;r die jeweils erwartete Gesundheit des Verteidigers nach dem Kampf angezeigt werden</German>
		<Italian>Select when to show the probability bars of each possible ending health for the defender.</Italian>
		<Spanish>Selecciona cu&#225;ndo mostrar las barras de probabilidad de cada posible nivel final de salud del defensor.</Spanish>
	</TEXT>
	<TEXT>
		<Tag>TXT_KEY_BUG_OPT_ACO__SHOWUNROUNDEDEXPERIENCE_TEXT</Tag>
		<English>Unrounded XP</English>
		<French>Unrounded XP</French>
		<German>Ungerundete EP</German>
		<Italian>Unrounded XP</Italian>
		<Spanish>XP sin Redondear</Spanish>
	</TEXT>
	<TEXT>
		<Tag>TXT_KEY_BUG_OPT_ACO__SHOWUNROUNDEDEXPERIENCE_HOVER</Tag>
		<English>Select when to show the unrounded XP values in addition to the actual rounded values the units will gain.</English>
		<French>Select when to show the unrounded XP values in addition to the actual rounded values the units will gain.</French>
		<German>Bestimmt, wann die ungerundeten Erfahrungspunkte zus&#228;tzlich zu den tats&#228;chlichen (gerundeten) Erfahrungspunkten, die die Einheiten erhalten werden, angezeigt werden</German>
		<Italian>Select when to show the unrounded XP values in addition to the actual rounded values the units will gain.</Italian>
		<Spanish>Selecciona cu&#225;ndo mostrar los valores no redondeados de XP adem&#225;s de los redondeados que las unidades ganar&#225;n.</Spanish>
	</TEXT>
	<TEXT>
		<Tag>TXT_KEY_BUG_OPT_ACO__SHOWEXPERIENCERANGE_TEXT</Tag>
		<English>XP Range</English>
		<French>XP Range</French>
		<German>EP-Spanne</German>
		<Italian>XP Range</Italian>
		<Spanish>Rango de XP</Spanish>
	</TEXT>
	<TEXT>
		<Tag>TXT_KEY_BUG_OPT_ACO__SHOWEXPERIENCERANGE_HOVER</Tag>
		<English>Select when to show the R values on either side of the actual value that will produce +/- 1 XP.</English>
		<French>Select when to show the R values on either side of the actual value that will produce +/- 1 XP.</French>
		<German>Bestimmt, wann die R-Werte, die +/- 1 EP ausmachen k&#246;nnen, auf beiden Seiten des tats&#228;chlichen Wertes angezeigt werden</German>
		<Italian>Select when to show the R values on either side of the actual value that will produce +/- 1 XP.</Italian>
		<Spanish>Selecciona cu&#225;ndo mostrar los valores R en cada lado del valor actual que producir&#225; +/- 1 XP.</Spanish>
	</TEXT>
	<TEXT>
		<Tag>TXT_KEY_BUG_OPT_ACO__SHOWDEFENSEMODIFIERS_TEXT</Tag>
		<English>Defense Modifiers</English>
		<French>Defense Modifiers</French>
		<German>Verteidigungsmodifikatoren</German>
		<Italian>Defense Modifiers</Italian>
		<Spanish>Modificadores Defensivos</Spanish>
	</TEXT>
	<TEXT>
		<Tag>TXT_KEY_BUG_OPT_ACO__SHOWDEFENSEMODIFIERS_HOVER</Tag>
		<English>Select when to show the defense modifiers.</English>
		<French>Select when to show the defense modifiers.</French>
		<German>Bestimmt, wann die Verteidigungsmodifikatoren angezeigt werden</German>
		<Italian>Select when to show the defense modifiers.</Italian>
		<Spanish>Selecciona cu&#225;ndo mostrar los modificadores defensivos.</Spanish>
	</TEXT>
	<TEXT>
		<Tag>TXT_KEY_BUG_OPT_ACO__SHOWTOTALDEFENSEMODIFIER_TEXT</Tag>
		<English>Total Defense Modifier</English>
		<French>Total Defense Modifier</French>
		<German>Absoluter Verteidigungsmodifikator</German>
		<Italian>Total Defense Modifier</Italian>
		<Spanish>Modificador Defensivo Total</Spanish>
	</TEXT>
	<TEXT>
		<Tag>TXT_KEY_BUG_OPT_ACO__SHOWTOTALDEFENSEMODIFIER_HOVER</Tag>
		<English>Select when to show the total defense modifiers (includes attacker's non-combat modifiers that apply to the defender).</English>
		<French>Select when to show the total defense modifiers (includes attacker's non-combat modifiers that apply to the defender).</French>
		<German>Bestimmt, wann der absolute Verteidigungsmodifikator angezeigt wird (beinhaltet die nicht kampfrelevanten Modifikatoren des Angreifers, die auf den Verteidiger angewendet werden)</German>
		<Italian>Select when to show the total defense modifiers (includes attacker's non-combat modifiers that apply to the defender).</Italian>
		<Spanish>Selecciona cu&#225;ndo mostrar los modificadores defensivos totales (incluyendo los no-de-combate del atacante que se aplican al defensor).</Spanish>
	</TEXT>
	<TEXT>
		<Tag>TXT_KEY_BUG_OPT_ACO__SHOWSHIFTINSTRUCTIONS_TEXT</Tag>
		<English>[SHIFT] Instructions</English>
		<French>[SHIFT] Instructions</French>
		<German>[UMSCHALT]-Hinweis</German>
		<Italian>[SHIFT] Instructions</Italian>
		<Spanish>[MAY&#218;S] Instructiones</Spanish>
	</TEXT>
	<TEXT>
		<Tag>TXT_KEY_BUG_OPT_ACO__SHOWSHIFTINSTRUCTIONS_HOVER</Tag>
		<English>Select when to show the instructions for pressing [SHIFT] to see the alternate view.</English>
		<French>Select when to show the instructions for pressing [SHIFT] to see the alternate view.</French>
		<German>Bestimmt, wann der Hinweis zum Dr&#252;cken der [UMSCHALT]-Taste f&#252;r den Wechsel zur alternativen Ansicht angezeigt wird</German>
		<Italian>Select when to show the instructions for pressing [SHIFT] to see the alternate view.</Italian>
		<Spanish>Selecciona cu&#225;ndo mostrar las instrucciones para presionar [MAY&#218;S] para mostrar la vista alternativa.</Spanish>
	</TEXT>

<!-- AdvancedCombatOdds_CIV4GameText -->

	<TEXT>
		<Tag>TXT_ACO_VS</Tag>
		<English>[COLOR_POSITIVE_TEXT]%s1[COLOR_REVERT] vs. [COLOR_NEGATIVE_TEXT]%s2[COLOR_REVERT]</English>
		<French>[COLOR_POSITIVE_TEXT]%s1[COLOR_REVERT] contro [COLOR_NEGATIVE_TEXT]%s2[COLOR_REVERT]</French>
		<German>[COLOR_POSITIVE_TEXT]%s1[COLOR_REVERT] gegen [COLOR_NEGATIVE_TEXT]%s2[COLOR_REVERT]</German>
		<Italian>[COLOR_POSITIVE_TEXT]%s1[COLOR_REVERT] contro [COLOR_NEGATIVE_TEXT]%s2[COLOR_REVERT]</Italian>
		<Spanish>[COLOR_POSITIVE_TEXT]%s1[COLOR_REVERT] contra [COLOR_NEGATIVE_TEXT]%s2[COLOR_REVERT]</Spanish>
	</TEXT>
	<TEXT>
		<Tag>TXT_ACO_BarbFreeWinsLeft</Tag>
		<English>[COLOR_HIGHLIGHT_TEXT]Barbarian free wins left:[SPACE][COLOR_REVERT]</English>
		<French>[COLOR_HIGHLIGHT_TEXT]Nombre de victoire garantie contre les barbares:[SPACE][COLOR_REVERT]</French>
		<German>[COLOR_HIGHLIGHT_TEXT]&#220;brige sichere Siege gegen Barbaren:[SPACE][COLOR_REVERT]</German>
		<Italian>[COLOR_HIGHLIGHT_TEXT]Vittorie barbariche garantite rimaste:[SPACE][COLOR_REVERT]</Italian>
		<Spanish>[COLOR_HIGHLIGHT_TEXT]N&#250;mero de victorias garantizadas contra los b&#225;rbaros:[SPACE][COLOR_REVERT]</Spanish>
	</TEXT>
	<TEXT>
		<Tag>TXT_ACO_PressSHIFT</Tag>
		<English>[COLOR_HIGHLIGHT_TEXT]Press SHIFT for more detail[COLOR_REVERT]</English>
		<French>[COLOR_HIGHLIGHT_TEXT]Pesez sur  MAJ pour plus de d&#233;tails[COLOR_REVERT]</French>
		<German>[COLOR_HIGHLIGHT_TEXT]&lt;Umschalt> dr&#252;cken f&#252;r mehr Einzelheiten[COLOR_REVERT]</German>
		<Italian>[COLOR_HIGHLIGHT_TEXT]Tieni premuto SHIFT per maggiori dettagli[COLOR_REVERT]</Italian>
		<Spanish>[COLOR_HIGHLIGHT_TEXT]Oprima SHIFT para m&#225;s detalles[COLOR_REVERT]</Spanish>
	</TEXT>
	<TEXT>
		<Tag>TXT_ACO_SurvivalOdds</Tag>
		<English>Survival odds:[SPACE]</English>
		<French>Chances de survie:[SPACE]</French>
		<German>&#220;berlebenschance:[SPACE]</German>
		<Italian>Probabilit&#224; di sopravvivenza:[SPACE]</Italian>
		<Spanish>Probabilidad de sobrevivencia:[SPACE]</Spanish>
	</TEXT>
	<TEXT>
		<Tag>TXT_ACO_SurvivalGuaranteed</Tag>
		<English>[COLOR_HIGHLIGHT_TEXT]Survival Guaranteed![COLOR_REVERT]</English>
		<French>[COLOR_HIGHLIGHT_TEXT]Survie Garantie![COLOR_REVERT]</French>
		<German>[COLOR_HIGHLIGHT_TEXT]Sicheres &#220;berleben![COLOR_REVERT]</German>
		<Italian>[COLOR_HIGHLIGHT_TEXT]Sopravvivenza certa![COLOR_REVERT]</Italian>
		<Spanish>[COLOR_HIGHLIGHT_TEXT]&#161;Sobrevivencia garantizada![COLOR_REVERT]</Spanish>
	</TEXT>
	<TEXT>
		<Tag>TXT_ACO_Victory</Tag>
		<English>[COLOR_POSITIVE_TEXT]Victory[COLOR_REVERT]</English>
		<French>[COLOR_POSITIVE_TEXT]Victoire[COLOR_REVERT]</French>
		<German>[COLOR_POSITIVE_TEXT]Sieg[COLOR_REVERT]</German>
		<Italian>[COLOR_POSITIVE_TEXT]Vittoria[COLOR_REVERT]</Italian>
		<Spanish>[COLOR_POSITIVE_TEXT]Victoria[COLOR_REVERT]</Spanish>
	</TEXT>
	<TEXT>
		<Tag>TXT_ACO_Defeat</Tag>
		<English>[COLOR_NEGATIVE_TEXT]Defeat[COLOR_REVERT]</English>
		<French>[COLOR_NEGATIVE_TEXT]D&#233;faite[COLOR_REVERT]</French>
		<German>[COLOR_NEGATIVE_TEXT]Niederlage[COLOR_REVERT]</German>
		<Italian>[COLOR_NEGATIVE_TEXT]Sconfitta[COLOR_REVERT]</Italian>
		<Spanish>[COLOR_NEGATIVE_TEXT]Derrota[COLOR_REVERT]</Spanish>
	</TEXT>
	<TEXT>
		<Tag>TXT_ACO_Withdraw</Tag>
		<English>[COLOR_POSITIVE_TEXT]Withdraw[COLOR_REVERT]</English>
		<French>[COLOR_POSITIVE_TEXT]Se retirer[COLOR_REVERT]</French>
		<German>[COLOR_POSITIVE_TEXT]Flucht[COLOR_REVERT]</German>
		<Italian>[COLOR_POSITIVE_TEXT]Fuga[COLOR_REVERT]</Italian>
		<Spanish>[COLOR_POSITIVE_TEXT]Repliegue[COLOR_REVERT]</Spanish>
	</TEXT>
	<TEXT>
		<Tag>TXT_ACO_Retreat</Tag>
		<English>[COLOR_UNIT_TEXT]Retreat[COLOR_REVERT]</English>
		<French>[COLOR_UNIT_TEXT]Retraite[COLOR_REVERT]</French>
		<German>[COLOR_UNIT_TEXT]R&#252;ckzug[COLOR_REVERT]</German>
		<Italian>[COLOR_UNIT_TEXT]Ritirata[COLOR_REVERT]</Italian>
		<Spanish>[COLOR_UNIT_TEXT]Retirada[COLOR_REVERT]</Spanish>
	</TEXT>
	<TEXT>
		<Tag>TXT_ACO_AverageHP</Tag>
		<English>[NEWLINE]Average HP:[SPACE]</English>
		<French>[NEWLINE]PV Moyen:[SPACE]</French>
		<German>[NEWLINE]Mittlere TP:[SPACE]</German>
		<Italian>[NEWLINE]PV medi:[SPACE]</Italian>
		<Spanish>[NEWLINE]PG promedio:[SPACE]</Spanish>
	</TEXT>
	<TEXT>
		<Tag>TXT_ACO_Unharmed</Tag>
		<English>[NEWLINE]Unharmed:[SPACE]</English>
		<French>[NEWLINE]Indemne:[SPACE]</French>
		<German>[NEWLINE]Unversehrt:[SPACE]</German>
		<Italian>[NEWLINE]Disarmato:[SPACE]</Italian>
		<Spanish>[NEWLINE]Ileso:[SPACE]</Spanish>
	</TEXT>
	<TEXT>
		<Tag>TXT_ACO_UnroundedXP</Tag>
		<English>[NEWLINE]Unrounded XP:[SPACE]</English>
		<French>[NEWLINE]EXP Non-arrondit:[SPACE]</French>
		<German>[NEWLINE]Ungerundete EP:[SPACE]</German>
		<Italian>[NEWLINE]XP non arrotondati:[SPACE]</Italian>
		<Spanish>[NEWLINE]XP no redondeados:[SPACE]</Spanish>
	</TEXT>
	<TEXT>
		<Tag>TXT_ACO_TotalDefenseModifier</Tag>
		<English>[NEWLINE]Total defense modifier:[SPACE]</English>
		<French>[NEWLINE]Modificateur Total de defense:[SPACE]</French>
		<German>[NEWLINE]Verteidigungsmodifikator absolut:[SPACE]</German>
		<Italian>[NEWLINE]Modificatore difensivo totale:[SPACE]</Italian>
		<Spanish>[NEWLINE]Modificador defensivo total:[SPACE]</Spanish>
	</TEXT>
	<TEXT>
		<Tag>TXT_ACO_AttackModifiers</Tag>
		<English>[NEWLINE][COLOR_POSITIVE_TEXT]Attack modifiers:[COLOR_REVERT]</English>
		<French>[NEWLINE][COLOR_POSITIVE_TEXT]Modificateurs d'Attaque:[COLOR_REVERT]</French>
		<German>[NEWLINE][COLOR_POSITIVE_TEXT]Angriffsmodifikatoren:[COLOR_REVERT]</German>
		<Italian>[NEWLINE][COLOR_POSITIVE_TEXT]Modificatori offensivi:[COLOR_REVERT]</Italian>
		<Spanish>[NEWLINE][COLOR_POSITIVE_TEXT]Modificadores de ataque:[COLOR_REVERT]</Spanish>
	</TEXT>
	<TEXT>
		<Tag>TXT_ACO_DefenseModifiers</Tag>
		<English>[NEWLINE][COLOR_NEGATIVE_TEXT]Defense modifiers:[COLOR_REVERT]</English>
		<French>[NEWLINE][COLOR_NEGATIVE_TEXT]Modificateurs de D&#233;fense:[COLOR_REVERT]</French>
		<German>[NEWLINE][COLOR_NEGATIVE_TEXT]Verteidigungsmodifikatoren:[COLOR_REVERT]</German>
		<Italian>[NEWLINE][COLOR_NEGATIVE_TEXT]Modificatori difensivi:[COLOR_REVERT]</Italian>
		<Spanish>[NEWLINE][COLOR_NEGATIVE_TEXT]Modificadores defensivos:[COLOR_REVERT]</Spanish>
	</TEXT>
	<TEXT>
		<Tag>TXT_ACO_GuaranteedNoDefenderHit</Tag>
		<English>[NEWLINE][COLOR_HIGHLIGHT_TEXT]Guaranteed! Defender cannot score a hit.[COLOR_REVERT]</English>
		<French>[NEWLINE][COLOR_HIGHLIGHT_TEXT]C'est garantie! L'unit&#233; d&#233;fensive ne peut marquer de coup.[COLOR_REVERT]</French>
		<German>[NEWLINE][COLOR_HIGHLIGHT_TEXT]Sicher! Der Verteidiger kann keinen Treffer landen.[COLOR_REVERT]</German>
		<Italian>[NEWLINE][COLOR_HIGHLIGHT_TEXT]Certa! I difensori non possono colpire neppure una volta.[COLOR_REVERT]</Italian>
		<Spanish>[NEWLINE][COLOR_HIGHLIGHT_TEXT]&#161;Garantizado! El defensor no puede dar en el blanco.[COLOR_REVERT]</Spanish>
	</TEXT>
	<TEXT>
		<Tag>TXT_ACO_HitsAt</Tag>
		<English>hits at</English>
		<French>frappe &#224;</French>
		<German>trifft</German>
		<Italian>colpisce a</Italian>
		<Spanish>golpea a</Spanish>
	</TEXT>
	<TEXT>
		<Tag>TXT_ACO_HP</Tag>
		<English>HP</English>
		<French>PV</French>
		<German>TP</German>
		<Italian>PV</Italian>
		<Spanish>PG</Spanish>
	</TEXT>
	<TEXT>
		<Tag>TXT_ACO_INJURED_HP</Tag>
		<English>%d1/%d2HP</English>
		<French>%d1/%d2PV</French>
		<German>%d1/%d2TP</German>
		<Italian>%d1/%d2PV</Italian>
		<Spanish>%d1/%d2PG</Spanish>
	</TEXT>
	<TEXT>
		<Tag>TXT_ACO_HP_NEUTRAL</Tag>
		<English>[COLOR_UNIT_TEXT]HP[COLOR_REVERT]</English>
		<French>[COLOR_UNIT_TEXT]PV[COLOR_REVERT]</French>
		<German>[COLOR_UNIT_TEXT]TP[COLOR_REVERT]</German>
		<Italian>[COLOR_UNIT_TEXT]PV[COLOR_REVERT]</Italian>
		<Spanish>[COLOR_UNIT_TEXT]PG[COLOR_REVERT]</Spanish>
	</TEXT>
	<TEXT>
		<Tag>TXT_ACO_XP</Tag>
		<English>XP</English>
		<French>EXP</French>
		<German>EP</German>
		<Italian>XP</Italian>
		<Spanish>XP</Spanish>
	</TEXT>
	<TEXT>
		<Tag>TXT_ACO_MULTIPLY</Tag>
		<English>&#x0D7;</English>
		<French>&#x0D7;</French>
		<German>&#x0D7;</German>
		<Italian>&#x0D7;</Italian>
		<Spanish>&#x0D7;</Spanish>
	</TEXT>
</Civ4GameText>
