<?xml version="1.0" encoding="utf-8" ?>
<!--Warnings for BUFFY Game Settings/Map Checks
	BUFFY Options Game Text
	Copyright (c) 2009 The BUG Mod -->
<Civ4GameText xmlns="http://www.firaxis.com">
<!-- BUFFY Options -->

	<TEXT>
		<Tag>TXT_KEY_BUG_OPT_BUFFY__ENABLED_TEXT</Tag>
		<English>Enabled</English>
		<French>Activ&#233;</French>
		<German>Aktivieren</German>
		<Italian>Attivato</Italian>
		<Spanish>Enabled</Spanish>
	</TEXT>
	<TEXT>
		<Tag>TXT_KEY_BUG_OPT_BUFFY__ENABLED_HOVER</Tag>
		<English>When checked, BUFFY is in operation.</English>
		<French>When checked, BUFFY is in operation.</French>
		<German>Aktiviert BUFFY</German>
		<Italian>Quando &#232; selezionato, il BUFFY Mod &#232; attivo.</Italian>
		<Spanish>When checked, BUFFY is in operation.</Spanish>
	</TEXT>
	<TEXT>
		<Tag>TXT_KEY_BUG_OPT_BUFFY__WARNINGSDAWNOFMAN_TEXT</Tag>
		<English>Warnings on Dawn of Man</English>
		<French>Warnings on Dawn of Man</French>
		<German>BUFFY-Warnungen bei Gr&#252;ndung der Zivilisation</German>
		<Italian>Mostra gli avvertimenti in 'Dawn of Man'</Italian>
		<Spanish>Warnings on Dawn of Man</Spanish>
	</TEXT>
	<TEXT>
		<Tag>TXT_KEY_BUG_OPT_BUFFY__WARNINGSDAWNOFMAN_HOVER</Tag>
		<English>When checked, BUFFY warnings are shown on the Dawn of Man screen.</English>
		<French>When checked, BUFFY warnings are shown on the Dawn of Man screen.</French>
		<German>Zeigt die BUFFY-Warnungen beim Bildschirm "Gr&#252;ndung der Zivilisation"</German>
		<Italian>Quando &#232; selezionato, mostra gli avvenimenti del BUFFY Mod nella schermata 'Dawn of Man'.</Italian>
		<Spanish>When checked, BUFFY warnings are shown on the Dawn of Man screen.</Spanish>
	</TEXT>
	<TEXT>
		<Tag>TXT_KEY_BUG_OPT_BUFFY__WARNINGSSETTINGS_TEXT</Tag>
		<English>Warnings on Settings tab</English>
		<French>Warnings on Settings tab</French>
		<German>BUFFY-Warnungen bei Einstellungen</German>
		<Italian>Mostra gli avvertimenti nelle Impostazioni</Italian>
		<Spanish>Warnings on Settings tab</Spanish>
	</TEXT>
	<TEXT>
		<Tag>TXT_KEY_BUG_OPT_BUFFY__WARNINGSSETTINGS_HOVER</Tag>
		<English>When checked, BUFFY warnings are shown on the Settings tab of the Victory Screen.</English>
		<French>When checked, BUFFY warnings are shown on the Settings tab of the Victory Screen.</French>
		<German>Zeigt die BUFFY-Warnungen beim Bildschirm "Einstellungen"</German>
		<Italian>Quando &#232; selezionato, mostra gli avvenimenti del BUFFY Mod nella schermata delle Impostazioni.</Italian>
		<Spanish>When checked, BUFFY warnings are shown on the Settings tab of the Victory Screen.</Spanish>
	</TEXT>

<!-- BUFFY_CIV4GameText -->

	<TEXT>
		<Tag>TXT_KEY_BUFFY_INVALID_HOF_GOTM</Tag>
		<English>[COLOR_WARNING_TEXT]Warning:[COLOR_REVERT] This game is not valid for HOF or GOTM use.</English>
		<French>[COLOR_WARNING_TEXT]Warning:[COLOR_REVERT] This game is not valid for HOF or GOTM use.</French>
		<German>[COLOR_WARNING_TEXT]Warnung:[COLOR_REVERT] Diese Partie ist nicht zul&#228;ssig zur Verwendung mit HOF oder GOTM.</German>
		<Italian>[COLOR_WARNING_TEXT]Attenzione:[COLOR_REVERT] questa partita non &#232; valida per l'uso con HOF o GOTM.</Italian>
		<Spanish>[COLOR_WARNING_TEXT]Warning:[COLOR_REVERT] This game is not valid for HOF or GOTM use.</Spanish>
	</TEXT>
	<TEXT>
		<Tag>TXT_KEY_BUFFY_INVALID_HOF</Tag>
		<English>[COLOR_WARNING_TEXT]HOF Warning:[COLOR_REVERT] This game is not valid for HOF use. See the Settings page of the Victory screen for details.</English>
		<French>[COLOR_WARNING_TEXT]HOF Warning:[COLOR_REVERT] This game is not valid for HOF use. See the Settings page of the Victory screen for details.</French>
		<German>[COLOR_WARNING_TEXT]HOF-Warnung:[COLOR_REVERT] Diese Partie ist nicht zul&#228;ssig zur Verwendung mit HOF. Beachten Sie die Seite "Einstellungen" im Sieg-Bildschirm.</German>
		<Italian>[COLOR_WARNING_TEXT]Avviso HOF:[COLOR_REVERT] questa partita non &#232; valida per l'uso con HOF. Per maggiori dettagli, guarda la pagina delle Impostazioni nella Schermata di Vittoria.</Italian>
		<Spanish>[COLOR_WARNING_TEXT]HOF Warning:[COLOR_REVERT] This game is not valid for HOF use. See the Settings page of the Victory screen for details.</Spanish>
	</TEXT>
	<TEXT>
		<Tag>TXT_KEY_BUFFYWARNING_NOT_VALID</Tag>
		<English>This game is not valid for HOF use. See the [COLOR_WARNING_TEXT]highlighted[COLOR_REVERT] in the boxes below for the specific invalid settings.</English>
		<French>This game is not valid for HOF use. See the [COLOR_WARNING_TEXT]highlighted[COLOR_REVERT] in the boxes below for the specific invalid settings.</French>
		<German>Diese Partie ist nicht zul&#228;ssig zur Verwendung mit HOF. Beachten Sie die [COLOR_WARNING_TEXT]hervorgehobenen[COLOR_REVERT] Einstellungen in den Feldern unten, um diese entsprechend zu &#228;ndern.</German>
		<Italian>Questa partita non &#232; valida per l'uso con HOF. Vedi la parte [COLOR_WARNING_TEXT]evidenziata[COLOR_REVERT] nelle caselle sottostanti per le specifiche impostazioni non valide.</Italian>
		<Spanish>This game is not valid for HOF use. See the [COLOR_WARNING_TEXT]highlighted[COLOR_REVERT] in the boxes below for the specific invalid settings.</Spanish>
	</TEXT>
	<TEXT>
		<Tag>TXT_KEY_BUFFYWARNING</Tag>
		<English>HOF Warning</English>
		<French>HOF Warning</French>
		<German>HOF-Warnung</German>
		<Italian>Avviso HOF</Italian>
		<Spanish>HOF Warning</Spanish>
	</TEXT>
	<TEXT>
		<Tag>TXT_KEY_BUFFYWARNING_MAC</Tag>
		<English>[COLOR_WARNING_TEXT]Mac Players cannot submit HoF Entries[COLOR_REVERT]</English>
		<French>[COLOR_WARNING_TEXT]Mac Players cannot submit HoF Entries[COLOR_REVERT]</French>
		<German>[COLOR_WARNING_TEXT]Mac-Spieler k&#246;nnen keine HoF-Ergebnisse einreichen[COLOR_REVERT]</German>
		<Italian>[COLOR_WARNING_TEXT]Mac Players cannot submit HoF Entries[COLOR_REVERT]</Italian>
		<Spanish>[COLOR_WARNING_TEXT]Mac Players cannot submit HoF Entries[COLOR_REVERT]</Spanish>
	</TEXT>
	<TEXT>
		<Tag>TXT_KEY_BUFFYWARNING_NO_TEAMS</Tag>
		<English>[COLOR_WARNING_TEXT]Team play is not allowed[COLOR_REVERT]</English>
		<French>[COLOR_WARNING_TEXT]Team play is not allowed[COLOR_REVERT]</French>
		<German>[COLOR_WARNING_TEXT]Verb&#252;ndete sind nicht erlaubt[COLOR_REVERT]</German>
		<Italian>[COLOR_WARNING_TEXT]Il gioco di squadra non &#232; consentito[COLOR_REVERT]</Italian>
		<Spanish>[COLOR_WARNING_TEXT]Team play is not allowed[COLOR_REVERT]</Spanish>
	</TEXT>
	<TEXT>
		<Tag>TXT_KEY_BUFFYWARNING_MULT_LEADERS</Tag>
		<English>[COLOR_WARNING_TEXT]%s1 has been chosen %d2 times[COLOR_REVERT]</English>
		<French>[COLOR_WARNING_TEXT]%s1 has been chosen %d2 times[COLOR_REVERT]</French>
		<German>[COLOR_WARNING_TEXT]%s1 wurde %d2x gew&#228;hlt[COLOR_REVERT]</German>
		<Italian>[COLOR_WARNING_TEXT]%s1 &#232; stato scelto %d2 volte[COLOR_REVERT]</Italian>
		<Spanish>[COLOR_WARNING_TEXT]%s1 has been chosen %d2 times[COLOR_REVERT]</Spanish>
	</TEXT>
	<TEXT>
		<Tag>TXT_KEY_BUFFYWARNING_TOO_FEW_OPPONENTS</Tag>
		<English>[COLOR_WARNING_TEXT]%d1 or more opponents are required for a %s2[COLOR_REVERT]</English>
		<French>[COLOR_WARNING_TEXT]%d1 or more opponents are required for a %s2[COLOR_REVERT]</French>
		<German>[COLOR_WARNING_TEXT]%d1 oder mehr Gegner sind erforderlich f&#252;r ein %s2[COLOR_REVERT]</German>
		<Italian>[COLOR_WARNING_TEXT]Sono necessari %d1 o pi&#249; avversari per un %s2[COLOR_REVERT]</Italian>
		<Spanish>[COLOR_WARNING_TEXT]%d1 or more opponents are required for a %s2[COLOR_REVERT]</Spanish>
	</TEXT>
	<TEXT>
		<Tag>TXT_KEY_BUFFYWARNING_TOO_MANY_OPPONENTS</Tag>
		<English>[COLOR_WARNING_TEXT]%d1 or less opponents are required for a %s2[COLOR_REVERT]</English>
		<French>[COLOR_WARNING_TEXT]%d1 or less opponents are required for a %s2[COLOR_REVERT]</French>
		<German>[COLOR_WARNING_TEXT]%d1 oder weniger Gegner sind erforderlich f&#252;r ein %s2[COLOR_REVERT]</German>
		<Italian>[COLOR_WARNING_TEXT]Sono necessari %d1 o meno avversari per un %s2[COLOR_REVERT]</Italian>
		<Spanish>[COLOR_WARNING_TEXT]%d1 or less opponents are required for a %s2[COLOR_REVERT]</Spanish>
	</TEXT>
	<TEXT>
		<Tag>TXT_KEY_BUFFYWARNING_INSTALL_LOCATION</Tag>
		<English>[COLOR_WARNING_TEXT]BUFFY must be installed to:[COLOR_REVERT]</English>
		<French>[COLOR_WARNING_TEXT]BUFFY must be installed to:[COLOR_REVERT]</French>
		<German>[COLOR_WARNING_TEXT]BUFFY muss hier installiert sein:[COLOR_REVERT]</German>
		<Italian>[COLOR_WARNING_TEXT]BUFFY deve essere installato in:[COLOR_REVERT]</Italian>
		<Spanish>[COLOR_WARNING_TEXT]BUFFY must be installed to:[COLOR_REVERT]</Spanish>
	</TEXT>
	<TEXT>
		<Tag>TXT_KEY_BUFFYWARNING_MULTI_PLAYER_NOT_ALLOWED</Tag>
		<English>[COLOR_WARNING_TEXT]Multi-player games not allowed[COLOR_REVERT]</English>
		<French>[COLOR_WARNING_TEXT]Multi-player games not allowed[COLOR_REVERT]</French>
		<German>[COLOR_WARNING_TEXT]Multiplayer-Partien nicht erlaubt[COLOR_REVERT]</German>
		<Italian>[COLOR_WARNING_TEXT]Le partite in multi-player non sono consentite[COLOR_REVERT]</Italian>
		<Spanish>[COLOR_WARNING_TEXT]Multi-player games not allowed[COLOR_REVERT]</Spanish>
	</TEXT>
	<TEXT>
		<Tag>TXT_KEY_BUFFYWARNING_DLL_MISSING</Tag>
		<English>[COLOR_WARNING_TEXT]The BUFFY DLL is missing.[COLOR_REVERT]</English>
		<French>[COLOR_WARNING_TEXT]The BUFFY DLL is missing.[COLOR_REVERT]</French>
		<German>[COLOR_WARNING_TEXT]Die BUFFY-DLL fehlt[COLOR_REVERT]</German>
		<Italian>[COLOR_WARNING_TEXT]The BUFFY DLL is missing.[COLOR_REVERT]</Italian>
		<Spanish>[COLOR_WARNING_TEXT]The BUFFY DLL is missing.[COLOR_REVERT]</Spanish>
	</TEXT>
	<TEXT>
		<Tag>TXT_KEY_BUFFYWARNING_CHECKSUM_SKIPPED</Tag>
		<English>[COLOR_WARNING_TEXT]Skipped Checksum.[COLOR_REVERT]</English>
		<French>[COLOR_WARNING_TEXT]Skipped Checksum.[COLOR_REVERT]</French>
		<German>[COLOR_WARNING_TEXT]Pr&#252;fsumme &#252;bersprungen.[COLOR_REVERT]</German>
		<Italian>[COLOR_WARNING_TEXT]Checksum saltato.[COLOR_REVERT]</Italian>
		<Spanish>[COLOR_WARNING_TEXT]Skipped Checksum.[COLOR_REVERT]</Spanish>
	</TEXT>
	<TEXT>
		<Tag>TXT_KEY_BUFFYWARNING_CHECKSUM_MISSING</Tag>
		<English>[COLOR_WARNING_TEXT]CRCs are missing. This game can't be used. Check Locked Modified Assets if unchecked.[COLOR_REVERT]</English>
		<French>[COLOR_WARNING_TEXT]CRCs are missing. This game can't be used. Check Locked Modified Assets if unchecked.[COLOR_REVERT]</French>
		<German>[COLOR_WARNING_TEXT]CRC-Werte fehlen. Diese Partie kann nicht verwendet werden. Aktivieren Sie "Locked Modified Assets", falls diese Option deaktiviert ist.[COLOR_REVERT]</German>
		<Italian>[COLOR_WARNING_TEXT]Mancano i CRC. Questa partita non pu&#242; essere usata. Seleziona 'Locked Modified Assets' (se non lo &#232; gi&#224;).[COLOR_REVERT]</Italian>
		<Spanish>[COLOR_WARNING_TEXT]CRCs are missing. This game can't be used. Check Locked Modified Assets if unchecked.[COLOR_REVERT]</Spanish>
	</TEXT>
	<TEXT>
		<Tag>TXT_KEY_BUFFYWARNING_CHECKSUM_DIFFERENT</Tag>
		<English>[COLOR_WARNING_TEXT]The assets are different from a standard install. Contact the HOF staff.[COLOR_REVERT]</English>
		<French>[COLOR_WARNING_TEXT]The assets are different from a standard install. Contact the HOF staff.[COLOR_REVERT]</French>
		<German>[COLOR_WARNING_TEXT]Die Dateien unterscheiden sich von einer Standard-Installation. Kontaktieren Sie das HOF-Team.[COLOR_REVERT]</German>
		<Italian>[COLOR_WARNING_TEXT]'Assets' differenti da quelli di una partita standard; contatta lo Staff HOF.[COLOR_REVERT]</Italian>
		<Spanish>[COLOR_WARNING_TEXT]The assets are different from a standard install. Contact the HOF staff.[COLOR_REVERT]</Spanish>
	</TEXT>
	<TEXT>
		<Tag>TXT_KEY_BUFFYWARNING_CHECKSUM_FAILED</Tag>
		<English>[COLOR_WARNING_TEXT]Failed to check CRCs.[COLOR_REVERT]</English>
		<French>[COLOR_WARNING_TEXT]Failed to check CRCs.[COLOR_REVERT]</French>
		<German>[COLOR_WARNING_TEXT]Pr&#252;fung der CRC-Werte fehlgeschlagen.[COLOR_REVERT]</German>
		<Italian>[COLOR_WARNING_TEXT]Controllo dei CRC fallito.[COLOR_REVERT]</Italian>
		<Spanish>[COLOR_WARNING_TEXT]Failed to check CRCs.[COLOR_REVERT]</Spanish>
	</TEXT>
	<TEXT>
		<Tag>TXT_KEY_BUFFYWARNING_VICTORY_CONDITIONS</Tag>
		<English>[COLOR_WARNING_TEXT]All Victory Conditions must be enabled. The following are missing:[COLOR_REVERT]</English>
		<French>[COLOR_WARNING_TEXT]All Victory Conditions must be enabled. The following are missing:[COLOR_REVERT]</French>
		<German>[COLOR_WARNING_TEXT]Alle Siegbedingungen m&#252;ssen aktiviert sein. Die folgenden sind deaktiviert:[COLOR_REVERT]</German>
		<Italian>[COLOR_WARNING_TEXT]Tutte le Condizioni di Vittoria devono essere abilitate; mancano le seguenti:[COLOR_REVERT]</Italian>
		<Spanish>[COLOR_WARNING_TEXT]All Victory Conditions must be enabled. The following are missing:[COLOR_REVERT]</Spanish>
	</TEXT>
	<TEXT>
		<Tag>TXT_KEY_BUFFYWARNING_REQUIRED</Tag>
		<English>[COLOR_WARNING_TEXT](Required)[COLOR_REVERT]</English>
		<French>[COLOR_WARNING_TEXT](Required)[COLOR_REVERT]</French>
		<German>[COLOR_WARNING_TEXT](erforderlich)[COLOR_REVERT]</German>
		<Italian>[COLOR_WARNING_TEXT](Required)[COLOR_REVERT]</Italian>
		<Spanish>[COLOR_WARNING_TEXT](Required)[COLOR_REVERT]</Spanish>
	</TEXT>
	<TEXT>
		<Tag>TXT_KEY_BUFFYWARNING_NOT_ALLOWED</Tag>
		<English>[COLOR_WARNING_TEXT](Not allowed)[COLOR_REVERT]</English>
		<French>[COLOR_WARNING_TEXT](Not allowed)[COLOR_REVERT]</French>
		<German>[COLOR_WARNING_TEXT](Nicht erlaubt)[COLOR_REVERT]</German>
		<Italian>[COLOR_WARNING_TEXT](non consentito)[COLOR_REVERT]</Italian>
		<Spanish>[COLOR_WARNING_TEXT](Not allowed)[COLOR_REVERT]</Spanish>
	</TEXT>
	<TEXT>
		<Tag>TXT_KEY_BUFFYWARNING_BALANCED_RESOUCES_NOT_ALLOWED</Tag>
		<English>[COLOR_WARNING_TEXT]Balanced resources not allowed[COLOR_REVERT]</English>
		<French>[COLOR_WARNING_TEXT]Balanced resources not allowed[COLOR_REVERT]</French>
		<German>[COLOR_WARNING_TEXT]Ausgewogene Ressourcen sind nicht erlaubt[COLOR_REVERT]</German>
		<Italian>[COLOR_WARNING_TEXT]Il bilanciamento delle Risorse non &#232; consentito[COLOR_REVERT]</Italian>
		<Spanish>[COLOR_WARNING_TEXT]Balanced resources not allowed[COLOR_REVERT]</Spanish>
	</TEXT>
</Civ4GameText>
