<?xml version="1.0" encoding="utf-8" ?>
<!--Customizable Domestic Advisor
	Options Game Text
	Copyright (c) 2009 The BUG Mod.
	Various Interface Label Translations
	Copyright (c) 2007 The BUG Mod -->
<Civ4GameText xmlns="http://www.firaxis.com">
<!-- BUG_CIV4GameText -->

	<!-- Customizable Domestic Advisor -->
	<TEXT>
		<Tag>TXT_KEY_CONCEPT_SETTLED_SPECIALISTS</Tag>
		<English>Settled Specialists</English>
		<French>
			<Text>Sp&#233;cialistes</Text>
			<Gender>Male</Gender>
			<Plural>1</Plural>
		</French>
		<German>
			<Text>Spezialisten</Text>
			<Gender>Male</Gender>
			<Plural>0</Plural>
		</German>
		<Italian>
			<Text>Specialisti</Text>
			<Gender>Male</Gender>
			<Plural>0:1</Plural>
		</Italian>
		<Spanish>
			<Text>Especialistas</Text>
			<Gender>Male</Gender>
			<Plural>1</Plural>
		</Spanish>
	</TEXT>

<!-- CustDomAdv Options -->

	<TEXT>
		<Tag>TXT_KEY_BUG_OPT_CUSTDOMADV__ENABLED_TEXT</Tag>
		<English>Customizable</English>
		<French>Personnalisable</French>
		<German>CDA aktivieren</German>
		<Italian>Personalizzabile</Italian>
		<Spanish>Customizable</Spanish>
	</TEXT>
	<TEXT>
		<Tag>TXT_KEY_BUG_OPT_CUSTDOMADV__ENABLED_HOVER</Tag>
		<English>When checked, uses the Customizable Domestic Advisor (requires restart).</English>
		<French>En activant, utilise le Customizable Domestic Advisor (requi&#232;rt un red&#233;marrage).</French>
		<German>Aktiviert den anpassbaren Inlandsberater (verwendet Cammagnos "Customizable Domestic Advisor Pages"-Mod; erfordert Neustart)</German>
		<Italian>Quando &#232; selezionato, utilizza il Consigliere Interno personalizzabile del Customizable Domestic Advisor Mod (&#232; richiesto un riavvio perch&#232; il cambio abbia effetto).</Italian>
		<Spanish>When checked, uses the Customizable Domestic Advisor (requires restart).</Spanish>
	</TEXT>
	<TEXT>
		<Tag>TXT_KEY_BUG_OPT_CUSTDOMADV__SPACETOP_TEXT</Tag>
		<English>Space Above</English>
		<French>Space Above</French>
		<German>Oberer Abstand</German>
		<Italian>Spazio superiore</Italian>
		<Spanish>Space Above</Spanish>
	</TEXT>
	<TEXT>
		<Tag>TXT_KEY_BUG_OPT_CUSTDOMADV__SPACETOP_LIST</Tag>
		<English>None|Small|Medium|Large</English>
		<French>None|Small|Medium|Large</French>
		<German>Keiner|Schmal|Mittel|Gro&#223;</German>
		<Italian>Nessuno|Piccolo|Medio|Ampio</Italian>
		<Spanish>None|Small|Medium|Large</Spanish>
	</TEXT>
	<TEXT>
		<Tag>TXT_KEY_BUG_OPT_CUSTDOMADV__SPACETOP_HOVER</Tag>
		<English>Select the amount of space to leave above the Customizable Domestic Advisor screen:[NEWLINE][ICON_BULLET][COLOR_HIGHLIGHT_TEXT]None[COLOR_REVERT] - No space at all.[NEWLINE][ICON_BULLET][COLOR_HIGHLIGHT_TEXT]Small[COLOR_REVERT] - Enough space to show the turn indicator and treasury.[NEWLINE][ICON_BULLET][COLOR_HIGHLIGHT_TEXT]Medium[COLOR_REVERT] - Enough space to show the advisor buttons.[NEWLINE][ICON_BULLET][COLOR_HIGHLIGHT_TEXT]Large[COLOR_REVERT] - Enough space to show all the culture sliders.</English>
		<French>Select the amount of space to leave above the Customizable Domestic Advisor screen:[NEWLINE][ICON_BULLET][COLOR_HIGHLIGHT_TEXT]None[COLOR_REVERT] - No space at all.[NEWLINE][ICON_BULLET][COLOR_HIGHLIGHT_TEXT]Small[COLOR_REVERT] - Enough space to show the turn indicator and treasury.[NEWLINE][ICON_BULLET][COLOR_HIGHLIGHT_TEXT]Medium[COLOR_REVERT] - Enough space to show the advisor buttons.[NEWLINE][ICON_BULLET][COLOR_HIGHLIGHT_TEXT]Large[COLOR_REVERT] - Enough space to show all the culture sliders.</French>
		<German>Bestimmt den Abstand, den der anpassbare Inlandsberater zum oberen Bildschirmrand einhalten soll:[NEWLINE][ICON_BULLET][COLOR_HIGHLIGHT_TEXT]Keiner[COLOR_REVERT] - Kein Abstand[NEWLINE][ICON_BULLET][COLOR_HIGHLIGHT_TEXT]Schmal[COLOR_REVERT] - Genug Platz, um die aktuelle Runde und die Goldmenge zu sehen[NEWLINE][ICON_BULLET][COLOR_HIGHLIGHT_TEXT]Mittel[COLOR_REVERT] - Genug Platz, um die Schaltfl&#228;chen f&#252;r die Berater zu sehen[NEWLINE][ICON_BULLET][COLOR_HIGHLIGHT_TEXT]Gro&#223;[COLOR_REVERT] - Genug Platz, um die Einstellungen f&#252;r die Investitionsanteile zu sehen</German>
		<Italian>Seleziona la quantit&#224; di spazio da lasciare al di sopra della schermata del Consigliere Interno:[NEWLINE][ICON_BULLET][COLOR_HIGHLIGHT_TEXT]Nessuno[COLOR_REVERT] - non viene lasciato alcuno spazio;[NEWLINE][ICON_BULLET][COLOR_HIGHLIGHT_TEXT]Piccolo[COLOR_REVERT] - viene lasciato spazio a sufficienza per mostrare l'orologio ed il tesoro;[NEWLINE][ICON_BULLET][COLOR_HIGHLIGHT_TEXT]Medio[COLOR_REVERT] - viene lasciato spazio a sufficienza per mostrare i pulsanti dei consiglieri;[NEWLINE][ICON_BULLET][COLOR_HIGHLIGHT_TEXT]Ampio[COLOR_REVERT] - viene lasciato spazio a sufficienza per mostrare i regolatori percentuali.</Italian>
		<Spanish>Select the amount of space to leave above the Customizable Domestic Advisor screen:[NEWLINE][ICON_BULLET][COLOR_HIGHLIGHT_TEXT]None[COLOR_REVERT] - No space at all.[NEWLINE][ICON_BULLET][COLOR_HIGHLIGHT_TEXT]Small[COLOR_REVERT] - Enough space to show the turn indicator and treasury.[NEWLINE][ICON_BULLET][COLOR_HIGHLIGHT_TEXT]Medium[COLOR_REVERT] - Enough space to show the advisor buttons.[NEWLINE][ICON_BULLET][COLOR_HIGHLIGHT_TEXT]Large[COLOR_REVERT] - Enough space to show all the culture sliders.</Spanish>
	</TEXT>
	<TEXT>
		<Tag>TXT_KEY_BUG_OPT_CUSTDOMADV__SPACESIDES_TEXT</Tag>
		<English>Space to Sides</English>
		<French>Space to Sides</French>
		<German>Seitenabstand</German>
		<Italian>Spazio laterale</Italian>
		<Spanish>Space to Sides</Spanish>
	</TEXT>
	<TEXT>
		<Tag>TXT_KEY_BUG_OPT_CUSTDOMADV__SPACESIDES_LIST</Tag>
		<English>None|Small|Medium|Large|Large Left</English>
		<French>None|Small|Medium|Large|Large Left</French>
		<German>Keiner|Schmal|Mittel|Gro&#223;|Nur Links</German>
		<Italian>Nessuno|Piccolo|Medio|Ampio|Ampio a sin.</Italian>
		<Spanish>None|Small|Medium|Large|Large Left</Spanish>
	</TEXT>
	<TEXT>
		<Tag>TXT_KEY_BUG_OPT_CUSTDOMADV__SPACESIDES_HOVER</Tag>
		<English>Select the amount of space to leave to the sides of the Customizable Domestic Advisor screen:[NEWLINE][ICON_BULLET][COLOR_HIGHLIGHT_TEXT]None[COLOR_REVERT] - No space at all.[NEWLINE][ICON_BULLET][COLOR_HIGHLIGHT_TEXT]Small[COLOR_REVERT] - Same amount of space as Foreign and Military Advisors.[NEWLINE][ICON_BULLET][COLOR_HIGHLIGHT_TEXT]Medium[COLOR_REVERT] - Twice the space as Foreign and Military Advisors.[NEWLINE][ICON_BULLET][COLOR_HIGHLIGHT_TEXT]Large[COLOR_REVERT] - Enough space to show all the culture sliders on the left and same amount of space on the right.[NEWLINE][ICON_BULLET][COLOR_HIGHLIGHT_TEXT]Large Left[COLOR_REVERT] - Enough space to show all the culture sliders to the left but just a small amount of space on the right.</English>
		<French>Select the amount of space to leave to the sides of the Customizable Domestic Advisor screen:[NEWLINE][ICON_BULLET][COLOR_HIGHLIGHT_TEXT]None[COLOR_REVERT] - No space at all.[NEWLINE][ICON_BULLET][COLOR_HIGHLIGHT_TEXT]Small[COLOR_REVERT] - Same amount of space as Foreign and Military Advisors.[NEWLINE][ICON_BULLET][COLOR_HIGHLIGHT_TEXT]Medium[COLOR_REVERT] - Twice the space as Foreign and Military Advisors.[NEWLINE][ICON_BULLET][COLOR_HIGHLIGHT_TEXT]Large[COLOR_REVERT] - Enough space to show all the culture sliders on the left and same amount of space on the right.[NEWLINE][ICON_BULLET][COLOR_HIGHLIGHT_TEXT]Large Left[COLOR_REVERT] - Enough space to show all the culture sliders to the left but just a small amount of space on the right.</French>
		<German>Bestimmt den Abstand, den der anpassbare Inlandsberater zum linken und rechten Bildschirmrand einhalten soll:[NEWLINE][ICON_BULLET][COLOR_HIGHLIGHT_TEXT]Keiner[COLOR_REVERT] - Kein Abstand[NEWLINE][ICON_BULLET][COLOR_HIGHLIGHT_TEXT]Schmal[COLOR_REVERT] - Entspricht dem gleichen Abstand wie bei Auslands- und Milit&#228;rberater[NEWLINE][ICON_BULLET][COLOR_HIGHLIGHT_TEXT]Mittel[COLOR_REVERT] - Entspricht dem doppelten Abstand wie bei Auslands- und Milit&#228;rberater[NEWLINE][ICON_BULLET][COLOR_HIGHLIGHT_TEXT]Gro&#223;[COLOR_REVERT] - Genug Platz, um links die Einstellungen f&#252;r die Investitionsanteile zu sehen, wobei rechts der gleiche Abstand gelassen wird[NEWLINE][ICON_BULLET][COLOR_HIGHLIGHT_TEXT]Nur Links[COLOR_REVERT] - Genug Platz, um die Einstellungen f&#252;r die Investitionsanteile zu sehen, wobei rechts nur ein geringer Abstand gelassen wird</German>
		<Italian>Seleziona la quantit&#224; di spazio da lasciare lateralmente alla schermata del Consigliere Interno:[NEWLINE][ICON_BULLET][COLOR_HIGHLIGHT_TEXT]Nessuno[COLOR_REVERT] - non viene lasciato alcuno spazio;[NEWLINE][ICON_BULLET][COLOR_HIGHLIGHT_TEXT]Piccolo[COLOR_REVERT] - viene lasciata la stessa quantit&#224; di spazio delle schermate del Consigliere Estero e del Consigliere Militare;[NEWLINE][ICON_BULLET][COLOR_HIGHLIGHT_TEXT]Medio[COLOR_REVERT] - viene lasciato il doppio della quantit&#224; di spazio delle schermate del Consigliere Estero e del Consigliere Militare;[NEWLINE][ICON_BULLET][COLOR_HIGHLIGHT_TEXT]Ampio[COLOR_REVERT] - viene lasciato spazio a sufficienza per mostrare i regolatori percentuali sulla sinistra e una quantit&#224; uguale sulla destra;[NEWLINE][ICON_BULLET][COLOR_HIGHLIGHT_TEXT]Ampio a sin.[COLOR_REVERT] - viene lasciato spazio a sufficienza per mostrare i regolatori percentuali sulla sinistra, mentre sulla destra viene lasciato la stessa quantit&#224; di spazio delle schermate del Consigliere Estero e del Consigliere Militare.</Italian>
		<Spanish>Select the amount of space to leave to the sides of the Customizable Domestic Advisor screen:[NEWLINE][ICON_BULLET][COLOR_HIGHLIGHT_TEXT]None[COLOR_REVERT] - No space at all.[NEWLINE][ICON_BULLET][COLOR_HIGHLIGHT_TEXT]Small[COLOR_REVERT] - Same amount of space as Foreign and Military Advisors.[NEWLINE][ICON_BULLET][COLOR_HIGHLIGHT_TEXT]Medium[COLOR_REVERT] - Twice the space as Foreign and Military Advisors.[NEWLINE][ICON_BULLET][COLOR_HIGHLIGHT_TEXT]Large[COLOR_REVERT] - Enough space to show all the culture sliders on the left and same amount of space on the right.[NEWLINE][ICON_BULLET][COLOR_HIGHLIGHT_TEXT]Large Left[COLOR_REVERT] - Enough space to show all the culture sliders to the left but just a small amount of space on the right.</Spanish>
	</TEXT>
	<TEXT>
		<Tag>TXT_KEY_BUG_OPT_CUSTDOMADV__PRODUCTIONGROUPING_TEXT</Tag>
		<English>Production Grouping</English>
		<French>Production Grouping</French>
		<German>Produktgruppen</German>
		<Italian>Produzione</Italian>
		<Spanish>Production Grouping</Spanish>
	</TEXT>
	<TEXT>
		<Tag>TXT_KEY_BUG_OPT_CUSTDOMADV__PRODUCTIONGROUPING_LIST</Tag>
		<English>None|Icons|Colors|Both</English>
		<French>None|Icons|Colors|Both</French>
		<German>Keine|Symbole|Farben|Beides</German>
		<Italian>Nulla|Icone|Colori|Entrambi</Italian>
		<Spanish>None|Icons|Colors|Both</Spanish>
	</TEXT>
	<TEXT>
		<Tag>TXT_KEY_BUG_OPT_CUSTDOMADV__PRODUCTIONGROUPING_HOVER</Tag>
		<English>Select grouping options for the production list on the Customizable Domestic Advisor screen:[NEWLINE][ICON_BULLET][COLOR_HIGHLIGHT_TEXT]None[COLOR_REVERT] - No special grouping.[NEWLINE][ICON_BULLET][COLOR_HIGHLIGHT_TEXT]Icons[COLOR_REVERT] - Production items prefaced by icons denoting the type of item which keeps them grouped together when sorting.[NEWLINE][ICON_BULLET][COLOR_HIGHLIGHT_TEXT]Colors[COLOR_REVERT] - Production items colored based on the type of item.[NEWLINE][ICON_BULLET][COLOR_HIGHLIGHT_TEXT]Both[COLOR_REVERT] - Production items prefaced by icons and colored based on the type of item.</English>
		<French>Select grouping options for the production list on the Customizable Domestic Advisor screen:[NEWLINE][ICON_BULLET][COLOR_HIGHLIGHT_TEXT]None[COLOR_REVERT] - No special grouping.[NEWLINE][ICON_BULLET][COLOR_HIGHLIGHT_TEXT]Icons[COLOR_REVERT] - Production items prefaced by icons denoting the type of item which keeps them grouped together when sorting.[NEWLINE][ICON_BULLET][COLOR_HIGHLIGHT_TEXT]Colors[COLOR_REVERT] - Production items colored based on the type of item.[NEWLINE][ICON_BULLET][COLOR_HIGHLIGHT_TEXT]Both[COLOR_REVERT] - Production items prefaced by icons and colored based on the type of item.</French>
		<German>Bestimmt die Gruppierungseinstellungen f&#252;r die Spalte "Produktion" im "Customizable Domestic Advisor" (CDA):[NEWLINE][ICON_BULLET][COLOR_HIGHLIGHT_TEXT]Keine[COLOR_REVERT] - Keine besondere Gruppierung[NEWLINE][ICON_BULLET][COLOR_HIGHLIGHT_TEXT]Symbole[COLOR_REVERT] - Produzierte Objekte erhalten entsprechend ihrer Art vorangestellte Symbole, wobei die Gruppierung auch nach einer Sortierung erhalten bleibt[NEWLINE][ICON_BULLET][COLOR_HIGHLIGHT_TEXT]Farben[COLOR_REVERT] - Produzierte Objekte werden entsprechend ihrer Art eingef&#228;rbt[NEWLINE][ICON_BULLET][COLOR_HIGHLIGHT_TEXT]Beides[COLOR_REVERT] - Produzierte Objekte erhalten entsprechend ihrer Art vorangestellte Symbole und werden gleichzeitig eingef&#228;rbt</German>
		<Italian>Seleziona l'opzione di raggruppamento per la lista di produzione nella schermata del Consigliere Interno Personalizzabile (CDA):[NEWLINE][ICON_BULLET][COLOR_HIGHLIGHT_TEXT]Nulla[COLOR_REVERT] - Nessun raggruppamento.[NEWLINE][ICON_BULLET][COLOR_HIGHLIGHT_TEXT]Icone[COLOR_REVERT] - Gli oggetti in produzione vengono preceduti da icone che mostrano il tipo di oggetto e mantengono insieme gli oggetti dello stesso tipo quando il Pannello del Punteggio viene ordinato in base a questo parametro.[NEWLINE][ICON_BULLET][COLOR_HIGHLIGHT_TEXT]Colori[COLOR_REVERT] - Il nome degli oggetti in produzione viene colorato in base al tipo di oggetto.[NEWLINE][ICON_BULLET][COLOR_HIGHLIGHT_TEXT]Entrambi[COLOR_REVERT] - Il nome degli oggetti in produzione viene colorato in base al tipo dell'oggetto e preceduto da una icona opportuna.</Italian>
		<Spanish>Select grouping options for the production list on the Customizable Domestic Advisor screen:[NEWLINE][ICON_BULLET][COLOR_HIGHLIGHT_TEXT]None[COLOR_REVERT] - No special grouping.[NEWLINE][ICON_BULLET][COLOR_HIGHLIGHT_TEXT]Icons[COLOR_REVERT] - Production items prefaced by icons denoting the type of item which keeps them grouped together when sorting.[NEWLINE][ICON_BULLET][COLOR_HIGHLIGHT_TEXT]Colors[COLOR_REVERT] - Production items colored based on the type of item.[NEWLINE][ICON_BULLET][COLOR_HIGHLIGHT_TEXT]Both[COLOR_REVERT] - Production items prefaced by icons and colored based on the type of item.</Spanish>
	</TEXT>

<!-- CustDomAdv_CIV4GameText -->

	<TEXT>
		<!-- These are modified copies of TXT_KEY_RELIGION_FREE_XP 
			 which remove the plus in front of the number and add
			 parentheses around everything -->
		<Tag>TXT_KEY_CDA_BASE_XP</Tag>
		<English>(%d1 XP)</English>
		<French>(%d1 EXP)</French>
		<German>(%d1 EP)</German>
		<Italian>(%d1 XP)</Italian>
		<Spanish>(%d1 PX)</Spanish>
	</TEXT>
	<!-- Button Hovers -->
	<TEXT>
		<Tag>TXT_KEY_CDA_SELECT_PAGE</Tag>
		<English>[COLOR_HIGHLIGHT_TEXT]Switch Page[COLOR_REVERT][NEWLINE]Select any page in the list to switch to it</English>
		<French>[COLOR_HIGHLIGHT_TEXT]Switch Page[COLOR_REVERT][NEWLINE]Select any page in the list to switch to it</French>
		<German>[COLOR_HIGHLIGHT_TEXT]Seite w&#228;hlen[COLOR_REVERT][NEWLINE]Direkt zur gew&#228;hlten Seite der Liste</German>
		<Italian>[COLOR_HIGHLIGHT_TEXT]Switch Page[COLOR_REVERT][NEWLINE]Select any page in the list to switch to it</Italian>
		<Spanish>[COLOR_HIGHLIGHT_TEXT]Switch Page[COLOR_REVERT][NEWLINE]Select any page in the list to switch to it</Spanish>
	</TEXT>
	<TEXT>
		<Tag>TXT_KEY_CDA_PREV_PAGE</Tag>
		<English>[COLOR_HIGHLIGHT_TEXT]Previous Page[COLOR_REVERT][NEWLINE]Switch to the previous page in the list</English>
		<French>[COLOR_HIGHLIGHT_TEXT]Previous Page[COLOR_REVERT][NEWLINE]Switch to the previous page in the list</French>
		<German>[COLOR_HIGHLIGHT_TEXT]Vorherige Seite[COLOR_REVERT][NEWLINE]Zur vorherigen Seite der Liste</German>
		<Italian>[COLOR_HIGHLIGHT_TEXT]Previous Page[COLOR_REVERT][NEWLINE]Switch to the previous page in the list</Italian>
		<Spanish>[COLOR_HIGHLIGHT_TEXT]Previous Page[COLOR_REVERT][NEWLINE]Switch to the previous page in the list</Spanish>
	</TEXT>
	<TEXT>
		<Tag>TXT_KEY_CDA_NEXT_PAGE</Tag>
		<English>[COLOR_HIGHLIGHT_TEXT]Next Page[COLOR_REVERT][NEWLINE]Switch to the next page in the list</English>
		<French>[COLOR_HIGHLIGHT_TEXT]Next Page[COLOR_REVERT][NEWLINE]Switch to the next page in the list</French>
		<German>[COLOR_HIGHLIGHT_TEXT]N&#228;chste Seite[COLOR_REVERT][NEWLINE]Zur n&#228;chsten Seite der Liste</German>
		<Italian>[COLOR_HIGHLIGHT_TEXT]Next Page[COLOR_REVERT][NEWLINE]Switch to the next page in the list</Italian>
		<Spanish>[COLOR_HIGHLIGHT_TEXT]Next Page[COLOR_REVERT][NEWLINE]Switch to the next page in the list</Spanish>
	</TEXT>
	<TEXT>
		<Tag>TXT_KEY_CDA_START_EDITING</Tag>
		<English>[COLOR_HIGHLIGHT_TEXT]Enter Edit Mode[COLOR_REVERT][NEWLINE]Show the editing controls to be able to add/remove/reorder pages and columns or change whether or not the specialist buttons are displayed</English>
		<French>[COLOR_HIGHLIGHT_TEXT]Enter Edit Mode[COLOR_REVERT][NEWLINE]Show the editing controls to be able to add/remove/reorder pages and columns or change whether or not the specialist buttons are displayed</French>
		<German>[COLOR_HIGHLIGHT_TEXT]Bearbeitungsmodus[COLOR_REVERT][NEWLINE]Ruft die Bearbeitungswerkzeuge zum Hinzuf&#252;gen/Entfernen/Organisieren von Seiten und Spalten und zum An-/Abschalten der Spezialistenschaltfl&#228;che auf</German>
		<Italian>[COLOR_HIGHLIGHT_TEXT]Enter Edit Mode[COLOR_REVERT][NEWLINE]Show the editing controls to be able to add/remove/reorder pages and columns or change whether or not the specialist buttons are displayed</Italian>
		<Spanish>[COLOR_HIGHLIGHT_TEXT]Enter Edit Mode[COLOR_REVERT][NEWLINE]Show the editing controls to be able to add/remove/reorder pages and columns or change whether or not the specialist buttons are displayed</Spanish>
	</TEXT>
	<TEXT>
		<Tag>TXT_KEY_CDA_STOP_EDITING</Tag>
		<English>[COLOR_HIGHLIGHT_TEXT]Exit Edit Mode[COLOR_REVERT][NEWLINE]Hide the editing controls to be able to see the list of cities. Don't forget to save your changes before exiting the game</English>
		<French>[COLOR_HIGHLIGHT_TEXT]Exit Edit Mode[COLOR_REVERT][NEWLINE]Hide the editing controls to be able to see the list of cities. Don't forget to save your changes before exiting the game</French>
		<German>[COLOR_HIGHLIGHT_TEXT]Bearbeitungsmodus beenden[COLOR_REVERT][NEWLINE]Versteckt die Bearbeitungswerkzeuge und ruft wieder die Stadtliste auf (Ver&#228;nderungen sollten vor Beenden des Spiels gespeichert werden)</German>
		<Italian>[COLOR_HIGHLIGHT_TEXT]Exit Edit Mode[COLOR_REVERT][NEWLINE]Hide the editing controls to be able to see the list of cities. Don't forget to save your changes before exiting the game</Italian>
		<Spanish>[COLOR_HIGHLIGHT_TEXT]Exit Edit Mode[COLOR_REVERT][NEWLINE]Hide the editing controls to be able to see the list of cities. Don't forget to save your changes before exiting the game</Spanish>
	</TEXT>
	<TEXT>
		<Tag>TXT_KEY_CDA_SAVE</Tag>
		<English>[COLOR_HIGHLIGHT_TEXT]Save[COLOR_REVERT][NEWLINE]Save any changes you have made to disk (CustDomAdv.txt)</English>
		<French>[COLOR_HIGHLIGHT_TEXT]Save[COLOR_REVERT][NEWLINE]Save any changes you have made to disk (CustDomAdv.txt)</French>
		<German>[COLOR_HIGHLIGHT_TEXT]Speichern[COLOR_REVERT][NEWLINE]Speichert die Einstellungen in der Datei CustDomAdv.txt</German>
		<Italian>[COLOR_HIGHLIGHT_TEXT]Save[COLOR_REVERT][NEWLINE]Save any changes you have made to disk (CustDomAdv.txt)</Italian>
		<Spanish>[COLOR_HIGHLIGHT_TEXT]Save[COLOR_REVERT][NEWLINE]Save any changes you have made to disk (CustDomAdv.txt)</Spanish>
	</TEXT>
	<TEXT>
		<Tag>TXT_KEY_CDA_RELOAD</Tag>
		<English>[COLOR_HIGHLIGHT_TEXT]Reload[COLOR_REVERT][NEWLINE]Load the pages from disk to revert any chanes you have made</English>
		<French>[COLOR_HIGHLIGHT_TEXT]Reload[COLOR_REVERT][NEWLINE]Load the pages from disk to revert any chanes you have made</French>
		<German>[COLOR_HIGHLIGHT_TEXT]Neu laden[COLOR_REVERT][NEWLINE]L&#228;dt die gespeicherten Einstellungen und macht die vorgenommenen Ver&#228;nderungen r&#252;ckg&#228;ngig</German>
		<Italian>[COLOR_HIGHLIGHT_TEXT]Reload[COLOR_REVERT][NEWLINE]Load the pages from disk to revert any chanes you have made</Italian>
		<Spanish>[COLOR_HIGHLIGHT_TEXT]Reload[COLOR_REVERT][NEWLINE]Load the pages from disk to revert any chanes you have made</Spanish>
	</TEXT>
	<TEXT>
		<Tag>TXT_KEY_CDA_RENAME_PAGE</Tag>
		<English>[COLOR_HIGHLIGHT_TEXT]Rename Page[COLOR_REVERT][NEWLINE]Enter a new name for the current page</English>
		<French>[COLOR_HIGHLIGHT_TEXT]Rename Page[COLOR_REVERT][NEWLINE]Enter a new name for the current page</French>
		<German>[COLOR_HIGHLIGHT_TEXT]Seite umbenennen[COLOR_REVERT][NEWLINE]Eingabe eines neuen Namens f&#252;r die aktuell gew&#228;hlte Seite</German>
		<Italian>[COLOR_HIGHLIGHT_TEXT]Rename Page[COLOR_REVERT][NEWLINE]Enter a new name for the current page</Italian>
		<Spanish>[COLOR_HIGHLIGHT_TEXT]Rename Page[COLOR_REVERT][NEWLINE]Enter a new name for the current page</Spanish>
	</TEXT>
	<TEXT>
		<Tag>TXT_KEY_CDA_ADD_PAGE</Tag>
		<English>[COLOR_HIGHLIGHT_TEXT]Add Page[COLOR_REVERT][NEWLINE]Insert a new page in the list after the current page</English>
		<French>[COLOR_HIGHLIGHT_TEXT]Add Page[COLOR_REVERT][NEWLINE]Insert a new page in the list after the current page</French>
		<German>[COLOR_HIGHLIGHT_TEXT]Seite hinzuf&#252;gen[COLOR_REVERT][NEWLINE]F&#252;gt der Liste nach der aktuell gew&#228;hlten Seite eine neue Seite hinzu</German>
		<Italian>[COLOR_HIGHLIGHT_TEXT]Add Page[COLOR_REVERT][NEWLINE]Insert a new page in the list after the current page</Italian>
		<Spanish>[COLOR_HIGHLIGHT_TEXT]Add Page[COLOR_REVERT][NEWLINE]Insert a new page in the list after the current page</Spanish>
	</TEXT>
	<TEXT>
		<Tag>TXT_KEY_CDA_REMOVE_PAGE</Tag>
		<English>[COLOR_HIGHLIGHT_TEXT]Remove Page[COLOR_REVERT][NEWLINE]Remove the current page from the list</English>
		<French>[COLOR_HIGHLIGHT_TEXT]Remove Page[COLOR_REVERT][NEWLINE]Remove the current page from the list</French>
		<German>[COLOR_HIGHLIGHT_TEXT]Seite entfernen[COLOR_REVERT][NEWLINE]Entfernt die aktuell gew&#228;hlte Seite aus der Liste</German>
		<Italian>[COLOR_HIGHLIGHT_TEXT]Remove Page[COLOR_REVERT][NEWLINE]Remove the current page from the list</Italian>
		<Spanish>[COLOR_HIGHLIGHT_TEXT]Remove Page[COLOR_REVERT][NEWLINE]Remove the current page from the list</Spanish>
	</TEXT>
	<TEXT>
		<Tag>TXT_KEY_CDA_MOVE_PAGE_UP</Tag>
		<English>[COLOR_HIGHLIGHT_TEXT]Move Page Up[COLOR_REVERT][NEWLINE]Move the current page up in the list</English>
		<French>[COLOR_HIGHLIGHT_TEXT]Move Page Up[COLOR_REVERT][NEWLINE]Move the current page up in the list</French>
		<German>[COLOR_HIGHLIGHT_TEXT]Seite nach oben verschieben[COLOR_REVERT][NEWLINE]Verschiebt die aktuell gew&#228;hlte Seite in der Liste nach oben</German>
		<Italian>[COLOR_HIGHLIGHT_TEXT]Move Page Up[COLOR_REVERT][NEWLINE]Move the current page up in the list</Italian>
		<Spanish>[COLOR_HIGHLIGHT_TEXT]Move Page Up[COLOR_REVERT][NEWLINE]Move the current page up in the list</Spanish>
	</TEXT>
	<TEXT>
		<Tag>TXT_KEY_CDA_MOVE_PAGE_DOWN</Tag>
		<English>[COLOR_HIGHLIGHT_TEXT]Move Page Down[COLOR_REVERT][NEWLINE]Move the current page down in the list</English>
		<French>[COLOR_HIGHLIGHT_TEXT]Move Page Down[COLOR_REVERT][NEWLINE]Move the current page down in the list</French>
		<German>[COLOR_HIGHLIGHT_TEXT]Seite nach unten verschieben[COLOR_REVERT][NEWLINE]Verschiebt die aktuell gew&#228;hlte Seite in der Liste nach unten</German>
		<Italian>[COLOR_HIGHLIGHT_TEXT]Move Page Down[COLOR_REVERT][NEWLINE]Move the current page down in the list</Italian>
		<Spanish>[COLOR_HIGHLIGHT_TEXT]Move Page Down[COLOR_REVERT][NEWLINE]Move the current page down in the list</Spanish>
	</TEXT>
	<TEXT>
		<Tag>TXT_KEY_CDA_TOGGLE_SPECIALISTS</Tag>
		<English>[COLOR_HIGHLIGHT_TEXT]Toggle Specialist[COLOR_REVERT][NEWLINE]Toggle whether or not the selected city's specialists are displayed along with buttons to add/remove them</English>
		<French>[COLOR_HIGHLIGHT_TEXT]Toggle Specialist[COLOR_REVERT][NEWLINE]Toggle whether or not the selected city's specialists are displayed along with buttons to add/remove them</French>
		<German>[COLOR_HIGHLIGHT_TEXT]Spezialistenschaltfl&#228;che[COLOR_REVERT][NEWLINE]Schaltet die &#220;bersicht &#252;ber die Spezialisten der ausgew&#228;hlten Stadt und Schaltfl&#228;chen zu deren Verwaltung an oder ab</German>
		<Italian>[COLOR_HIGHLIGHT_TEXT]Toggle Specialist[COLOR_REVERT][NEWLINE]Toggle whether or not the selected city's specialists are displayed along with buttons to add/remove them</Italian>
		<Spanish>[COLOR_HIGHLIGHT_TEXT]Toggle Specialist[COLOR_REVERT][NEWLINE]Toggle whether or not the selected city's specialists are displayed along with buttons to add/remove them</Spanish>
	</TEXT>
	<TEXT>
		<Tag>TXT_KEY_CDA_ADD_COLUMN</Tag>
		<English>[COLOR_HIGHLIGHT_TEXT]Add Column[COLOR_REVERT][NEWLINE]Insert the selected column(s) from the right list into the left list</English>
		<French>[COLOR_HIGHLIGHT_TEXT]Add Column[COLOR_REVERT][NEWLINE]Insert the selected column(s) from the right list into the left list</French>
		<German>[COLOR_HIGHLIGHT_TEXT]Spalte hinzuf&#252;gen[COLOR_REVERT][NEWLINE]F&#252;gt eine oder mehrere ausgew&#228;hlte Spalten aus der rechten Liste in der linken Liste ein</German>
		<Italian>[COLOR_HIGHLIGHT_TEXT]Add Column[COLOR_REVERT][NEWLINE]Insert the selected column(s) from the right list into the left list</Italian>
		<Spanish>[COLOR_HIGHLIGHT_TEXT]Add Column[COLOR_REVERT][NEWLINE]Insert the selected column(s) from the right list into the left list</Spanish>
	</TEXT>
	<TEXT>
		<Tag>TXT_KEY_CDA_REMOVE_COLUMN</Tag>
		<English>[COLOR_HIGHLIGHT_TEXT]Remove Column[COLOR_REVERT][NEWLINE]Remove the selected column(s) from the left list</English>
		<French>[COLOR_HIGHLIGHT_TEXT]Remove Column[COLOR_REVERT][NEWLINE]Remove the selected column(s) from the left list</French>
		<German>[COLOR_HIGHLIGHT_TEXT]Spalte entfernen[COLOR_REVERT][NEWLINE]Entfernt eine oder mehrere ausgew&#228;hlte Spalten aus der linken Liste</German>
		<Italian>[COLOR_HIGHLIGHT_TEXT]Remove Column[COLOR_REVERT][NEWLINE]Remove the selected column(s) from the left list</Italian>
		<Spanish>[COLOR_HIGHLIGHT_TEXT]Remove Column[COLOR_REVERT][NEWLINE]Remove the selected column(s) from the left list</Spanish>
	</TEXT>
	<TEXT>
		<Tag>TXT_KEY_CDA_MOVE_COLUMN_UP</Tag>
		<English>[COLOR_HIGHLIGHT_TEXT]Move Column Up[COLOR_REVERT][NEWLINE]Move the selected column(s) up in the left list</English>
		<French>[COLOR_HIGHLIGHT_TEXT]Move Column Up[COLOR_REVERT][NEWLINE]Move the selected column(s) up in the left list</French>
		<German>[COLOR_HIGHLIGHT_TEXT]Spalte nach oben verschieben[COLOR_REVERT][NEWLINE]Verschiebt eine oder mehrere ausgew&#228;hlte Spalten in der linken Liste nach oben</German>
		<Italian>[COLOR_HIGHLIGHT_TEXT]Move Column Up[COLOR_REVERT][NEWLINE]Move the selected column(s) up in the left list</Italian>
		<Spanish>[COLOR_HIGHLIGHT_TEXT]Move Column Up[COLOR_REVERT][NEWLINE]Move the selected column(s) up in the left list</Spanish>
	</TEXT>
	<TEXT>
		<Tag>TXT_KEY_CDA_MOVE_COLUMN_DOWN</Tag>
		<English>[COLOR_HIGHLIGHT_TEXT]Move Column Down[COLOR_REVERT][NEWLINE]Move the selected column(s) down in the left list</English>
		<French>[COLOR_HIGHLIGHT_TEXT]Move Column Down[COLOR_REVERT][NEWLINE]Move the selected column(s) down in the left list</French>
		<German>[COLOR_HIGHLIGHT_TEXT]Spalte nach unten verschieben[COLOR_REVERT][NEWLINE]Verschiebt eine oder mehrere ausgew&#228;hlte Spalten in der linken Liste nach unten</German>
		<Italian>[COLOR_HIGHLIGHT_TEXT]Move Column Down[COLOR_REVERT][NEWLINE]Move the selected column(s) down in the left list</Italian>
		<Spanish>[COLOR_HIGHLIGHT_TEXT]Move Column Down[COLOR_REVERT][NEWLINE]Move the selected column(s) down in the left list</Spanish>
	</TEXT>
	<TEXT>
		<Tag>TXT_KEY_CDA_SHRINK_COLUMN</Tag>
		<English>[COLOR_HIGHLIGHT_TEXT]Shrink Column[COLOR_REVERT][NEWLINE]Make the selected column(s) narrower</English>
		<French>[COLOR_HIGHLIGHT_TEXT]Shrink Column[COLOR_REVERT][NEWLINE]Make the selected column(s) narrower</French>
		<German>[COLOR_HIGHLIGHT_TEXT]Spalte verkleinern[COLOR_REVERT][NEWLINE]Verkleinert eine oder mehrere ausgew&#228;hlte Spalten und macht sie schmaler</German>
		<Italian>[COLOR_HIGHLIGHT_TEXT]Shrink Column[COLOR_REVERT][NEWLINE]Make the selected column(s) narrower</Italian>
		<Spanish>[COLOR_HIGHLIGHT_TEXT]Shrink Column[COLOR_REVERT][NEWLINE]Make the selected column(s) narrower</Spanish>
	</TEXT>
	<TEXT>
		<Tag>TXT_KEY_CDA_EXPAND_COLUMN</Tag>
		<English>[COLOR_HIGHLIGHT_TEXT]Expand Column[COLOR_REVERT][NEWLINE]Make the selected column(s) wider</English>
		<French>[COLOR_HIGHLIGHT_TEXT]Expand Column[COLOR_REVERT][NEWLINE]Make the selected column(s) wider</French>
		<German>[COLOR_HIGHLIGHT_TEXT]Spalte vergr&#246;&#223;ern[COLOR_REVERT][NEWLINE]Vergr&#246;&#223;ert eine oder mehrere ausgew&#228;hlte Spalten und macht sie breiter</German>
		<Italian>[COLOR_HIGHLIGHT_TEXT]Expand Column[COLOR_REVERT][NEWLINE]Make the selected column(s) wider</Italian>
		<Spanish>[COLOR_HIGHLIGHT_TEXT]Expand Column[COLOR_REVERT][NEWLINE]Make the selected column(s) wider</Spanish>
	</TEXT>
</Civ4GameText>
