<?xml version="1.0" encoding="utf-8" ?>
<!-- Event Signs
	Options Game Text
	Copyright (c) 2009 The BUG Mod.
	DAS: Text for landmark/sign captioning for random events
	The tag names for the descriptions are based on the <type> of the events in CIV4EventInfos.xml
	Example: The caption corresponding to the event with <type>EVENT_SALTPETER_1</type>
	in that file will be the entry here with tag TXT_KEY_SIGN_EVENT_SALTPETER_1
	Non-English ranslations may be inaccurate as they came from guesses and babelfish -->
<Civ4GameText xmlns="http://www.firaxis.com">
<!-- EventSigns Options -->

	<TEXT>
		<Tag>TXT_KEY_BUG_OPT_EVENTSIGNS__ENABLED_TEXT</Tag>
		<English>Event Signs</English>
		<French>Event Signs</French>
		<German>Ereignismarker</German>
		<Italian>Segnali d'evento</Italian>
		<Spanish>Event Signs</Spanish>
	</TEXT>
	<TEXT>
		<Tag>TXT_KEY_BUG_OPT_EVENTSIGNS__ENABLED_HOVER</Tag>
		<English>When checked, places signs on plots whose yields have changed because of random events.</English>
		<French>When checked, places signs on plots whose yields have changed because of random events.</French>
		<German>Markiert Gel&#228;ndefelder, deren Ertr&#228;ge sich durch zuf&#228;llige Ereignisse ver&#228;ndert haben, auf der Karte mit einem Hinweis</German>
		<Italian>Quando &#232; selezionato, le caselle che hanno avuto la propria resa produttiva modificata da un evento casuale vengono marcate sulla mappa con una indicazionedom di tale modifica.</Italian>
		<Spanish>When checked, places signs on plots whose yields have changed because of random events.</Spanish>
	</TEXT>

<!-- EventSigns_CIV4GameText -->

	<TEXT>
		<Tag>TXT_KEY_SIGN_FORMAT_OVERVIEW</Tag>
		<!-- s1: Food string, s2: Prod string, s3: Comm string, s4: Descriptive string -->
		<!-- Note there will be some extra spaces added between these strings -->
		<English>%s1%s2%s3 (%s4)</English>
		<French>%s1%s2%s3 (%s4)</French>
		<German>%s1%s2%s3 (%s4)</German>
		<Italian>%s1%s2%s3 (%s4)</Italian>
		<Spanish>%s1%s2%s3 (%s4)</Spanish>
	</TEXT>
	<TEXT>
		<Tag>TXT_KEY_SIGN_FORMAT_FOOD</Tag>
		<English>%D1 F</English>
		<French>%D1 N</French>
		<German>%D1 N</German>
		<Italian>%D1 Cibo</Italian>
		<Spanish>%D1 A</Spanish>
	</TEXT>
	<TEXT>
		<Tag>TXT_KEY_SIGN_FORMAT_PROD</Tag>
		<English>%D1 P</English>
		<French>%D1 P</French>
		<German>%D1 P</German>
		<Italian>%D1 Prod.</Italian>
		<Spanish>%D1 P</Spanish>
	</TEXT>
	<TEXT>
		<Tag>TXT_KEY_SIGN_FORMAT_COMM</Tag>
		<English>%D1 C</English>
		<French>%D1 C</French>
		<German>%D1 G</German>
		<Italian>%D1 Comm.</Italian>
		<Spanish>%D1 C</Spanish>
	</TEXT>
	<TEXT>
		<Tag>TXT_KEY_SIGN_EVENT_HORTICULTURE_1</Tag>
		<English>medicine</English>
		<French>m&#233;dicament</French>
		<German>Medizin</German>
		<Italian>medicina</Italian>
		<Spanish>medicina</Spanish>
	</TEXT>
	<TEXT>
		<Tag>TXT_KEY_SIGN_EVENT_HORTICULTURE_2</Tag>
		<English>medicine</English>
		<French>m&#233;dicament</French>
		<German>Medizin</German>
		<Italian>medicina</Italian>
		<Spanish>medicina</Spanish>
	</TEXT>
	<TEXT>
		<Tag>TXT_KEY_SIGN_EVENT_PARROTS_1</Tag>
		<English>parrots</English>
		<French>perroquets</French>
		<German>Papageien</German>
		<Italian>pappagalli</Italian>
		<Spanish>loros</Spanish>
	</TEXT>
	<TEXT>
		<Tag>TXT_KEY_SIGN_EVENT_JADE_1</Tag>
		<English>jade</English>
		<French>jade</French>
		<German>Jade</German>
		<Italian>giada</Italian>
		<Spanish>jade</Spanish>
	</TEXT>
	<TEXT>
		<Tag>TXT_KEY_SIGN_EVENT_BLACK_PEARLS_1</Tag>
		<English>black pearls</English>
		<French>perles noires</French>
		<German>schwarze Perlen</German>
		<Italian>perle nere</Italian>
		<Spanish>perlas negras</Spanish>
	</TEXT>
	<TEXT>
		<Tag>TXT_KEY_SIGN_EVENT_SALTPETER_1</Tag>
		<English>saltpeter</English>
		<French>salp&#234;tre</French>
		<German>Salpeter</German>
		<Italian>salnitro</Italian>
		<Spanish>salitre</Spanish>
	</TEXT>
	<TEXT>
		<Tag>TXT_KEY_SIGN_EVENT_CLUNKER_COAL_1</Tag>
		<English>impurities</English>
		<French>impuret&#233;s</French>
		<German>Verunreinigungen</German>
		<Italian>impurezze</Italian>
		<Spanish>impurezas</Spanish>
	</TEXT>
	<TEXT>
		<Tag>TXT_KEY_SIGN_EVENT_SOUR_CRUDE_1</Tag>
		<English>impurities</English>
		<French>impuret&#233;s</French>
		<German>Verunreinigungen</German>
		<Italian>impurezze</Italian>
		<Spanish>impurezas</Spanish>
	</TEXT>
	<TEXT>
		<Tag>TXT_KEY_SIGN_EVENT_TRUFFLES_1</Tag>
		<English>truffles</English>
		<French>truffes</French>
		<German>Tr&#252;ffel</German>
		<Italian>tartufi</Italian>
		<Spanish>Trufas</Spanish>
	</TEXT>
	<TEXT>
		<Tag>TXT_KEY_SIGN_EVENT_SEA_TURTLES_1</Tag>
		<English>sea turtles</English>
		<French>tortues de mer</French>
		<German>Meeresschildkr&#246;ten</German>
		<Italian>testuggini</Italian>
		<Spanish>Tortugas marinas</Spanish>
	</TEXT>
	<TEXT>
		<Tag>TXT_KEY_SIGN_EVENT_TIN_1</Tag>
		<English>Tin</English>
		<French>&#233;tain</French>
		<German>Zinn</German>
		<Italian>stagno</Italian>
		<Spanish>esta&#241;o</Spanish>
	</TEXT>
	<TEXT>
		<Tag>TXT_KEY_SIGN_EVENT_PRAIRIE_DOGS_1</Tag>
		<English>prairie dogs</English>
		<French>chiens de prairie</French>
		<German>Pr&#228;riehunde</German>
		<Italian>cani della prateria</Italian>
		<Spanish>perros de las praderas</Spanish>
	</TEXT>
	<TEXT>
		<Tag>TXT_KEY_SIGN_EVENT_APPLESEED_1</Tag>
		<English>apple trees</English>
		<French>pommiers</French>
		<German>Apfelb&#228;ume</German>
		<Italian>meli</Italian>
		<Spanish>manzanos</Spanish>
	</TEXT>
	<TEXT>
		<Tag>TXT_KEY_SIGN_EVENT_FORTY_THIEVES_1</Tag>
		<English>local legend</English>
		<French>l&#233;gende locale</French>
		<German>&#246;rtliche Legende</German>
		<Italian>leggenda locale</Italian>
		<Spanish>leyenda local</Spanish>
	</TEXT>
	<TEXT>
		<Tag>TXT_KEY_SIGN_EVENT_WATERS_OF_LIFE_1</Tag>
		<English>Waters of Life</English>
		<French>Eaux de la Vie</French>
		<German>Wasser des Lebens</German>
		<Italian>acque della vita</Italian>
		<Spanish>Aguas de la Vida</Spanish>
	</TEXT>
	<TEXT>
		<Tag>TXT_KEY_SIGN_EVENT_GREAT_BEAST_1</Tag>
		<English>great beast</English>
		<French>enorme animal</French>
		<German>riesiges Tier</German>
		<Italian>grande animale</Italian>
		<Spanish>gran bestia</Spanish>
	</TEXT>
</Civ4GameText>
