<?xml version="1.0" encoding="utf-8" ?>
<!--MapFinder Options Game Text
	Text strings for MapFinder
	Copyright (c) 2009 The BUG Mod -->
<Civ4GameText xmlns="http://www.firaxis.com">
<!-- MapFinder Options -->
	<TEXT>
		<Tag>TXT_KEY_BUG_OPT_MAPFINDER__ENABLED_TEXT</Tag>
		<English>Enabled</English>
		<French>Activ&#233;</French>
		<German>Aktivieren</German>
		<Italian>Attivato</Italian>
		<Spanish>Enabled</Spanish>
	</TEXT>
	<TEXT>
		<Tag>TXT_KEY_BUG_OPT_MAPFINDER__ENABLED_HOVER</Tag>
		<English>When checked, the shortcut keys for regenerating the map (ALT + G) and starting/stopping MapFinder (ALT + CTRL + G) are active.</English>
		<French>When checked, the shortcut keys for regenerating the map (ALT + G) and starting/stopping MapFinder (ALT + CTRL + G) are active.</French>
		<German>Aktiviert die Tastenkombinationen, um eine Karte neu erstellen zu lassen ([ALT + G]) und den MapFinder zu starten/stoppen ([STRG + ALT + G])</German>
		<Italian>Quando &#232; selezionato, sono attive le scorciatoie da tastiera per rigenerare la mappa (ALT + G) e per lanciare/fermare MapFinder (ALT + CTRL + G).</Italian>
		<Spanish>When checked, the shortcut keys for regenerating the map (ALT + G) and starting/stopping MapFinder (ALT + CTRL + G) are active.</Spanish>
	</TEXT>
	<TEXT>
		<Tag>TXT_KEY_BUG_OPT_MAPFINDER__PATH_TEXT</Tag>
		<English>Path</English>
		<French>Path</French>
		<German>Pfad</German>
		<Italian>Percorso</Italian>
		<Spanish>Path</Spanish>
	</TEXT>
	<TEXT>
		<Tag>TXT_KEY_BUG_OPT_MAPFINDER__PATH_HOVER</Tag>
		<English>Enter the full path to the MapFinder directory. It must contain the "Rules" folder.</English>
		<French>Enter the full path to the MapFinder directory. It must contain the "Rules" folder.</French>
		<German>Eingabe des vollst&#228;ndigen Pfades zum MapFinder-Verzeichnis, in dem sich das Verzeichnis "Rules" befinden muss</German>
		<Italian>Inserisci il percorso completo della cartella di MapFinder; deve contenere le cartel "Rules".</Italian>
		<Spanish>Enter the full path to the MapFinder directory. It must contain the "Rules" folder.</Spanish>
	</TEXT>
	<TEXT>
		<Tag>TXT_KEY_BUG_OPT_MAPFINDER__SAVEPATH_TEXT</Tag>
		<English>Save Path</English>
		<French>Save Path</French>
		<German>Speicherort</German>
		<Italian>Save Percorso</Italian>
		<Spanish>Save Path</Spanish>
	</TEXT>
	<TEXT>
		<Tag>TXT_KEY_BUG_OPT_MAPFINDER__SAVEPATH_HOVER</Tag>
		<English>Enter the full path where maps matching your rules should be saved.</English>
		<French>Enter the full path where maps matching your rules should be saved.</French>
		<German>Eingabe des vollst&#228;ndigen Pfades zu dem Verzeichnis, in dem Karten, die den definierten Regeln entsprechen, gespeichert werden sollen</German>
		<Italian>Enter the full path where maps matching your rules should be saved.</Italian>
		<Spanish>Enter the full path where maps matching your rules should be saved.</Spanish>
	</TEXT>
	<TEXT>
		<Tag>TXT_KEY_BUG_OPT_MAPFINDER__RULEFILE_TEXT</Tag>
		<English>Rule File</English>
		<French>Rule File</French>
		<German>Regeldatei</German>
		<Italian>File delle regole</Italian>
		<Spanish>Rule File</Spanish>
	</TEXT>
	<TEXT>
		<Tag>TXT_KEY_BUG_OPT_MAPFINDER__RULEFILE_HOVER</Tag>
		<English>Enter the name of the rule file to use for checking maps for save-worthiness, e.g. "Precious Metals.rul".</English>
		<French>Enter the name of the rule file to use for checking maps for save-worthiness, e.g. "Precious Metals.rul".</French>
		<German>Eingabe des Namens der Regeldatei, die verwendet werden soll, um Karten auf ihre Speicherw&#252;rdigkeit zu pr&#252;fen (beispielsweise "Precious Metals.rul")</German>
		<Italian>Inserisci il nome (completo di estensione) del file delle regole da usare per controllare le mappe (ad es. "Precious Metals.rul").</Italian>
		<Spanish>Enter the name of the rule file to use for checking maps for save-worthiness, e.g. "Precious Metals.rul".</Spanish>
	</TEXT>
	<TEXT>
		<Tag>TXT_KEY_BUG_OPT_MAPFINDER__REGENERATIONDELAY_TEXT</Tag>
		<English>Regenerate Delay</English>
		<French>Regenerate Delay</French>
		<German>Verz&#246;gerung vor Neuerstellung</German>
		<Italian>Ritardo di rigenerazione</Italian>
		<Spanish>Regenerate Delay</Spanish>
	</TEXT>
	<TEXT>
		<Tag>TXT_KEY_BUG_OPT_MAPFINDER__REGENERATIONDELAY_HOVER</Tag>
		<English>Enter the number of seconds to delay before the map is regenerated each time through the MapFinder cycle (default value is 0.0).</English>
		<French>Enter the number of seconds to delay before the map is regenerated each time through the MapFinder cycle (default value is 0.0).</French>
		<German>Eingabe der Anzahl von Sekunden, die gewartet werden soll, bevor eine Karte w&#228;hrend eines MapFinder-Durchlaufs neu erstellt wird (der Standardwert ist 0.0)</German>
		<Italian>Inserisci il numero di secondi di attesa prima che la mappa venga rigenerata dal ciclo di MapFinder (il valore di default &#232; 0.0).</Italian>
		<Spanish>Enter the number of seconds to delay before the map is regenerated each time through the MapFinder cycle (default value is 0.0).</Spanish>
	</TEXT>
	<TEXT>
		<Tag>TXT_KEY_BUG_OPT_MAPFINDER__SKIPDELAY_TEXT</Tag>
		<English>Skip Delay</English>
		<French>Skip Delay</French>
		<German>Verz&#246;gerung vor &#220;berspringen</German>
		<Italian>Pausa fra i cicli</Italian>
		<Spanish>Skip Delay</Spanish>
	</TEXT>
	<TEXT>
		<Tag>TXT_KEY_BUG_OPT_MAPFINDER__SKIPDELAY_HOVER</Tag>
		<English>Enter the number of seconds to pause before starting the next MapFinder cycle when a map fails to pass the rules and is skipped (default value is 0.25).</English>
		<French>Enter the number of seconds to pause before starting the next MapFinder cycle when a map fails to pass the rules and is skipped (default value is 0.25).</French>
		<German>Eingabe der Anzahl von Sekunden, die gewartet werden soll, bevor der n&#228;chste MapFinder-Durchlauf gestartet wird, wenn eine Karte die Regeln nicht erf&#252;llt und &#252;bersprungen wird (der Standardwert ist 0.25)</German>
		<Italian>Inserisci il numero di secondi di attesa prima di dare inizio al successivo ciclo di MapFinder quando una mappa non soddisfa le regole (il valore di default &#232; 0.25).</Italian>
		<Spanish>Enter the number of seconds to pause before starting the next MapFinder cycle when a map fails to pass the rules and is skipped (default value is 0.25).</Spanish>
	</TEXT>
	<TEXT>
		<Tag>TXT_KEY_BUG_OPT_MAPFINDER__SAVEDELAY_TEXT</Tag>
		<English>Save Delay</English>
		<French>Save Delay</French>
		<German>Verz&#246;gerung vor Speicherung</German>
		<Italian>Ritardo di salvataggio</Italian>
		<Spanish>Save Delay</Spanish>
	</TEXT>
	<TEXT>
		<Tag>TXT_KEY_BUG_OPT_MAPFINDER__SAVEDELAY_HOVER</Tag>
		<English>Enter the number of seconds to pause before taking the screenshot and saving the map when it passes the rules. Note that there may be an enforced minimum to allow time for the fog of war to recover previously-revealed tiles before taking the screenshot (default value is 2.0).</English>
		<French>Enter the number of seconds to pause before taking the screenshot and saving the map when it passes the rules. Note that there may be an enforced minimum to allow time for the fog of war to recover previously-revealed tiles before taking the screenshot (default value is 2.0).</French>
		<German>Eingabe der Anzahl von Sekunden, die gewartet werden soll, bevor ein Screenshot erstellt und eine Karte gespeichert wird, wenn sie die Regeln erf&#252;llt. Es sollte beachtet werden, dass m&#246;glicherweise ein erzwungener Minimalwert existiert, um zuvor enth&#252;llte Gel&#228;ndefelder wieder mit dem Nebel des Krieges zu bedecken, bevor ein Screenshot erstellt wird (der Standardwert ist 2.0)</German>
		<Italian>Inserisci il numero di secondi di attesa prima di catturare la schermata e salvare la mappa quando questa soddisfa le regole. Si noti che pu&#242; essere necessario del tempo perch&#232; la fog-of-war ritorni allo stato originario prima di catturare la schermata (il valore di default &#232; 2.0).</Italian>
		<Spanish>Enter the number of seconds to pause before taking the screenshot and saving the map when it passes the rules. Note that there may be an enforced minimum to allow time for the fog of war to recover previously-revealed tiles before taking the screenshot (default value is 2.0).</Spanish>
	</TEXT>
	<TEXT>
		<Tag>TXT_KEY_BUG_OPT_MAPFINDER__REGENERATIONLIMIT_TEXT</Tag>
		<English>Regenerate Limit</English>
		<French>Regenerate Limit</French>
		<German>Obergrenze f&#252;r Neuerstellungen</German>
		<Italian>Limite di rigenerazione</Italian>
		<Spanish>Regenerate Limit</Spanish>
	</TEXT>
	<TEXT>
		<Tag>TXT_KEY_BUG_OPT_MAPFINDER__REGENERATIONLIMIT_HOVER</Tag>
		<English>Enter the maximum number of times MapFinder will regenerate the map before stopping automatically (default value is 1000).</English>
		<French>Enter the maximum number of times MapFinder will regenerate the map before stopping automatically (default value is 1000).</French>
		<German>Eingabe der maximalen Anzahl von Neuerstellungen einer Karte, bevor MapFinder automatisch stoppt (der Standardwert ist 1000)</German>
		<Italian>Inserire il massimo numero di volte che MapFinder deve rigenerare la mappa prima di fermarsi automaticamente (il valore di default &#232; 1000).</Italian>
		<Spanish>Enter the maximum number of times MapFinder will regenerate the map before stopping automatically (default value is 1000).</Spanish>
	</TEXT>
	<TEXT>
		<Tag>TXT_KEY_BUG_OPT_MAPFINDER__SAVELIMIT_TEXT</Tag>
		<English>Save Limit</English>
		<French>Save Limit</French>
		<German>Obergrenze f&#252;r Speicherungen</German>
		<Italian>Limite di salvataggio</Italian>
		<Spanish>Save Limit</Spanish>
	</TEXT>
	<TEXT>
		<Tag>TXT_KEY_BUG_OPT_MAPFINDER__SAVELIMIT_HOVER</Tag>
		<English>Enter the maximum number of times MapFinder will save the map before stopping automatically (default value is 1000).</English>
		<French>Enter the maximum number of times MapFinder will save the map before stopping automatically (default value is 1000).</French>
		<German>Eingabe der maximalen Anzahl von Speicherungen einer Karte, bevor MapFinder automatisch stoppt (der Standardwert ist 1000)</German>
		<Italian>Inserire il massimo numero di volte che MapFinder deve salvare la mappa prima di fermarsi automaticamente (il valore di default &#232; 1000)</Italian>
		<Spanish>Enter the maximum number of times MapFinder will save the map before stopping automatically (default value is 1000).</Spanish>
	</TEXT>

<!-- MapFinder_CIV4GameText -->

	<!-- Error Messages -->
	<TEXT>
		<Tag>TXT_KEY_MAPFINDER_REQUIRES_BULL</Tag>
		<English>[COLOR_NEGATIVE_TEXT]MapFinder requires BULL to function[COLOR_REVERT]</English>
		<French>[COLOR_NEGATIVE_TEXT]MapFinder requires BULL to function[COLOR_REVERT]</French>
		<German>[COLOR_NEGATIVE_TEXT]MapFinder ben&#246;tigt BULL, um zu funktionieren[COLOR_REVERT]</German>
		<Italian>[COLOR_NEGATIVE_TEXT]MapFinder richiede il Mod BULL per funzionare[COLOR_REVERT]</Italian>
		<Spanish>[COLOR_NEGATIVE_TEXT]MapFinder requires BULL to function[COLOR_REVERT]</Spanish>
	</TEXT>
	<TEXT>
		<Tag>TXT_KEY_MAPFINDER_CANNOT_REGENERATE</Tag>
		<English>[COLOR_WARNING_TEXT]MapFinder cannot regenerate the map[COLOR_REVERT][NEWLINE]Exit to the main menu, start a new game, and try again.</English>
		<French>[COLOR_WARNING_TEXT]MapFinder cannot regenerate the map[COLOR_REVERT][NEWLINE]Exit to the main menu, start a new game, and try again.</French>
		<German>[COLOR_WARNING_TEXT]MapFinder: Neuerstellung der Karte nicht m&#246;glich[COLOR_REVERT][NEWLINE]Gehen Sie zur&#252;ck zum Hauptmen&#252;, beginnen Sie eine neue Partie und versuchen Sie es erneut.</German>
		<Italian>[COLOR_WARNING_TEXT]MapFinder non pu&#242; rigenerare la mappa[COLOR_REVERT][NEWLINE]Esci al men&#249; principale, inizia una nuova partita e riprova.</Italian>
		<Spanish>[COLOR_WARNING_TEXT]MapFinder cannot regenerate the map[COLOR_REVERT][NEWLINE]Exit to the main menu, start a new game, and try again.</Spanish>
	</TEXT>
	<TEXT>
		<Tag>TXT_KEY_MAPFINDER_REGENERATE_FAILED</Tag>
		<English>[COLOR_WARNING_TEXT]MapFinder failed to regenerate the map[COLOR_REVERT][NEWLINE]Exit to the main menu, start a new game, and try again.</English>
		<French>[COLOR_WARNING_TEXT]MapFinder failed to regenerate the map[COLOR_REVERT][NEWLINE]Exit to the main menu, start a new game, and try again.</French>
		<German>[COLOR_WARNING_TEXT]MapFinder: Neuerstellung der Karte fehlgeschlagen[COLOR_REVERT][NEWLINE]Gehen Sie zur&#252;ck zum Hauptmen&#252;, beginnen Sie eine neue Partie und versuchen Sie es erneut.</German>
		<Italian>[COLOR_WARNING_TEXT]MapFinder non &#232; riuscito a rigenerare la mappa[COLOR_REVERT][NEWLINE]Esci al men&#249; principale, inizia una nuova partita e riprova.</Italian>
		<Spanish>[COLOR_WARNING_TEXT]MapFinder failed to regenerate the map[COLOR_REVERT][NEWLINE]Exit to the main menu, start a new game, and try again.</Spanish>
	</TEXT>
	<TEXT>
		<Tag>TXT_KEY_MAPFINDER_INVALID_PATH</Tag>
		<English>[COLOR_NEGATIVE_TEXT]MapFinder path is invalid: %s1[COLOR_REVERT]</English>
		<French>[COLOR_NEGATIVE_TEXT]MapFinder path is invalid: %s1[COLOR_REVERT]</French>
		<German>[COLOR_NEGATIVE_TEXT]MapFinder-Dateipfad ist ung&#252;ltig: %s1[COLOR_REVERT]</German>
		<Italian>[COLOR_NEGATIVE_TEXT]Il percorso di MapFinder non &#232; valido: %s1[COLOR_REVERT]</Italian>
		<Spanish>[COLOR_NEGATIVE_TEXT]MapFinder path is invalid: %s1[COLOR_REVERT]</Spanish>
	</TEXT>
	<TEXT>
		<Tag>TXT_KEY_MAPFINDER_INVALID_SYSTEM_FILE</Tag>
		<English>[COLOR_NEGATIVE_TEXT]MapFinder system file not found: %s1[COLOR_REVERT]</English>
		<French>[COLOR_NEGATIVE_TEXT]MapFinder system file not found: %s1[COLOR_REVERT]</French>
		<German>[COLOR_NEGATIVE_TEXT]MapFinder-Systemdatei nicht gefunden: %s1[COLOR_REVERT]</German>
		<Italian>[COLOR_NEGATIVE_TEXT]Il file di sistema di MapFinder non &#232; stato trovato: %s1[COLOR_REVERT]</Italian>
		<Spanish>[COLOR_NEGATIVE_TEXT]MapFinder system file not found: %s1[COLOR_REVERT]</Spanish>
	</TEXT>
	<TEXT>
		<Tag>TXT_KEY_MAPFINDER_INVALID_RULE_FILE</Tag>
		<English>[COLOR_NEGATIVE_TEXT]MapFinder rule file not found: %s1[COLOR_REVERT]</English>
		<French>[COLOR_NEGATIVE_TEXT]MapFinder rule file not found: %s1[COLOR_REVERT]</French>
		<German>[COLOR_NEGATIVE_TEXT]MapFinder-Regeldatei nicht gefunden: %s1[COLOR_REVERT]</German>
		<Italian>[COLOR_NEGATIVE_TEXT]Il file delle regole di MapFinder non &#232; stato trovato: %s1[COLOR_REVERT]</Italian>
		<Spanish>[COLOR_NEGATIVE_TEXT]MapFinder rule file not found: %s1[COLOR_REVERT]</Spanish>
	</TEXT>
	<TEXT>
		<Tag>TXT_KEY_MAPFINDER_INVALID_SAVE_PATH</Tag>
		<English>[COLOR_NEGATIVE_TEXT]MapFinder save file path is invalid: %s1[COLOR_REVERT]</English>
		<French>[COLOR_NEGATIVE_TEXT]MapFinder save file path is invalid: %s1[COLOR_REVERT]</French>
		<German>[COLOR_NEGATIVE_TEXT]MapFinder-Dateipfad ist ung&#252;ltig: %s1[COLOR_REVERT]</German>
		<Italian>[COLOR_NEGATIVE_TEXT]Il percorso di MapFinder non &#232; valido: %s1[COLOR_REVERT]</Italian>
		<Spanish>[COLOR_NEGATIVE_TEXT]MapFinder save file path is invalid: %s1[COLOR_REVERT]</Spanish>
	</TEXT>
	<!-- Status Screen -->
	<TEXT>
		<Tag>TXT_KEY_MAPFINDER_SCREEN_TITLE</Tag>
		<English>[COLOR_HIGHLIGHT_TEXT]MapFinder[COLOR_REVERT]</English>
		<French>[COLOR_HIGHLIGHT_TEXT]MapFinder[COLOR_REVERT]</French>
		<German>[COLOR_HIGHLIGHT_TEXT]MapFinder[COLOR_REVERT]</German>
		<Italian>[COLOR_HIGHLIGHT_TEXT]MapFinder[COLOR_REVERT]</Italian>
		<Spanish>[COLOR_HIGHLIGHT_TEXT]MapFinder[COLOR_REVERT]</Spanish>
	</TEXT>
	<TEXT>
		<Tag>TXT_KEY_MAPFINDER_TOTAL_MAPS</Tag>
		<English>Maps</English>
		<French>Cartes</French>
		<German>Karten</German>
		<Italian>Mappe</Italian>
		<Spanish>Mapas</Spanish>
	</TEXT>
	<TEXT>
		<Tag>TXT_KEY_MAPFINDER_TOTAL_SAVES</Tag>
		<English>Saves</English>
		<French>Sauves</French>
		<German>Spielst&#228;nde</German>
		<Italian>Salvataggi</Italian>
		<Spanish>Ahorras</Spanish>
	</TEXT>
	<TEXT>
		<Tag>TXT_KEY_MAPFINDER_STOP_SHORTCUT</Tag>
		<English>ALT + CTRL + SHIFT + G to Stop</English>
		<French>ALT + CTRL + SHIFT + G pour arr&#234;ter</French>
		<German>Dr&#252;cken Sie [STRG + ALT + UMSCHALT + G], um MapFinder zu beenden.</German>
		<Italian>ALT + CTRL + SHIFT + G per arrestare</Italian>
		<Spanish>ALT + CTRL + SHIFT + G para parar</Spanish>
	</TEXT>
	<TEXT>
		<Tag>TXT_KEY_MAPFINDER_REGNERATING</Tag>
		<English>Regenerating Map...</English>
		<French>Regenerating Map...</French>
		<German>Neuerstellung der Karte...</German>
		<Italian>Rigenerazione Mappa...</Italian>
		<Spanish>Regenerating Map...</Spanish>
	</TEXT>
	<TEXT>
		<Tag>TXT_KEY_MAPFINDER_SAVING</Tag>
		<English>Saving Game...</English>
		<French>Saving Game...</French>
		<German>Speicherung der Partie...</German>
		<Italian>Salvataggio partita...</Italian>
		<Spanish>Saving Game...</Spanish>
	</TEXT>
	<TEXT>
		<Tag>TXT_KEY_MAPFINDER_ALREADY_RUNNING</Tag>
		<English>[COLOR_WARNING_TEXT]MapFinder is already running[COLOR_REVERT]</English>
		<French>[COLOR_WARNING_TEXT]MapFinder est d&#233;j&#224; lanc&#233;[COLOR_REVERT]</French>
		<German>[COLOR_WARNING_TEXT]MapFinder wird bereits ausgef&#252;hrt[COLOR_REVERT]</German>
		<Italian>[COLOR_WARNING_TEXT]MapFinder &#232; gi&#224; in esecuzione[COLOR_REVERT]</Italian>
		<Spanish>[COLOR_WARNING_TEXT]MapFinder ya est&#225; en ejecuci&#243;n[COLOR_REVERT]</Spanish>
	</TEXT>
	<TEXT>
		<Tag>TXT_KEY_MAPFINDER_NOT_RUNNING</Tag>
		<English>[COLOR_WARNING_TEXT]MapFinder is not running[COLOR_REVERT]</English>
		<French>[COLOR_WARNING_TEXT]MapFinder n'est pas en marche[COLOR_REVERT]</French>
		<German>M[COLOR_WARNING_TEXT]MapFinder wird nicht ausgef&#252;hrt[COLOR_REVERT]</German>
		<Italian>M[COLOR_WARNING_TEXT]apFinder non &#232; in esecuzione[COLOR_REVERT]</Italian>
		<Spanish>[COLOR_WARNING_TEXT]MapFinder no est&#225; funcionando[COLOR_REVERT]</Spanish>
	</TEXT>
	<TEXT>
		<Tag>TXT_KEY_MAPFINDER_STOPPED</Tag>
		<English>MapFinder stopped</English>
		<French>MapFinder arr&#234;t&#233;</French>
		<German>MapFinder wurde beendet</German>
		<Italian>MapFinder arrestato</Italian>
		<Spanish>MapFinder par&#243;</Spanish>
	</TEXT>
</Civ4GameText>
