<?xml version="1.0" encoding="utf-8"?>
<!-- Game Text - Mouse and Key Shortcuts -->
<Civ4GameText xmlns="http://www.firaxis.com">
	<TEXT>
		<Tag>TXT_KEY_PEDIA_CATEGORY_SHORTCUTS</Tag>
		<English>Shortcuts</English>
		<French>Raccourcis</French>
		<German>Referenz&#252;bersichten</German>
		<Italian>Scorciatoie</Italian>
		<Spanish>Shortcuts</Spanish>
	</TEXT>
	<TEXT>
		<Tag>TXT_KEY_SHORTCUTS_ADVISORS</Tag>
		<English>Advisors</English>
		<French>Adviseurs</French>
		<German>Berater</German>
		<Italian>Consiglieri</Italian>
		<Spanish>Advisors</Spanish>
	</TEXT>
	<TEXT>
		<Tag>TXT_KEY_SHORTCUTS_UNITS</Tag>
		<English>Units</English>
		<French>Unit&#233;s</French>
		<German>Einheiten</German>
		<Italian>Unit&#224;</Italian>
		<Spanish>Units</Spanish>
	</TEXT>
	<TEXT>
		<Tag>TXT_KEY_SHORTCUTS_CITYSCREEN</Tag>
		<English>City Screen</English>
		<French>Ecran de Ville</French>
		<German>Stadt-Bildschirm</German>
		<Italian>Schermata cittadina</Italian>
		<Spanish>City Screen</Spanish>
	</TEXT>
	<TEXT>
		<Tag>TXT_KEY_SHORTCUTS_MOUSE</Tag>
		<English>Mouse</English>
		<French>Souris</French>
		<German>Maussteuerung</German>
		<Italian>Mouse</Italian>
		<Spanish>Mouse</Spanish>
	</TEXT>
	<TEXT>
		<Tag>TXT_KEY_SHORTCUTS_BUG</Tag>
		<English>BUG Mod</English>
		<French>Mod BUG</French>
		<German>BUG Mod</German>
		<Italian>BUG Mod</Italian>
		<Spanish>BUG Mod</Spanish>
	</TEXT>
	<TEXT>
		<Tag>TXT_KEY_SHORTCUTS_MAP</Tag>
		<English>Map</English>
		<French>Carte</French>
		<German>Hauptbildschirm</German>
		<Italian>Mappa</Italian>
		<Spanish>Map</Spanish>
	</TEXT>
	<TEXT>
		<Tag>TXT_KEY_SHORTCUTS_GAME</Tag>
		<English>Game</English>
		<French>Jeu</French>
		<German>Allgemein</German>
		<Italian>Gioco</Italian>
		<Spanish>Game</Spanish>
	</TEXT>
	<TEXT>
		<Tag>TXT_KEY_SHORTCUTS_CAMERA</Tag>
		<English>Camera</English>
		<French>Cam&#233;ra</French>
		<German>Kamerasteuerung</German>
		<Italian>Camera</Italian>
		<Spanish>Camera</Spanish>
	</TEXT>
	<TEXT>
		<Tag>TXT_KEY_SHORTCUTS_MP</Tag>
		<English>Multi-Player</English>
		<French>Multi-Joueur</French>
		<German>Multiplayer</German>
		<Italian>Multiplayer</Italian>
		<Spanish>Multi-Player</Spanish>
	</TEXT>
	<TEXT>
		<Tag>TXT_KEY_SHORTCUTS_ADVISORS_PEDIA</Tag>
		<English>[H1]Advisors[\H1][NEWLINE][BOLD][COLOR_HIGHLIGHT_TEXT]F1[COLOR_REVERT][\BOLD][TAB][TAB][TAB]Domestic Advisor[NEWLINE][BOLD][COLOR_HIGHLIGHT_TEXT]Alt+F1[COLOR_REVERT][\BOLD][TAB][TAB]Split Colonies[NEWLINE][BOLD][COLOR_HIGHLIGHT_TEXT]F2[COLOR_REVERT][\BOLD][TAB][TAB][TAB]Financial Advisor[NEWLINE][BOLD][COLOR_HIGHLIGHT_TEXT]F3[COLOR_REVERT][\BOLD][TAB][TAB][TAB]Civics Advisor[NEWLINE][BOLD][COLOR_HIGHLIGHT_TEXT]F4[COLOR_REVERT][\BOLD][TAB][TAB][TAB]Foreign Advisor[NEWLINE][BOLD][COLOR_HIGHLIGHT_TEXT]F5[COLOR_REVERT][\BOLD][TAB][TAB][TAB]Military Advisor[NEWLINE][BOLD][COLOR_HIGHLIGHT_TEXT]F6[COLOR_REVERT][\BOLD][TAB][TAB][TAB]Technology Advisor[NEWLINE][BOLD][COLOR_HIGHLIGHT_TEXT]F7[COLOR_REVERT][\BOLD][TAB][TAB][TAB]Religion Advisor[NEWLINE][BOLD][COLOR_HIGHLIGHT_TEXT]Shift+F7[COLOR_REVERT][\BOLD][TAB][TAB]Corporation Advisor[NEWLINE][BOLD][COLOR_HIGHLIGHT_TEXT]Ctrl+E[COLOR_REVERT][\BOLD][TAB][TAB]Espionage Advisor[NEWLINE][BOLD][COLOR_HIGHLIGHT_TEXT]F8[COLOR_REVERT][\BOLD][TAB][TAB][TAB]Victory Status[NEWLINE][BOLD][COLOR_HIGHLIGHT_TEXT]F9[COLOR_REVERT][\BOLD][TAB][TAB][TAB]Demographics[NEWLINE][BOLD][COLOR_HIGHLIGHT_TEXT]F10[COLOR_REVERT][\BOLD][TAB][TAB][TAB]Capital City[NEWLINE][BOLD][COLOR_HIGHLIGHT_TEXT]F11[COLOR_REVERT][\BOLD][TAB][TAB][TAB]Globe View[NEWLINE][BOLD][COLOR_HIGHLIGHT_TEXT]F12[COLOR_REVERT][\BOLD][TAB][TAB][TAB]Civilopedia[NEWLINE]</English>
		<French>[H1]Adviseurs[\H1][NEWLINE][BOLD][COLOR_HIGHLIGHT_TEXT]F1[COLOR_REVERT][\BOLD][TAB][TAB][TAB]Adviseur Domestique [NEWLINE][BOLD][COLOR_HIGHLIGHT_TEXT]Alt+F1[COLOR_REVERT][\BOLD][TAB][TAB]Cr&#233;er des  Colonies[NEWLINE][BOLD][COLOR_HIGHLIGHT_TEXT]F2[COLOR_REVERT][\BOLD][TAB][TAB][TAB]Adviseur Financier[NEWLINE][BOLD][COLOR_HIGHLIGHT_TEXT]F3[COLOR_REVERT][\BOLD][TAB][TAB][TAB]Adviseur Civique [NEWLINE][BOLD][COLOR_HIGHLIGHT_TEXT]F4[COLOR_REVERT][\BOLD][TAB][TAB][TAB]Adviseur International[NEWLINE][BOLD][COLOR_HIGHLIGHT_TEXT]F5[COLOR_REVERT][\BOLD][TAB][TAB][TAB]Adviseur Militaire[NEWLINE][BOLD][COLOR_HIGHLIGHT_TEXT]F6[COLOR_REVERT][\BOLD][TAB][TAB][TAB]Adviseur Technologique[NEWLINE][BOLD][COLOR_HIGHLIGHT_TEXT]F7[COLOR_REVERT][\BOLD][TAB][TAB][TAB]Adviseur  Religieux[NEWLINE][BOLD][COLOR_HIGHLIGHT_TEXT]Shift+F7[COLOR_REVERT][\BOLD][TAB][TAB]Adviseur des Corporations [NEWLINE][BOLD][COLOR_HIGHLIGHT_TEXT]Ctrl+E[COLOR_REVERT][\BOLD][TAB][TAB]Adviseur d'Espionnage[NEWLINE][BOLD][COLOR_HIGHLIGHT_TEXT]F8[COLOR_REVERT][\BOLD][TAB][TAB][TAB]Etat des Victoires[NEWLINE][BOLD][COLOR_HIGHLIGHT_TEXT]F9[COLOR_REVERT][\BOLD][TAB][TAB][TAB]D&#233;mographies[NEWLINE][BOLD][COLOR_HIGHLIGHT_TEXT]F10[COLOR_REVERT][\BOLD][TAB][TAB][TAB]Capitale[NEWLINE][BOLD][COLOR_HIGHLIGHT_TEXT]F11[COLOR_REVERT][\BOLD][TAB][TAB][TAB]Vue Globale[NEWLINE][BOLD][COLOR_HIGHLIGHT_TEXT]F12[COLOR_REVERT][\BOLD][TAB][TAB][TAB]Civilopedia[NEWLINE]</French>
		<German>[H1]Berater[\H1][NEWLINE][BOLD][COLOR_HIGHLIGHT_TEXT]F1[COLOR_REVERT][\BOLD][TAB][TAB][TAB][TAB]Inlandsberater[NEWLINE][BOLD][COLOR_HIGHLIGHT_TEXT]Alt+F1[COLOR_REVERT][\BOLD][TAB][TAB][TAB]Kolonie freigeben[NEWLINE][BOLD][COLOR_HIGHLIGHT_TEXT]F2[COLOR_REVERT][\BOLD][TAB][TAB][TAB][TAB]Finanzberater[NEWLINE][BOLD][COLOR_HIGHLIGHT_TEXT]F3[COLOR_REVERT][\BOLD][TAB][TAB][TAB][TAB]Staatsformenberater[NEWLINE][BOLD][COLOR_HIGHLIGHT_TEXT]F4[COLOR_REVERT][\BOLD][TAB][TAB][TAB][TAB]Auslandsberater[NEWLINE][BOLD][COLOR_HIGHLIGHT_TEXT]F5[COLOR_REVERT][\BOLD][TAB][TAB][TAB][TAB]Milit&#228;rberater[NEWLINE][BOLD][COLOR_HIGHLIGHT_TEXT]F6[COLOR_REVERT][\BOLD][TAB][TAB][TAB][TAB]Technologieberater[NEWLINE][BOLD][COLOR_HIGHLIGHT_TEXT]F7[COLOR_REVERT][\BOLD][TAB][TAB][TAB][TAB]Religionsberater[NEWLINE][BOLD][COLOR_HIGHLIGHT_TEXT]Umschalt+F7[COLOR_REVERT][\BOLD][TAB][TAB]Kapitalgesellschaften[NEWLINE][BOLD][COLOR_HIGHLIGHT_TEXT]Strg+E[COLOR_REVERT][\BOLD][TAB][TAB][TAB]Spionagebildschirm[NEWLINE][BOLD][COLOR_HIGHLIGHT_TEXT]F8[COLOR_REVERT][\BOLD][TAB][TAB][TAB][TAB]Sieg[NEWLINE][BOLD][COLOR_HIGHLIGHT_TEXT]F9[COLOR_REVERT][\BOLD][TAB][TAB][TAB][TAB]Info-Bildschirm[NEWLINE][BOLD][COLOR_HIGHLIGHT_TEXT]F10[COLOR_REVERT][\BOLD][TAB][TAB][TAB][TAB]Hauptstadt[NEWLINE][BOLD][COLOR_HIGHLIGHT_TEXT]F11[COLOR_REVERT][\BOLD][TAB][TAB][TAB][TAB]Globale Ansicht[NEWLINE][BOLD][COLOR_HIGHLIGHT_TEXT]F12[COLOR_REVERT][\BOLD][TAB][TAB][TAB][TAB]Civilopedia[NEWLINE]</German>
		<Italian>[H1]Consiglieri[\H1][NEWLINE][BOLD][COLOR_HIGHLIGHT_TEXT]F1[COLOR_REVERT][\BOLD][TAB][TAB][TAB][TAB]Consigliere interno[NEWLINE][BOLD][COLOR_HIGHLIGHT_TEXT]F2[COLOR_REVERT][\BOLD][TAB][TAB][TAB][TAB]Consigliere economico[NEWLINE][BOLD][COLOR_HIGHLIGHT_TEXT]F3[COLOR_REVERT][\BOLD][TAB][TAB][TAB][TAB]Consigliere politico[NEWLINE][BOLD][COLOR_HIGHLIGHT_TEXT]F4[COLOR_REVERT][\BOLD][TAB][TAB][TAB][TAB]Consigliere estero[NEWLINE][BOLD][COLOR_HIGHLIGHT_TEXT]F5[COLOR_REVERT][\BOLD][TAB][TAB][TAB][TAB]Consigliere militare[NEWLINE][BOLD][COLOR_HIGHLIGHT_TEXT]F6[COLOR_REVERT][\BOLD][TAB][TAB][TAB][TAB]Consigliere tecnologico[NEWLINE][BOLD][COLOR_HIGHLIGHT_TEXT]F7[COLOR_REVERT][\BOLD][TAB][TAB][TAB][TAB]Consigliere religioso[NEWLINE][BOLD][COLOR_HIGHLIGHT_TEXT]Shift+F7[COLOR_REVERT][\BOLD][TAB][TAB]Consigliere corporativo[NEWLINE][BOLD][COLOR_HIGHLIGHT_TEXT]Ctrl+E[COLOR_REVERT][\BOLD][TAB][TAB][TAB]Consigliere spionistico[NEWLINE][BOLD][COLOR_HIGHLIGHT_TEXT]F8[COLOR_REVERT][\BOLD][TAB][TAB][TAB][TAB]Condizioni di vittoria[NEWLINE][BOLD][COLOR_HIGHLIGHT_TEXT]F9[COLOR_REVERT][\BOLD][TAB][TAB][TAB][TAB]Demografica[NEWLINE][BOLD][COLOR_HIGHLIGHT_TEXT]F10[COLOR_REVERT][\BOLD][TAB][TAB][TAB][TAB]Capitale[NEWLINE][BOLD][COLOR_HIGHLIGHT_TEXT]F11[COLOR_REVERT][\BOLD][TAB][TAB][TAB][TAB]Vista globale[NEWLINE][BOLD][COLOR_HIGHLIGHT_TEXT]F12[COLOR_REVERT][\BOLD][TAB][TAB][TAB][TAB]Civilopedia[NEWLINE][BOLD][COLOR_HIGHLIGHT_TEXT]Ctrl+Shift+H[COLOR_REVERT][\BOLD][TAB]Hall of Fame[NEWLINE][NEWLINE][BOLD][COLOR_HIGHLIGHT_TEXT]Alt+F1[COLOR_REVERT][\BOLD][TAB][TAB][TAB]Libera Colonia[NEWLINE]</Italian>
		<Spanish>[H1]Advisors[\H1][NEWLINE][BOLD][COLOR_HIGHLIGHT_TEXT]F1[COLOR_REVERT][\BOLD][TAB][TAB][TAB]Domestic Advisor[NEWLINE][BOLD][COLOR_HIGHLIGHT_TEXT]Alt+F1[COLOR_REVERT][\BOLD][TAB][TAB]Split Colonies[NEWLINE][BOLD][COLOR_HIGHLIGHT_TEXT]F2[COLOR_REVERT][\BOLD][TAB][TAB][TAB]Financial Advisor[NEWLINE][BOLD][COLOR_HIGHLIGHT_TEXT]F3[COLOR_REVERT][\BOLD][TAB][TAB][TAB]Civics Advisor[NEWLINE][BOLD][COLOR_HIGHLIGHT_TEXT]F4[COLOR_REVERT][\BOLD][TAB][TAB][TAB]Foreign Advisor[NEWLINE][BOLD][COLOR_HIGHLIGHT_TEXT]F5[COLOR_REVERT][\BOLD][TAB][TAB][TAB]Military Advisor[NEWLINE][BOLD][COLOR_HIGHLIGHT_TEXT]F6[COLOR_REVERT][\BOLD][TAB][TAB][TAB]Technology Advisor[NEWLINE][BOLD][COLOR_HIGHLIGHT_TEXT]F7[COLOR_REVERT][\BOLD][TAB][TAB][TAB]Religion Advisor[NEWLINE][BOLD][COLOR_HIGHLIGHT_TEXT]Shift+F7[COLOR_REVERT][\BOLD][TAB][TAB]Corporation Advisor[NEWLINE][BOLD][COLOR_HIGHLIGHT_TEXT]Ctrl+E[COLOR_REVERT][\BOLD][TAB][TAB]Espionage Advisor[NEWLINE][BOLD][COLOR_HIGHLIGHT_TEXT]F8[COLOR_REVERT][\BOLD][TAB][TAB][TAB]Victory Status[NEWLINE][BOLD][COLOR_HIGHLIGHT_TEXT]F9[COLOR_REVERT][\BOLD][TAB][TAB][TAB]Demographics[NEWLINE][BOLD][COLOR_HIGHLIGHT_TEXT]F10[COLOR_REVERT][\BOLD][TAB][TAB][TAB]Capital City[NEWLINE][BOLD][COLOR_HIGHLIGHT_TEXT]F11[COLOR_REVERT][\BOLD][TAB][TAB][TAB]Globe View[NEWLINE][BOLD][COLOR_HIGHLIGHT_TEXT]F12[COLOR_REVERT][\BOLD][TAB][TAB][TAB]Civilopedia[NEWLINE]</Spanish>
	</TEXT>
	<TEXT>
		<Tag>TXT_KEY_SHORTCUTS_UNITS_PEDIA</Tag>
		<English>[H1]Units[\H1][NEWLINE][BOLD][COLOR_HIGHLIGHT_TEXT]B[COLOR_REVERT][\BOLD][TAB][TAB][TAB]Bombard[NEWLINE][BOLD][COLOR_HIGHLIGHT_TEXT]B[COLOR_REVERT][\BOLD][TAB][TAB][TAB]Build City (Settler)[NEWLINE][BOLD][COLOR_HIGHLIGHT_TEXT]C[COLOR_REVERT][\BOLD][TAB][TAB][TAB]Center on unit[NEWLINE][BOLD][COLOR_HIGHLIGHT_TEXT]E[COLOR_REVERT][\BOLD][TAB][TAB][TAB]Explore[NEWLINE][BOLD][COLOR_HIGHLIGHT_TEXT]F[COLOR_REVERT][\BOLD][TAB][TAB][TAB]Fortify[NEWLINE][BOLD][COLOR_HIGHLIGHT_TEXT]G[COLOR_REVERT][\BOLD][TAB][TAB][TAB]Go-to mode[NEWLINE][BOLD][COLOR_HIGHLIGHT_TEXT]I[COLOR_REVERT][\BOLD][TAB][TAB][TAB]Intercept[NEWLINE][BOLD][COLOR_HIGHLIGHT_TEXT]L[COLOR_REVERT][\BOLD][TAB][TAB][TAB]Load (onto ship)[NEWLINE][BOLD][COLOR_HIGHLIGHT_TEXT]S[COLOR_REVERT][\BOLD][TAB][TAB][TAB]Sentry (wake for enemy)[NEWLINE][BOLD][COLOR_HIGHLIGHT_TEXT]U[COLOR_REVERT][\BOLD][TAB][TAB][TAB]Unload (from ship)[NEWLINE][BOLD][COLOR_HIGHLIGHT_TEXT]W[COLOR_REVERT][\BOLD][TAB][TAB][TAB]Wait (move later in turn)[NEWLINE][BOLD][COLOR_HIGHLIGHT_TEXT]Alt+Click[COLOR_REVERT][\BOLD][TAB][TAB]Group all units together[NEWLINE][BOLD][COLOR_HIGHLIGHT_TEXT]Ctrl+(#)[COLOR_REVERT][\BOLD][TAB][TAB]Bind selected group or unit to number[NEWLINE][BOLD][COLOR_HIGHLIGHT_TEXT]Ctrl+Click[COLOR_REVERT][\BOLD][TAB][TAB]Group same type together[NEWLINE][BOLD][COLOR_HIGHLIGHT_TEXT]Shift+Click[COLOR_REVERT][\BOLD][TAB]Tile context menu[NEWLINE][BOLD][COLOR_HIGHLIGHT_TEXT]Shift+P[COLOR_REVERT][\BOLD][TAB][TAB]Pillage[NEWLINE][BOLD][COLOR_HIGHLIGHT_TEXT]Space[COLOR_REVERT][\BOLD][TAB][TAB]Skip turn for unit[NEWLINE][BOLD][COLOR_HIGHLIGHT_TEXT]Delete[COLOR_REVERT][\BOLD][TAB][TAB]Delete unit[NEWLINE][BOLD][COLOR_HIGHLIGHT_TEXT]Numpad 5[COLOR_REVERT][\BOLD][TAB][TAB]Center on unit[NEWLINE][BOLD][COLOR_HIGHLIGHT_TEXT]Numpad arrows[COLOR_REVERT][\BOLD][TAB]Use numpad to move units[NEWLINE][NEWLINE][H1]Air Units[\H1][NEWLINE][BOLD][COLOR_HIGHLIGHT_TEXT]B[COLOR_REVERT][\BOLD][TAB][TAB]Air bomb mode (cities/tiles)[NEWLINE][BOLD][COLOR_HIGHLIGHT_TEXT]R[COLOR_REVERT][\BOLD][TAB][TAB]Recon mode[NEWLINE][BOLD][COLOR_HIGHLIGHT_TEXT]S[COLOR_REVERT][\BOLD][TAB][TAB]Air strike mode (enemy units)[NEWLINE][BOLD][COLOR_HIGHLIGHT_TEXT]Alt+R[COLOR_REVERT][\BOLD][TAB]Rebase[NEWLINE][NEWLINE][H1]Work Boats[\H1][NEWLINE][BOLD][COLOR_HIGHLIGHT_TEXT]F[COLOR_REVERT][\BOLD][TAB][TAB]Build fishing nets[NEWLINE][BOLD][COLOR_HIGHLIGHT_TEXT]O[COLOR_REVERT][\BOLD][TAB][TAB]Build offshore platform[NEWLINE][BOLD][COLOR_HIGHLIGHT_TEXT]Shift+W[COLOR_REVERT][\BOLD][TAB]Build whaling boats[NEWLINE][NEWLINE][H1]Workers[\H1][NEWLINE][BOLD][COLOR_HIGHLIGHT_TEXT]A[COLOR_REVERT][\BOLD][TAB][TAB][TAB]Automate[NEWLINE][BOLD][COLOR_HIGHLIGHT_TEXT]H[COLOR_REVERT][\BOLD][TAB][TAB][TAB]Build camp[NEWLINE][BOLD][COLOR_HIGHLIGHT_TEXT]I[COLOR_REVERT][\BOLD][TAB][TAB][TAB]Build farm (irrigate)[NEWLINE][BOLD][COLOR_HIGHLIGHT_TEXT]K[COLOR_REVERT][\BOLD][TAB][TAB][TAB]Build workshop[NEWLINE][BOLD][COLOR_HIGHLIGHT_TEXT]L[COLOR_REVERT][\BOLD][TAB][TAB][TAB]Build lumbermill[NEWLINE][BOLD][COLOR_HIGHLIGHT_TEXT]M[COLOR_REVERT][\BOLD][TAB][TAB][TAB]Build mine[NEWLINE][BOLD][COLOR_HIGHLIGHT_TEXT]N[COLOR_REVERT][\BOLD][TAB][TAB][TAB]Build trade network[NEWLINE][BOLD][COLOR_HIGHLIGHT_TEXT]Q[COLOR_REVERT][\BOLD][TAB][TAB][TAB]Build quarry[NEWLINE][BOLD][COLOR_HIGHLIGHT_TEXT]R[COLOR_REVERT][\BOLD][TAB][TAB][TAB]Build road/railroad[NEWLINE][BOLD][COLOR_HIGHLIGHT_TEXT]T[COLOR_REVERT][\BOLD][TAB][TAB][TAB]Build cottage[NEWLINE][BOLD][COLOR_HIGHLIGHT_TEXT]Alt+C[COLOR_REVERT][\BOLD][TAB][TAB]Remove forest/jungle[NEWLINE][BOLD][COLOR_HIGHLIGHT_TEXT]Alt+R[COLOR_REVERT][\BOLD][TAB][TAB]Road-to mode[NEWLINE][BOLD][COLOR_HIGHLIGHT_TEXT]Ctrl+F[COLOR_REVERT][\BOLD][TAB][TAB]Build fort[NEWLINE][BOLD][COLOR_HIGHLIGHT_TEXT]Shift+Ctrl+C[COLOR_REVERT][\BOLD][TAB]Improve nearest city[NEWLINE][BOLD][COLOR_HIGHLIGHT_TEXT]Shift+P[COLOR_REVERT][\BOLD][TAB][TAB]Build pasture/plantation[NEWLINE][BOLD][COLOR_HIGHLIGHT_TEXT]Shift+W[COLOR_REVERT][\BOLD][TAB][TAB]Build watermill (river), windmill (hill), winery (wine), well (oil)[NEWLINE]</English>
		<French>[H1]Units[\H1][NEWLINE][BOLD][COLOR_HIGHLIGHT_TEXT]B[COLOR_REVERT][\BOLD][TAB][TAB][TAB]Bombard[NEWLINE][BOLD][COLOR_HIGHLIGHT_TEXT]B[COLOR_REVERT][\BOLD][TAB][TAB][TAB]Build City (Settler)[NEWLINE][BOLD][COLOR_HIGHLIGHT_TEXT]C[COLOR_REVERT][\BOLD][TAB][TAB][TAB]Center on unit[NEWLINE][BOLD][COLOR_HIGHLIGHT_TEXT]E[COLOR_REVERT][\BOLD][TAB][TAB][TAB]Explore[NEWLINE][BOLD][COLOR_HIGHLIGHT_TEXT]F[COLOR_REVERT][\BOLD][TAB][TAB][TAB]Fortify[NEWLINE][BOLD][COLOR_HIGHLIGHT_TEXT]G[COLOR_REVERT][\BOLD][TAB][TAB][TAB]Go-to mode[NEWLINE][BOLD][COLOR_HIGHLIGHT_TEXT]I[COLOR_REVERT][\BOLD][TAB][TAB][TAB]Intercept[NEWLINE][BOLD][COLOR_HIGHLIGHT_TEXT]L[COLOR_REVERT][\BOLD][TAB][TAB][TAB]Load (onto ship)[NEWLINE][BOLD][COLOR_HIGHLIGHT_TEXT]S[COLOR_REVERT][\BOLD][TAB][TAB][TAB]Sentry (wake for enemy)[NEWLINE][BOLD][COLOR_HIGHLIGHT_TEXT]U[COLOR_REVERT][\BOLD][TAB][TAB][TAB]Unload (from ship)[NEWLINE][BOLD][COLOR_HIGHLIGHT_TEXT]W[COLOR_REVERT][\BOLD][TAB][TAB][TAB]Wait (move later in turn)[NEWLINE][BOLD][COLOR_HIGHLIGHT_TEXT]Alt+Click[COLOR_REVERT][\BOLD][TAB][TAB]Group all units together[NEWLINE][BOLD][COLOR_HIGHLIGHT_TEXT]Ctrl+(#)[COLOR_REVERT][\BOLD][TAB][TAB]Bind selected group or unit to number[NEWLINE][BOLD][COLOR_HIGHLIGHT_TEXT]Ctrl+Click[COLOR_REVERT][\BOLD][TAB][TAB]Group same type together[NEWLINE][BOLD][COLOR_HIGHLIGHT_TEXT]Shift+Click[COLOR_REVERT][\BOLD][TAB]Tile context menu[NEWLINE][BOLD][COLOR_HIGHLIGHT_TEXT]Shift+P[COLOR_REVERT][\BOLD][TAB][TAB]Pillage[NEWLINE][BOLD][COLOR_HIGHLIGHT_TEXT]Space[COLOR_REVERT][\BOLD][TAB][TAB]Skip turn for unit[NEWLINE][BOLD][COLOR_HIGHLIGHT_TEXT]Delete[COLOR_REVERT][\BOLD][TAB][TAB]Delete unit[NEWLINE][BOLD][COLOR_HIGHLIGHT_TEXT]Numpad 5[COLOR_REVERT][\BOLD][TAB][TAB]Center on unit[NEWLINE][BOLD][COLOR_HIGHLIGHT_TEXT]Numpad arrows[COLOR_REVERT][\BOLD][TAB]Use numpad to move units[NEWLINE][NEWLINE][H1]Air Units[\H1][NEWLINE][BOLD][COLOR_HIGHLIGHT_TEXT]B[COLOR_REVERT][\BOLD][TAB][TAB]Air bomb mode (cities/tiles)[NEWLINE][BOLD][COLOR_HIGHLIGHT_TEXT]R[COLOR_REVERT][\BOLD][TAB][TAB]Recon mode[NEWLINE][BOLD][COLOR_HIGHLIGHT_TEXT]S[COLOR_REVERT][\BOLD][TAB][TAB]Air strike mode (enemy units)[NEWLINE][BOLD][COLOR_HIGHLIGHT_TEXT]Alt+R[COLOR_REVERT][\BOLD][TAB]Rebase[NEWLINE][NEWLINE][H1]Work Boats[\H1][NEWLINE][BOLD][COLOR_HIGHLIGHT_TEXT]F[COLOR_REVERT][\BOLD][TAB][TAB]Build fishing nets[NEWLINE][BOLD][COLOR_HIGHLIGHT_TEXT]O[COLOR_REVERT][\BOLD][TAB][TAB]Build offshore platform[NEWLINE][BOLD][COLOR_HIGHLIGHT_TEXT]Shift+W[COLOR_REVERT][\BOLD][TAB]Build whaling boats[NEWLINE][NEWLINE][H1]Workers[\H1][NEWLINE][BOLD][COLOR_HIGHLIGHT_TEXT]A[COLOR_REVERT][\BOLD][TAB][TAB][TAB]Automate[NEWLINE][BOLD][COLOR_HIGHLIGHT_TEXT]H[COLOR_REVERT][\BOLD][TAB][TAB][TAB]Build camp[NEWLINE][BOLD][COLOR_HIGHLIGHT_TEXT]I[COLOR_REVERT][\BOLD][TAB][TAB][TAB]Build farm (irrigate)[NEWLINE][BOLD][COLOR_HIGHLIGHT_TEXT]K[COLOR_REVERT][\BOLD][TAB][TAB][TAB]Build workshop[NEWLINE][BOLD][COLOR_HIGHLIGHT_TEXT]L[COLOR_REVERT][\BOLD][TAB][TAB][TAB]Build lumbermill[NEWLINE][BOLD][COLOR_HIGHLIGHT_TEXT]M[COLOR_REVERT][\BOLD][TAB][TAB][TAB]Build mine[NEWLINE][BOLD][COLOR_HIGHLIGHT_TEXT]N[COLOR_REVERT][\BOLD][TAB][TAB][TAB]Build trade network[NEWLINE][BOLD][COLOR_HIGHLIGHT_TEXT]Q[COLOR_REVERT][\BOLD][TAB][TAB][TAB]Build quarry[NEWLINE][BOLD][COLOR_HIGHLIGHT_TEXT]R[COLOR_REVERT][\BOLD][TAB][TAB][TAB]Build road/railroad[NEWLINE][BOLD][COLOR_HIGHLIGHT_TEXT]T[COLOR_REVERT][\BOLD][TAB][TAB][TAB]Build cottage[NEWLINE][BOLD][COLOR_HIGHLIGHT_TEXT]Alt+C[COLOR_REVERT][\BOLD][TAB][TAB]Remove forest/jungle[NEWLINE][BOLD][COLOR_HIGHLIGHT_TEXT]Alt+R[COLOR_REVERT][\BOLD][TAB][TAB]Road-to mode[NEWLINE][BOLD][COLOR_HIGHLIGHT_TEXT]Ctrl+F[COLOR_REVERT][\BOLD][TAB][TAB]Build fort[NEWLINE][BOLD][COLOR_HIGHLIGHT_TEXT]Shift+Ctrl+C[COLOR_REVERT][\BOLD][TAB]Improve nearest city[NEWLINE][BOLD][COLOR_HIGHLIGHT_TEXT]Shift+P[COLOR_REVERT][\BOLD][TAB][TAB]Build pasture/plantation[NEWLINE][BOLD][COLOR_HIGHLIGHT_TEXT]Shift+W[COLOR_REVERT][\BOLD][TAB][TAB]Build watermill (river), windmill (hill), winery (wine), well (oil)[NEWLINE]</French>
		<German>[H1]Einheiten[\H1][NEWLINE][BOLD][COLOR_HIGHLIGHT_TEXT]Zifferntasten[COLOR_REVERT][\BOLD][TAB][TAB]Einheit fortbewegen[NEWLINE][BOLD][COLOR_HIGHLIGHT_TEXT]B[COLOR_REVERT][\BOLD][TAB][TAB][TAB][TAB]Bombardieren[NEWLINE][BOLD][COLOR_HIGHLIGHT_TEXT]B[COLOR_REVERT][\BOLD][TAB][TAB][TAB][TAB]Stadt bauen (mit Siedler)[NEWLINE][BOLD][COLOR_HIGHLIGHT_TEXT]C, ZB-5[COLOR_REVERT][\BOLD][TAB][TAB][TAB]Auf Einheit zentrieren[NEWLINE][BOLD][COLOR_HIGHLIGHT_TEXT]E[COLOR_REVERT][\BOLD][TAB][TAB][TAB][TAB]Mit Einheit erkunden (automatisch)[NEWLINE][BOLD][COLOR_HIGHLIGHT_TEXT]F[COLOR_REVERT][\BOLD][TAB][TAB][TAB][TAB]Verschanzen[NEWLINE][BOLD][COLOR_HIGHLIGHT_TEXT]G[COLOR_REVERT][\BOLD][TAB][TAB][TAB][TAB]Gehe-zu-Modus[NEWLINE][BOLD][COLOR_HIGHLIGHT_TEXT]L[COLOR_REVERT][\BOLD][TAB][TAB][TAB][TAB]Schiff beladen[NEWLINE][BOLD][COLOR_HIGHLIGHT_TEXT]S[COLOR_REVERT][\BOLD][TAB][TAB][TAB][TAB]Wache[NEWLINE][BOLD][COLOR_HIGHLIGHT_TEXT]U[COLOR_REVERT][\BOLD][TAB][TAB][TAB][TAB]Schiff entladen[NEWLINE][BOLD][COLOR_HIGHLIGHT_TEXT]W[COLOR_REVERT][\BOLD][TAB][TAB][TAB][TAB]Warten[NEWLINE][BOLD][COLOR_HIGHLIGHT_TEXT]Alt+Klick[COLOR_REVERT][\BOLD][TAB][TAB][TAB]Alle Einheiten auf einem Feld gruppieren[NEWLINE][BOLD][COLOR_HIGHLIGHT_TEXT]Strg+Zifferntaste[COLOR_REVERT][\BOLD][TAB]Ausgew&#228;hlter Einheit oder Gruppe eine Zifferntaste zuweisen[NEWLINE][BOLD][COLOR_HIGHLIGHT_TEXT]Strg+Klick[COLOR_REVERT][\BOLD][TAB][TAB]Alle Einheiten desselben Typs auf einem Feld gruppieren[NEWLINE][BOLD][COLOR_HIGHLIGHT_TEXT]Umschalt+Klick[COLOR_REVERT][\BOLD][TAB][TAB]Kontextmen&#252; des Gel&#228;ndefeldes[NEWLINE][BOLD][COLOR_HIGHLIGHT_TEXT]Umschalt+P[COLOR_REVERT][\BOLD][TAB][TAB]Pl&#252;nderung[NEWLINE][BOLD][COLOR_HIGHLIGHT_TEXT]Leertaste[COLOR_REVERT][\BOLD][TAB][TAB][TAB]Runde &#252;berspringen[NEWLINE][BOLD][COLOR_HIGHLIGHT_TEXT]Entf[COLOR_REVERT][\BOLD][TAB][TAB][TAB][TAB]Einheit l&#246;schen[NEWLINE][NEWLINE][H1]Lufteinheiten[\H1][NEWLINE][BOLD][COLOR_HIGHLIGHT_TEXT]B[COLOR_REVERT][\BOLD][TAB][TAB][TAB][TAB]Luftbombardierungsmodus (feindliche St&#228;dte/Felder)[NEWLINE][BOLD][COLOR_HIGHLIGHT_TEXT]R[COLOR_REVERT][\BOLD][TAB][TAB][TAB][TAB]Aufkl&#228;rungsmodus[NEWLINE][BOLD][COLOR_HIGHLIGHT_TEXT]S[COLOR_REVERT][\BOLD][TAB][TAB][TAB][TAB]Luftangriffsmodus (feindliche Einheiten)[NEWLINE][BOLD][COLOR_HIGHLIGHT_TEXT]Alt+R[COLOR_REVERT][\BOLD][TAB][TAB][TAB]Stellungswechselmodus[NEWLINE][BOLD][COLOR_HIGHLIGHT_TEXT]I[COLOR_REVERT][\BOLD][TAB][TAB][TAB][TAB]Abfangmodus[NEWLINE][NEWLINE][H1]Arbeitsboote[\H1][NEWLINE][BOLD][COLOR_HIGHLIGHT_TEXT]F[COLOR_REVERT][\BOLD][TAB][TAB][TAB][TAB]Fischerboote bauen[NEWLINE][BOLD][COLOR_HIGHLIGHT_TEXT]O[COLOR_REVERT][\BOLD][TAB][TAB][TAB][TAB]Bohrinsel bauen[NEWLINE][BOLD][COLOR_HIGHLIGHT_TEXT]Umschalt+W[COLOR_REVERT][\BOLD][TAB][TAB]Walf&#228;nger bauen[NEWLINE][NEWLINE][H1]Bautrupps[\H1][NEWLINE][BOLD][COLOR_HIGHLIGHT_TEXT]A[COLOR_REVERT][\BOLD][TAB][TAB][TAB][TAB]Modernisierungen bauen (automatisch)[NEWLINE][BOLD][COLOR_HIGHLIGHT_TEXT]H[COLOR_REVERT][\BOLD][TAB][TAB][TAB][TAB]Lager bauen[NEWLINE][BOLD][COLOR_HIGHLIGHT_TEXT]I[COLOR_REVERT][\BOLD][TAB][TAB][TAB][TAB]Bauernhof bauen[NEWLINE][BOLD][COLOR_HIGHLIGHT_TEXT]K[COLOR_REVERT][\BOLD][TAB][TAB][TAB][TAB]Werkstatt bauen[NEWLINE][BOLD][COLOR_HIGHLIGHT_TEXT]L[COLOR_REVERT][\BOLD][TAB][TAB][TAB][TAB]S&#228;gewerk bauen[NEWLINE][BOLD][COLOR_HIGHLIGHT_TEXT]M[COLOR_REVERT][\BOLD][TAB][TAB][TAB][TAB]Mine bauen[NEWLINE][BOLD][COLOR_HIGHLIGHT_TEXT]N[COLOR_REVERT][\BOLD][TAB][TAB][TAB][TAB]Handelsnetz bauen (automatisch)[NEWLINE][BOLD][COLOR_HIGHLIGHT_TEXT]Q[COLOR_REVERT][\BOLD][TAB][TAB][TAB][TAB]Steinbruch bauen[NEWLINE][BOLD][COLOR_HIGHLIGHT_TEXT]R[COLOR_REVERT][\BOLD][TAB][TAB][TAB][TAB]Stra&#223;e/Eisenbahn bauen[NEWLINE][BOLD][COLOR_HIGHLIGHT_TEXT]T[COLOR_REVERT][\BOLD][TAB][TAB][TAB][TAB]H&#252;tte bauen[NEWLINE][BOLD][COLOR_HIGHLIGHT_TEXT]Alt+C[COLOR_REVERT][\BOLD][TAB][TAB][TAB]Wald oder Dschungel roden[NEWLINE][BOLD][COLOR_HIGHLIGHT_TEXT]Alt+R[COLOR_REVERT][\BOLD][TAB][TAB][TAB]Stra&#223;e-nach-Modus[NEWLINE][BOLD][COLOR_HIGHLIGHT_TEXT]Strg+F[COLOR_REVERT][\BOLD][TAB][TAB][TAB]Festung bauen[NEWLINE][BOLD][COLOR_HIGHLIGHT_TEXT]Umschalt+Strg+C[COLOR_REVERT][\BOLD][TAB]N&#228;chste Stadt modernisieren (automatisch)[NEWLINE][BOLD][COLOR_HIGHLIGHT_TEXT]Umschalt+P[COLOR_REVERT][\BOLD][TAB][TAB]Weide/Plantage bauen[NEWLINE][BOLD][COLOR_HIGHLIGHT_TEXT]Umschalt+W[COLOR_REVERT][\BOLD][TAB][TAB]Wasserm&#252;hle (auf Fluss)/Windm&#252;hle (auf H&#252;gel)/Weingut (auf [NEWLINE][TAB][TAB][TAB][TAB]Wein)/Quelle (auf &#214;l) bauen[NEWLINE]</German>
		<Italian>[H1]Unit&#224;[\H1][NEWLINE][BOLD][COLOR_HIGHLIGHT_TEXT]B[COLOR_REVERT][\BOLD][TAB][TAB][TAB]Bombarda (Artiglieria) o Costruisci una Citt&#224; (Colono)[NEWLINE][BOLD][COLOR_HIGHLIGHT_TEXT]C[COLOR_REVERT][\BOLD][TAB][TAB][TAB]Centra la visuale sull'Unit&#224; selezionata[NEWLINE][BOLD][COLOR_HIGHLIGHT_TEXT]E[COLOR_REVERT][\BOLD][TAB][TAB][TAB]Esplora automaticamente[NEWLINE][BOLD][COLOR_HIGHLIGHT_TEXT]F[COLOR_REVERT][\BOLD][TAB][TAB][TAB]Fortifica[NEWLINE][BOLD][COLOR_HIGHLIGHT_TEXT]G[COLOR_REVERT][\BOLD][TAB][TAB][TAB]Vai ad una data destinazione[NEWLINE][BOLD][COLOR_HIGHLIGHT_TEXT]L[COLOR_REVERT][\BOLD][TAB][TAB][TAB]Imbarca[NEWLINE][BOLD][COLOR_HIGHLIGHT_TEXT]Shift+P[COLOR_REVERT][\BOLD][TAB][TAB]Saccheggia (solo Unit&#224; Militari)[NEWLINE][BOLD][COLOR_HIGHLIGHT_TEXT]S[COLOR_REVERT][\BOLD][TAB][TAB][TAB]Sentinella[NEWLINE][BOLD][COLOR_HIGHLIGHT_TEXT]U[COLOR_REVERT][\BOLD][TAB][TAB][TAB]Sbarca[NEWLINE][BOLD][COLOR_HIGHLIGHT_TEXT]W[COLOR_REVERT][\BOLD][TAB][TAB][TAB]Attendi (rimanda l'azione nel turno)[NEWLINE][BOLD][COLOR_HIGHLIGHT_TEXT]Spazio[COLOR_REVERT][\BOLD][TAB][TAB]Salta il turno per l'Unit&#224;[NEWLINE][BOLD][COLOR_HIGHLIGHT_TEXT]\[COLOR_REVERT][\BOLD][TAB][TAB][TAB]Scorre le Unit&#224; attive[NEWLINE][BOLD][COLOR_HIGHLIGHT_TEXT]&#249;[COLOR_REVERT][\BOLD][TAB][TAB][TAB]Scorre i Lavoratori attivi[NEWLINE][BOLD][COLOR_HIGHLIGHT_TEXT],[COLOR_REVERT] e [COLOR_HIGHLIGHT_TEXT].[COLOR_REVERT][\BOLD][TAB][TAB][TAB]Scorrono le Unit&#224; nella casella[NEWLINE][BOLD][COLOR_HIGHLIGHT_TEXT]Canc[COLOR_REVERT][\BOLD][TAB][TAB]Elimina l'Unit&#224;[NEWLINE][BOLD][COLOR_HIGHLIGHT_TEXT]Ctrl+C[COLOR_REVERT][\BOLD][TAB][TAB]Attiva tutte le Unit&#224; dello stesso tipo[NEWLINE][BOLD][COLOR_HIGHLIGHT_TEXT]Ctrl+H[COLOR_REVERT][\BOLD][TAB][TAB]Seleziona tutte le unit&#224; ferite nella casella[NEWLINE][BOLD][COLOR_HIGHLIGHT_TEXT]Alt+Click[COLOR_REVERT][\BOLD][TAB]Raggruppa tutte le unit&#224;[NEWLINE][BOLD][COLOR_HIGHLIGHT_TEXT]Ctrl+(#)[COLOR_REVERT][\BOLD][TAB][TAB]Assegna le unit&#224; selezionate al gruppo n&#176; (#)[NEWLINE][BOLD][COLOR_HIGHLIGHT_TEXT]Ctrl+Click[COLOR_REVERT][\BOLD][TAB]Raggruppa le unit&#224; dello stesso tipo[NEWLINE][NEWLINE][H1]Unit&#224; aeree[\H1][NEWLINE][BOLD][COLOR_HIGHLIGHT_TEXT]B[COLOR_REVERT][\BOLD][TAB][TAB][TAB]Bombardamento aereo[NEWLINE][BOLD][COLOR_HIGHLIGHT_TEXT]I[COLOR_REVERT][\BOLD][TAB][TAB][TAB]Volo di Intercettazione[NEWLINE][BOLD][COLOR_HIGHLIGHT_TEXT]R[COLOR_REVERT][\BOLD][TAB][TAB][TAB]Volo di Ricognizione[NEWLINE][BOLD][COLOR_HIGHLIGHT_TEXT]S[COLOR_REVERT][\BOLD][TAB][TAB][TAB]Attacco aereo[NEWLINE][BOLD][COLOR_HIGHLIGHT_TEXT]Alt+R[COLOR_REVERT][\BOLD][TAB][TAB]Ristanziamento (cambio di Base Aerea)[NEWLINE][NEWLINE][H1]Chiatte[\H1][NEWLINE][BOLD][COLOR_HIGHLIGHT_TEXT]F[COLOR_REVERT][\BOLD][TAB][TAB][TAB]Costruisci una Rete da pesca[NEWLINE][BOLD][COLOR_HIGHLIGHT_TEXT]O[COLOR_REVERT][\BOLD][TAB][TAB][TAB]Costruisci una Piattaforma petrolifera[NEWLINE][BOLD][COLOR_HIGHLIGHT_TEXT]Shift+W[COLOR_REVERT][\BOLD][TAB][TAB]Costruisci una Baleniera[NEWLINE][NEWLINE][H1]Lavoratori[\H1][NEWLINE][BOLD][COLOR_HIGHLIGHT_TEXT]A[COLOR_REVERT][\BOLD][TAB][TAB][TAB]Costruisci automaticamente i miglioramenti[NEWLINE][BOLD][COLOR_HIGHLIGHT_TEXT]F[COLOR_REVERT][\BOLD][TAB][TAB][TAB]Pianta una Foresta[NEWLINE][BOLD][COLOR_HIGHLIGHT_TEXT]H[COLOR_REVERT][\BOLD][TAB][TAB][TAB]Costruisci un Campo[NEWLINE][BOLD][COLOR_HIGHLIGHT_TEXT]I[COLOR_REVERT][\BOLD][TAB][TAB][TAB]Costruisci una Fattoria[NEWLINE][BOLD][COLOR_HIGHLIGHT_TEXT]K[COLOR_REVERT][\BOLD][TAB][TAB][TAB]Costruisci una Bottega[NEWLINE][BOLD][COLOR_HIGHLIGHT_TEXT]L[COLOR_REVERT][\BOLD][TAB][TAB][TAB]Costruisci una Segheria[NEWLINE][BOLD][COLOR_HIGHLIGHT_TEXT]M[COLOR_REVERT][\BOLD][TAB][TAB][TAB]Costruisci una Miniera[NEWLINE][BOLD][COLOR_HIGHLIGHT_TEXT]N[COLOR_REVERT][\BOLD][TAB][TAB][TAB]Costruisci automaticamente una rete commerciale[NEWLINE][BOLD][COLOR_HIGHLIGHT_TEXT]Q[COLOR_REVERT][\BOLD][TAB][TAB][TAB]Costruisci una Cava[NEWLINE][BOLD][COLOR_HIGHLIGHT_TEXT]R[COLOR_REVERT][\BOLD][TAB][TAB][TAB]Costruisci una Strada o una Ferrovia[NEWLINE][BOLD][COLOR_HIGHLIGHT_TEXT]T[COLOR_REVERT][\BOLD][TAB][TAB][TAB]Costruisci una Villetta[NEWLINE][BOLD][COLOR_HIGHLIGHT_TEXT]Alt+C[COLOR_REVERT][\BOLD][TAB][TAB]Disbosca una Foresta o Bonifica una Giungla[NEWLINE][BOLD][COLOR_HIGHLIGHT_TEXT]Alt+R[COLOR_REVERT][\BOLD][TAB][TAB]Costruisci una Strada fino ad una data destinazione[NEWLINE][BOLD][COLOR_HIGHLIGHT_TEXT]Ctrl+F[COLOR_REVERT][\BOLD][TAB][TAB]Costruisci una Fortezza[NEWLINE][BOLD][COLOR_HIGHLIGHT_TEXT]Ctrl+Shift+C[COLOR_REVERT][\BOLD][TAB]Costruisci automaticamente miglioramenti per la Citt&#224; pi&#249; vicina[NEWLINE][BOLD][COLOR_HIGHLIGHT_TEXT]Shift+P[COLOR_REVERT][\BOLD][TAB][TAB]Costruisci un Pascolo o una Piantagione[NEWLINE][BOLD][COLOR_HIGHLIGHT_TEXT]Shift+W[COLOR_REVERT][\BOLD][TAB][TAB]Costruisci un Mulino ad acqua (in riva ad un Fiume), un Mulino a vento (in Collina), una Azienda vinicola (sul Vino) o un Pozzo petrolifero (sul Petrolio)[NEWLINE]</Italian>
		<Spanish>[H1]Units[\H1][NEWLINE][BOLD][COLOR_HIGHLIGHT_TEXT]B[COLOR_REVERT][\BOLD][TAB][TAB][TAB]Bombard[NEWLINE][BOLD][COLOR_HIGHLIGHT_TEXT]B[COLOR_REVERT][\BOLD][TAB][TAB][TAB]Build City (Settler)[NEWLINE][BOLD][COLOR_HIGHLIGHT_TEXT]C[COLOR_REVERT][\BOLD][TAB][TAB][TAB]Center on unit[NEWLINE][BOLD][COLOR_HIGHLIGHT_TEXT]E[COLOR_REVERT][\BOLD][TAB][TAB][TAB]Explore[NEWLINE][BOLD][COLOR_HIGHLIGHT_TEXT]F[COLOR_REVERT][\BOLD][TAB][TAB][TAB]Fortify[NEWLINE][BOLD][COLOR_HIGHLIGHT_TEXT]G[COLOR_REVERT][\BOLD][TAB][TAB][TAB]Go-to mode[NEWLINE][BOLD][COLOR_HIGHLIGHT_TEXT]I[COLOR_REVERT][\BOLD][TAB][TAB][TAB]Intercept[NEWLINE][BOLD][COLOR_HIGHLIGHT_TEXT]L[COLOR_REVERT][\BOLD][TAB][TAB][TAB]Load (onto ship)[NEWLINE][BOLD][COLOR_HIGHLIGHT_TEXT]S[COLOR_REVERT][\BOLD][TAB][TAB][TAB]Sentry (wake for enemy)[NEWLINE][BOLD][COLOR_HIGHLIGHT_TEXT]U[COLOR_REVERT][\BOLD][TAB][TAB][TAB]Unload (from ship)[NEWLINE][BOLD][COLOR_HIGHLIGHT_TEXT]W[COLOR_REVERT][\BOLD][TAB][TAB][TAB]Wait (move later in turn)[NEWLINE][BOLD][COLOR_HIGHLIGHT_TEXT]Alt+Click[COLOR_REVERT][\BOLD][TAB][TAB]Group all units together[NEWLINE][BOLD][COLOR_HIGHLIGHT_TEXT]Ctrl+(#)[COLOR_REVERT][\BOLD][TAB][TAB]Bind selected group or unit to number[NEWLINE][BOLD][COLOR_HIGHLIGHT_TEXT]Ctrl+Click[COLOR_REVERT][\BOLD][TAB][TAB]Group same type together[NEWLINE][BOLD][COLOR_HIGHLIGHT_TEXT]Shift+Click[COLOR_REVERT][\BOLD][TAB]Tile context menu[NEWLINE][BOLD][COLOR_HIGHLIGHT_TEXT]Shift+P[COLOR_REVERT][\BOLD][TAB][TAB]Pillage[NEWLINE][BOLD][COLOR_HIGHLIGHT_TEXT]Space[COLOR_REVERT][\BOLD][TAB][TAB]Skip turn for unit[NEWLINE][BOLD][COLOR_HIGHLIGHT_TEXT]Delete[COLOR_REVERT][\BOLD][TAB][TAB]Delete unit[NEWLINE][BOLD][COLOR_HIGHLIGHT_TEXT]Numpad 5[COLOR_REVERT][\BOLD][TAB][TAB]Center on unit[NEWLINE][BOLD][COLOR_HIGHLIGHT_TEXT]Numpad arrows[COLOR_REVERT][\BOLD][TAB]Use numpad to move units[NEWLINE][NEWLINE][H1]Air Units[\H1][NEWLINE][BOLD][COLOR_HIGHLIGHT_TEXT]B[COLOR_REVERT][\BOLD][TAB][TAB]Air bomb mode (cities/tiles)[NEWLINE][BOLD][COLOR_HIGHLIGHT_TEXT]R[COLOR_REVERT][\BOLD][TAB][TAB]Recon mode[NEWLINE][BOLD][COLOR_HIGHLIGHT_TEXT]S[COLOR_REVERT][\BOLD][TAB][TAB]Air strike mode (enemy units)[NEWLINE][BOLD][COLOR_HIGHLIGHT_TEXT]Alt+R[COLOR_REVERT][\BOLD][TAB]Rebase[NEWLINE][NEWLINE][H1]Work Boats[\H1][NEWLINE][BOLD][COLOR_HIGHLIGHT_TEXT]F[COLOR_REVERT][\BOLD][TAB][TAB]Build fishing nets[NEWLINE][BOLD][COLOR_HIGHLIGHT_TEXT]O[COLOR_REVERT][\BOLD][TAB][TAB]Build offshore platform[NEWLINE][BOLD][COLOR_HIGHLIGHT_TEXT]Shift+W[COLOR_REVERT][\BOLD][TAB]Build whaling boats[NEWLINE][NEWLINE][H1]Workers[\H1][NEWLINE][BOLD][COLOR_HIGHLIGHT_TEXT]A[COLOR_REVERT][\BOLD][TAB][TAB][TAB]Automate[NEWLINE][BOLD][COLOR_HIGHLIGHT_TEXT]H[COLOR_REVERT][\BOLD][TAB][TAB][TAB]Build camp[NEWLINE][BOLD][COLOR_HIGHLIGHT_TEXT]I[COLOR_REVERT][\BOLD][TAB][TAB][TAB]Build farm (irrigate)[NEWLINE][BOLD][COLOR_HIGHLIGHT_TEXT]K[COLOR_REVERT][\BOLD][TAB][TAB][TAB]Build workshop[NEWLINE][BOLD][COLOR_HIGHLIGHT_TEXT]L[COLOR_REVERT][\BOLD][TAB][TAB][TAB]Build lumbermill[NEWLINE][BOLD][COLOR_HIGHLIGHT_TEXT]M[COLOR_REVERT][\BOLD][TAB][TAB][TAB]Build mine[NEWLINE][BOLD][COLOR_HIGHLIGHT_TEXT]N[COLOR_REVERT][\BOLD][TAB][TAB][TAB]Build trade network[NEWLINE][BOLD][COLOR_HIGHLIGHT_TEXT]Q[COLOR_REVERT][\BOLD][TAB][TAB][TAB]Build quarry[NEWLINE][BOLD][COLOR_HIGHLIGHT_TEXT]R[COLOR_REVERT][\BOLD][TAB][TAB][TAB]Build road/railroad[NEWLINE][BOLD][COLOR_HIGHLIGHT_TEXT]T[COLOR_REVERT][\BOLD][TAB][TAB][TAB]Build cottage[NEWLINE][BOLD][COLOR_HIGHLIGHT_TEXT]Alt+C[COLOR_REVERT][\BOLD][TAB][TAB]Remove forest/jungle[NEWLINE][BOLD][COLOR_HIGHLIGHT_TEXT]Alt+R[COLOR_REVERT][\BOLD][TAB][TAB]Road-to mode[NEWLINE][BOLD][COLOR_HIGHLIGHT_TEXT]Ctrl+F[COLOR_REVERT][\BOLD][TAB][TAB]Build fort[NEWLINE][BOLD][COLOR_HIGHLIGHT_TEXT]Shift+Ctrl+C[COLOR_REVERT][\BOLD][TAB]Improve nearest city[NEWLINE][BOLD][COLOR_HIGHLIGHT_TEXT]Shift+P[COLOR_REVERT][\BOLD][TAB][TAB]Build pasture/plantation[NEWLINE][BOLD][COLOR_HIGHLIGHT_TEXT]Shift+W[COLOR_REVERT][\BOLD][TAB][TAB]Build watermill (river), windmill (hill), winery (wine), well (oil)[NEWLINE]</Spanish>
	</TEXT>
	<TEXT>
		<Tag>TXT_KEY_SHORTCUTS_CITYSCREEN_PEDIA</Tag>
		<English>[H1]City Screen[\H1][NEWLINE][BOLD][COLOR_HIGHLIGHT_TEXT]Enter[COLOR_REVERT][\BOLD][TAB][TAB][TAB][TAB][TAB]Exit city screen[NEWLINE][BOLD][COLOR_HIGHLIGHT_TEXT]Alt+add item to build queue[COLOR_REVERT][\BOLD][TAB]Build item indefinitely[NEWLINE][BOLD][COLOR_HIGHLIGHT_TEXT]Ctrl+add item to build queue[COLOR_REVERT][\BOLD][TAB]Add to beginning of queue[NEWLINE][BOLD][COLOR_HIGHLIGHT_TEXT]Shift+add item to build queue[COLOR_REVERT][\BOLD][TAB]Add item to end of queue[NEWLINE][BOLD][COLOR_HIGHLIGHT_TEXT]Ctrl+(#)[COLOR_REVERT][\BOLD][TAB][TAB][TAB][TAB][TAB]Save a production queue. Load w/same key[NEWLINE][BOLD][COLOR_HIGHLIGHT_TEXT]Insert[COLOR_REVERT][\BOLD][TAB][TAB][TAB][TAB][TAB]Open nearest friendly city screen[NEWLINE][BOLD][COLOR_HIGHLIGHT_TEXT]Middle mouse button[COLOR_REVERT][\BOLD][TAB][TAB][TAB]Exit city screen[NEWLINE][BOLD][COLOR_HIGHLIGHT_TEXT]Numpad arrows[COLOR_REVERT][\BOLD][TAB][TAB][TAB][TAB]Cycle through cities[NEWLINE][BOLD][COLOR_HIGHLIGHT_TEXT]Click Fwd, Back mouse buttons[COLOR_REVERT][\BOLD][TAB]Cycle through cities[NEWLINE]</English>
		<French>[H1]City Screen[\H1][NEWLINE][BOLD][COLOR_HIGHLIGHT_TEXT]Enter[COLOR_REVERT][\BOLD][TAB][TAB][TAB][TAB][TAB]Exit city screen[NEWLINE][BOLD][COLOR_HIGHLIGHT_TEXT]Alt+add item to build queue[COLOR_REVERT][\BOLD][TAB]Build item indefinitely[NEWLINE][BOLD][COLOR_HIGHLIGHT_TEXT]Ctrl+add item to build queue[COLOR_REVERT][\BOLD][TAB]Add to beginning of queue[NEWLINE][BOLD][COLOR_HIGHLIGHT_TEXT]Shift+add item to build queue[COLOR_REVERT][\BOLD][TAB]Add item to end of queue[NEWLINE][BOLD][COLOR_HIGHLIGHT_TEXT]Ctrl+(#)[COLOR_REVERT][\BOLD][TAB][TAB][TAB][TAB][TAB]Save a production queue. Load w/same key[NEWLINE][BOLD][COLOR_HIGHLIGHT_TEXT]Insert[COLOR_REVERT][\BOLD][TAB][TAB][TAB][TAB][TAB]Open nearest friendly city screen[NEWLINE][BOLD][COLOR_HIGHLIGHT_TEXT]Middle mouse button[COLOR_REVERT][\BOLD][TAB][TAB][TAB]Exit city screen[NEWLINE][BOLD][COLOR_HIGHLIGHT_TEXT]Numpad arrows[COLOR_REVERT][\BOLD][TAB][TAB][TAB][TAB]Cycle through cities[NEWLINE][BOLD][COLOR_HIGHLIGHT_TEXT]Click Fwd, Back mouse buttons[COLOR_REVERT][\BOLD][TAB]Cycle through cities[NEWLINE]</French>
		<German>[H1]Stadt-Bildschirm[\H1][NEWLINE][BOLD][COLOR_HIGHLIGHT_TEXT]Eingabe, 3. Maustaste[COLOR_REVERT][\BOLD][TAB][TAB][TAB]Stadt-Bildschirm verlassen[NEWLINE][BOLD][COLOR_HIGHLIGHT_TEXT]Alt+Klick auf ein Bauprojekt[COLOR_REVERT][\BOLD][TAB][TAB]Bauprojekt in Endlosschleife produzieren[NEWLINE][BOLD][COLOR_HIGHLIGHT_TEXT]Strg+Klick auf ein Bauprojekt[COLOR_REVERT][\BOLD][TAB][TAB]Bauprojekt an den Anfang der Produktionsliste [NEWLINE][TAB][TAB][TAB][TAB][TAB][TAB][TAB]setzen[NEWLINE][BOLD][COLOR_HIGHLIGHT_TEXT]Umschalt+Klick auf ein Bauprojekt[COLOR_REVERT][\BOLD][TAB]Bauprojekt ans Ende der Produktionsliste [NEWLINE][TAB][TAB][TAB][TAB][TAB][TAB][TAB]setzen[NEWLINE][BOLD][COLOR_HIGHLIGHT_TEXT]Strg+Zifferntaste[COLOR_REVERT][\BOLD][TAB][TAB][TAB][TAB]Produktionsliste speichern[NEWLINE][BOLD][COLOR_HIGHLIGHT_TEXT]Zifferntaste[COLOR_REVERT][\BOLD][TAB][TAB][TAB][TAB][TAB]Gespeicherte Produktionsliste laden[NEWLINE][BOLD][COLOR_HIGHLIGHT_TEXT]Einfg[COLOR_REVERT][\BOLD][TAB][TAB][TAB][TAB][TAB][TAB][TAB]Stadt-Bildschirm der n&#228;chsten verb&#252;ndeten [NEWLINE][TAB][TAB][TAB][TAB][TAB][TAB][TAB]Stadt &#246;ffnen[NEWLINE][BOLD][COLOR_HIGHLIGHT_TEXT]Pfeiltaste links/rechts, Mausrad[COLOR_REVERT][\BOLD][TAB]Zur n&#228;chsten Stadt springen[NEWLINE]</German>
		<Italian>[H1]Schermata cittadina[\H1][NEWLINE][BOLD][COLOR_HIGHLIGHT_TEXT]Invio[COLOR_REVERT][\BOLD][TAB][TAB][TAB][TAB][TAB][TAB][TAB][TAB][TAB]Esci dalla schermata cittadina[NEWLINE][BOLD][COLOR_HIGHLIGHT_TEXT]Alt+Aggiunta nella coda di costruzione[COLOR_REVERT][\BOLD][TAB]Costruisci all'infinito l'oggetto aggiunto[NEWLINE][BOLD][COLOR_HIGHLIGHT_TEXT]Ctrl+Aggiunta nella coda di costruzione[COLOR_REVERT][\BOLD][TAB]Aggiungi l'oggetto all'inizio della coda[NEWLINE][BOLD][COLOR_HIGHLIGHT_TEXT]Shift+Aggiunta nella coda di costruzione[COLOR_REVERT][\BOLD][TAB]Aggiungi l'oggetto alla fine della coda[NEWLINE][BOLD][COLOR_HIGHLIGHT_TEXT]Ctrl+(#)[COLOR_REVERT][\BOLD][TAB][TAB][TAB][TAB][TAB][TAB][TAB][TAB][TAB]Salva la coda di costruzione[NEWLINE][BOLD][COLOR_HIGHLIGHT_TEXT](#)[COLOR_REVERT][\BOLD][TAB][TAB][TAB][TAB][TAB][TAB][TAB][TAB][TAB][TAB]Carica la coda di costruzione[NEWLINE][BOLD][COLOR_HIGHLIGHT_TEXT]Frecce del Tastierino numerico[COLOR_REVERT][\BOLD][TAB][TAB][TAB]Scorrono fra le Citt&#224;[NEWLINE]</Italian>
		<Spanish>[H1]City Screen[\H1][NEWLINE][BOLD][COLOR_HIGHLIGHT_TEXT]Enter[COLOR_REVERT][\BOLD][TAB][TAB][TAB][TAB][TAB]Exit city screen[NEWLINE][BOLD][COLOR_HIGHLIGHT_TEXT]Alt+add item to build queue[COLOR_REVERT][\BOLD][TAB]Build item indefinitely[NEWLINE][BOLD][COLOR_HIGHLIGHT_TEXT]Ctrl+add item to build queue[COLOR_REVERT][\BOLD][TAB]Add to beginning of queue[NEWLINE][BOLD][COLOR_HIGHLIGHT_TEXT]Shift+add item to build queue[COLOR_REVERT][\BOLD][TAB]Add item to end of queue[NEWLINE][BOLD][COLOR_HIGHLIGHT_TEXT]Ctrl+(#)[COLOR_REVERT][\BOLD][TAB][TAB][TAB][TAB][TAB]Save a production queue. Load w/same key[NEWLINE][BOLD][COLOR_HIGHLIGHT_TEXT]Insert[COLOR_REVERT][\BOLD][TAB][TAB][TAB][TAB][TAB]Open nearest friendly city screen[NEWLINE][BOLD][COLOR_HIGHLIGHT_TEXT]Middle mouse button[COLOR_REVERT][\BOLD][TAB][TAB][TAB]Exit city screen[NEWLINE][BOLD][COLOR_HIGHLIGHT_TEXT]Numpad arrows[COLOR_REVERT][\BOLD][TAB][TAB][TAB][TAB]Cycle through cities[NEWLINE][BOLD][COLOR_HIGHLIGHT_TEXT]Click Fwd, Back mouse buttons[COLOR_REVERT][\BOLD][TAB]Cycle through cities[NEWLINE]</Spanish>
	</TEXT>
	<TEXT>
		<Tag>TXT_KEY_SHORTCUTS_MOUSE_PEDIA</Tag>
		<English>[H1]Mouse Shortcuts[\H1][NEWLINE][BOLD][COLOR_HIGHLIGHT_TEXT]Alt+click on city bar[COLOR_REVERT][\BOLD][TAB][TAB][TAB][TAB][TAB]Select all player's cities[NEWLINE][BOLD][COLOR_HIGHLIGHT_TEXT]Alt+click on Civ in score display[COLOR_REVERT][\BOLD][TAB][TAB][TAB]Declare war on that Civ[NEWLINE][BOLD][COLOR_HIGHLIGHT_TEXT]Alt+right-click a tile[COLOR_REVERT][\BOLD][TAB][TAB][TAB][TAB][TAB]Move all units from same tile to selected tile[NEWLINE][BOLD][COLOR_HIGHLIGHT_TEXT]Ctrl+click on city bar[COLOR_REVERT][\BOLD][TAB][TAB][TAB][TAB][TAB]Select all cities on same continent[NEWLINE][BOLD][COLOR_HIGHLIGHT_TEXT]Ctrl+click on Civ in score display[COLOR_REVERT][\BOLD][TAB][TAB]Open trade window with that Civ[NEWLINE][BOLD][COLOR_HIGHLIGHT_TEXT]Ctrl+roll mouse wheel[COLOR_REVERT][\BOLD][TAB][TAB][TAB][TAB]Cycle units on tile[NEWLINE][BOLD][COLOR_HIGHLIGHT_TEXT]Shift+click any city bars[COLOR_REVERT][\BOLD][TAB][TAB][TAB][TAB]Select multiple cities (to change production)[NEWLINE][BOLD][COLOR_HIGHLIGHT_TEXT]Shift+right-click any city bars[COLOR_REVERT][\BOLD][TAB][TAB][TAB]Set rally point for multiple cities[NEWLINE][BOLD][COLOR_HIGHLIGHT_TEXT]Shift+click on city bars[COLOR_REVERT][\BOLD][TAB][TAB][TAB][TAB]Select those cities to change queue[NEWLINE][BOLD][COLOR_HIGHLIGHT_TEXT]Shift+click any tile[COLOR_REVERT][\BOLD][TAB][TAB][TAB][TAB][TAB]Open context menu for that tile[NEWLINE][BOLD][COLOR_HIGHLIGHT_TEXT]Shift+Right Click city bars[COLOR_REVERT][\BOLD][TAB][TAB][TAB][TAB]Set rally point for those cities[NEWLINE][BOLD][COLOR_HIGHLIGHT_TEXT]Roll mouse wheel[COLOR_REVERT][\BOLD][TAB][TAB][TAB][TAB][TAB]Zoom in/out[NEWLINE][BOLD][COLOR_HIGHLIGHT_TEXT]Click+hold left and right mouse buttons[COLOR_REVERT][\BOLD][TAB]Drag map[NEWLINE][BOLD][COLOR_HIGHLIGHT_TEXT]Click+hold right mouse button over enemy[COLOR_REVERT][\BOLD][TAB]Display combat odds[NEWLINE][BOLD][COLOR_HIGHLIGHT_TEXT]Click any tile[COLOR_REVERT][\BOLD][TAB][TAB][TAB][TAB][TAB][TAB]Center the map on that tile[NEWLINE][BOLD][COLOR_HIGHLIGHT_TEXT]Click Fwd and Back mouse buttons[COLOR_REVERT][\BOLD][TAB][TAB]Cycle through units on the same tile[NEWLINE]</English>
		<French>[H1]Mouse Shortcuts[\H1][NEWLINE][BOLD][COLOR_HIGHLIGHT_TEXT]Alt+click on city bar[COLOR_REVERT][\BOLD][TAB][TAB][TAB][TAB][TAB]Select all player's cities[NEWLINE][BOLD][COLOR_HIGHLIGHT_TEXT]Alt+click on Civ in score display[COLOR_REVERT][\BOLD][TAB][TAB][TAB]Declare war on that Civ[NEWLINE][BOLD][COLOR_HIGHLIGHT_TEXT]Alt+right-click a tile[COLOR_REVERT][\BOLD][TAB][TAB][TAB][TAB][TAB]Move all units from same tile to selected tile[NEWLINE][BOLD][COLOR_HIGHLIGHT_TEXT]Ctrl+click on city bar[COLOR_REVERT][\BOLD][TAB][TAB][TAB][TAB][TAB]Select all cities on same continent[NEWLINE][BOLD][COLOR_HIGHLIGHT_TEXT]Ctrl+click on Civ in score display[COLOR_REVERT][\BOLD][TAB][TAB]Open trade window with that Civ[NEWLINE][BOLD][COLOR_HIGHLIGHT_TEXT]Ctrl+roll mouse wheel[COLOR_REVERT][\BOLD][TAB][TAB][TAB][TAB]Cycle units on tile[NEWLINE][BOLD][COLOR_HIGHLIGHT_TEXT]Shift+click any city bars[COLOR_REVERT][\BOLD][TAB][TAB][TAB][TAB]Select multiple cities (to change production)[NEWLINE][BOLD][COLOR_HIGHLIGHT_TEXT]Shift+right-click any city bars[COLOR_REVERT][\BOLD][TAB][TAB][TAB]Set rally point for multiple cities[NEWLINE][BOLD][COLOR_HIGHLIGHT_TEXT]Shift+click on city bars[COLOR_REVERT][\BOLD][TAB][TAB][TAB][TAB]Select those cities to change queue[NEWLINE][BOLD][COLOR_HIGHLIGHT_TEXT]Shift+click any tile[COLOR_REVERT][\BOLD][TAB][TAB][TAB][TAB][TAB]Open context menu for that tile[NEWLINE][BOLD][COLOR_HIGHLIGHT_TEXT]Shift+Right Click city bars[COLOR_REVERT][\BOLD][TAB][TAB][TAB][TAB]Set rally point for those cities[NEWLINE][BOLD][COLOR_HIGHLIGHT_TEXT]Roll mouse wheel[COLOR_REVERT][\BOLD][TAB][TAB][TAB][TAB][TAB]Zoom in/out[NEWLINE][BOLD][COLOR_HIGHLIGHT_TEXT]Click+hold left and right mouse buttons[COLOR_REVERT][\BOLD][TAB]Drag map[NEWLINE][BOLD][COLOR_HIGHLIGHT_TEXT]Click+hold right mouse button over enemy[COLOR_REVERT][\BOLD][TAB]Display combat odds[NEWLINE][BOLD][COLOR_HIGHLIGHT_TEXT]Click any tile[COLOR_REVERT][\BOLD][TAB][TAB][TAB][TAB][TAB][TAB]Center the map on that tile[NEWLINE][BOLD][COLOR_HIGHLIGHT_TEXT]Click Fwd and Back mouse buttons[COLOR_REVERT][\BOLD][TAB][TAB]Cycle through units on the same tile[NEWLINE]</French>
		<German>[H1]Maussteuerung[\H1][NEWLINE][BOLD][COLOR_HIGHLIGHT_TEXT]Alt+Klick auf Stadtleiste[COLOR_REVERT][\BOLD][TAB][TAB][TAB]Alle eigenen St&#228;dte ausw&#228;hlen[NEWLINE][BOLD][COLOR_HIGHLIGHT_TEXT]Alt+Klick auf Gegnername in der [NEWLINE]Punkteanzeige[COLOR_REVERT][\BOLD][TAB][TAB][TAB][TAB][TAB]Zivilisation den Krieg erkl&#228;ren[NEWLINE][BOLD][COLOR_HIGHLIGHT_TEXT]Alt+Rechtsklick auf Gel&#228;ndefeld[COLOR_REVERT][\BOLD][TAB]Alle Einheiten eines Gel&#228;ndefeldes zum [NEWLINE][TAB][TAB][TAB][TAB][TAB][TAB][TAB]gew&#228;hlten Gel&#228;ndefeld bewegen[NEWLINE][BOLD][COLOR_HIGHLIGHT_TEXT]Strg+Klick auf Stadtleiste[COLOR_REVERT][\BOLD][TAB][TAB][TAB]Alle eigenen St&#228;dte auf demselben [NEWLINE][TAB][TAB][TAB][TAB][TAB][TAB][TAB]Kontinent ausw&#228;hlen[NEWLINE][BOLD][COLOR_HIGHLIGHT_TEXT]Strg+Klick auf Gegnername in der [NEWLINE]Punkteanzeige[COLOR_REVERT][\BOLD][TAB][TAB][TAB][TAB][TAB]Handelsfenster &#246;ffnen[NEWLINE][BOLD][COLOR_HIGHLIGHT_TEXT]Strg+Mausrad, Seitentasten[COLOR_REVERT][\BOLD][TAB][TAB]Zur vorherigen/n&#228;chsten Einheit wechseln [NEWLINE][TAB][TAB][TAB][TAB][TAB][TAB][TAB](gleiches Feld)[NEWLINE][BOLD][COLOR_HIGHLIGHT_TEXT]Umschalt+Klick auf Stadtleiste[COLOR_REVERT][\BOLD][TAB][TAB]Mehrere St&#228;dte ausw&#228;hlen (um die dezeitigen [NEWLINE][TAB][TAB][TAB][TAB][TAB][TAB][TAB]Bauprojekte simultan zu &#228;ndern)[NEWLINE][BOLD][COLOR_HIGHLIGHT_TEXT]Umschalt+Rechtsklick auf [NEWLINE]Stadtleiste[COLOR_REVERT][\BOLD][TAB][TAB][TAB][TAB][TAB]Einheitensammelpunkt f&#252;r mehrere St&#228;dte [NEWLINE][TAB][TAB][TAB][TAB][TAB][TAB][TAB]setzen[NEWLINE][BOLD][COLOR_HIGHLIGHT_TEXT]Umschalt+Klick auf Gel&#228;ndefeld[COLOR_REVERT][\BOLD][TAB]Kontextmen&#252; des Gel&#228;ndefeldes[NEWLINE][BOLD][COLOR_HIGHLIGHT_TEXT]Mausrad[COLOR_REVERT][\BOLD][TAB][TAB][TAB][TAB][TAB][TAB]Zoomfaktor verringern/erh&#246;hen[NEWLINE][BOLD][COLOR_HIGHLIGHT_TEXT]Linke und rechte Maustaste [NEWLINE]dr&#252;cken und halten[COLOR_REVERT][\BOLD][TAB][TAB][TAB][TAB]Karte ziehen[NEWLINE][BOLD][COLOR_HIGHLIGHT_TEXT]Rechte Maustaste halten und &#252;ber [NEWLINE]feindliche Einheit scrollen[COLOR_REVERT][\BOLD][TAB][TAB][TAB]Anzeige der Siegchance[NEWLINE][BOLD][COLOR_HIGHLIGHT_TEXT]Klick auf Gel&#228;ndefeld[COLOR_REVERT][\BOLD][TAB][TAB][TAB][TAB]Auf Gel&#228;ndefeld zentrieren[NEWLINE]</German>
		<Italian>[H1]Scorciatoie per il mouse[\H1][NEWLINE][BOLD][COLOR_HIGHLIGHT_TEXT]Alt+click su una Barra cittadina[COLOR_REVERT][\BOLD][TAB]Seleziona tutte le Citt&#224; del giocatore[NEWLINE][BOLD][COLOR_HIGHLIGHT_TEXT]Ctrl+click su una Barra cittadina[COLOR_REVERT][\BOLD][TAB]Seleziona tutte le Citt&#224; del giocatore nel continente[NEWLINE][BOLD][COLOR_HIGHLIGHT_TEXT]Shift+click su pi&#249; Barre cittadine[COLOR_REVERT][\BOLD][TAB]Seleziona le corrispondenti Citt&#224;[NEWLINE][BOLD][COLOR_HIGHLIGHT_TEXT]Shift+click-d su Barre cittadine[COLOR_REVERT][\BOLD][TAB]Imposta una destinazione per tali Citt&#224;[NEWLINE][BOLD][COLOR_HIGHLIGHT_TEXT]Alt+click su una Civilt&#224;[COLOR_REVERT][\BOLD][TAB][TAB][TAB]Dichiara guerra alla Civilt&#224;[NEWLINE][BOLD][COLOR_HIGHLIGHT_TEXT]Ctrl+click su una Civilt&#224;[COLOR_REVERT][\BOLD][TAB][TAB][TAB]Apre l'interfaccia diplomatica con la Civilt&#224;[NEWLINE][BOLD][COLOR_HIGHLIGHT_TEXT]Click su una casella[COLOR_REVERT][\BOLD][TAB][TAB][TAB][TAB]Centra la mappa sulla casella[NEWLINE][BOLD][COLOR_HIGHLIGHT_TEXT]Shift+click su una casella[COLOR_REVERT][\BOLD][TAB][TAB][TAB]Apre il men&#249; contestuale della casella[NEWLINE][BOLD][COLOR_HIGHLIGHT_TEXT]Alt+click-d su una casella[COLOR_REVERT][\BOLD][TAB][TAB]Muove insieme tutte le Unit&#224; nella casella[NEWLINE][BOLD][COLOR_HIGHLIGHT_TEXT]Ctrl+rotellina[COLOR_REVERT][\BOLD][TAB][TAB][TAB][TAB][TAB]Scorre fra le Unit&#224; nella casella[NEWLINE][BOLD][COLOR_HIGHLIGHT_TEXT]Rotellina[COLOR_REVERT][\BOLD][TAB][TAB][TAB][TAB][TAB][TAB]Zoom[NEWLINE][BOLD][COLOR_HIGHLIGHT_TEXT]Muovere il mouse con i tasti premuti[COLOR_REVERT][\BOLD][TAB]Sposta la mappa[NEWLINE]</Italian>
		<Spanish>[H1]Mouse Shortcuts[\H1][NEWLINE][BOLD][COLOR_HIGHLIGHT_TEXT]Alt+click on city bar[COLOR_REVERT][\BOLD][TAB][TAB][TAB][TAB][TAB]Select all player's cities[NEWLINE][BOLD][COLOR_HIGHLIGHT_TEXT]Alt+click on Civ in score display[COLOR_REVERT][\BOLD][TAB][TAB][TAB]Declare war on that Civ[NEWLINE][BOLD][COLOR_HIGHLIGHT_TEXT]Alt+right-click a tile[COLOR_REVERT][\BOLD][TAB][TAB][TAB][TAB][TAB]Move all units from same tile to selected tile[NEWLINE][BOLD][COLOR_HIGHLIGHT_TEXT]Ctrl+click on city bar[COLOR_REVERT][\BOLD][TAB][TAB][TAB][TAB][TAB]Select all cities on same continent[NEWLINE][BOLD][COLOR_HIGHLIGHT_TEXT]Ctrl+click on Civ in score display[COLOR_REVERT][\BOLD][TAB][TAB]Open trade window with that Civ[NEWLINE][BOLD][COLOR_HIGHLIGHT_TEXT]Ctrl+roll mouse wheel[COLOR_REVERT][\BOLD][TAB][TAB][TAB][TAB]Cycle units on tile[NEWLINE][BOLD][COLOR_HIGHLIGHT_TEXT]Shift+click any city bars[COLOR_REVERT][\BOLD][TAB][TAB][TAB][TAB]Select multiple cities (to change production)[NEWLINE][BOLD][COLOR_HIGHLIGHT_TEXT]Shift+right-click any city bars[COLOR_REVERT][\BOLD][TAB][TAB][TAB]Set rally point for multiple cities[NEWLINE][BOLD][COLOR_HIGHLIGHT_TEXT]Shift+click on city bars[COLOR_REVERT][\BOLD][TAB][TAB][TAB][TAB]Select those cities to change queue[NEWLINE][BOLD][COLOR_HIGHLIGHT_TEXT]Shift+click any tile[COLOR_REVERT][\BOLD][TAB][TAB][TAB][TAB][TAB]Open context menu for that tile[NEWLINE][BOLD][COLOR_HIGHLIGHT_TEXT]Shift+Right Click city bars[COLOR_REVERT][\BOLD][TAB][TAB][TAB][TAB]Set rally point for those cities[NEWLINE][BOLD][COLOR_HIGHLIGHT_TEXT]Roll mouse wheel[COLOR_REVERT][\BOLD][TAB][TAB][TAB][TAB][TAB]Zoom in/out[NEWLINE][BOLD][COLOR_HIGHLIGHT_TEXT]Click+hold left and right mouse buttons[COLOR_REVERT][\BOLD][TAB]Drag map[NEWLINE][BOLD][COLOR_HIGHLIGHT_TEXT]Click+hold right mouse button over enemy[COLOR_REVERT][\BOLD][TAB]Display combat odds[NEWLINE][BOLD][COLOR_HIGHLIGHT_TEXT]Click any tile[COLOR_REVERT][\BOLD][TAB][TAB][TAB][TAB][TAB][TAB]Center the map on that tile[NEWLINE][BOLD][COLOR_HIGHLIGHT_TEXT]Click Fwd and Back mouse buttons[COLOR_REVERT][\BOLD][TAB][TAB]Cycle through units on the same tile[NEWLINE]</Spanish>
	</TEXT>
	<TEXT>
		<Tag>TXT_KEY_SHORTCUTS_BUG_PEDIA</Tag>
		<English>[H1]BUG Mod[\H1][NEWLINE][BOLD][COLOR_HIGHLIGHT_TEXT]Alt+Ctrl+O[COLOR_REVERT][\BOLD][TAB][TAB]BUG Option Screen[NEWLINE][BOLD][COLOR_HIGHLIGHT_TEXT]Alt+Ctrl+F1[COLOR_REVERT][\BOLD][TAB][TAB]BUG Help (external)[NEWLINE][BOLD][COLOR_HIGHLIGHT_TEXT]Alt+M, Alt+Ctrl+R[COLOR_REVERT][\BOLD][TAB]Create reminder[NEWLINE][BOLD][COLOR_HIGHLIGHT_TEXT]Alt+L[COLOR_REVERT][\BOLD][TAB][TAB][TAB]Start/Stop logging[NEWLINE][BOLD][COLOR_HIGHLIGHT_TEXT]Alt+E[COLOR_REVERT][\BOLD][TAB][TAB][TAB]Create manual log entry[NEWLINE][BOLD][COLOR_HIGHLIGHT_TEXT]Alt+B[COLOR_REVERT][\BOLD][TAB][TAB][TAB]Log battle statistics[NEWLINE][BOLD][COLOR_HIGHLIGHT_TEXT]Alt+X[COLOR_REVERT][\BOLD][TAB][TAB][TAB]Toggle dotmap edit mode[NEWLINE][BOLD][COLOR_HIGHLIGHT_TEXT]Ctrl+X[COLOR_REVERT][\BOLD][TAB][TAB][TAB]Show/hide dotmap[NEWLINE][BOLD][COLOR_HIGHLIGHT_TEXT]Alt+G[COLOR_REVERT][\BOLD][TAB][TAB][TAB]Regenerate the map[NEWLINE][BOLD][COLOR_HIGHLIGHT_TEXT]Alt+Ctrl+G[COLOR_REVERT][\BOLD][TAB][TAB]Start/Stop MapFinder[NEWLINE][NEWLINE]Hold [BOLD][COLOR_HIGHLIGHT_TEXT]Alt[COLOR_REVERT][\BOLD] while hovering the mouse over a unit icon in the plot list to highlight its possible moves on the map.</English>
		<French>[H1]BUG Mod[\H1][NEWLINE][BOLD][COLOR_HIGHLIGHT_TEXT]Alt+Ctrl+O[COLOR_REVERT][\BOLD][TAB][TAB]BUG Option Screen[NEWLINE][BOLD][COLOR_HIGHLIGHT_TEXT]Alt+Ctrl+F1[COLOR_REVERT][\BOLD][TAB][TAB]BUG Help (external)[NEWLINE][BOLD][COLOR_HIGHLIGHT_TEXT]Alt+M, Alt+Ctrl+R[COLOR_REVERT][\BOLD][TAB]Create reminder[NEWLINE][BOLD][COLOR_HIGHLIGHT_TEXT]Alt+L[COLOR_REVERT][\BOLD][TAB][TAB][TAB]Start/Stop logging[NEWLINE][BOLD][COLOR_HIGHLIGHT_TEXT]Alt+E[COLOR_REVERT][\BOLD][TAB][TAB][TAB]Create manual log entry[NEWLINE][BOLD][COLOR_HIGHLIGHT_TEXT]Alt+B[COLOR_REVERT][\BOLD][TAB][TAB][TAB]Log battle statistics[NEWLINE][BOLD][COLOR_HIGHLIGHT_TEXT]Alt+X[COLOR_REVERT][\BOLD][TAB][TAB][TAB]Toggle dotmap edit mode[NEWLINE][BOLD][COLOR_HIGHLIGHT_TEXT]Ctrl+X[COLOR_REVERT][\BOLD][TAB][TAB][TAB]Show/hide dotmap[NEWLINE][BOLD][COLOR_HIGHLIGHT_TEXT]Alt+G[COLOR_REVERT][\BOLD][TAB][TAB][TAB]Regenerate the map[NEWLINE][BOLD][COLOR_HIGHLIGHT_TEXT]Alt+Ctrl+G[COLOR_REVERT][\BOLD][TAB][TAB]Start/Stop MapFinder[NEWLINE][NEWLINE]Hold [BOLD][COLOR_HIGHLIGHT_TEXT]Alt[COLOR_REVERT][\BOLD] while hovering the mouse over a unit icon in the plot list to highlight its possible moves on the map.</French>
		<German>[H1]BUG Mod[\H1][NEWLINE][BOLD][COLOR_HIGHLIGHT_TEXT]Strg+Alt+O[COLOR_REVERT][\BOLD][TAB][TAB]Optionsbildschirm der BUG Mod[NEWLINE][BOLD][COLOR_HIGHLIGHT_TEXT]Strg+Alt+F1[COLOR_REVERT][\BOLD][TAB][TAB]BUG Hilfe-Datei aufrufen (externe Anwendung)[NEWLINE][BOLD][COLOR_HIGHLIGHT_TEXT]Alt+M, Strg+Alt+R[COLOR_REVERT][\BOLD][TAB]Erinnerung  schreiben[NEWLINE][BOLD][COLOR_HIGHLIGHT_TEXT]Alt+L[COLOR_REVERT][\BOLD][TAB][TAB][TAB]Protokollierung starten/stoppen[NEWLINE][BOLD][COLOR_HIGHLIGHT_TEXT]Alt+E[COLOR_REVERT][\BOLD][TAB][TAB][TAB]Protokolleintrag erstellen[NEWLINE][BOLD][COLOR_HIGHLIGHT_TEXT]Alt+B[COLOR_REVERT][\BOLD][TAB][TAB][TAB]Kampfstatistiken protokollieren[NEWLINE][BOLD][COLOR_HIGHLIGHT_TEXT]Alt+X[COLOR_REVERT][\BOLD][TAB][TAB][TAB]Strategie-Overlay bearbeiten[NEWLINE][BOLD][COLOR_HIGHLIGHT_TEXT]Strg+X[COLOR_REVERT][\BOLD][TAB][TAB][TAB]Strategie-Overlay ein-/ausblenden[NEWLINE][BOLD][COLOR_HIGHLIGHT_TEXT]Alt+G[COLOR_REVERT][\BOLD][TAB][TAB][TAB]Karte neu generieren[NEWLINE][BOLD][COLOR_HIGHLIGHT_TEXT]Alt+Strg+G[COLOR_REVERT][\BOLD][TAB][TAB]MapFinder starten/stoppen[NEWLINE][NEWLINE]Dr&#252;cken und Halten von [BOLD][COLOR_HIGHLIGHT_TEXT]Alt[COLOR_REVERT][\BOLD], w&#228;hrend der Mauszeiger &#252;ber ein Einheitensymbol in der Einheitenliste bewegt wird, zeigt alle m&#246;glichen Einheitenbewegungen an.</German>
		<Italian>[H1]Scorciatoie del BUG Mod[\H1][NEWLINE][BOLD][COLOR_HIGHLIGHT_TEXT]Alt+Ctrl+O[COLOR_REVERT][\BOLD][TAB][TAB][TAB]Apre la Schermata delle Opzioni del BUG Mod[NEWLINE][BOLD][COLOR_HIGHLIGHT_TEXT]Alt+Ctrl+F1[COLOR_REVERT][\BOLD][TAB][TAB][TAB]Apre l'Help (esterno) del BUG Mod[NEWLINE][BOLD][COLOR_HIGHLIGHT_TEXT]Alt+M, Alt+Ctrl+R[COLOR_REVERT][\BOLD][TAB]Crea un Promemoria[NEWLINE][BOLD][COLOR_HIGHLIGHT_TEXT]Alt+L[COLOR_REVERT][\BOLD][TAB][TAB][TAB][TAB]Avvia/Pausa il Registro[NEWLINE][BOLD][COLOR_HIGHLIGHT_TEXT]Alt+E[COLOR_REVERT][\BOLD][TAB][TAB][TAB][TAB]Crea una nota personalizzata nel Registro[NEWLINE][BOLD][COLOR_HIGHLIGHT_TEXT]Alt+B[COLOR_REVERT][\BOLD][TAB][TAB][TAB][TAB]Inserisce le statistiche di combattimento nel Registro[NEWLINE][BOLD][COLOR_HIGHLIGHT_TEXT]Alt+X[COLOR_REVERT][\BOLD][TAB][TAB][TAB][TAB]Alterna la modalit&#224; del Livello Strategico[NEWLINE][BOLD][COLOR_HIGHLIGHT_TEXT]Ctrl+X[COLOR_REVERT][\BOLD][TAB][TAB][TAB]Mostra/Nasconde il Livello Strategico[NEWLINE][BOLD][COLOR_HIGHLIGHT_TEXT]Alt+Ctrl+N[COLOR_REVERT][\BOLD][TAB][TAB][TAB]Apre la finestra di test per la denominazione delle Unit&#224;[NEWLINE][BOLD][COLOR_HIGHLIGHT_TEXT]Alt+G[COLOR_REVERT][\BOLD][TAB][TAB][TAB]Regenerate the map[NEWLINE][BOLD][COLOR_HIGHLIGHT_TEXT]Alt+Ctrl+G[COLOR_REVERT][\BOLD][TAB][TAB]Start/Stop MapFinder[NEWLINE][NEWLINE]Tenere premuto [BOLD][COLOR_HIGHLIGHT_TEXT]Alt[COLOR_REVERT][\BOLD] stazionando il mouse sopra un'icona di Unit&#224; per evidenziare sulla mappa le possibilit&#224; di movimento di tale Unit&#224;.</Italian>
		<Spanish>[H1]BUG Mod[\H1][NEWLINE][BOLD][COLOR_HIGHLIGHT_TEXT]Alt+Ctrl+O[COLOR_REVERT][\BOLD][TAB][TAB]BUG Option Screen[NEWLINE][BOLD][COLOR_HIGHLIGHT_TEXT]Alt+Ctrl+F1[COLOR_REVERT][\BOLD][TAB][TAB]BUG Help (external)[NEWLINE][BOLD][COLOR_HIGHLIGHT_TEXT]Alt+M, Alt+Ctrl+R[COLOR_REVERT][\BOLD][TAB]Create reminder[NEWLINE][BOLD][COLOR_HIGHLIGHT_TEXT]Alt+L[COLOR_REVERT][\BOLD][TAB][TAB][TAB]Start/Stop logging[NEWLINE][BOLD][COLOR_HIGHLIGHT_TEXT]Alt+E[COLOR_REVERT][\BOLD][TAB][TAB][TAB]Create manual log entry[NEWLINE][BOLD][COLOR_HIGHLIGHT_TEXT]Alt+B[COLOR_REVERT][\BOLD][TAB][TAB][TAB]Log battle statistics[NEWLINE][BOLD][COLOR_HIGHLIGHT_TEXT]Alt+X[COLOR_REVERT][\BOLD][TAB][TAB][TAB]Toggle dotmap edit mode[NEWLINE][BOLD][COLOR_HIGHLIGHT_TEXT]Ctrl+X[COLOR_REVERT][\BOLD][TAB][TAB][TAB]Show/hide dotmap[NEWLINE][BOLD][COLOR_HIGHLIGHT_TEXT]Alt+G[COLOR_REVERT][\BOLD][TAB][TAB][TAB]Regenerate the map[NEWLINE][BOLD][COLOR_HIGHLIGHT_TEXT]Alt+Ctrl+G[COLOR_REVERT][\BOLD][TAB][TAB]Start/Stop MapFinder[NEWLINE][NEWLINE]Hold [BOLD][COLOR_HIGHLIGHT_TEXT]Alt[COLOR_REVERT][\BOLD] while hovering the mouse over a unit icon in the plot list to highlight its possible moves on the map.</Spanish>
	</TEXT>
	<TEXT>
		<Tag>TXT_KEY_SHORTCUTS_MAP_PEDIA</Tag>
		<English>[H1]Map[\H1][NEWLINE][BOLD][COLOR_HIGHLIGHT_TEXT]P[COLOR_REVERT][\BOLD][TAB][TAB][TAB][TAB]Ping the map[NEWLINE][BOLD][COLOR_HIGHLIGHT_TEXT]Alt+I[COLOR_REVERT][\BOLD][TAB][TAB][TAB]Remove interface[NEWLINE][BOLD][COLOR_HIGHLIGHT_TEXT]Ctrl+I[COLOR_REVERT][\BOLD][TAB][TAB][TAB]Minimize interface[NEWLINE][BOLD][COLOR_HIGHLIGHT_TEXT]Ctrl+B[COLOR_REVERT][\BOLD][TAB][TAB][TAB]Toggle bare map on/off[NEWLINE][BOLD][COLOR_HIGHLIGHT_TEXT]Ctrl+R[COLOR_REVERT][\BOLD][TAB][TAB][TAB]Flag resources on/off[NEWLINE][BOLD][COLOR_HIGHLIGHT_TEXT]Ctrl+T[COLOR_REVERT][\BOLD][TAB][TAB][TAB]Turn grid on/off[NEWLINE][BOLD][COLOR_HIGHLIGHT_TEXT]Ctrl+Y[COLOR_REVERT][\BOLD][TAB][TAB][TAB]Turn tile yields on/off[NEWLINE][BOLD][COLOR_HIGHLIGHT_TEXT]Ctrl+K[COLOR_REVERT][\BOLD][TAB][TAB][TAB]Turn stability overlay on/off[NEWLINE]</English>
		<French>[H1]Map[\H1][NEWLINE][BOLD][COLOR_HIGHLIGHT_TEXT]P[COLOR_REVERT][\BOLD][TAB][TAB][TAB][TAB]Ping the map[NEWLINE][BOLD][COLOR_HIGHLIGHT_TEXT]Alt+I[COLOR_REVERT][\BOLD][TAB][TAB][TAB]Remove interface[NEWLINE][BOLD][COLOR_HIGHLIGHT_TEXT]Ctrl+I[COLOR_REVERT][\BOLD][TAB][TAB][TAB]Minimize interface[NEWLINE][BOLD][COLOR_HIGHLIGHT_TEXT]Ctrl+B[COLOR_REVERT][\BOLD][TAB][TAB][TAB]Toggle bare map on/off[NEWLINE][BOLD][COLOR_HIGHLIGHT_TEXT]Ctrl+R[COLOR_REVERT][\BOLD][TAB][TAB][TAB]Flag resources on/off[NEWLINE][BOLD][COLOR_HIGHLIGHT_TEXT]Ctrl+T[COLOR_REVERT][\BOLD][TAB][TAB][TAB]Turn grid on/off[NEWLINE][BOLD][COLOR_HIGHLIGHT_TEXT]Ctrl+Y[COLOR_REVERT][\BOLD][TAB][TAB][TAB]Turn tile yields on/off[NEWLINE][BOLD][COLOR_HIGHLIGHT_TEXT]Ctrl+K[COLOR_REVERT][\BOLD][TAB][TAB][TAB]Turn stability overlay on/off[NEWLINE]</French>
		<German>[H1]Hauptbildschirm[\H1][NEWLINE][BOLD][COLOR_HIGHLIGHT_TEXT]P[COLOR_REVERT][\BOLD][TAB][TAB][TAB][TAB]Karte anpingen[NEWLINE][BOLD][COLOR_HIGHLIGHT_TEXT]Alt+I[COLOR_REVERT][\BOLD][TAB][TAB][TAB]Interface entfernen[NEWLINE][BOLD][COLOR_HIGHLIGHT_TEXT]Strg+I[COLOR_REVERT][\BOLD][TAB][TAB][TAB]Interface minimieren[NEWLINE][BOLD][COLOR_HIGHLIGHT_TEXT]Strg+B[COLOR_REVERT][\BOLD][TAB][TAB][TAB]Leere Karte ein/aus[NEWLINE][BOLD][COLOR_HIGHLIGHT_TEXT]Strg+R[COLOR_REVERT][\BOLD][TAB][TAB][TAB]Ressourcen anzeigen ein/aus[NEWLINE][BOLD][COLOR_HIGHLIGHT_TEXT]Strg+T[COLOR_REVERT][\BOLD][TAB][TAB][TAB]Rasterlinien anzeigen ein/aus[NEWLINE][BOLD][COLOR_HIGHLIGHT_TEXT]Strg+Z[COLOR_REVERT][\BOLD][TAB][TAB][TAB]Gel&#228;ndefeld-Ertr&#228;ge anzeigen ein/aus[NEWLINE]</German>
		<Italian>[H1]Mappa[\H1][NEWLINE][BOLD][COLOR_HIGHLIGHT_TEXT]P[COLOR_REVERT][\BOLD][TAB][TAB][TAB][TAB]Segna un punto sulla mappa[NEWLINE][BOLD][COLOR_HIGHLIGHT_TEXT]Alt+I[COLOR_REVERT][\BOLD][TAB][TAB][TAB]Visualizza/Nasconde l'interfaccia[NEWLINE][BOLD][COLOR_HIGHLIGHT_TEXT]Ctrl+I[COLOR_REVERT][\BOLD][TAB][TAB][TAB]Minimizza l'interfaccia[NEWLINE][BOLD][COLOR_HIGHLIGHT_TEXT]Ctrl+B[COLOR_REVERT][\BOLD][TAB][TAB][TAB]Attiva/Disattiva la mappa semplificata[NEWLINE][BOLD][COLOR_HIGHLIGHT_TEXT]Ctrl+R[COLOR_REVERT][\BOLD][TAB][TAB][TAB]Visualizza/Nasconde gli indicatori delle Risorse[NEWLINE][BOLD][COLOR_HIGHLIGHT_TEXT]Ctrl+T[COLOR_REVERT][\BOLD][TAB][TAB][TAB]Visualizza/Nasconde la griglia[NEWLINE][BOLD][COLOR_HIGHLIGHT_TEXT]Alt+U[COLOR_REVERT][\BOLD][TAB][TAB][TAB]Visualizza/Nasconde gli indicatori delle Unit&#224;[NEWLINE][BOLD][COLOR_HIGHLIGHT_TEXT]Ctrl+Y[COLOR_REVERT][\BOLD][TAB][TAB][TAB]Visualizza/Nasconde la produzione delle caselle[NEWLINE]</Italian>
		<Spanish>[H1]Map[\H1][NEWLINE][BOLD][COLOR_HIGHLIGHT_TEXT]P[COLOR_REVERT][\BOLD][TAB][TAB][TAB][TAB]Ping the map[NEWLINE][BOLD][COLOR_HIGHLIGHT_TEXT]Alt+I[COLOR_REVERT][\BOLD][TAB][TAB][TAB]Remove interface[NEWLINE][BOLD][COLOR_HIGHLIGHT_TEXT]Ctrl+I[COLOR_REVERT][\BOLD][TAB][TAB][TAB]Minimize interface[NEWLINE][BOLD][COLOR_HIGHLIGHT_TEXT]Ctrl+B[COLOR_REVERT][\BOLD][TAB][TAB][TAB]Toggle bare map on/off[NEWLINE][BOLD][COLOR_HIGHLIGHT_TEXT]Ctrl+R[COLOR_REVERT][\BOLD][TAB][TAB][TAB]Flag resources on/off[NEWLINE][BOLD][COLOR_HIGHLIGHT_TEXT]Ctrl+T[COLOR_REVERT][\BOLD][TAB][TAB][TAB]Turn grid on/off[NEWLINE][BOLD][COLOR_HIGHLIGHT_TEXT]Ctrl+Y[COLOR_REVERT][\BOLD][TAB][TAB][TAB]Turn tile yields on/off[NEWLINE][BOLD][COLOR_HIGHLIGHT_TEXT]Ctrl+K[COLOR_REVERT][\BOLD][TAB][TAB][TAB]Turn stability overlay on/off[NEWLINE]</Spanish>
	</TEXT>
	<TEXT>
		<Tag>TXT_KEY_SHORTCUTS_GAME_PEDIA</Tag>
		<English>[H1]Game[\H1][NEWLINE][BOLD][COLOR_HIGHLIGHT_TEXT]Alt+D[COLOR_REVERT][\BOLD][TAB][TAB][TAB]Change player name/email[NEWLINE][BOLD][COLOR_HIGHLIGHT_TEXT]Alt+Q[COLOR_REVERT][\BOLD][TAB][TAB][TAB]Retire (give up)[NEWLINE][BOLD][COLOR_HIGHLIGHT_TEXT]Ctrl+W[COLOR_REVERT][\BOLD][TAB][TAB][TAB]Access Worldbuilder[NEWLINE][BOLD][COLOR_HIGHLIGHT_TEXT]Ctrl+Z[COLOR_REVERT][\BOLD][TAB][TAB][TAB]Enter "chipotle" Debug Mode[NEWLINE][BOLD][COLOR_HIGHLIGHT_TEXT]Home, End[COLOR_REVERT][\BOLD][TAB][TAB][TAB]Cycle through cities[NEWLINE][BOLD][COLOR_HIGHLIGHT_TEXT]Insert[COLOR_REVERT][\BOLD][TAB][TAB][TAB]Open nearest friendly city screen[NEWLINE][BOLD][COLOR_HIGHLIGHT_TEXT]Enter[COLOR_REVERT][\BOLD][TAB][TAB][TAB]Cycle units, end turn[NEWLINE][BOLD][COLOR_HIGHLIGHT_TEXT]Ctrl+S[COLOR_REVERT][\BOLD][TAB][TAB][TAB]Save game[NEWLINE][BOLD][COLOR_HIGHLIGHT_TEXT]Ctrl+L[COLOR_REVERT][\BOLD][TAB][TAB][TAB]Load game[NEWLINE][BOLD][COLOR_HIGHLIGHT_TEXT]Shift+F5[COLOR_REVERT][\BOLD][TAB][TAB][TAB]Quick save (Single player only)[NEWLINE][BOLD][COLOR_HIGHLIGHT_TEXT]Shift+F8[COLOR_REVERT][\BOLD][TAB][TAB][TAB]Quick load (Single player only)[NEWLINE][BOLD][COLOR_HIGHLIGHT_TEXT]Ctrl+M[COLOR_REVERT][\BOLD][TAB][TAB][TAB]Turn music on/off[NEWLINE][BOLD][COLOR_HIGHLIGHT_TEXT]Ctrl+O[COLOR_REVERT][\BOLD][TAB][TAB][TAB]Options menu[NEWLINE][BOLD][COLOR_HIGHLIGHT_TEXT]Esc[COLOR_REVERT][\BOLD][TAB][TAB][TAB][TAB]Exit current screen/open menu[NEWLINE][BOLD][COLOR_HIGHLIGHT_TEXT]Ctrl+Tab[COLOR_REVERT][\BOLD][TAB][TAB][TAB]Chat/Event Log[NEWLINE][BOLD][COLOR_HIGHLIGHT_TEXT]Shift+D[COLOR_REVERT][\BOLD][TAB][TAB][TAB]Contact Civ popup[NEWLINE][BOLD][COLOR_HIGHLIGHT_TEXT]Shift+Enter[COLOR_REVERT][\BOLD][TAB][TAB]Force turn to end[NEWLINE][BOLD][COLOR_HIGHLIGHT_TEXT]Pause[COLOR_REVERT][\BOLD][TAB][TAB][TAB]Pause game/pauses turn timer[NEWLINE][BOLD][COLOR_HIGHLIGHT_TEXT]Print Screen[COLOR_REVERT][\BOLD][TAB][TAB]Take Screenshot[NEWLINE][BOLD][COLOR_HIGHLIGHT_TEXT]\[COLOR_REVERT][\BOLD][TAB][TAB][TAB][TAB]Cycle to previous unit[NEWLINE][BOLD][COLOR_HIGHLIGHT_TEXT]Ctrl+C[COLOR_REVERT][\BOLD][TAB][TAB][TAB]Set all units of same type as active[NEWLINE][BOLD][COLOR_HIGHLIGHT_TEXT]Enter[COLOR_REVERT][\BOLD][TAB][TAB][TAB]Cycle units, end turn[NEWLINE][BOLD][COLOR_HIGHLIGHT_TEXT], (comma)[COLOR_REVERT][\BOLD][TAB][TAB][TAB]Cycle to previous unit (same tile)[NEWLINE][BOLD][COLOR_HIGHLIGHT_TEXT]. (period)[COLOR_REVERT][\BOLD][TAB][TAB][TAB]Cycle to next unit (same tile)[NEWLINE][BOLD][COLOR_HIGHLIGHT_TEXT]/[COLOR_REVERT][\BOLD][TAB][TAB][TAB][TAB]Cycle through active workers[NEWLINE]</English>
		<French>[H1]Game[\H1][NEWLINE][BOLD][COLOR_HIGHLIGHT_TEXT]Alt+D[COLOR_REVERT][\BOLD][TAB][TAB][TAB]Change player name/email[NEWLINE][BOLD][COLOR_HIGHLIGHT_TEXT]Alt+Q[COLOR_REVERT][\BOLD][TAB][TAB][TAB]Retire (give up)[NEWLINE][BOLD][COLOR_HIGHLIGHT_TEXT]Ctrl+W[COLOR_REVERT][\BOLD][TAB][TAB][TAB]Access Worldbuilder[NEWLINE][BOLD][COLOR_HIGHLIGHT_TEXT]Ctrl+Z[COLOR_REVERT][\BOLD][TAB][TAB][TAB]Enter "chipotle" Debug Mode[NEWLINE][BOLD][COLOR_HIGHLIGHT_TEXT]Home, End[COLOR_REVERT][\BOLD][TAB][TAB][TAB]Cycle through cities[NEWLINE][BOLD][COLOR_HIGHLIGHT_TEXT]Insert[COLOR_REVERT][\BOLD][TAB][TAB][TAB]Open nearest friendly city screen[NEWLINE][BOLD][COLOR_HIGHLIGHT_TEXT]Enter[COLOR_REVERT][\BOLD][TAB][TAB][TAB]Cycle units, end turn[NEWLINE][BOLD][COLOR_HIGHLIGHT_TEXT]Ctrl+S[COLOR_REVERT][\BOLD][TAB][TAB][TAB]Save game[NEWLINE][BOLD][COLOR_HIGHLIGHT_TEXT]Ctrl+L[COLOR_REVERT][\BOLD][TAB][TAB][TAB]Load game[NEWLINE][BOLD][COLOR_HIGHLIGHT_TEXT]Shift+F5[COLOR_REVERT][\BOLD][TAB][TAB][TAB]Quick save (Single player only)[NEWLINE][BOLD][COLOR_HIGHLIGHT_TEXT]Shift+F8[COLOR_REVERT][\BOLD][TAB][TAB][TAB]Quick load (Single player only)[NEWLINE][BOLD][COLOR_HIGHLIGHT_TEXT]Ctrl+M[COLOR_REVERT][\BOLD][TAB][TAB][TAB]Turn music on/off[NEWLINE][BOLD][COLOR_HIGHLIGHT_TEXT]Ctrl+O[COLOR_REVERT][\BOLD][TAB][TAB][TAB]Options menu[NEWLINE][BOLD][COLOR_HIGHLIGHT_TEXT]Esc[COLOR_REVERT][\BOLD][TAB][TAB][TAB][TAB]Exit current screen/open menu[NEWLINE][BOLD][COLOR_HIGHLIGHT_TEXT]Ctrl+Tab[COLOR_REVERT][\BOLD][TAB][TAB][TAB]Chat/Event Log[NEWLINE][BOLD][COLOR_HIGHLIGHT_TEXT]Shift+D[COLOR_REVERT][\BOLD][TAB][TAB][TAB]Contact Civ popup[NEWLINE][BOLD][COLOR_HIGHLIGHT_TEXT]Shift+Enter[COLOR_REVERT][\BOLD][TAB][TAB]Force turn to end[NEWLINE][BOLD][COLOR_HIGHLIGHT_TEXT]Pause[COLOR_REVERT][\BOLD][TAB][TAB][TAB]Pause game/pauses turn timer[NEWLINE][BOLD][COLOR_HIGHLIGHT_TEXT]Print Screen[COLOR_REVERT][\BOLD][TAB][TAB]Take Screenshot[NEWLINE][BOLD][COLOR_HIGHLIGHT_TEXT]\[COLOR_REVERT][\BOLD][TAB][TAB][TAB][TAB]Cycle to previous unit[NEWLINE][BOLD][COLOR_HIGHLIGHT_TEXT]Ctrl+C[COLOR_REVERT][\BOLD][TAB][TAB][TAB]Set all units of same type as active[NEWLINE][BOLD][COLOR_HIGHLIGHT_TEXT]Enter[COLOR_REVERT][\BOLD][TAB][TAB][TAB]Cycle units, end turn[NEWLINE][BOLD][COLOR_HIGHLIGHT_TEXT], (comma)[COLOR_REVERT][\BOLD][TAB][TAB][TAB]Cycle to previous unit (same tile)[NEWLINE][BOLD][COLOR_HIGHLIGHT_TEXT]. (period)[COLOR_REVERT][\BOLD][TAB][TAB][TAB]Cycle to next unit (same tile)[NEWLINE][BOLD][COLOR_HIGHLIGHT_TEXT]/[COLOR_REVERT][\BOLD][TAB][TAB][TAB][TAB]Cycle through active workers[NEWLINE]</French>
		<German>[H1]Allgemein[\H1][NEWLINE][BOLD][COLOR_HIGHLIGHT_TEXT]Alt+D[COLOR_REVERT][\BOLD][TAB][TAB][TAB]Spielername/Zivilisationsname &#228;ndern[NEWLINE][BOLD][COLOR_HIGHLIGHT_TEXT]Alt+Q[COLOR_REVERT][\BOLD][TAB][TAB][TAB]Ausscheiden (aufgeben)[NEWLINE][BOLD][COLOR_HIGHLIGHT_TEXT]Strg+W[COLOR_REVERT][\BOLD][TAB][TAB][TAB]Weltenbauer &#246;ffnen[NEWLINE][BOLD][COLOR_HIGHLIGHT_TEXT]Strg+Z[COLOR_REVERT][\BOLD][TAB][TAB][TAB]Debug-Modus ("chipotle") aktivieren[NEWLINE][BOLD][COLOR_HIGHLIGHT_TEXT]Pos1, Ende[COLOR_REVERT][\BOLD][TAB][TAB]Durch St&#228;dte schalten[NEWLINE][BOLD][COLOR_HIGHLIGHT_TEXT]Einfg[COLOR_REVERT][\BOLD][TAB][TAB][TAB][TAB]Stadt-Bildschirm der n&#228;chsten verb&#252;ndeten Stadt &#246;ffnen[NEWLINE][BOLD][COLOR_HIGHLIGHT_TEXT]Eingabe[COLOR_REVERT][\BOLD][TAB][TAB][TAB]Durch Einheiten schalten, Runde beenden[NEWLINE][BOLD][COLOR_HIGHLIGHT_TEXT]Strg+S[COLOR_REVERT][\BOLD][TAB][TAB][TAB]Spiel speichern[NEWLINE][BOLD][COLOR_HIGHLIGHT_TEXT]Strg+L[COLOR_REVERT][\BOLD][TAB][TAB][TAB]Spiel laden[NEWLINE][BOLD][COLOR_HIGHLIGHT_TEXT]Umschalt+F5[COLOR_REVERT][\BOLD][TAB][TAB]Schnellspeichern (nur im Singleplayer)[NEWLINE][BOLD][COLOR_HIGHLIGHT_TEXT]Umschalt+F8[COLOR_REVERT][\BOLD][TAB][TAB]Schnellladen (nur im Singleplayer)[NEWLINE][BOLD][COLOR_HIGHLIGHT_TEXT]Strg+M[COLOR_REVERT][\BOLD][TAB][TAB][TAB]Musik ein/aus[NEWLINE][BOLD][COLOR_HIGHLIGHT_TEXT]Strg+O[COLOR_REVERT][\BOLD][TAB][TAB][TAB]Optionsmen&#252;[NEWLINE][BOLD][COLOR_HIGHLIGHT_TEXT]Esc[COLOR_REVERT][\BOLD][TAB][TAB][TAB][TAB]Aktuellen Bildschirm verlassen/Men&#252; &#246;ffnen[NEWLINE][BOLD][COLOR_HIGHLIGHT_TEXT]Strg+Tab[COLOR_REVERT][\BOLD][TAB][TAB][TAB]Chat-/Ereignis-Log[NEWLINE][BOLD][COLOR_HIGHLIGHT_TEXT]Umschalt+D[COLOR_REVERT][\BOLD][TAB][TAB]Kontaktaufnahme mit einer anderen Zivilisation[NEWLINE][BOLD][COLOR_HIGHLIGHT_TEXT]Umschalt+Eingabe[COLOR_REVERT][\BOLD][TAB]Runde beenden[NEWLINE][BOLD][COLOR_HIGHLIGHT_TEXT]Pause[COLOR_REVERT][\BOLD][TAB][TAB][TAB]Spiel pausieren[NEWLINE][BOLD][COLOR_HIGHLIGHT_TEXT]Druck[COLOR_REVERT][\BOLD][TAB][TAB][TAB]Screenshot anfertigen[NEWLINE][BOLD][COLOR_HIGHLIGHT_TEXT]\[COLOR_REVERT][\BOLD][TAB][TAB][TAB][TAB]Zur letzten gew&#228;hlten Einheit wechseln[NEWLINE][BOLD][COLOR_HIGHLIGHT_TEXT]Strg+C[COLOR_REVERT][\BOLD][TAB][TAB][TAB]Alle Einheiten desselben Typs aktivieren[NEWLINE][BOLD][COLOR_HIGHLIGHT_TEXT], (Komma)[COLOR_REVERT][\BOLD][TAB][TAB][TAB]Zur vorherigen Einheit wechseln (gleiches Feld)[NEWLINE][BOLD][COLOR_HIGHLIGHT_TEXT]. (Punkt)[COLOR_REVERT][\BOLD][TAB][TAB][TAB]Zur n&#228;chsten Einheit wechseln (gleiches Feld)[NEWLINE][BOLD][COLOR_HIGHLIGHT_TEXT]-[COLOR_REVERT][\BOLD][TAB][TAB][TAB][TAB]Durch aktive Bautrupps schalten[NEWLINE]</German>
		<Italian>[H1]Gioco[\H1][NEWLINE][BOLD][COLOR_HIGHLIGHT_TEXT]Alt+D[COLOR_REVERT][\BOLD][TAB][TAB][TAB]Cambia il nome del Giocatore e della Civilt&#224;[NEWLINE][BOLD][COLOR_HIGHLIGHT_TEXT]Alt+Shift+D[COLOR_REVERT][\BOLD][TAB][TAB]Cambia i parametri della Partita[NEWLINE][BOLD][COLOR_HIGHLIGHT_TEXT]Alt+Q[COLOR_REVERT][\BOLD][TAB][TAB][TAB]Resa[NEWLINE][BOLD][COLOR_HIGHLIGHT_TEXT]Ctrl+W[COLOR_REVERT][\BOLD][TAB][TAB][TAB]Accesso all'Editor[NEWLINE][BOLD][COLOR_HIGHLIGHT_TEXT]Ctrl+Z[COLOR_REVERT][\BOLD][TAB][TAB][TAB]Entra in modalit&#224; debug "chipotle"[NEWLINE][BOLD][COLOR_HIGHLIGHT_TEXT]Invio[COLOR_REVERT][\BOLD][TAB][TAB][TAB]Scorre le Unit&#224;, Termina il turno[NEWLINE][BOLD][COLOR_HIGHLIGHT_TEXT]Ctrl+S[COLOR_REVERT][\BOLD][TAB][TAB][TAB]Salva[NEWLINE][BOLD][COLOR_HIGHLIGHT_TEXT]Ctrl+L[COLOR_REVERT][\BOLD][TAB][TAB][TAB]Carica[NEWLINE][BOLD][COLOR_HIGHLIGHT_TEXT]Shift+F5[COLOR_REVERT][\BOLD][TAB][TAB]Salvataggio rapido (solo in SinglePlayer)[NEWLINE][BOLD][COLOR_HIGHLIGHT_TEXT]Shift+F8[COLOR_REVERT][\BOLD][TAB][TAB]Caricamento rapido (solo in SinglePlayer)[NEWLINE][BOLD][COLOR_HIGHLIGHT_TEXT]Ctrl+M[COLOR_REVERT][\BOLD][TAB][TAB][TAB]Attiva/Disattiva musica[NEWLINE][BOLD][COLOR_HIGHLIGHT_TEXT]Ctrl+O[COLOR_REVERT][\BOLD][TAB][TAB][TAB]Men&#249; delle opzioni[NEWLINE][BOLD][COLOR_HIGHLIGHT_TEXT]Esc[COLOR_REVERT][\BOLD][TAB][TAB][TAB][TAB]Uscita dalla schermata corrente, Men&#249; principale[NEWLINE][BOLD][COLOR_HIGHLIGHT_TEXT]Ctrl+Tab[COLOR_REVERT][\BOLD][TAB][TAB]Visualizza Registro[NEWLINE][BOLD][COLOR_HIGHLIGHT_TEXT]Shift+D[COLOR_REVERT][\BOLD][TAB][TAB][TAB]Contatta le Civilt&#224;[NEWLINE][BOLD][COLOR_HIGHLIGHT_TEXT]Shift+Invio[COLOR_REVERT][\BOLD][TAB][TAB]Forza la fine del turno[NEWLINE][BOLD][COLOR_HIGHLIGHT_TEXT]Pausa[COLOR_REVERT][\BOLD][TAB][TAB][TAB]Mette in pausa il gioco[NEWLINE][BOLD][COLOR_HIGHLIGHT_TEXT]Stamp[COLOR_REVERT][\BOLD][TAB][TAB][TAB]Salva uno Screenshot[NEWLINE][BOLD][COLOR_HIGHLIGHT_TEXT]Ins[COLOR_REVERT][\BOLD][TAB][TAB][TAB][TAB]Apre la Schermata cittadina della Citt&#224; amica pi&#249; vicina[NEWLINE][BOLD][COLOR_HIGHLIGHT_TEXT]Home[COLOR_REVERT] e [COLOR_HIGHLIGHT_TEXT]Fine[COLOR_REVERT][\BOLD][TAB][TAB]Scorrono le Citt&#224;[NEWLINE]</Italian>
		<Spanish>[H1]Game[\H1][NEWLINE][BOLD][COLOR_HIGHLIGHT_TEXT]Alt+D[COLOR_REVERT][\BOLD][TAB][TAB][TAB]Change player name/email[NEWLINE][BOLD][COLOR_HIGHLIGHT_TEXT]Alt+Q[COLOR_REVERT][\BOLD][TAB][TAB][TAB]Retire (give up)[NEWLINE][BOLD][COLOR_HIGHLIGHT_TEXT]Ctrl+W[COLOR_REVERT][\BOLD][TAB][TAB][TAB]Access Worldbuilder[NEWLINE][BOLD][COLOR_HIGHLIGHT_TEXT]Ctrl+Z[COLOR_REVERT][\BOLD][TAB][TAB][TAB]Enter "chipotle" Debug Mode[NEWLINE][BOLD][COLOR_HIGHLIGHT_TEXT]Home, End[COLOR_REVERT][\BOLD][TAB][TAB][TAB]Cycle through cities[NEWLINE][BOLD][COLOR_HIGHLIGHT_TEXT]Insert[COLOR_REVERT][\BOLD][TAB][TAB][TAB]Open nearest friendly city screen[NEWLINE][BOLD][COLOR_HIGHLIGHT_TEXT]Enter[COLOR_REVERT][\BOLD][TAB][TAB][TAB]Cycle units, end turn[NEWLINE][BOLD][COLOR_HIGHLIGHT_TEXT]Ctrl+S[COLOR_REVERT][\BOLD][TAB][TAB][TAB]Save game[NEWLINE][BOLD][COLOR_HIGHLIGHT_TEXT]Ctrl+L[COLOR_REVERT][\BOLD][TAB][TAB][TAB]Load game[NEWLINE][BOLD][COLOR_HIGHLIGHT_TEXT]Shift+F5[COLOR_REVERT][\BOLD][TAB][TAB][TAB]Quick save (Single player only)[NEWLINE][BOLD][COLOR_HIGHLIGHT_TEXT]Shift+F8[COLOR_REVERT][\BOLD][TAB][TAB][TAB]Quick load (Single player only)[NEWLINE][BOLD][COLOR_HIGHLIGHT_TEXT]Ctrl+M[COLOR_REVERT][\BOLD][TAB][TAB][TAB]Turn music on/off[NEWLINE][BOLD][COLOR_HIGHLIGHT_TEXT]Ctrl+O[COLOR_REVERT][\BOLD][TAB][TAB][TAB]Options menu[NEWLINE][BOLD][COLOR_HIGHLIGHT_TEXT]Esc[COLOR_REVERT][\BOLD][TAB][TAB][TAB][TAB]Exit current screen/open menu[NEWLINE][BOLD][COLOR_HIGHLIGHT_TEXT]Ctrl+Tab[COLOR_REVERT][\BOLD][TAB][TAB][TAB]Chat/Event Log[NEWLINE][BOLD][COLOR_HIGHLIGHT_TEXT]Shift+D[COLOR_REVERT][\BOLD][TAB][TAB][TAB]Contact Civ popup[NEWLINE][BOLD][COLOR_HIGHLIGHT_TEXT]Shift+Enter[COLOR_REVERT][\BOLD][TAB][TAB]Force turn to end[NEWLINE][BOLD][COLOR_HIGHLIGHT_TEXT]Pause[COLOR_REVERT][\BOLD][TAB][TAB][TAB]Pause game/pauses turn timer[NEWLINE][BOLD][COLOR_HIGHLIGHT_TEXT]Print Screen[COLOR_REVERT][\BOLD][TAB][TAB]Take Screenshot[NEWLINE][BOLD][COLOR_HIGHLIGHT_TEXT]\[COLOR_REVERT][\BOLD][TAB][TAB][TAB][TAB]Cycle to previous unit[NEWLINE][BOLD][COLOR_HIGHLIGHT_TEXT]Ctrl+C[COLOR_REVERT][\BOLD][TAB][TAB][TAB]Set all units of same type as active[NEWLINE][BOLD][COLOR_HIGHLIGHT_TEXT]Enter[COLOR_REVERT][\BOLD][TAB][TAB][TAB]Cycle units, end turn[NEWLINE][BOLD][COLOR_HIGHLIGHT_TEXT], (comma)[COLOR_REVERT][\BOLD][TAB][TAB][TAB]Cycle to previous unit (same tile)[NEWLINE][BOLD][COLOR_HIGHLIGHT_TEXT]. (period)[COLOR_REVERT][\BOLD][TAB][TAB][TAB]Cycle to next unit (same tile)[NEWLINE][BOLD][COLOR_HIGHLIGHT_TEXT]/[COLOR_REVERT][\BOLD][TAB][TAB][TAB][TAB]Cycle through active workers[NEWLINE]</Spanish>
	</TEXT>
	<TEXT>
		<Tag>TXT_KEY_SHORTCUTS_CAMERA_PEDIA</Tag>
		<English>[H1]Camera[\H1][NEWLINE][BOLD][COLOR_HIGHLIGHT_TEXT]Ctrl+Left Arrow[COLOR_REVERT][\BOLD][TAB]Lock camera angle 45 o CW[NEWLINE][BOLD][COLOR_HIGHLIGHT_TEXT]Ctrl+Right Arrow[COLOR_REVERT][\BOLD][TAB]Lock camera angle 45 o CCW[NEWLINE][BOLD][COLOR_HIGHLIGHT_TEXT]Alt+F[COLOR_REVERT][\BOLD][TAB][TAB][TAB]Satellite view[NEWLINE][BOLD][COLOR_HIGHLIGHT_TEXT]Alt+O[COLOR_REVERT][\BOLD][TAB][TAB][TAB]Change perspective[NEWLINE][BOLD][COLOR_HIGHLIGHT_TEXT]Alt+Ctrl+F[COLOR_REVERT][\BOLD][TAB][TAB]Flying camera mode (enable in INI file)[NEWLINE][BOLD][COLOR_HIGHLIGHT_TEXT]Shift+Left Arrow[COLOR_REVERT][\BOLD][TAB]Rotate camera CW[NEWLINE][BOLD][COLOR_HIGHLIGHT_TEXT]Shift+Right Arrow[COLOR_REVERT][\BOLD][TAB]Rotate camera CCW[NEWLINE][BOLD][COLOR_HIGHLIGHT_TEXT]Page Up[COLOR_REVERT][\BOLD][TAB][TAB][TAB]Zoom camera in[NEWLINE][BOLD][COLOR_HIGHLIGHT_TEXT]Page Down[COLOR_REVERT][\BOLD][TAB][TAB]Zoom camera out[NEWLINE]</English>
		<French>[H1]Camera[\H1][NEWLINE][BOLD][COLOR_HIGHLIGHT_TEXT]Ctrl+Left Arrow[COLOR_REVERT][\BOLD][TAB]Lock camera angle 45 o CW[NEWLINE][BOLD][COLOR_HIGHLIGHT_TEXT]Ctrl+Right Arrow[COLOR_REVERT][\BOLD][TAB]Lock camera angle 45 o CCW[NEWLINE][BOLD][COLOR_HIGHLIGHT_TEXT]Alt+F[COLOR_REVERT][\BOLD][TAB][TAB][TAB]Satellite view[NEWLINE][BOLD][COLOR_HIGHLIGHT_TEXT]Alt+O[COLOR_REVERT][\BOLD][TAB][TAB][TAB]Change perspective[NEWLINE][BOLD][COLOR_HIGHLIGHT_TEXT]Alt+Ctrl+F[COLOR_REVERT][\BOLD][TAB][TAB]Flying camera mode (enable in INI file)[NEWLINE][BOLD][COLOR_HIGHLIGHT_TEXT]Shift+Left Arrow[COLOR_REVERT][\BOLD][TAB]Rotate camera CW[NEWLINE][BOLD][COLOR_HIGHLIGHT_TEXT]Shift+Right Arrow[COLOR_REVERT][\BOLD][TAB]Rotate camera CCW[NEWLINE][BOLD][COLOR_HIGHLIGHT_TEXT]Page Up[COLOR_REVERT][\BOLD][TAB][TAB][TAB]Zoom camera in[NEWLINE][BOLD][COLOR_HIGHLIGHT_TEXT]Page Down[COLOR_REVERT][\BOLD][TAB][TAB]Zoom camera out[NEWLINE]</French>
		<German>[H1]Kamerasteuerung[\H1][NEWLINE][BOLD][COLOR_HIGHLIGHT_TEXT]Strg+Pfeiltaste links[COLOR_REVERT][\BOLD][TAB][TAB][TAB]Kamerawinkel 45&#176; im Uhrzeigersinn verankern[NEWLINE][BOLD][COLOR_HIGHLIGHT_TEXT]Strg+Pfeiltaste rechts[COLOR_REVERT][\BOLD][TAB][TAB]Kamerawinkel 45&#176; gegen den Uhrzeigersinn verankern[NEWLINE][BOLD][COLOR_HIGHLIGHT_TEXT]Alt+F[COLOR_REVERT][\BOLD][TAB][TAB][TAB][TAB][TAB]Draufsicht umschalten[NEWLINE][BOLD][COLOR_HIGHLIGHT_TEXT]Alt+O[COLOR_REVERT][\BOLD][TAB][TAB][TAB][TAB][TAB]Kameraansicht abflachen[NEWLINE][BOLD][COLOR_HIGHLIGHT_TEXT]Strg+Alt+F[COLOR_REVERT][\BOLD][TAB][TAB][TAB][TAB]Flugkamera umschalten (in der INI-Datei aktivieren)[NEWLINE][BOLD][COLOR_HIGHLIGHT_TEXT]Umschalt+Pfeiltaste links[COLOR_REVERT][\BOLD][TAB][TAB]Kamera im Uhrzeigersinn drehen[NEWLINE][BOLD][COLOR_HIGHLIGHT_TEXT]Umschalt+Pfeiltaste rechts[COLOR_REVERT][\BOLD][TAB]Kamera gegen den Uhrzeigersinn drehen[NEWLINE][BOLD][COLOR_HIGHLIGHT_TEXT]Bild-auf[COLOR_REVERT][\BOLD][TAB][TAB][TAB][TAB][TAB]Zoomfaktor erh&#246;hen[NEWLINE][BOLD][COLOR_HIGHLIGHT_TEXT]Bild-ab[COLOR_REVERT][\BOLD][TAB][TAB][TAB][TAB][TAB]Zoomfaktor verringern[NEWLINE]</German>
		<Italian>[H1]Camera[\H1][NEWLINE][BOLD][COLOR_HIGHLIGHT_TEXT]Frecce[COLOR_REVERT][\BOLD][TAB][TAB][TAB][TAB][TAB]Traslano la visuale[NEWLINE][BOLD][COLOR_HIGHLIGHT_TEXT]Shift+Freccia sinistra[COLOR_REVERT][\BOLD][TAB]Ruota la visuale in senso orario[NEWLINE][BOLD][COLOR_HIGHLIGHT_TEXT]Shift+Freccia Destra[COLOR_REVERT][\BOLD][TAB][TAB]Ruota la visuale in senso antiorario[NEWLINE][BOLD][COLOR_HIGHLIGHT_TEXT]Ctrl+Freccia sinistra[COLOR_REVERT][\BOLD][TAB][TAB]Ruota e blocca la visuale a 45&#176; in senso orario[NEWLINE][BOLD][COLOR_HIGHLIGHT_TEXT]Ctrl+Freccia destra[COLOR_REVERT][\BOLD][TAB][TAB]Ruota e blocca la visuale a 45&#176; in senso antiorario[NEWLINE][BOLD][COLOR_HIGHLIGHT_TEXT]Alt+F[COLOR_REVERT][\BOLD][TAB][TAB][TAB][TAB][TAB]Attiva/Disattiva la Visuale satellitare[NEWLINE][BOLD][COLOR_HIGHLIGHT_TEXT]Alt+O[COLOR_REVERT][\BOLD][TAB][TAB][TAB][TAB][TAB]Alza/Abbassa la Visuale[NEWLINE][BOLD][COLOR_HIGHLIGHT_TEXT]PgS&#249;[COLOR_REVERT][\BOLD][TAB][TAB][TAB][TAB][TAB]Aumenta Zoom[NEWLINE][BOLD][COLOR_HIGHLIGHT_TEXT]PgGi&#249;[COLOR_REVERT][\BOLD][TAB][TAB][TAB][TAB][TAB]Riduci Zoom[NEWLINE]</Italian>
		<Spanish>[H1]Camera[\H1][NEWLINE][BOLD][COLOR_HIGHLIGHT_TEXT]Ctrl+Left Arrow[COLOR_REVERT][\BOLD][TAB]Lock camera angle 45 o CW[NEWLINE][BOLD][COLOR_HIGHLIGHT_TEXT]Ctrl+Right Arrow[COLOR_REVERT][\BOLD][TAB]Lock camera angle 45 o CCW[NEWLINE][BOLD][COLOR_HIGHLIGHT_TEXT]Alt+F[COLOR_REVERT][\BOLD][TAB][TAB][TAB]Satellite view[NEWLINE][BOLD][COLOR_HIGHLIGHT_TEXT]Alt+O[COLOR_REVERT][\BOLD][TAB][TAB][TAB]Change perspective[NEWLINE][BOLD][COLOR_HIGHLIGHT_TEXT]Alt+Ctrl+F[COLOR_REVERT][\BOLD][TAB][TAB]Flying camera mode (enable in INI file)[NEWLINE][BOLD][COLOR_HIGHLIGHT_TEXT]Shift+Left Arrow[COLOR_REVERT][\BOLD][TAB]Rotate camera CW[NEWLINE][BOLD][COLOR_HIGHLIGHT_TEXT]Shift+Right Arrow[COLOR_REVERT][\BOLD][TAB]Rotate camera CCW[NEWLINE][BOLD][COLOR_HIGHLIGHT_TEXT]Page Up[COLOR_REVERT][\BOLD][TAB][TAB][TAB]Zoom camera in[NEWLINE][BOLD][COLOR_HIGHLIGHT_TEXT]Page Down[COLOR_REVERT][\BOLD][TAB][TAB]Zoom camera out[NEWLINE]</Spanish>
	</TEXT>
	<TEXT>
		<Tag>TXT_KEY_SHORTCUTS_MP_PEDIA</Tag>
		<English>[H1]Multi-Player[\H1][NEWLINE][BOLD][COLOR_HIGHLIGHT_TEXT]Tab[COLOR_REVERT][\BOLD][TAB][TAB][TAB][TAB]Chat to team[NEWLINE][BOLD][COLOR_HIGHLIGHT_TEXT]Scroll Lock[COLOR_REVERT][\BOLD][TAB][TAB]Voice chat to team[NEWLINE][BOLD][COLOR_HIGHLIGHT_TEXT]Shift+Scroll Lock[COLOR_REVERT][\BOLD][TAB]Voice chat to all[NEWLINE][BOLD][COLOR_HIGHLIGHT_TEXT]Ctrl+Scroll Lock[COLOR_REVERT][\BOLD][TAB]Voice chat in Diplomacy screen[NEWLINE][BOLD][COLOR_HIGHLIGHT_TEXT]Shift+Tab[COLOR_REVERT][\BOLD][TAB][TAB][TAB]Chat to all[NEWLINE]</English>
		<French>[H1]Multi-Joueur[\H1][NEWLINE][BOLD][COLOR_HIGHLIGHT_TEXT]Tab[COLOR_REVERT][\BOLD][TAB][TAB][TAB][TAB]Chat au team[NEWLINE][BOLD][COLOR_HIGHLIGHT_TEXT]Scroll Lock[COLOR_REVERT][\BOLD][TAB][TAB]Chat vocal au team[NEWLINE][BOLD][COLOR_HIGHLIGHT_TEXT]Shift+Scroll Lock[COLOR_REVERT][\BOLD][TAB]Chat vocal &#224; tous[NEWLINE][BOLD][COLOR_HIGHLIGHT_TEXT]Ctrl+Scroll Lock[COLOR_REVERT][\BOLD][TAB]Chat vocal dans l'&#233;cran de Diplomatie[NEWLINE][BOLD][COLOR_HIGHLIGHT_TEXT]Shift+Tab[COLOR_REVERT][\BOLD][TAB][TAB][TAB]Chat &#224; tous[NEWLINE]</French>
		<German>[H1]Multiplayer[\H1][NEWLINE][BOLD][COLOR_HIGHLIGHT_TEXT]Tab[COLOR_REVERT][\BOLD][TAB][TAB][TAB][TAB]Chat mit Team[NEWLINE][BOLD][COLOR_HIGHLIGHT_TEXT]Umschalt+Tab[COLOR_REVERT][\BOLD][TAB][TAB]Chat mit allen[NEWLINE][BOLD][COLOR_HIGHLIGHT_TEXT]Rollen[COLOR_REVERT][\BOLD][TAB][TAB][TAB]Sprachchat mit Team[NEWLINE][BOLD][COLOR_HIGHLIGHT_TEXT]Umschalt+Rollen[COLOR_REVERT][\BOLD][TAB]Sprachchat mit allen[NEWLINE][BOLD][COLOR_HIGHLIGHT_TEXT]Strg+Rollen[COLOR_REVERT][\BOLD][TAB][TAB]Sprachchat im Diplomatie-Bildschirm[NEWLINE]</German>
		<Italian>[H1]MultiPlayer[\H1][NEWLINE][BOLD][COLOR_HIGHLIGHT_TEXT]Tab[COLOR_REVERT][\BOLD][TAB][TAB][TAB][TAB]Comunica con la squadra[NEWLINE][BOLD][COLOR_HIGHLIGHT_TEXT]Shift+Tab[COLOR_REVERT][\BOLD][TAB][TAB]Comunica con tutti[NEWLINE][BOLD][COLOR_HIGHLIGHT_TEXT]BlocScorr[COLOR_REVERT][\BOLD][TAB][TAB]Comunica oralmente con la squadra[NEWLINE][BOLD][COLOR_HIGHLIGHT_TEXT]Shift+BlocScorr[COLOR_REVERT][\BOLD][TAB]Comunica oralmente con tutti[NEWLINE][BOLD][COLOR_HIGHLIGHT_TEXT]Ctrl+BlocScorr[COLOR_REVERT][\BOLD][TAB]Comunica oralmente nell'Interfaccia diplomatica[NEWLINE]</Italian>
		<Spanish>[H1]Multi-Player[\H1][NEWLINE][BOLD][COLOR_HIGHLIGHT_TEXT]Tab[COLOR_REVERT][\BOLD][TAB][TAB][TAB][TAB]Chat to team[NEWLINE][BOLD][COLOR_HIGHLIGHT_TEXT]Scroll Lock[COLOR_REVERT][\BOLD][TAB][TAB]Voice chat to team[NEWLINE][BOLD][COLOR_HIGHLIGHT_TEXT]Shift+Scroll Lock[COLOR_REVERT][\BOLD][TAB]Voice chat to all[NEWLINE][BOLD][COLOR_HIGHLIGHT_TEXT]Ctrl+Scroll Lock[COLOR_REVERT][\BOLD][TAB]Voice chat in Diplomacy screen[NEWLINE][BOLD][COLOR_HIGHLIGHT_TEXT]Shift+Tab[COLOR_REVERT][\BOLD][TAB][TAB][TAB]Chat to all[NEWLINE]</Spanish>
	</TEXT>
</Civ4GameText>
