<?xml version="1.0" encoding="utf-8"?>
<!--Text strings for Show Hidden Attitudes Mod
	Author: DaveMcW
	Forum: http://forums.civfanatics.com/showthread.php?t=335966 -->
<Civ4GameText xmlns="http://www.firaxis.com">
	<TEXT>
		<Tag>TXT_KEY_MISC_ATTITUDE_FIRST_IMPRESSION</Tag>
		<English>%D1: "A first impression is a lasting one."</English>

	</TEXT>
	<TEXT>
		<Tag>TXT_KEY_MISC_ATTITUDE_TEAM_SIZE</Tag>
		<English>%D1: "Your team is too big."</English>

	</TEXT>
	<TEXT>
		<Tag>TXT_KEY_MISC_ATTITUDE_BETTER_RANK</Tag>
		<English>%D1: "Your small civilization is no threat to us."</English>

	</TEXT>
	<TEXT>
		<Tag>TXT_KEY_MISC_ATTITUDE_WORSE_RANK</Tag>
		<English>%D1: "We feel threatened by your large civilization."</English>

	</TEXT>
	<TEXT>
		<Tag>TXT_KEY_MISC_ATTITUDE_LOW_RANK</Tag>
		<English>%D1: "Developing nations should work together to catch up."</English>

	</TEXT>
	<TEXT>
		<Tag>TXT_KEY_MISC_ATTITUDE_LOST_WAR</Tag>
		<English>%D1: "The war is going badly for us."</English>

	</TEXT>
</Civ4GameText>