<?xml version="1.0" encoding="utf-8"?>
<!-- Super Spies -->
<Civ4GameText xmlns="http://www.firaxis.com">
	<TEXT>
		<Tag>TXT_KEY_PROMOTION_LOGISTICS1</Tag>
		<English>Logistics I</English>
		<French>Logistique I</French>
		<German>Logistik I</German>
		<Italian>Logistica I</Italian>

	</TEXT>
	<TEXT>
		<Tag>TXT_KEY_PROMOTION_LOGISTICS2</Tag>
		<English>Logistics II</English>
		<French>Logistique II</French>
		<German>Logistik II</German>
		<Italian>Logistica II</Italian>

	</TEXT>
	<TEXT>
		<Tag>TXT_KEY_PROMOTION_LOGISTICS3</Tag>
		<English>Logistics III</English>
		<French>Logistique III</French>
		<German>Logistik III</German>
		<Italian>Logistica III</Italian>

	</TEXT>
	<TEXT>
		<Tag>TXT_KEY_PROMOTION_DECEPTION1</Tag>
		<English>Deception I</English>

	</TEXT>
	<TEXT>
		<Tag>TXT_KEY_PROMOTION_DECEPTION2</Tag>
		<English>Deception II</English>
	
	</TEXT>
	<TEXT>
		<Tag>TXT_KEY_PROMOTION_DECEPTION3</Tag>
		<English>Deception III</English>

	</TEXT>
	<TEXT>
		<Tag>TXT_KEY_PROMOTION_SECURITY1</Tag>
		<English>Informant I</English>

	</TEXT>
	<TEXT>
		<Tag>TXT_KEY_PROMOTION_SECURITY2</Tag>
		<English>Informant II</English>

	</TEXT>
	<TEXT>
		<Tag>TXT_KEY_PROMOTION_SECURITY3</Tag>
		<English>Informant III</English>

	</TEXT>
	<TEXT>
		<Tag>TXT_KEY_PROMOTION_IMPROVISE1</Tag>
		<English>Improviser I</English>
	
	</TEXT>
	<TEXT>
		<Tag>TXT_KEY_PROMOTION_IMPROVISE2</Tag>
		<English>Improviser II</English>

	</TEXT>
	<TEXT>
		<Tag>TXT_KEY_PROMOTION_IMPROVISE3</Tag>
		<English>Improviser III</English>

	</TEXT>
	<TEXT>
		<Tag>TXT_KEY_PROMOTION_IMPROVISE4</Tag>
		<English>Improviser IV</English>

	</TEXT>
	<TEXT>
		<Tag>TXT_KEY_PROMOTION_IMPROVISE5</Tag>
		<English>Improviser V</English>

	</TEXT>
	<TEXT>
		<Tag>TXT_KEY_PROMOTION_LOYALTY</Tag>
		<English>Loyalty</English>
		<French>Loyalty </French>
		<German>Loyalty</German>
		<Italian>Loyalty</Italian>
		<Spanish>Loyalty</Spanish>
	</TEXT>
	<TEXT>
		<Tag>TXT_KEY_PROMOTION_INSTIGATOR1</Tag>
		<English>Instigator I</English>
		<French>Instigateur I</French>
		<German>Aufhetzer I</German>
		<Italian>Istigatore I</Italian>
		<Spanish>Instigador I</Spanish>
	</TEXT>
	<TEXT>
		<Tag>TXT_KEY_PROMOTION_INSTIGATOR2</Tag>
		<English>Instigator II</English>
		<French>Instigateur II</French>
		<German>Aufhetzer II</German>
		<Italian>Istigatore II</Italian>
		<Spanish>Instigador II</Spanish>
	</TEXT>
	<TEXT>
		<Tag>TXT_KEY_PROMOTION_INSTIGATOR3</Tag>
		<English>Instigator III</English>
		<French>Instigateur III</French>
		<German>Aufhetzer III</German>
		<Italian>Istigatore III</Italian>
		<Spanish>Instigador III</Spanish>
	</TEXT>
	<TEXT>
		<Tag>TXT_KEY_PROMOTION_ALCHEMIST1</Tag>
		<English>Alchemist I</English>
		<French>Alchimiste I</French>
		<German>Alchemist I</German>
		<Italian>Alchimista I</Italian>
		<Spanish>Alquimista I</Spanish>
	</TEXT>
	<TEXT>
		<Tag>TXT_KEY_PROMOTION_ALCHEMIST2</Tag>
		<English>Alchemist II</English>
		<French>Alchimiste II</French>
		<German>Alchemist II</German>
		<Italian>Alchimista II</Italian>
		<Spanish>Alquimista II</Spanish>
	</TEXT>
	<TEXT>
		<Tag>TXT_KEY_PROMOTION_ALCHEMIST3</Tag>
		<English>Alchemist III</English>
		<French>Alchimiste III</French>
		<German>Alchemist III</German>
		<Italian>Alchimista III</Italian>
		<Spanish>Alquimista III</Spanish>
	</TEXT>
	<TEXT>
		<Tag>TXT_KEY_PROMOTION_ESCAPE1</Tag>
		<English>Escape Artist I</English>

	</TEXT>
	<TEXT>
		<Tag>TXT_KEY_PROMOTION_ESCAPE2</Tag>
		<English>Escape Artist II</English>

	</TEXT>
	<TEXT>
		<Tag>TXT_KEY_UNITCOMBAT_SPY</Tag>
		<English>Espionage Units</English>

	</TEXT>
	<TEXT>
		<Tag>TXT_KEY_PROMOTION_UPGRADE_DISCOUNT_TEXT_SPY</Tag>
		<English>[ICON_BULLET]%d1_percent%% Free Preparation Bonus</English>

	</TEXT>
	<TEXT>
		<Tag>TXT_KEY_PROMOTION_EVASION_TEXT_SPY</Tag>
		<English>[ICON_BULLET]%d1_percent%% Detection Evasion Bonus</English>

	</TEXT>
	<TEXT>
		<Tag>TXT_KEY_PROMOTION_INTERCEPT_TEXT_SPY</Tag>
		<English>[ICON_BULLET]%d1_percent%% Enemy Spy Detection Bonus</English>

	</TEXT>
	<TEXT>
		<Tag>TXT_KEY_PROMOTION_INTERCEPT_TEXT_SPY_COUNTER</Tag>
		<English>[ICON_BULLET]%d1_percent%% Bonus To Counter Espionage Missions</English>

	</TEXT>
	<TEXT>
		<Tag>TXT_KEY_UNIT_EVADE_INTERCEPTION_SPY</Tag>
		<English>[ICON_BULLET]Can Evade Enemy Detection (%d1_Amount%% Chance)</English>

	</TEXT>
	<TEXT>
		<Tag>TXT_KEY_UNIT_INTERCEPT_AIRCRAFT_SPY</Tag>
		<English>[ICON_BULLET]Can Intercept Enemy Spies (%d1_Amount%% Chance)</English>

	</TEXT>
	<TEXT>
		<Tag>TXT_KEY_UNIT_INTERCEPT_AIRCRAFT_SPY_COUNTER</Tag>
		<English>[ICON_BULLET]Improved Counter Espionage Missions (%d1_Amount%%)</English>

	</TEXT>
	<TEXT>
		<Tag>TXT_KEY_PROMOTION_LOYALTY_TEXT_SPY</Tag>
		<English>[ICON_BULLET]Never Reveals Nationality</English>

	</TEXT>
	<TEXT>
		<Tag>TXT_KEY_PROMOTION_INSTIGATE_TEXT_SPY</Tag>
		<English>[ICON_BULLET]%d1_percent%% Bonus Unrest From Missions</English>

	</TEXT>
	<TEXT>
		<Tag>TXT_KEY_PROMOTION_INSTIGATE2_TEXT_SPY</Tag>
		<English>[ICON_BULLET]%d1_percent%% Bonus City Revolt From Missions</English>

	</TEXT>
	<TEXT>
		<Tag>TXT_KEY_PROMOTION_POISON_TEXT_SPY</Tag>
		<English>[ICON_BULLET]%d1_percent%% Bonus Unhealthiness From Missions</English>

	</TEXT>
	<TEXT>
		<Tag>TXT_KEY_UNIT_ESCAPE_SPY</Tag>
		<English>[ICON_BULLET]Can Escape Capture (%d1_Amount%% Chance)</English>

	</TEXT>
	<TEXT>
		<Tag>TXT_KEY_PROMOTION_ESCAPE_TEXT_SPY</Tag>
		<English>[ICON_BULLET]%d1_percent%% Bonus Escape Chance</English>

	</TEXT>
	<TEXT>
		<Tag>TXT_KEY_PROMOTION_RADIATION_TEXT_SPY</Tag>
		<English>[ICON_BULLET]Creates fallout on sabotaged improvements.</English>

	</TEXT>
	<TEXT>
		<Tag>TXT_KEY_SPY_ESCAPED_REVEAL</Tag>
		<English>A %s1_civ_adjective %s2_unit managed to escape from the %s3_civ_adjective city of %s4_city!</English>

	</TEXT>
	<TEXT>
		<Tag>TXT_KEY_SPY_ESCAPED</Tag>
		<English>A %s1_unit managed to escape from the %s2_civ_adjective city of %s3_city!</English>

	</TEXT>
	<TEXT>
		<Tag>TXT_KEY_ESPIONAGE_TARGET_SOMETHING_DESTROYED</Tag>
		<English>A %s1_ThingName was destroyed by enemy infiltrators!</English>

	</TEXT>
	<TEXT>
		<Tag>TXT_KEY_ESPIONAGE_TARGET_SOMETHING_DESTROYED_NEAR_CITY</Tag>
		<English>A %s1_ThingName was destroyed by enemy infiltrators near %s2_CityName!</English>

	</TEXT>
	<TEXT>
		<Tag>TXT_KEY_ESPIONAGE_TARGET_SOMETHING_ASSASSINATED</Tag>
		<English>A %s1_ThingName was assassinated by enemy infiltrators at %s2_CityName!</English>
	
	</TEXT>
	<TEXT>
		<Tag>TXT_KEY_ESPIONAGE_TARGET_SOMETHING_BRIBED</Tag>
		<English>A %s1_ThingName was bribed by enemy infiltrators!</English>

	</TEXT>
	<TEXT>
		<Tag>TXT_KEY_ESPIONAGE_TARGET_SOMETHING_BRIBED_NEAR_CITY</Tag>
		<English>A %s1_ThingName was bribed by enemy infiltrators near %s2_CityName!</English>

	</TEXT>
	<TEXT>
		<Tag>TXT_KEY_ESPIONAGE_HELP_DESTROY_IMPROVEMENT_RADIATION</Tag>
		<English>Will create fallout on the tile.</English>

	</TEXT>
	<TEXT>
		<Tag>TXT_KEY_ESPIONAGE_USED_RADIATION</Tag>
		<English>A dirty bomb was used! Radioactive fallout has covered the area!</English>

	</TEXT>
	<TEXT>
		<Tag>TXT_KEY_ACTION_ASSASSIN_MISSION</Tag>
		<English>Eliminate %s1_unit for %d2[ICON_ESPIONAGE] %d3_percent%% chance of success.</English>

	</TEXT>
	<TEXT>
		<Tag>TXT_KEY_MISSION_ASSASSIN</Tag>
		<English>Assassinate</English>

	</TEXT>
	<TEXT>
		<Tag>TXT_KEY_MISSION_ASSASSIN_HELP</Tag>
		<English>The spy attempts to kill a great specialist inside a rival city.</English>

	</TEXT>
	<TEXT>
		<Tag>TXT_KEY_MISSION_BRIBE</Tag>
		<English>Bribe Worker</English>
		<French>Subornez ouvrier</French>
		<German>Arbeiter bestechen</German>
		<Italian>Corrompa operaio</Italian>
		<Spanish>Trabajador del soborno</Spanish>
	</TEXT>
	<TEXT>
		<Tag>TXT_KEY_MISSION_BRIBE_HELP</Tag>
		<English>The spy attempts to win the allegiance of a foreign worker.</English>

	</TEXT>
		<TEXT>
		<Tag>TXT_KEY_PROCESS_ESPIONAGE</Tag>
		<English>Espionage</English>
		<French>
			<Text>Espionnage</Text>
			<Gender>Male</Gender>
			<Plural>0</Plural>
		</French>
		<German>
			<Text>Spionage:Spionage:Spionage:Spionage</Text>
			<Gender>female:female:female:female</Gender>
			<Plural>0:0:0:0</Plural></German>
		<Italian>
			<Text>Spionaggio</Text>
			<Gender>Male</Gender>
			<Plural>0</Plural>
		</Italian>
		<Spanish>
			<Text>Espionaje</Text>
			<Gender>Male</Gender>
			<Plural>0</Plural>
		</Spanish>
	</TEXT>
	<TEXT>
		<Tag>TXT_KEY_PROCESS_ESPIONAGE_STRATEGY</Tag>
		<English>Focusing on espionage converts production into espionage within that particular city.</English>

	</TEXT>
</Civ4GameText>
