1,森林砍伐
2,创建[链接=改善海洋渔业]海洋渔业[\链接]
3,创建[LINK=IMPROVEMENT_SLAVE_PLANTATION]奴隶种植园[\LINK]
4,移除[LINK=FEATURE_RAINFOREST]雨林[\LINK]
5,建造一条[LINK=ROUTE_ROMAN_ROAD]ROMAN ROAD[\LINK]
6,修建一条[LINK=ROUTE_HIGHWAY]公路[\LINK]
7,建造一个果园
8,建造一个[链接=改良稻田]稻田[\链接]
9,建立一个自然保护区
10,创建[LINK=IMPROVEMENT_MARINE_RESERVE]MARINE RESERVE[\LINK]
11,建立一个[LINK=IMPROVEMENT\u HAMLET]HAMLET[\LINK]
12,[COLOR_HIGHLIGHT_TEXT]牺牲[COLOR_REVERT][NEWLINE]+1[ICON_HAPPY]进行%d1回合。[NEWLINE]此命令牺牲奴隶，在城市中为%d2回合带来额外的快乐和庆祝。这将消耗奴隶。
13,伟大的人将使另一个文明忘记你过去的罪过，改善你的关系。它消耗了伟大的人。
14,这位伟人将在你和你的敌人之间促成一项即时的和平条约。它消耗了伟大的人。
15,试图将一个非国家宗教从城市中除名。这会消耗检察官的精力。
16,这将命令伟大的人改革你的政府，允许你改变公民这一轮没有任何无政府状态。它消耗了伟大的人。
17,这将命令伟大的人结束你们文明的无政府状态和你们所有城市的动乱。它消耗了伟大的人。
18,这位伟人将在周边几个城市传播你的国家宗教，有可能导致其他宗教离开。它消耗了伟大的人。
19,外交使团
20,[彩色突出显示文本]迫害[彩色还原]
21,改革政府
22,化解危机
23,伟大的使命
24,此订单将消耗一个或多个伟大的人（不同类型）并启动一个黄金时代（额外的[图标制作]、[图标商业]、[图标伟大的人]）。
25,见间谍
26,让你在间谍顾问中看到更多关于敌对文明对你的间谍活动的细节。
27,摧毁卫星
28,卫星将摧毁同一块瓷砖上的敌方卫星。
29,创建[LINK=IMPROVEMENT_SOLAR_COLLECTOR]SOLAR COLLECTOR[\LINK]
30,重建
31,将在本市建造免费建筑：
32,[图标子弹]可以重建城市里的免费建筑
