1,接受
2,接受决定离开这个城市
3,试图贿赂他们的代表（%s2:%d1[ICON_GOLD]）
4,国会目前正在就%s2在我们的城市%s3的主张进行辩论，可能会影响%s1的决定。我们该怎么办？
5,%我们对%s2城市%s3的索赔有不同的意见。可能会影响他们的决定。我们该怎么办？
6,%对我们在%s3附近殖民%s2领土的要求，s1意见分歧。可能会影响他们的决定。我们该怎么办？
7,%s1拒绝了我们影响他们决定的笨拙尝试！他们投票反对我们的要求，我们的关系因此恶化。
8,尝试成功了！%s1现在将支持我们的索赔。
9,国会目前正在讨论%s2在%s3附近殖民我们领土的请求，可能会影响%s1的决定。我们该怎么办？
10,%s1拒绝了我们影响他们决定的笨拙尝试！他们现在将支持对我们的要求，我们的关系因此恶化。
11,尝试成功了！%s1现在将投票反对对我们的索赔。
12,不幸的是，我们没有办法做任何事。
13,平均
14,高
15,非常高
16,现在轮到我们提出要求了。
17,他们义愤填膺地拒绝了我们的建议。现在他们甚至可能投票反对我们的利益！
18,为了这个目的我们要用多少黄金？
19,他们拒绝了我们的建议。
20,我们可以用我们的一些黄金来贿赂另一个文明来为我们的利益投票。你想试试吗？
21,他们接受了我们的建议。他们将投票支持我们的利益。
22,国会决定把我们的城市从%s2移交给%s1。我们能满足他们的要求吗？拒绝可能导致对这个决定的支持者的战争。以下文明投票反对我们：[新线]%s3
23,国会决定允许%s1在%s2附近殖民我们的领土。我们能满足他们的要求吗？拒绝可能导致对这个决定的支持者的战争。以下文明投票反对我们：[新线]%s3
24,我们要哪个城市？
25,一个新的国际会议即将开始，一些最重要国家的领导人将在那里开会讨论世界的平衡问题，每一方都有权要求一个城市，如果这个决定被批准，被交易的城市的所有者必须接受这个决定可能会面临一场反对某些投票赞成的政党的战争。
26,世界大会正在举行，但我们没有被邀请。也许我们还不够重要。[新线][新线]现在我们只能等待他们的决定，相信他们的常识。
27,[H1]第%s1[\H1][NEWLINE]届大会新的国际大会正在举行。世界上最重要文明的领导人开会讨论世界的平衡。除了我们的文明，参与者还有：[NEWLINE]%s2[NEWLINE][NEWLINE]每个文明都被允许宣称拥有一座城市或要求殖民未定居的领土。如果有足够多的文明赞成，请求就被批准了。拒绝遵守国会的决定可能导致与支持它的文明之间的战争！
28,%s1[\H1][NEWLINE]一个世界大会正在举行，但是我们没有被邀请。显然我们不够重要。世界的命运现在掌握在下列文明的手中：[NEWLINE]%s2[NEWLINE][NEWLINE][NEWLINE]现在我们只能等待他们的决定，相信他们的常识。
29,[H1]%s1[\H1][NEWLINE]国会正在举行，而我们正卷入一场全球战争，所以他没有被邀请。世界的命运现在掌握在下列文明的手中：[NEWLINE]%s2[NEWLINE][NEWLINE][NEWLINE]现在我们只能等待他们的决定，相信他们的常识。
30,[H1]%s1[\H1][NEWLINE]一场伟大的国际战争已经结束。有关权力在国会开会讨论如何恢复世界秩序。我们没有参与，但由于我们的国际重要性，仍然受到邀请。除了我们的文明，参与者还有：[NEWLINE]%s2[NEWLINE][NEWLINE]每一个处于战争胜利一方的文明都可以从失败的一方夺回一座城市，而那些已经失去的文明可能会夺回在战争中被征服的城市。如果有足够多的文明赞成，请求就被批准了。拒绝遵守国会的决定可能导致与支持它的文明之间的战争！
31,[H1]%s1[\H1][NEWLINE]一场伟大的国际战争已经结束。有关权力在国会开会讨论如何恢复世界秩序。除了我们的文明，参与者还有：[NEWLINE]%s2[NEWLINE][NEWLINE]因为我们站在胜利的一边，我们可以从战争的失败者手中夺回城市，而他们可能试图夺回战争期间征服的城市。如果有足够多的文明赞成，请求就被批准了。拒绝遵守国会的决定可能导致与支持它的文明之间的战争！
32,[H1]%s1[\H1][NEWLINE]一场伟大的国际战争已经结束。有关权力在国会开会讨论如何恢复世界秩序。除了我们的文明，参与者还有：[NEWLINE]%s2[NEWLINE][NEWLINE]作为战争的失败者，我们可以试图收回在战争中失去的城市，而胜利者可能会对我们提出更多的要求。如果有足够多的文明赞成，请求就被批准了。拒绝遵守国会的决定可能导致与支持它的文明之间的战争！
33,[H1]%s1[\H1][NEWLINE]一场伟大的国际战争已经结束。交战国在国会开会讨论如何恢复世界秩序，但我们既没有参与，也没有重要到足以影响这一进程：[NEWLINE]%s2[NEWLINE][NEWLINE]作为一个非交战国，没有人可以宣称我们的城市。
34,一次国际会议分两次举行。您已被邀请参加。你会接受邀请吗？
35,[换行符][图标项目符号]%s1
36,渗透到他们的代表团中（%s2:%d1[图标间谍]）
37,新国会
38,不提出要求
39,让他们随意投票。
40,没有合适的城市可以问
41,没有请求
42,成员们决定维持现状。
43,在%s1控制下传递
44,从下面经过
45,控制
46,%s1大会
47,好 啊
48,弃权[换行]
49,[新线]不赢
50,投票反对[换行]
51,投赞成票[换行]
52,[新闻]是的赢了
53,拒绝
54,拒绝离开这个城市！
55,%s1需要%s2（%s3）
56,国会决定
57,应该分配给
58,你同意吗？（我们的拒绝可能导致战争）
59,%s1声明%s3的%s2城市
60,%s1要求找到未结算区域%s2
61,%s1声明找到%s3的%s2区域
62,%s1请求在其自己的领土上找到%s2
63,[换行符][图标项目符号]%s2%s1受%s3控制。
64,[换行符][图标项目符号]%s2可能找到%s1。
65,[换行符][图标项目符号]%s3可能在%s2区域中找到%s1。
66,[H1]由%s1[\H1][NEWLINE]组成的国会经过长时间的谈判，有投票权的国会成员做出了如下决定：[NEWLINE]
