1,丝绸之路
2,贸易公司
3,谷物工业
4,渔业
5,纺织工业
6,钢铁工业
7,石油工业
8,奢侈品行业
9,计算机工业
10,附加要求：[NEWLINE][ICON_BULLET]只能传播到历史路线上的城市[NEWLINE][ICON_BULLET]在1500年后不能传播[NEWLINE][NEWLINE]吸引的附加公司资源（特别是丝绸资源）[NEWLINE][ICON_BULLET]采用商业贸易或自由企业civics[NEWLINE][ICON-BULLET]位置在中亚或波斯[NEWLINE][ICON-BULLET]市场和马厩[NEWLINE][ICON-BULLET]贸易路线[NEWLINE][NEWLINE]受到以下因素的阻碍：[NEWLINE][ICON-BULLET]位置在中国[NEWLINE][ICON-BULLET]沿海城市没有港口[NEWLINE][ICON-BULLET]基督教国家宗教[NEWLINE][ICON-BULLET]其他太多出席公司
11,附加要求：[NEWLINE][ICON_BULLET]只能传播到属于西班牙、法国、英国、葡萄牙、荷兰或维京文明的城市[NEWLINE][ICON_BULLET]不能传播到公元1800年以后[NEWLINE][ICON_BULLET]只能传播到加勒比、撒哈拉以南非洲的城市，南亚或拥有贸易公司National Wonder[NEWLINE][ICON_BULLET]的城市只能扩展到沿海城市[NEWLINE][NEWLINE]吸引的是：[NEWLINE][ICON_BULLET]其他公司资源[NEWLINE][ICON_BULLET]采用殖民主义或自由企业公民[NEWLINE][ICON BULLET]是荷兰人文明[新线][图标符号]港口、海关、银行、贸易公司（国家奇迹）[新线][图标符号]加勒比海城市[新线][图标符号]贸易路线[新线][新线]被：[新线][图标符号]太多其他公司阻止
12,吸引人的是：[NEWLINE][ICON-BULLET]其他公司资源[NEWLINE][ICON-BULLET]采用免费企业civic[NEWLINE][ICON-BULLET]粮仓、下水道、超市[NEWLINE][ICON-BULLET]贸易路线[NEWLINE][NEWLINE]阻止了[NEWLINE][ICON-BULLET]与渔业公司[NEWLINE][ICON-BULLET]的竞争太多其他公司出现[NEWLINE][NEWLINE]副作用：[NEWLINE][ICON_BULLET]会导致您所在城市的[ICON_不愉快]
13,附加要求：[NEWLINE][ICON-BULLET]只能扩展到沿海城市[NEWLINE][NEWLINE]吸引的是：[NEWLINE][ICON-BULLET]附加公司资源[NEWLINE][ICON-BULLET]采用免费企业公民[NEWLINE][ICON-BULLET]灯塔、港口，超市[新线][图标项目符号]贸易路线[新线][新线]受阻于：[新线][图标项目符号]与谷物工业公司的竞争[新线][图标项目符号]太多其他公司出现[新线][新线]副作用：[新线][图标项目符号]可能导致[图标不高兴]在你的城市
14,附加要求：[NEWLINE][ICON-BULLET]在1920年广告[NEWLINE][NEWLINE]吸引了[NEWLINE][ICON-BULLET]附加公司资源[NEWLINE][ICON-BULLET]采用免费企业公民[NEWLINE][ICON-BULLET]市场后无法传播，Weavers，工厂[新线][图标项目符号]贸易路线[新线][新线]受阻于：[新线][图标项目符号]与钢铁工业公司的竞争[新线][图标项目符号]太多其他公司出现[新线][新线]副作用：[新线][图标项目符号]可能导致[图标不高兴]和[图标不健康]在你的城市
15,吸引人的是：[NEWLINE][ICON-BULLET]额外的公司资源[NEWLINE][ICON-BULLET]采用免费企业civic[NEWLINE][ICON-BULLET]工厂、煤炭厂、工业园区、钢铁厂[NEWLINE][ICON-BULLET]贸易路线[NEWLINE][NEWLINE]也被[NEWLINE][ICON-BULLET]与纺织工业公司[NEWLINE][ICON-BULLET]的竞争吓倒许多其他公司也会出现[NEWLINE][NEWLINE]的副作用：[NEWLINE][ICON_BULLET]会导致[ICON_不开心]和[ICON_不健康]在你的城市
16,吸引人的是：[NEWLINE][ICON-BULLET]其他公司资源[NEWLINE][ICON-BULLET]采用免费企业公民[NEWLINE][ICON-BULLET]银行、酒厂、工业园区、股票市场[NEWLINE][ICON-BULLET]贸易路线[NEWLINE][NEWLINE]也被[NEWLINE][ICON-BULLET]与计算机行业公司[NEWLINE][ICON-BULLET]的竞争吓倒许多其他公司也会出现[NEWLINE][NEWLINE]的副作用：[NEWLINE][ICON_BULLET]会导致[ICON_不开心]和[ICON_不健康]在你的城市
17,吸引人的是：[NEWLINE][ICON-BULLET]其他公司资源[NEWLINE][ICON-BULLET]采用免费的企业公民[NEWLINE][ICON-BULLET]工厂、纺织厂、百货公司，国家美术馆[NEWLINE][ICON_BULLET]贸易路线[NEWLINE][NEWLINE]受到以下因素的阻碍：[NEWLINE][ICON_BULLET]太多其他公司出现[NEWLINE][NEWLINE]副作用：[NEWLINE][ICON_BULLET]可能会导致[ICON_不开心]和[ICON_不健康]
18,吸引了：[NEWLINE][ICON-BULLET]更多的公司资源[NEWLINE][ICON-BULLET]采用免费企业civic[NEWLINE][ICON-BULLET]工厂、实验室、大学，欧洲核子研究中心综合研究中心[NEWLINE][ICON-BULLET]贸易路线[NEWLINE][NEWLINE]被[NEWLINE][ICON-BULLET]与石油工业公司的竞争[NEWLINE][ICON-BULLET]吓倒了太多其他公司出现[NEWLINE][NEWLINE]副作用：[NEWLINE][ICON-BULLET]可能导致[ICON-unhoppy]和[ICON-unhealth]在你们的城市
19,[彩色突出显示文本]%s1_CorpName[彩色还原]已保留%s2_CityName。
