1,文明的曙光
2,这是公元1776年，由于对外国统治的不满，美国殖民地的人民在革命中奋起建立了自己的国家。然而，他们刚刚起步的共和国仍有被欧洲殖民列强夺回的危险，必须超越它的前主人才能实现它的天命。
3,这是公元622年。伊斯兰教的建立团结了阿拉伯人民的旗帜下的哈里发。阿拉伯的直接邻国拜占庭帝国和萨珊王朝波斯，在最近的战争中被削弱了。现在正是将伊斯兰之家扩大到他们富有的财产的时候，形成一个文化大熔炉，将文化和科学推向新的高度。
4,这是公元1810年，在西班牙帝国的衰弱和法国大革命理想的刺激下，拉普拉塔总督府的人民推翻了总督，开始了一场建立阿根廷共和国的革命。
5,这是公元1195年，阿兹特克人在墨西哥山谷的特克斯科克湖建立了特诺奇蒂兰城。通过巧妙地利用灌溉系统，特诺奇蒂兰可以成为中美洲最大的大都市，并主宰周边城市。
6,公元前3000年。美索不达米亚肥沃的新月是人类历史上第一批城市化文化的发源地，被称为文明的摇篮。虽然苏美尔和阿卡德的城市正在蓬勃发展，但随着巴比伦的出现，它们很快就会被当时最伟大的大都市所掩盖。
7,这是公元1822年，在葡萄牙革命威胁到巴西在英国的主权之后，巴西的多姆佩德罗宣布了一个独立的帝国。巴西丰富的种植园以及亚马逊雨林为未来带来了财富，但也需要保护。
8,这是公元330年，由于罗马帝国受到来自东方的野蛮人入侵的威胁，很明显，罗马帝国不能单独统治。所以君士坦丁大帝把君士坦丁堡建成了一个“新罗马”，希望东方帝国能够抵御这些入侵，最终恢复罗马帝国的辉煌。
9,公元600年，查士丁尼死后，他的大部分成功再次被揭穿。当伦巴第人攻占意大利北部，多瑙河几乎无法抵御斯拉夫人时，拜占庭也陷入了对萨珊王朝波斯的战争。它的胜利证明了它的代价，现在帝国在经济和军事上都被削弱了。
10,那是1867年。美国革命后，加拿大一直处于殖民统治之下。随着北美法案的通过，加拿大终于获得了独立，因此它可以自行扩展到大白北。
11,这是公元前2070年。中国是世界上人类文明最早发展的地区。夏、商、周时期，城市主要在黄河附近发展，并发明了“天命”的概念，使中国的中朝统治合法化。
12,这是公元600年。汉朝灭亡后，中国王国之间的内战接踵而至。就在11年前，隋文帝成功地统一了中国，收回了天命。但隋朝的势力并未完全巩固，中国的旧挑战依然存在。
13,这是公元1700年，明朝在农民起义下垮台后，满洲的女真人征服了中国，建立了清朝。随着满洲和西藏被帝国控制，中国达到了历史上最大的程度，康熙皇帝的统治预示着另一个黄金时代的到来。
14,公元1390年，刚果三角洲几个部落政权统一后，欧洲列强开始扩大在非洲的影响力，孔戈王国应运而生。它必须通过宗教和经济手段来保持独立。
15,这是公元1700年。与葡萄牙人的持续战争和国内叛乱削弱了孔戈王国的有效殖民点。王国在科学和经济上仍然落后，奴隶贸易往往仍然是唯一可行的收入来源。
16,公元前3000年。埃及文明在上下埃及王国最近的统一下融合在一起。尼罗河肥沃的河岸使埃及成为世界上最富有的地区之一。是时候利用这些财富来建造纪念碑，建立一种世界上从未见过的文化了。
17,这是公元829年，在日耳曼人移居英国后，该岛被划分为几个凯尔特、挪威和盎格鲁撒克逊王国。现在，威塞克斯国王被加冕为布雷特瓦尔达，从而成为全英格兰的统治者。现在统一了，英国人可以把目光从隔海相望的岛屿上移开，获得对海浪的统治。
18,这是公元1700年，光荣的革命恢复了英国王座的稳定，为联合行动铺平了道路。随着其在美洲和印度的殖民财产不断增长，英国皇冠将能够建立一个世界范围的帝国，并挑战法国对欧洲的统治地位。
19,这是公元前295年。埃塞俄比亚高原因其温和的气候而异常肥沃，但也与其他文明相当遥远。当罗马帝国和印第安人之间的主要贸易路线转移到红海时，这种情况发生了变化，从而使埃塞俄比亚阿克苏姆王国得以繁荣。
20,公元751年，西罗马帝国解体后，墨罗文吉法兰克帝国成为欧洲基督教的主要力量。随着加洛林王朝的佩宾加冕，法兰克人又向收回罗马的遗产和统治基督教欧洲迈进了一步。
21,这一年是公元1700年，路易十四统治下的法国正处于其权力的巅峰，在欧洲大陆占据着文化和军事的主导地位。在延长边界并赢得30年战争之后，阻碍西班牙哈布斯堡王朝的终结为扩大法国实力提供了另一个机会。
22,这是公元1701年，自1648年威斯特伐利亚和平以来，神圣罗马帝国只是一个松散的国家组织。当皇帝的权力集中在他的奥地利财产时，勃兰登堡普鲁士的选民将自己提升到普鲁士王国，寻求在自己的霸权下统一德意志民族。
23,这是公元前1600年。第一个城邦出现在希腊半岛。起初，希腊文明的分裂似乎是一个不利因素，但他们对独立性的强调有利于文学、科学和哲学的新思想以及战争艺术的新策略的产生。
24,公元前3000年。印度河和萨拉斯瓦蒂河的河床为古代文明提供了肥沃的土壤。以哈拉帕市为中心的印度河流域文明，凭借无与伦比的卫生设施和城市规划，可以利用这一肥沃的土地，成为当时最广泛、人口最多的文明。
25,公元843年，《凡尔登条约》将法兰克帝国最终分离为西弗朗西娅和东弗朗西娅。东半部为德意志民族所统治，其德国国王不仅与浪漫的法兰克文化决裂，而且还称王称王，延续神圣的罗马帝国。
26,这是公元1700年，尽管在三十年的战争中遭遇挫折，但维也纳围攻的胜利使哈布斯堡君主政体得以击退土耳其人，并确保他们在巴尔干半岛的财产。奥地利巴洛克风格的开始让艺术和建筑蓬勃发展，但西班牙路线的薄弱可能很快导致另一场战争。。。
27,这是公元1150年，曼科卡帕克刚刚建立了库斯科王国，第一个印加王国。即使在安第斯山脉恶劣的环境中，由于缺乏合适的驮畜，他们也开始建立一个在美洲从未有过的帝国。
28,这是公元前1500年。哈拉帕文明崩溃后，吠陀雅利安人到达印度恒河平原。接下来的吠陀时代是一个种姓制度和Mahajanapada王国的发展，其中最重要的印度文化史诗被编撰出来，奠定了将印度转变为世界宗教和精神中心的基础。
29,这是公元1700年。16年前，希瓦吉·博斯勒建立了玛拉莎王国，这是印度第一个挑战莫卧儿对印度北部霸权的国家。随着莫卧儿王朝的衰落，现在是时候永远打破穆斯林对次大陆的统治了。
30,公元650年，中国和印度之间几乎所有的贸易都经过马六甲海峡。得益于其在邻近的苏门答腊岛的地位，印尼斯利维亚王国崛起成为东南亚的一个主要贸易国。
31,这是公元1167年，意大利长期以来一直处于德国国王的统治之下，但现在伦巴第的城市已经崛起，在教皇的支持下，实现了事实上的独立。意大利城邦虽然经常互相争斗，但它们是科学、文化和商业的中心，现在可以从它们的技能中获益，从而迎来欧洲文化的复兴。
32,公元525年，日本早期以大和道为中心的政权从韩国传入佛教。这使得中国的影响从隋唐时期扩散到日本，随后权力集中到日本帝国。
33,公元600年，日本早期以大和道为中心的政权从韩国传入佛教。这使得中国的影响从隋唐时期扩散到日本，随后权力集中到日本帝国。
34,这是公元1700年，在德川幕府统治下，日本近一个世纪来一直处于和平状态。但与欧洲贸易商的接触有可能再次扰乱已达成的平衡，即使是在萨科库（Sakoku）统治下的完全隐居也无法永远保持平衡。日本必须向世界开放。。。
35,这是公元800年。东南亚季风的不可预测性迄今为止阻止了该地区一个发达文明的形成。但是，现在高棉水管理技术的先进性导致了他们的首都吴哥城的建立，促进了巨大的人口增长和城市化。
36,这是公元前50年。朝鲜半岛上的希拉、百济和高句丽三国形成，这是从其前任酋长国向中央集权迈出的第一步。中国离得很近；韩国必须在不放弃主权的情况下，调整其更先进的组织。
37,公元600年，朝鲜三国仍然繁荣昌盛，高句丽将朝鲜文明的影响扩大到满洲。但现在中国又统一了，他们必须小心保护自己的独立，以备将来之需。
38,这是公元1700年，朝鲜王国面临着来自日本和满洲的侵略，现在他们控制了整个中华帝国。现在已经开始了一个相对和平和经济文化复兴的时期，但是随着两个强大的邻国和西方帝国主义的崛起，它只能持续这么长时间。。。
39,现在是公元989年，撒哈拉以南非洲与旧世界其他地区相比仍然不发达。但曼德人控制着丰富的金矿，这引起了其北方邻国的注意。为了抵御外国武力夺取其财富的企图，马里现在有机会真正成为地球上最富有的文明。
40,这是公元前400年。尤卡坦半岛的城市化引发了玛雅城邦的形成，玛雅城邦的技术和建筑进步将创造美洲第一个先进文明。
41,这是公元1190年。几个世纪以来，蒙古大草原上的人们被分割得太多，对世界构成了实际的威胁。现在铁木真统一了他统率的蒙古各部落，一切都变了，很快东西方都会在他的军队面前战战兢兢。
42,这是公元711年，马格里布的柏柏尔人和阿拉伯人越过直布罗陀海峡，击败西哥特人，在安达卢斯建立科尔多瓦酋长国，把伊比利亚基督徒驱赶到阿斯图里亚斯北部海岸。
43,这是公元1206年。尽管穆斯林统治者偶尔袭击了印度几个世纪，但盖尔的穆罕默德建立的德令哈市苏丹国标志着伊斯兰教成为次大陆的政治力量。他们的继任者，包括穆斯林莫卧儿王朝，将把他们的信仰传播到整个印度，并树立印度自古以来最伟大的建筑奇迹。
44,这是公元1700年，莫卧儿帝国达到了顶峰。虽然文化和建筑仍在蓬勃发展，但莫卧儿王朝对印度的霸权受到威胁，因为在马拉萨斯出现了一个印度主权国家，欧洲各大国在印度海岸取得了一些成果。
45,这是公元1581年，荷兰位于欧洲最重要的贸易路线的交汇处，是欧洲大陆人口最多、最富有的地区。长期以来，这些财富都流向了外国，但现在，经过长期的战争，荷兰人民终于实现了独立，建立了一个共和国。
46,这是公元1700年，自80年战争结束独立以来，荷兰进入了一个黄金时代，成为欧洲的贸易、工业、文化和科学中心。然而，这一财富却在不断崛起的法国和英国邻国制造了嫉妒，荷兰人需要保持他们的殖民帝国在一起，以维持他们的财富。
47,这是公元1280年，塞尔柱帝国崩溃后，安纳托利亚土耳其人被分成了几个小贝。然而，拜占庭本身也被削弱了，现在奥斯曼利·贝利克（Osmanli Beylik）掌握在一位强有力的领导人手中，土耳其奥斯曼帝国似乎已经接近尾声。博斯普鲁斯海峡就在他们的掌握之中，他们有机会形成一个横跨三大洲的帝国。
48,这是公元1700年，随着维也纳围城的失败，奥斯曼帝国的军事扩张已经结束，它正在抵御奥地利和俄罗斯日益强大的势力。这种力量平衡的变化导致了与欧洲人的文化接触和交流的增加以及奥斯曼文化的繁荣。
49,这是公元前844年。波斯一直是好战民族的家园，但现在阿契美尼王朝为他们提供了统一的力量，以形成一个有组织的帝国。虽然波斯高原并不特别富裕，但它在东部的印度和西部的美索不达米亚却有着富有而无防备的邻国，在他们成为世界上最大帝国的路上要征服他们。
50,这是公元1700年。自公元1500年起统治波斯的萨法维王朝正在失去对其领土的统治。一个称职的军阀夺取控制权、羞辱邻国土耳其人、乌兹别克人和穆加尔人的时机已经成熟。。。
51,这是公元前1200年。外国入侵削弱了美索不达米亚王国，使腓尼基城邦得以实现独立。随着周边土地被更强大的文明所统治，腓尼基人把目光转向西方，看到了在地中海通过贸易获取财富的机会。
52,公元1025年，公元966年西斯拉夫人被基督教化后，第一位波兰统治者加冕为国王。肥沃的土地预示着城市的发展，而北部的异教徒邻居和东部日渐衰落的正统政体则为扩张提供了机会。
53,这一年是公元1700年，哥萨克起义和瑞典洪水严重削弱了波兰-立陶宛联邦，分散的政治体制无法改革。在普鲁士、奥地利和俄罗斯日益强大的势力的包围下，波兰的独立正处于危险之中。。。
54,公元前1000年。波利尼西亚定居者移居汤加和萨摩亚群岛。凭借非凡的航海技术，他们甚至可以到达并定居在南太平洋最孤立的岛屿周围。
55,这是公元1128年，葡萄牙刚刚击败西班牙获得独立。王国位于欧洲的西端，处于向世界各地港口派遣船只和控制整个欧洲、非洲和亚洲贸易的有利位置。
56,这是公元1700年。在上个世纪，葡萄牙从西班牙王位上重新获得独立。许多殖民地的财产都被荷兰人夺走了，但巴西仍在葡萄牙的控制之下，并承诺未来会有财富。
57,这是公元前753年。拉丁人刚刚建立了罗马城。得天独厚的地理位置和优越的政治制度，注定要控制整个意大利半岛。它在欧洲的大部分邻近地区仍然是野蛮和不文明的。迦太基是它在统治和文明整个地中海的道路上唯一的对手。
58,公元860年，在斯堪的纳维亚和拜占庭之间的琥珀色公路上的瓦兰吉安人开始在他们的路线上建立州。他们很快就和斯拉夫人的臣民混在一起，成为了罗斯人，开始在东欧及其他地区定居。
59,这是公元1700年，在彼得的统治下，伟大的俄罗斯走上了现代化的道路。瑞典刚刚被击败，圣彼得堡建立了通往俄罗斯的西窗。随着进入西伯利亚，俄罗斯帝国现在是世界上最大的。
60,这是公元718年，来自乌玛雅哈里发的阿拉伯人占领了几乎所有的伊比利亚半岛，结束了西哥特人的统治。现在，西班牙阿斯图里亚斯王国建立在北部山区，寻求恢复基督教对伊比利亚的控制，并将其扩展到其他地区。
61,这是公元1700年，西班牙帝国正处于衰落状态。来自美洲殖民地的收入正在减少，上个世纪的文化繁荣已经结束，现在统治哈布斯堡的王朝即将消亡。西班牙继承权的冲突即将吞噬欧洲。。。
62,这是公元前300年。随着他们的僧伽文学的发展，泰米尔文化兴起于印度南部。他们靠近中国和罗马的位置，以及珍贵香料的供应，使得当地的查拉斯王朝、潘迪亚王朝和查拉斯王朝成为富裕的贸易中心。
63,这是公元1700年，自16世纪维贾亚纳加拉帝国衰落以来，迈索尔王国一直是德干南部的主导力量，抵抗着莫卧儿帝国的扩张。随着马拉萨斯和英国的出现，印度的权力结构发生了变化，要求迈索尔再次捍卫自己的主权。
64,公元1350年，高棉帝国的崩溃使泰国人民得以称霸东南亚。他们得以夷平高棉首都吴哥，并在其西部的大城府建立了自己的王国。
65,这是公元1700年，由于与南亚的欧洲新强国关系良好，控制着世界上最大的城市之一，大城府处于有利的地位。然而，来自缅甸邻国的威胁开始增加，甚至欧洲人也可能考虑殖民。。。
66,现在是公元630年，拉萨周边的藏族宗族已经团结起来，而现在相邻的中国唐朝和印度帕拉帝国的衰弱，为你们从西藏高地扩张帝国、在全世界传播佛教教义提供了机会。
67,公元554年，土耳其人摆脱了鲁兰汗国的统治，控制了中亚大草原。中国和中东都对突袭和征服开放，丝绸之路向控制丝绸之路的人承诺了巨大的财富。
68,这是公元600年，在摆脱了鲁兰汗国的统治后，土耳其人控制了中亚大草原。中国和中东都对突袭和征服开放，丝绸之路向控制丝绸之路的人承诺了巨大的财富。
69,这是公元1700年，萨非帝国崛起后，帖木儿王朝作为中东地区突厥王朝的显赫力量被打破。后来，乌兹别克部落入侵特兰西亚纳，占领了特兰西亚纳富裕的城市，建立了布哈拉汗国。
70,这是公元551年。食物的匮乏使斯堪的纳维亚的居民成为依靠捕鱼和贸易的优秀水手。他们的王国仍然无法维持人口的进一步增长，维京人不得不转向海洋对面的陆地。不仅北海沿岸，地中海甚至新大陆都是掠夺或定居的好目标。
71,这是公元600年。食物的匮乏使斯堪的纳维亚的居民成为依靠捕鱼和贸易的优秀水手。他们的王国仍然无法维持人口的进一步增长，维京人不得不转向海洋对面的陆地。不仅北海海岸，地中海海岸，甚至新大陆海岸都是掠夺或定居的好目标。
72,这是公元1700年，瑞典王国是斯堪的纳维亚列强中最强大的一个，通过收购芬兰建立了一个帝国。不过，它的扩张也造成了敌人，丹麦、挪威、波兰，特别是俄罗斯等竞争对手可能会试图遏制瑞典的势力。。。
