1,请支持我们的公民和人民。我们依靠你的帮助！
2,这对我们双方都有好处，你不这样认为吗？
3,万岁，大家好，[CT_NAME]！我是[我们的名字]，光荣[我们的公民简称]的统治者。那么，告诉我，【CTúCIV戆u SHORT】有很多富裕的、没有保护的沿海城市吗，或者是什么？
4,强大的【我们的名字】，全能的【我们的公民简称】神之王欢迎你，【我们的名字】！如果你有这种心情，你可以在恐惧和敬畏中卑躬屈膝。
5,我们的军队势均力敌，但我相信在一场战斗中我会赢。所以我要求你满足我们的要求。
6,[我们的公民]需要这个，需要你的帮助！
7,巴西在很多方面都很强大。别逼我告诉你有多坚强。
8,你的枪法和等级都比别人高。我建议你按我的要求给我。
9,你能把这个留给[我们的]帝国的人民吗？
10,我的人民对我有信心。请帮助我不要让他们失望。
11,最简单的策略是我问你我们需要什么，希望你的好意能赢。
12,您好，[CT_NAME]！我是[我们的名字]，伟大文明的领袖[我们的公民简称]。
13,愿你平安，[国名]之[国名]。如果你期待真主的祝福，善待他的子民，因为真主会帮助走真主道路的人。
14,我是[我们的名字]，土耳其人民的总统。我们土耳其人不认为我们的原则是来自天堂的书中包含的教条。我们的灵感不是来自天堂，也不是来自一个看不见的世界，而是直接来自生活。
15,你好。我是[我们的]帝国的[我们的名字]。我相信，一个统治者的善意是远远不够的，工人代表的集体因素是不可或缺的。你不同意吗？
16,欢迎[CT_NAME]。我们欢迎与你建立友谊。你是贪图地盘，还是贪图一片安静？
17,以上帝的名义致意，[简称]的[简称]。我们是[我们的公民简称]的皇帝[我们的名字]。我们知道物质和精神的进步对人类是必不可少的。你愿意加入我们，因为我们不停地工作，以实现双方的平等？
18,你好，[CT_NAME]。我叫[我们的名字]，我是[我们的公民简称]的主席。我的座右铭是：有尊重就有和平！
19,一、 [我们的]帝国的[我们的]欢迎你。要知道，那些说民族主义、民主之类的东西的人，是想把我们的国家从使命中夺走。
20,问候语。我是[我们的名字]，[我们的公民简称]的皇帝。为了人民的福祉，我将尽我所能，像我的先辈一样，捍卫专制的观念。
21,欢迎来到谦卑[我们的公民简称]。我[我们的名字]，这个影响深远、不断进步的国家的领导人。告诉我，你是谁？
22,你好，朋友。我叫[我们的名字]，但你可以叫我何塞。或者你可以叫我弗朗西斯科。或者你可以叫我马丁。只是晚餐别叫我迟到。
23,你好，[CT_NAME]。我是圣安娜将军，墨西哥的救世主！你来向我致敬的是什么？
24,您好[CT_NAME]。我是[我们的名字]，天下的皇帝。对无数奴才拥有绝对的权力，你敢伤害强大的神圣统治者吗？
25,[我们的名字]欢迎你。我不赞美自己，也不赞美自己的勇气，但我赞美上帝，因为他保护我这个罪人，使我免受致命的危险，创造了我，使我能够做许多人类的事情。
26,我们必须准备在两国人民之间建立友谊。一个民族如何为这样的努力做好准备？通过加强我们之间的天然桥梁。语言是一座桥梁。。。宗教是一座桥梁。。。历史是一座桥。。。
27,欢迎，[CT_NAME]。想象力，奉献精神，毅力，加上神圣的恩典，将确保你的成功。我们讨论什么？
28,您好，[CT_NAME]！与你们光荣的民族和平相处真是太好了！
29,我知道你是来拜访的。告诉我你想谈什么。
30,最后，我终于找到了一个有价值的对手。我们的帝国能为你做些什么？
31,世界上有很多人希望统治和支配他人。像你这样的人。
32,哦，又是你。。。你要抱怨什么？
33,如果一个人允许一个异教徒继续他作为地球的腐化者的角色，异教徒的道德痛苦将更加严重。如果一个人杀了异教徒，而这阻止了他犯下的罪行，那么他的死将是对他的祝福。
34,背叛、懦弱和谎言无处不在——你们的国家也不例外。
35,快说[公民]。我的日程安排已经够多了。
36,你没有欺骗我的诡计。请注意，我对欺骗不会有好的反应。
37,我们帝国的政府将履行其捍卫独立和击退外国侵略的义务，并接受其所挑起的斗争！
38,不可能！我要惩罚你对[我们的公民]及其人民犯下的罪行！
39,我知道你最终会乞求和平，但在你投降之前不会有和平。
40,离开我的办公室！
41,你让我很伤心，[CT_NAME]。走开。
42,我现在要用我狡猾的战术知识来无视你。
43,你的话不过是病猪的咕噜声。我听不到。
44,把这个给我，也许我们两个国家可以和平相处一段时间。
45,把这个交给，[CT_NAME]，我可能会让你继续存在一段时间。
46,虽然看起来不太可能，但似乎你们的弱小文明有我们想要的东西。我建议你快点把它交上来。
47,欢迎，[CT_NAME]。你们的文明是如何发展起来的？
48,没有机会。强大的[我们的文明]人民不愿意与像你这样的偷牛贼和好。
49,您好，[CT_NAME]！[我们的文明]人民总是喜欢遇见脆弱和不设防的新文明！
50,所以你已经从你恶臭的国家出来，来到我这里，[CT_NAME]。我为什么要得到这个令人怀疑的荣誉？
51,我们需要强大的[反恐短报]协助。我希望你不会让我们失望。
52,一个相互保护的协议-如果对方受到攻击，双方同意自动宣战。
53,奴隶贸易
54,你好，祝你愉快。我们的公民希望和平，但坚持我们必须成为自己家的主人。
55,我们终于见面了，我一直在等你的到来。我是日本明治。来吧，我们有很多事情要讨论。你的衣服很漂亮，你的军队给我留下了深刻的印象。请，告诉我你的路，我会告诉你日本的奇迹。。。
56,欢迎来到独立的土地！我是国王[我们的名字]，会承认[我们的]独立吗？还是我需要用我的军队说服你？
57,我最好的朋友来了！今天是什么风把你吹来的？
58,你是我们的敌人，但我会和你谈谈。
59,我们急切地请求您的帮助，[CT_NAME]！我们的未来取决于你！
60,你有机会和[我们的公民]分享你的财富吗？
61,仅仅承认我是[我们的]帝国的国王是不够的！我要求以下几点表示敬意！
62,一、 卡恩·布明，被称为奴隶，但我是自由的。又借自由人之子的利剑，锻造我民的力量，骑在腾格里的天空下。
63,我想知道你对囚犯做了什么。我的惩罚是最重的，因为我会原谅你，让你在东西方之间自由驰骋。
64,我用我的钢剑，征服了世界的大部分地区，使撒马尔罕和布哈拉成为我的首都和居住地；你这个可怜的家伙，会把这两座城市换成鼹鼠。事实上，真理就是安全。
65,“你洗劫了我们的一座城市！”
66,我的统治者，中央王国会告诉你，你的声音太重要了。为臣民服务，不要咕哝，不要犹豫！大声，清楚，没有恐惧！
67,生活中有那么多是一面镜子。铜镜给了我更好的衣服，古董镜给了我王国的兴衰，朋友镜给了你自己。我的镜子丢了！不要失去你的！别忘了谁是你最亲爱的！
68,作为波斯的沙汉沙，我继承了被我们浩瀚的军队征服的一千片土地的力量和丰富。明智的做法是，你抛开你的骄傲，接受我的伟大，除非你想成为它的新获得者。
69,因为你的名字是万王之王，你对我们的一切统治意味着你的智者应该比我们的智者更聪明。你要么给我们解释一下这盘棋，要么给我们寄去税收和贡品。
70,
