1,皇帝级别是为有经验的球员。你将在重要的研究，单位生产，维护和幸福惩罚下发挥作用，而人工智能在这些领域获得更多的优势。
2,继承人
3,后继难度对初学者来说是正确的。你们的城市获得了额外的快乐，你们的研究、单位生产和维护成本比你们的人工智能对手要低。
4,君主玩家在与摄政者相同的条件下进行游戏，但将面对更强大的人工智能对手。
5,典范
6,你能在这个水平上击败这场比赛并证明你真的是一个模范吗？与皇帝相比，你的人工智能对手将获得更多的单位生产和研究优势。
7,摄政王
8,作为摄政者，你面临着一个相当平衡的挑战，并且在修改器方面与你的人工智能对手是平衡的。
9,总督
