1,您可以在财务顾问中检查影响您稳定性的参数
2,发现微生物学可以让你远离瘟疫
3,不是每个湖都能产两种食物。有些是盐湖，因此产生1种食物，如海岸。
4,如果你在你的城市里发现一个头骨，那就意味着他们有瘟疫！城市和周边地区的人口和单位可能会急剧减少。为了减少瘟疫的影响和持续时间，保持你们城市的健康。
5,瘟疫可以通过多种途径传播——通过贸易路线、公路和邻近城市之间传播。
6,你选择玩的文明程度会影响你的难度和你选择的难度等级。一定要选择一个适合你的比赛风格和你的专业水平的公民。
7,每个公民都有隐藏的修饰语，影响他们的成长。这样，现代公民就不会因为起步晚而处于不利地位。
8,你可以向独立国家和小型公民宣战，只需把你的部队转移到他们的领土上。
9,结合某些公民将改善或损害你的帝国的稳定。
10,在发现日历之前，您无法看到当前年份。
11,记住，如果你不喜欢你开始的文明，你总是可以控制一个新生的公民。您也可以使用此功能从公元前3000年开始播放，即使您想选择以后开始播放的civ。
12,把极权主义和宪法结合起来不是个好主意。
13,在Rhye和文明的衰落中，封臣可以宣战。
14,在Rhye和《文明的沦陷》中，穿越海洋瓦片的移动需要半个移动点。
15,在Rhye和Fall of Civilization中，神龛的最大收入是每回合20金币。
16,在勒耶和文明的衰落中，附庸国是由契约的发现所促成的。
17,如果你喜欢mod，如果你有任何改进的想法，或者你只是有一个bug要报告，一定要查看CivFanatics.com上的开发论坛。
18,如果你已经有一段时间没有得到更新版本的mod了，一定要在CivFanatics.com上找到一个新版本。国防部正在积极开发中，更新经常被上传。每个更新都充满了修复和新功能。
19,在Rhye和Fall of Civilization中，相机飞行模式热键已更改为[CTRL+F]
20,在人类文明的衰落时期，如果远离水的话，苔原、冰原或沙漠是不允许建立城市的。
21,在Rhye和《文明的沦陷》中，丛林、雨林和沼泽对大多数陆地单位来说都是无法逾越的。
22,如果你试图阻止新生civ的生长，你的一些单位会转向他们的一边。
23,在Rhye和文明的衰落中，许多奇迹的影响已经改变了
24,不要只用攻城武器攻击城市。它们可能是破坏大量敌军的最佳方式，但一旦造成最大程度的破坏，就无法攻击敌军。
25,等待的间谍会得到好处。将间谍留在一个磁贴上将减少对该磁贴中的物体执行的所有间谍任务的成本。所以把间谍留在敌人的城市会使你在那个城市的任务大大降低。
26,如果你比对手花费更多的间谍点数，那么你对对手的任务将更便宜。你在整个游戏中花费的每一分都会加到这个总数上，所以如果你看到一个劲敌在间谍点数上超过了你，那么增加你的间谍花费是明智的。
27,当你处于防守状态时，确保你的战斗机和喷气式战斗机在不执行任务的情况下执行“拦截”任务。他们将保护天空免受敌方空军的攻击，为他们赢得宝贵的经验值。
28,在战时，你的船可能会切断所有进入敌方城市的海上贸易路线，在敌方城市范围内执行“封锁”任务。在和平时期用私人船封锁一座城市甚至可以让你从敌人的宝库里掠夺黄金！
29,洲际贸易路线现在比正常贸易路线产出更多的黄金。建一个海关以进一步兑现。
30,执行“封锁”任务的海军部队阻止所有敌方贸易进入其封锁范围。确保敌人的城市在这个范围内是阻止敌人贸易路线的一种可靠的火力方法。
31,当宇宙飞船到达半人马座阿尔法星时，而不是当它发射时，游戏就赢了。你制造的发动机和推进器越多，宇宙飞船到达的速度就越快。
32,你的战斗机可以每回合拦截多架敌机，但当它们受到伤害时，效果会降低，所以要小心修理你的防御机。
33,利用潜艇的隐身能力以及携带常规和战术核导弹的能力，对另一块陆地发动毁灭性的开放式攻击。
34,在你的边境保留一些间谍进行反间谍活动。敌人的间谍会造成严重破坏！
35,黄金短缺？派你的间谍去偷你邻居的东西！
36,骑兵对某些攻城武器造成侧翼伤害。例如，如果一支进攻骑兵部队在战斗中幸存下来，那么敌军堆栈中的所有大炮都会受到损坏！
37,随机事件与你们文明中正在发生的事情联系在一起。如果你想体验所有可能发生的事件，你将不得不用不同的方法和策略玩很多游戏：战争与和平，不同的宗教方法，不同的技术途径，不同的文明等等！
38,你最好把一些储备黄金放在你的金库里。你永远不知道什么时候你的储蓄可能有助于减轻灾难性事件的影响，或者在积极事件发生时给你提供更多的机会。
39,一个消极的事件，折磨你的竞争对手之一，实际上，就像一个积极的事件为你！留意世界新闻报道，以防其他国家发生的事件为你打开新的机会。
40,以计算机对手为首的敌对文明现在构成了来自海洋的更大威胁。更强大的舰队，两栖入侵。。。别措手不及！越是好战的领导者，他们的攻击计划就越狡猾，因为他们已经学会了用剑以外的思维。
41,艾蒙古人得到额外的军队攻击俄罗斯和中东。准备好了！
42,在文明的曙光中，像拜占庭、意大利和泰国这样的几个文明都有条件繁殖，并没有出现在每一个游戏中。
43,几个人工智能文明在产卵时翻转更大的区域来帮助它们前进。
44,在文明的曙光中，像甲骨文这样的免费技术效果只允许你选择当前或更早时代的技术。
45,如果你是在扮演西欧文明的角色，那就建立一家贸易公司，将业务扩展到非洲或亚洲。
46,异教徒庙宇不能建在有宗教的城市里，当一种宗教传播到有异教徒庙宇的城市时，它就会被该宗教的庙宇所取代。
47,在文明的曙光中，文明可以在历史上适当的时期重生，甚至在民族主义被发现之前。
48,你需要先发现探索，然后才能将遥远的文明包围起来。
49,你需要先发现探险，然后才能在首都以外的其他大陆训练定居者。
50,在文明的曙光中，军队不能被瘟疫杀死，只能被削弱。
51,相关的宗教，如印度教和佛教或儒道教，如果其中一个是你的国教，就不会产生不快乐
52,印度教、佛教、儒道等相关宗教减少了外交惩罚
53,公司总部和高管已经被撤职，如果满足了先决条件，公司将自行扩张。
54,丝绸之路和贸易公司只能在历史上合适的地区进行扩张。
55,吸引公司，获取更多资源，建造相关建筑，或采用自由企业公民。
56,在文明的曙光中，许多奇迹都有宗教或公民的先决条件来鼓励它们的历史分布。
57,研究学术界作为一种天主教文明开始了改革，促使所有天主教文明决定是否要皈依新教。
58,在文明的曙光中，诸侯不必在城市周围的第一圈把控制权交给他们的主人。
59,当一个超高压目标要求控制一个文明，你需要拥有比他们更多的城市在他们的核心。
60,与超高电压相关的区域在平铺工具提示中显示为浅蓝色。
61,文明的曙光仍在积极发展。您可以通过使用Git版本的mod获得最新的错误修复和添加。访问论坛http://forums.civfanatics.com/forumdisplay.php？f=452来找出原因。
62,天主教是由大分裂建立的，当超过一半的东正教城市不受东正教文明的控制时，就会发生大分裂。
63,伟大的艺术家能用伟大的作品创造多少文化取决于游戏时代。
64,训练迫害者将非国家宗教从你们的城市中移除。
65,对扩张和公民稳定规则感到困惑？在Civilopedia的概念部分中查找它们！
66,你在古典、中世纪和文艺复兴时期听到的原声取决于你的国家宗教。
67,爱罗马和希腊人将接受军队征服地中海和美索不达米亚。准备好了！
68,五号或五号以下岛屿上的城市也可以改善其所建立的资源，使城市瓷砖的生产和商业得到充分的增长。
69,在使用奴隶制度的时候击败你领土上的原住民有机会创造一个奴隶单位。
70,获得奴隶来建造奴隶种植园或在你们的城市定居。此选项仅在北美或非洲可用，除非您的首都在非洲。
71,如果你经营奴隶制度或殖民主义，你可以在与其他文明的外交交往中交换奴隶。
72,部落村庄在游戏开始时是随机放置的。
73,某些文明在繁殖时翻转的区域并不总是与其核心相同。几个文明可以翻转更大的区域。
74,几个文明的核心在某些条件下扩展，例如进入一个新时代。
75,所有文明的稳定性和翻转区域地图都可以在“地图”文件夹中找到。
76,泰米尔、摩尔、西藏、波兰和刚果的文明可以配置为不出现在每一个游戏中。编辑XML\GlobalDefinesAlt.XML文件。
77,波利尼西亚文明只为人类玩家设计。您可以在XML\GlobalDefinesAlt.XML中为人工智能启用它，但是它的人工智能不适合成功或真实地播放。
78,仔细观察你的稳定性水平。根据你的情况，它可以增加或减少重大比赛事件后。如果你的文明正在崩溃，而你的稳定在下一次检查之前没有改善，它就会崩溃！
79,稳定性检查是由各种各样的事件触发的，包括发现技术，改变公民和失去或收购城市。
80,黄金时期保护你免受不稳定的负面影响。然而，这种保护只持续到黄金时代。
81,DoC增加了一个新的地形特征，雨林。它们类似于丛林，但不会造成不健康，在发现合金后可以得到改善。
82,在DoC中，海洋瓷砖开始不产生食物。改善海洋瓷砖需要指南针，但反过来又提供了一个额外的食物。
83,岛屿是一个新的海洋地形特征，提供额外的生产，瓷砖防御和更快的文化传播。
84,城市没有在每一个新的文化层次上把他们的文化传播成环状，而是随着文化的发展，把文化控制力分散到各个瓷砖上。
85,覆盖瓷砖所需的文化量取决于其地形类型和特征，以及与城市的距离。
86,城市文化绝不会扩展到三环以外。
87,下一个要覆盖的磁贴所需的区域性量在城市屏幕的区域性栏上显示为勾号。
88,一个紫色的圆圈标志着下一块瓷砖将被文化覆盖在城市屏幕上。
89,一个伟大的政治家可以结束战争或无政府状态，改善外交关系，建立一个行政中心或免费改革你的公民制度。
90,绿洲提供更多的食物和更少的商业。在绿洲上建小屋也是可能的。
91,间谍现在可以通过成功完成任务来积累经验和获得晋升。
92,间谍专家已被撤职。相反，全球间谍经验的积累与军事经验类似。如果酒吧满了，你最有经验的间谍就会成为一个伟大的间谍。
93,如果您在游戏后期遇到游戏性能问题，在BUG菜单中启用图形分页可以帮助某些机器。
94,civics advisor中强调了对稳定性有正面或负面影响的城市组合。
95,宗教逐渐从宗教已经存在的城市周围传播开来。宗教建筑的存在增加了传播范围。
96,宗教在历史上存在的地区传播得更快。在某些地区，宗教只有在它是所有者的国家宗教时才能传播。
97,当一个新的宗教传播到一个城市时，一个现存的宗教有可能消失。宗教也会在宗教太多的时候消失，特别是在小城市。
98,传教士只能在不同国家宗教的文明中传播传教宗教，即佛教、基督教和伊斯兰教。
99,文明的曙光是一棵全新的科技树，由遍布7个时代的141项科技组成。
100,最后两个时代现在被称为全球和数字时代。
101,攻城单位现在要贵得多，但是他们增加的撤退机会也使他们的消耗量减少。
102,每个文明不是从没有宗教开始的，而是从自己特定的异教徒宗教开始的。然而，这些宗教没有任何主要宗教的好处。
103,非国家宗教的存在会导致你们城市的不幸福，除非你们采取宽容的公民态度。
104,单位升级后会失去所有的晋升机会。所获经验的一部分将退还，这取决于以前和当前单位类型之间的力量差异。
105,城市防御现在也可以防止附带伤害：单位强度永远不能降低到低于当前防御修正值。
106,进入敌方水域消耗所有剩余的移动点。
107,电力造成的健康不良会乘以消耗电力的建筑物的数量。
108,除非有公民的支持，否则敌人的工人是不能被俘虏的。
109,一个城市能够建造的民族奇观和伟大奇观的数量受到其文化水平的限制。
110,在没有宗教的城市里，许多古典奇观只能在没有国家宗教的情况下建造。
111,骑兵部队分为轻骑兵和重骑兵。
112,有些单位在开阔的地形上更强大。平铺的地砖，没有防御加值的特征，并且不包含城市或堡垒，被视为开放地形。
113,除了发现相关的技术，要找到一个宗教，你还需要控制一个城市的历史核心区域。
114,资源现在只为少数城市提供幸福或健康。获取额外的资源实例，以保持您不断增长的帝国供应！
115,后期的游戏已经扩展：技术树中的最后一项技术的研究成本更高，但同时也提供了更多的内容，比如额外的建筑和项目，以及建造卫星的能力。
116,为了赢得太空胜利，你现在必须在火星上建立一个永久性的基地，而不是把殖民地飞船送到半人马座阿尔法星
117,太空竞赛已经变得更加详细：许多项目都需要使太空胜利，每一个项目都给第一个文明带来额外的好处来完成它们。一些与太空胜利无关的项目也与投资太空生产协同进行。
118,一些主要文明有第二个独特的单位。
119,当你占领一个城市时，你现在有了更多的选择，可以把它挖出来或者放出来。更多的黄金可以在被洗劫的城市被掠夺，代价是更严重的建筑破坏和动乱。保留城市可以减少动乱和建筑破坏，但却要花钱。
120,城市在被占领时不再仅仅失去一个人口。大城市会失去更多的人口，特别是如果你决定解雇他们。
121,城市不能马上被夷为平地。命令城市被夷为平地后，它在动乱中每转一圈就会失去人口，最后在人口达到零时被摧毁。
122,你可以使用一个定居者立即在一个城市建造建筑物。这将提供一个新城市建成后将免费获得的所有建筑。
123,
