1,
2,星际探测器
3,人类基因组计划
4,[ICON_BULLET]+1[ICON_FOOD]用于[LINK=literal]镇[\LINK]
5,[ICON_BULLET]+1[ICON_FOOD]和[LINK=literal]人类基因组计划[\LINK]
6,[图标项目符号]+1[图标商务]每位专家
7,火星框架
8,火星电源
9,火星提取器
10,火星栖息地
11,火星水培
12,火星实验室
13,火星控制中心
14,金唱片
15,[图标项目符号]+3[图标文化]对于卫星[换行符][图标项目符号]一半的宇宙飞船生产修饰符也会增加文化输出
16,月球殖民地
17,[图标项目符号]+2[图标制作]用于卫星
18,战略防御计划
19,全球定位系统
20,国际空间站
21,[图标项目符号]+2[图标伟人]用于卫星
22,弹道导弹
23,第一颗卫星
24,太空人
25,登月
26,火星任务
27,需要[COLOR_PROJECT_TEXT]阿波罗计划[COLOR_REVERT]来创建[COLOR_PROJECT_TEXT]SS驾驶舱[COLOR_REVERT]，[COLOR_PROJECT_TEXT]SS生命支持[COLOR_REVERT]，[COLOR_PROJECT_TEXT]SS静止舱[COLOR_REVERT]，[COLOR_PROJECT_TEXT]SS对接舱[COLOR_REVERT]，[COLOR_PROJECT_TEXT]SS引擎[COLOR_REVERT]，[颜色投影文本]SS外壳[颜色投影文本]和[颜色投影文本]SS推进器[颜色投影文本]。
28,迫害
29,[ICON_BULLET]将一个非国家的宗教从这个城市中移除[NEWLINE][ICON_BULLET]造成暂时的混乱和不快乐
30,[COLOR_PROJECT_TEXT]曼哈顿项目[COLOR_REVERT]需要创建[COLOR_PROJECT_TEXT]SDI[COLOR_REVERT]。它还允许你建造[COLOR_UNIT_TEXT]洲际弹道导弹[COLOR_REVERT]、[COLOR_UNIT_TEXT]战术核武器[COLOR_REVERT]和[COLOR_BUILDING_TEXT]防空洞[COLOR_REVERT]。
31,[COLOR_PROJECT_TEXT]SDI[COLOR_REVERT]有50%的几率拦截核武器。
32,[COLOR_PROJECT_TEXT]SS外壳[COLOR_REVERT]需要达到[COLOR_HIGHLIGHT_TEXT]太空竞赛[COLOR_REVERT]的胜利条件。增加飞船成功执行任务的机会。
33,需要使用[COLOR_PROJECT_TEXT]SS驾驶舱[COLOR_REVERT]来实现[COLOR_HIGHLIGHT_TEXT]太空竞赛[COLOR_REVERT]的胜利条件。
34,需要使用[COLOR_PROJECT_TEXT]SS对接架[COLOR_REVERT]才能达到[COLOR_HIGHLIGHT_TEXT]太空竞赛[COLOR_REVERT]的胜利条件。
35,[COLOR_PROJECT_TEXT]SS引擎[COLOR_REVERT]需要达到[COLOR_HIGHLIGHT_TEXT]太空竞赛[COLOR_REVERT]的胜利条件。它们还提高了宇宙飞船的速度。
36,需要[COLOR_PROJECT_TEXT]SS生命支持[COLOR_REVERT]来实现[COLOR_HIGHLIGHT_TEXT]太空竞赛[COLOR_REVERT]的胜利条件。
37,需要使用[COLOR_PROJECT_TEXT]SS Station Chamber[COLOR_REVERT]来实现[COLOR_HIGHLIGHT_TEXT]太空竞赛[COLOR_REVERT]的胜利条件。
38,[COLOR_PROJECT_TEXT]SS推进器需要[COLOR_REVERT]来实现[COLOR_HIGHLIGHT_TEXT]太空竞赛[COLOR_REVERT]的胜利条件。它们还提高了宇宙飞船的速度。
39,[COLOR_PROJECT_TEXT]互联网[COLOR_REVERT]授予2个已知文明已经发现的所有技术。
