1,外交
2,邻居
3,城市市民数量
4,公民帽
5,民用技术人员
6,国外核心城市
7,城市幸福
8,城市公民
9,城市文化
10,城市总体稳定
11,贸易
12,经济
13,附庸
14,幸福
15,经济附加费
16,大萧条
17,国外大萧条
18,后共产主义危机
19,向民主过渡
20,城市数量
21,战斗
22,额外战斗
23,无政府状态
24,帝国主义
25,黄金时代
26,秋天
27,地基稳定性
28,联络
29,扩展
30,外部膨胀
31,占用堆芯
32,思域组合
33,市民时代
34,稳定性：
35,无政府状态
36,不良关系
37,输给野蛮人
38,地基稳定性
39,建筑
40,%s1不再承认我们的霸主地位并宣布主权！
41,%s1取消了与我们的防御协议！
42,%s1不再希望成为我们的附庸！
43,%s1取消了与我们的开放边界协议！
44,稳定性极限
45,国内的
46,经济
47,扩展
48,外国的
49,军事
50,如果我们的稳定性不提高，我们将在下次检查中失去一个稳定水平
51,除非我们的稳定性降低，否则下次检查时我们将获得一个稳定性水平
52,中央计划：与自由市场文明的贸易
53,检查内部顾问（F2）了解详细信息
54,已建城市
55,征服的城市
56,失去的城市
57,城市被夷为平地
58,城市
59,%s1加入了%s2文明！
60,%s1加入了我们的文明！
61,公民
62,文化
63,幸福
64,%s1宣布独立！
65,市区
66,组合
67,时代
68,城市数量
69,技术
70,公民
71,正在陷入内战！
72,你的帝国正在陷入内战！
73,我们正在失去对整个帝国的控制！
74,坍塌
75,战斗
76,兼容公民
77,%s1文明已经崩溃！
78,被征服的城市
79,联络
80,当代公民学
81,争夺地区
82,核心区
83,扩展
84,过度扩张
85,如果我们的稳定得不到改善，我们将在下次的稳定检查中遇到危机！
86,%s1危机迫在眉睫！
87,少数的
88,适度的
89,严峻的
90,终端
91,我们的文明正经历一场%s1%s2危机！
92,国内的
93,经济的
94,领土
95,外交的
96,军事的
97,我们与%s1的关系恶化了！
98,防御协定
99,向民主过渡造成的不稳定！
100,向民主过渡
101,难度等级
102,外交
103,外国的
104,我们的文明正在进入内战时期！
105,经济危机阻碍了我们的家庭经济增长！
106,经济危机正在使我们的文明瘫痪！
107,经济衰退
108,经济增长
109,经济停滞
110,经济
111,经济
112,扩展
113,历史性
114,国外地区
115,国外核心区
116,大萧条（国外）
117,我们正在失去对外国领土的控制！
118,黄金时代
119,良好的关系
120,大萧条
121,%s1大萧条时期对我们的经济产生了负面影响！
122,大萧条时期
123,对我们的经济有负面影响！
124,幸福
125,历史区域
126,由于军事危机，我们暂时失去了对部队的控制！
127,不相容的公民
128,经济孤立
129,孤立主义：核心区外无城市
130,输掉战争
131,失败的战斗
132,失落的城市
133,由于我们的经济危机，我们损失了%d1[图标黄金]和%d2[图标研究]！
134,我们在%s1左右失去了对我们领土的控制！
135,重商主义：与富裕文明的贸易
136,杂项
137,崩溃的邻居
138,如果我们的稳定性不变，下次检查时稳定性水平将保持不变
139,标准化
140,占用堆芯
141,被占领的外国核心
142,过时的公民
143,外部领土
144,整体稳定性
145,城市
146,公民
147,经济
148,扩展
149,外国的
150,你的帝国正经历着
151,后共产主义危机
152,夷为平地的城市
153,最近的扩展
154,宗教
155,宗教不统一
156,宗教团结
157,军事危机使我们的城市失去了有效的防御！
158,经济危机阻止了伟人的出现！
159,不幸的城市正在离开我们的文明！
160,已经宣布独立！
161,摇摇欲坠的
162,社会
163,固体
164,稳定的
165,稳定的附庸
166,摘要
167,同情敌人的城市正在公开反抗！
168,技术
169,稳定性%s1
170,贸易
171,不快乐
172,军事危机导致了%d1部队的撤离！
173,不稳定
174,不稳定的附庸
175,附庸
176,非常坚固
177,厌战
178,战争
179,建国：发动战争
180,神权政治：信仰的战斗兄弟
181,神权政治：对抗异教徒
182,多边主义：处于战争状态
183,赢得战争
184,赢得战斗
185,切换稳定性显示
186,[颜色玩家蓝]蓝[颜色还原]：核心区域[换行符][颜色玩家绿]绿色[颜色还原]：历史区域[换行符][颜色玩家黄]黄色[颜色还原]：争夺区域[换行符][颜色玩家黑]红色[颜色还原]：外核
187,%s1正在经历一个不稳定的时期，%d2城市已经脱离了他们的文明！
188,我们的文明正在崩溃！除非我们的稳定得到改善，否则我们有完全崩溃的危险。
189,
