1,美国梦的力量：
2,民主、宪法、个人主义和自由企业带来的额外幸福
3,[图标项目符号]%D1更改%F2所有城市都会发生
4,信仰的力量：
5,国教随着寺庙向被征服的城市传播
6,军政府的力量：
7,伟大的将军可以开启黄金时代
8,花儿大战的力量：
9,军队可以奴役战败的敌军，可以牺牲奴隶来增加城市的幸福感
10,文明摇篮的力量：
11,获得发现的前五项技术的免费技术
12,乙醇的力量：
13,糖是石油工业的原料
14,贿赂的权力：
15,交易中的双倍黄金价值，间谍可以贿赂野蛮人单位
16,[颜色突出显示文本]贿赂野蛮人[颜色还原][新线]允许你的间谍提供黄金贿赂这个阴谋上的一个野蛮人单位加入你的军队。
17,选择你想贿赂的野蛮人单位：
18,%s1（d2黄金）
19,无
20,贿赂野蛮人
21,多元文化的力量：
22,移民把[偶像人物]带到你们的城市
23,来到我们的%s1城市的移民使它的%d3点更接近生成%s2。
24,雇佣军的力量：
25,可以随时用黄金催促单位，并支付一半的费用和没有额外的保养催促单位
26,无数的力量：
27,城市在增长后还保留了25%的[图标食物]
28,解放者的力量：
29,拉丁美洲没有城市反抗征服
30,%s1派了一支军队去征服我们的文明！
31,法老的力量：
32,君主制、再分配和神化在一开始就被启用了
33,间接规则的力量：
34,遥远的城市不需要额外的维护
35,交流的力量：
36,城市与你国宗教的所有其他城市都有贸易联系
37,外交的力量：
38,外交惩罚到期更快，更有可能在国会投票
39,教义的力量：
40,单位升级后保留所有经验
41,哲学的力量：
42,+150%的伟人出生率直到古典时代结束
43,希腊人派出了一支军队来征服我们的文明！
44,卫生的力量：
45,积极健康有助于古代城市的发展
46,贸易公司的权力：
47,成倍的收益和贸易公司的贸易
48,授职的权力：
49,国教建筑双速施工
50,由于来自旧大陆的移民，我们在%s1的人口正在增长！
51,梯田的力量：
52,山产2粮1锤
53,纯洁的力量：
54,每超过三次[图标快乐]额外[图标健康]
55,海峡的力量：
56,从外国船只通过你核心的额外黄金
57,萨法维亚的力量：
58,宗教建筑产生+2【图标文化】和+2【图标研究】
59,文艺复兴的力量：
60,在你们所有的城市都有免费的专家，直到工业时代
61,现代化的力量：
62,在发现了所有中世纪的技术之后，其他三个文明的每一项技术都愿意以50%的成本进行交易[图标研究]
63,季风的力量：
64,所有的土地单位都可以穿过丛林和雨林，可以在雨林上建农场
65,热带的力量：
66,丛林、雨林和沼泽产生额外的食物和生产，不会造成不健康
67,教育的力量：
68,首都双专家职位
69,财富的力量：
70,+每一块地都有一个商业区
71,长计数的力量：
72,在中世纪以前，只要一项技术被发现，城市就会得到额外的食物
73,干旱农业的力量：
74,可以在山上建农场
75,恐怖的力量：
76,受你们军队威胁的城市陷入动乱
77,你成功的征服使你的部落壮大了！
78,在我们即将到来的军队面前，%s1的市民在恐惧中颤抖！
79,由于受到即将到来的蒙古军队的惊吓，%s1的市民放弃了他们的防御！
80,公民
81,害怕邻居的命运，投降吧！
82,灌溉的力量：
83,在文艺复兴之前，在平原瓷砖上增加一种食物的产量
84,建筑的力量：
85,一座建筑完工后，城市的文化建设费用减半
86,Satrapy的力量：
87,新征服城市的额外稳定性
88,航海的力量：
89,海洋瓷砖上的文化扩张不受惩罚
90,黄金自由的力量：
91,黄金时期的额外食品和商业
92,探索的力量：
93,通过制图允许海洋贸易，减少了海外殖民地的不稳定性
94,基础设施的力量：
95,在你的首都已经存在的建筑将获得+30%的建造速度。
96,一支军队被派去攻击%s1_civ_形容词！
97,罗马人已经派出军队来征服我们的文明！
98,你的胜利使你能发动另一个军团！
99,冬天的力量：
100,在俄罗斯的敌军每回合都受到伤害
101,发现的力量：
102,海军单位获得+2移动点
103,丘拉斯克权的力量：
104,沿海和海洋瓷砖的额外贸易
105,泰米尔人派出了一支军队来征服我们的文明！
106,父亲的力量支配着孩子：
107,+每过一次幸福就有一笔交易
108,传教士的力量：
109,可以训练无限的传教士；传教士可以进入外国领土
110,奥达的力量：
111,野蛮人在和平时期不能进入你的领土，如果在战争期间受到攻击，骑在马上的野蛮人将加入你的军队
112,德夫希姆的力量：
113,在有非国家宗教信仰的城市能多征募两个单位吗
114,突袭的力量：
115,中世纪掠夺、洗劫城市和沉船带来的额外黄金
