1,西班牙人
2,阿斯图里亚人
3,%s1王国
4,%s1共和国
5,%s2状态
6,安达卢斯
7,卡斯蒂尔
8,卡斯蒂连
9,伊比利亚
10,伊比利亚人
11,%s1的冠
12,阿拉贡
13,文石
14,%s1总督
15,%s2黎巴嫩
16,%s2东非
17,尤卡坦Diosis of Yucatan
18,拉丁帝国
19,%s2东印度群岛
20,%s2保护国%s1
21,%s1的自治社区
22,%s2%s1
23,%s2西非
24,%s1的自治社区
25,新墨西哥州
26,拉普拉塔河
27,新格拉纳达总督
28,中南半岛
29,新西班牙
30,西印度
31,西班牙的
32,西班牙
