1,%s1的民族
2,%s2民族
3,%s1帝国
4,%s2帝国
5,%s1王国
6,%s2王国
7,%s1共和国
8,%s2共和国
9,社会主义共和国
10,%s2社会主义共和国
11,美国%s1
12,美国%s2
13,中华人民共和国%s1
14,%s2中华人民共和国
15,%s1的城市状态
16,%s2城市州
17,%s2%s1
18,%s2哈里发
19,%s1哈里发
20,%s2苏丹国
21,苏丹国%s1
22,%s2邦联
23,%s1伊斯兰共和国
24,%s2伊斯兰共和国
25,%s2授权%s1
26,%s2联盟
27,保护国%s1
28,%s1菌落
