1,普鲁士人
2,普鲁士人民
3,%s1王国
4,%s1联邦共和国
5,自由社会主义共和国
6,第三帝国
7,普鲁士
8,普鲁士人
9,%s2帝国
10,更大的%s2帝国
11,%s2%s1的状态
12,%s2东非
13,%s2西非
14,南普鲁士
15,马格里布
16,国会议员%s1
17,帝国军需品%s1
18,希腊国
19,%s2东非
20,博斯普鲁斯州议会议员，
21,诺德兰共和国，
22,维希%s1
23,奥地利
24,莫斯科帝国专员
25,荷兰帝国
26,%s2西非
27,一般政府
28,%s2社会共和国
29,%s2西印度
30,加拿大共和国，
31,德国的
32,德国
