1,法国人
2,法兰基人
3,%s1王国
4,%s2公社
5,%s2状态
6,法国
7,弗兰基什
8,空闲%s1
9,路易斯安那州
10,魁北克
11,法国对美索不达米亚的授权
12,页：1
13,法国对黎巴嫩的授权
14,西山共和国，
15,%s2东非
16,拉丁帝国
17,诺曼底公国
18,西班牙三月
19,莱茵河联邦
20,巴达维亚共和国
21,%s2西非
22,华沙公国
23,法国安第斯山脉
24,中美洲法国
25,新法国
26,中南半岛
27,西印度
28,%s2赤道非洲
29,法语
30,法国
