1,英国人
2,盎格鲁撒克逊民族
3,%s1王国
4,%s1联邦
5,%s2工人联合会
6,%s2接头
7,英国
8,英国的
9,英国%s1
10,安格文帝国。
11,%s1联合共和国
12,%s2流亡政府
13,%s1的统治
14,%s2拉吉
15,%s2美索不达米亚的任务
16,%s2黎巴嫩的任务
17,%s2东非
18,洪都拉斯%s2殖民地
19,拉丁帝国
20,斯堪的纳维亚公国
21,马来联邦
22,安居鬼
23,汉诺威公国
24,%s2占领德国
25,佛兰德斯公国
26,%s2西非
27,十三个殖民地
28,中南半岛
29,巴基斯坦
30,英语
31,英格兰
